divipola,nivel,departamento,municipio,dimension,indicador_id,indicador,unidad,fuente,valor,fecha_corte
63,departamental,Quindío,,Salud,salud_n,Puntos registrados (Salud),Número,Naboo,16,2026-09-04
63,departamental,Quindío,,Salud,salud_incidencia_tasa_100k,Tasa de incidencia (Salud),Tasa x100k hab.,Calculo,2.8776978417266186,2026-09-04
63,departamental,Quindío,,Salud,salud_incidencia_idx,Incidencia (Salud),Índice 0-100,Calculo,77.84541597491238,2026-09-04
63,departamental,Quindío,,Salud,salud_severidad_promedio,Severidad promedio cruda (Salud),Peso promedio,Calculo,1.625,2026-09-04
63,departamental,Quindío,,Salud,salud_severidad_idx,Severidad promedio (Salud),Índice 0-100,Calculo,54.166666666666664,2026-09-04
63,departamental,Quindío,,Salud,salud_idx,Salud,Índice 0-100,Calculo,66.00604132078952,2026-09-04
63,departamental,Quindío,,Vivienda,vivienda_n,Puntos registrados (Vivienda),Número,Naboo,41,2026-09-04
63,departamental,Quindío,,Vivienda,vivienda_incidencia_tasa_100k,Tasa de incidencia (Vivienda),Tasa x100k hab.,Calculo,7.37410071942446,2026-09-04
63,departamental,Quindío,,Vivienda,vivienda_incidencia_idx,Incidencia (Vivienda),Índice 0-100,Calculo,78.85773014241667,2026-09-04
63,departamental,Quindío,,Vivienda,vivienda_severidad_promedio,Severidad promedio cruda (Vivienda),Peso promedio,Calculo,2.8536585365853657,2026-09-04
63,departamental,Quindío,,Vivienda,vivienda_severidad_idx,Severidad promedio (Vivienda),Índice 0-100,Calculo,100.0,2026-09-04
63,departamental,Quindío,,Vivienda,vivienda_idx,Vivienda,Índice 0-100,Calculo,89.42886507120834,2026-09-04
63,departamental,Quindío,,Instituciones,instituciones_n,Puntos registrados (Instituciones),Número,Naboo,82,2026-09-04
63,departamental,Quindío,,Instituciones,instituciones_incidencia_tasa_100k,Tasa de incidencia (Instituciones),Tasa x100k hab.,Calculo,14.74820143884892,2026-09-04
63,departamental,Quindío,,Instituciones,instituciones_incidencia_idx,Incidencia (Instituciones),Índice 0-100,Calculo,94.29910616960976,2026-09-04
63,departamental,Quindío,,Instituciones,instituciones_severidad_promedio,Severidad promedio cruda (Instituciones),Peso promedio,Calculo,1.7560975609756098,2026-09-04
63,departamental,Quindío,,Instituciones,instituciones_severidad_idx,Severidad promedio (Instituciones),Índice 0-100,Calculo,100.0,2026-09-04
63,departamental,Quindío,,Instituciones,instituciones_idx,Instituciones,Índice 0-100,Calculo,97.14955308480488,2026-09-04
63,departamental,Quindío,,Educación,educacion_n,Puntos registrados (Educación),Número,Naboo,62,2026-09-04
63,departamental,Quindío,,Educación,educacion_incidencia_tasa_100k,Tasa de incidencia (Educación),Tasa x100k hab.,Calculo,11.151079136690647,2026-09-04
63,departamental,Quindío,,Educación,educacion_incidencia_idx,Incidencia (Educación),Índice 0-100,Calculo,64.9966214873405,2026-09-04
63,departamental,Quindío,,Educación,educacion_severidad_promedio,Severidad promedio cruda (Educación),Peso promedio,Calculo,2.032258064516129,2026-09-04
63,departamental,Quindío,,Educación,educacion_severidad_idx,Severidad promedio (Educación),Índice 0-100,Calculo,96.12031386224935,2026-09-04
63,departamental,Quindío,,Educación,educacion_idx,Educación,Índice 0-100,Calculo,80.55846767479493,2026-09-04
63,departamental,Quindío,,Productividad (proxy),econ_proxy_n,Puntos registrados (Productividad (proxy)),Número,Naboo,68,2026-09-04
63,departamental,Quindío,,Productividad (proxy),econ_proxy_incidencia_tasa_100k,Tasa de incidencia (Productividad (proxy)),Tasa x100k hab.,Calculo,12.23021582733813,2026-09-04
63,departamental,Quindío,,Productividad (proxy),econ_proxy_incidencia_idx,Incidencia (Productividad (proxy)),Índice 0-100,Calculo,80.89945948044294,2026-09-04
63,departamental,Quindío,,Productividad (proxy),econ_proxy_severidad_promedio,Severidad promedio cruda (Productividad (proxy)),Peso promedio,Calculo,1.2794117647058822,2026-09-04
63,departamental,Quindío,,Productividad (proxy),econ_proxy_severidad_idx,Severidad promedio (Productividad (proxy)),Índice 0-100,Calculo,64.26470588235293,2026-09-04
63,departamental,Quindío,,Productividad (proxy),econ_proxy_idx,Productividad (proxy),Índice 0-100,Calculo,72.58208268139794,2026-09-04
63,departamental,Quindío,,Compuesto,indice_compuesto,Índice compuesto,Índice 0-100,Calculo,81.14500196659912,2026-09-04
63,departamental,Quindío,,Productividad,empresarios_afectados,Empresarios afectados (grave/crítico),Número,Camaras,934,2026-09-04
63,departamental,Quindío,,Impacto humano,3is_fallecidos,"Fallecidos (3iS, oficial)",Número,3iS-Sheets,3.0,2026-09-04
63,departamental,Quindío,,Impacto humano,3is_heridos,"Heridos (3iS, oficial)",Número,3iS-Sheets,315.0,2026-09-04
63,departamental,Quindío,,Impacto humano,3is_desaparecidos,"Desaparecidos (3iS, oficial)",Número,3iS-Sheets,0.0,2026-09-04
63,departamental,Quindío,,Impacto humano,3is_rescatados,"Rescatados (3iS, oficial)",Número,3iS-Sheets,1.0,2026-09-04
63,departamental,Quindío,,Impacto humano,3is_familias,"Familias afectadas (3iS, oficial)",Número,3iS-Sheets,36057.0,2026-09-04
63,departamental,Quindío,,Vivienda,3is_vivaveriadas,"Viviendas averiadas (3iS, oficial)",Número,3iS-Sheets,32604.0,2026-09-04
63,departamental,Quindío,,Vivienda,3is_vivdestruidas,"Viviendas destruidas (3iS, oficial)",Número,3iS-Sheets,4294.0,2026-09-04
63,departamental,Quindío,,Vivienda,3is_colapsos,"Colapsos (3iS, oficial)",Número,3iS-Sheets,115.0,2026-09-04
63,departamental,Quindío,,Salud,3is_salud,"Puntos de salud afectados (3iS, oficial)",Número,3iS-Sheets,29.0,2026-09-04
63,departamental,Quindío,,Educación,3is_educativos,"Puntos educativos afectados (3iS, oficial)",Número,3iS-Sheets,205.0,2026-09-04
63,departamental,Quindío,,Instituciones,3is_comunitarios,"Puntos comunitarios afectados (3iS, oficial)",Número,3iS-Sheets,1317.0,2026-09-04
63,departamental,Quindío,,Infraestructura,3is_vias,"Vías afectadas (3iS, oficial)",Número,3iS-Sheets,45.0,2026-09-04
63,departamental,Quindío,,Infraestructura,3is_aeropuertos,"Aeropuertos afectados (3iS, oficial)",Número,3iS-Sheets,1.0,2026-09-04
63,departamental,Quindío,,Infraestructura,3is_acueductos,"Acueductos afectados (3iS, oficial)",Número,3iS-Sheets,8.0,2026-09-04
27,departamental,Chocó,,Salud,salud_n,Puntos registrados (Salud),Número,Naboo,14,2026-09-04
27,departamental,Chocó,,Salud,salud_incidencia_tasa_100k,Tasa de incidencia (Salud),Tasa x100k hab.,Calculo,2.6717557251908395,2026-09-04
27,departamental,Chocó,,Salud,salud_incidencia_idx,Incidencia (Salud),Índice 0-100,Calculo,72.27441769426501,2026-09-04
27,departamental,Chocó,,Salud,salud_severidad_promedio,Severidad promedio cruda (Salud),Peso promedio,Calculo,1.6428571428571428,2026-09-04
27,departamental,Chocó,,Salud,salud_severidad_idx,Severidad promedio (Salud),Índice 0-100,Calculo,54.76190476190476,2026-09-04
27,departamental,Chocó,,Salud,salud_idx,Salud,Índice 0-100,Calculo,63.518161228084885,2026-09-04
27,departamental,Chocó,,Vivienda,vivienda_n,Puntos registrados (Vivienda),Número,Naboo,49,2026-09-04
27,departamental,Chocó,,Vivienda,vivienda_incidencia_tasa_100k,Tasa de incidencia (Vivienda),Tasa x100k hab.,Calculo,9.351145038167939,2026-09-04
27,departamental,Chocó,,Vivienda,vivienda_incidencia_idx,Incidencia (Vivienda),Índice 0-100,Calculo,100.0,2026-09-04
27,departamental,Chocó,,Vivienda,vivienda_severidad_promedio,Severidad promedio cruda (Vivienda),Peso promedio,Calculo,2.7551020408163267,2026-09-04
27,departamental,Chocó,,Vivienda,vivienda_severidad_idx,Severidad promedio (Vivienda),Índice 0-100,Calculo,96.54631083202513,2026-09-04
27,departamental,Chocó,,Vivienda,vivienda_idx,Vivienda,Índice 0-100,Calculo,98.27315541601257,2026-09-04
27,departamental,Chocó,,Instituciones,instituciones_n,Puntos registrados (Instituciones),Número,Naboo,71,2026-09-04
27,departamental,Chocó,,Instituciones,instituciones_incidencia_tasa_100k,Tasa de incidencia (Instituciones),Tasa x100k hab.,Calculo,13.549618320610687,2026-09-04
27,departamental,Chocó,,Instituciones,instituciones_incidencia_idx,Incidencia (Instituciones),Índice 0-100,Calculo,86.6354383529956,2026-09-04
27,departamental,Chocó,,Instituciones,instituciones_severidad_promedio,Severidad promedio cruda (Instituciones),Peso promedio,Calculo,1.591549295774648,2026-09-04
27,departamental,Chocó,,Instituciones,instituciones_severidad_idx,Severidad promedio (Instituciones),Índice 0-100,Calculo,90.62989045383412,2026-09-04
27,departamental,Chocó,,Instituciones,instituciones_idx,Instituciones,Índice 0-100,Calculo,88.63266440341486,2026-09-04
27,departamental,Chocó,,Educación,educacion_n,Puntos registrados (Educación),Número,Naboo,18,2026-09-04
27,departamental,Chocó,,Educación,educacion_incidencia_tasa_100k,Tasa de incidencia (Educación),Tasa x100k hab.,Calculo,3.435114503816794,2026-09-04
27,departamental,Chocó,,Educación,educacion_incidencia_idx,Incidencia (Educación),Índice 0-100,Calculo,20.02235249462275,2026-09-04
27,departamental,Chocó,,Educación,educacion_severidad_promedio,Severidad promedio cruda (Educación),Peso promedio,Calculo,1.8333333333333333,2026-09-04
27,departamental,Chocó,,Educación,educacion_severidad_idx,Severidad promedio (Educación),Índice 0-100,Calculo,86.7117117117117,2026-09-04
27,departamental,Chocó,,Educación,educacion_idx,Educación,Índice 0-100,Calculo,53.367032103167226,2026-09-04
27,departamental,Chocó,,Productividad (proxy),econ_proxy_n,Puntos registrados (Productividad (proxy)),Número,Naboo,46,2026-09-04
27,departamental,Chocó,,Productividad (proxy),econ_proxy_incidencia_tasa_100k,Tasa de incidencia (Productividad (proxy)),Tasa x100k hab.,Calculo,8.778625954198473,2026-09-04
27,departamental,Chocó,,Productividad (proxy),econ_proxy_incidencia_idx,Incidencia (Productividad (proxy)),Índice 0-100,Calculo,57.69278888468702,2026-09-04
27,departamental,Chocó,,Productividad (proxy),econ_proxy_severidad_promedio,Severidad promedio cruda (Productividad (proxy)),Peso promedio,Calculo,1.434782608695652,2026-09-04
27,departamental,Chocó,,Productividad (proxy),econ_proxy_severidad_idx,Severidad promedio (Productividad (proxy)),Índice 0-100,Calculo,100.0,2026-09-04
27,departamental,Chocó,,Productividad (proxy),econ_proxy_idx,Productividad (proxy),Índice 0-100,Calculo,78.84639444234351,2026-09-04
27,departamental,Chocó,,Compuesto,indice_compuesto,Índice compuesto,Índice 0-100,Calculo,76.52748151860462,2026-09-04
27,departamental,Chocó,,Productividad,empresarios_afectados,Empresarios afectados (grave/crítico),Número,Camaras,464,2026-09-04
27,departamental,Chocó,,Impacto humano,3is_fallecidos,"Fallecidos (3iS, oficial)",Número,3iS-Sheets,12.0,2026-09-04
27,departamental,Chocó,,Impacto humano,3is_heridos,"Heridos (3iS, oficial)",Número,3iS-Sheets,357.0,2026-09-04
27,departamental,Chocó,,Impacto humano,3is_desaparecidos,"Desaparecidos (3iS, oficial)",Número,3iS-Sheets,1.0,2026-09-04
27,departamental,Chocó,,Impacto humano,3is_rescatados,"Rescatados (3iS, oficial)",Número,3iS-Sheets,1.0,2026-09-04
27,departamental,Chocó,,Impacto humano,3is_familias,"Familias afectadas (3iS, oficial)",Número,3iS-Sheets,36412.0,2026-09-04
27,departamental,Chocó,,Vivienda,3is_vivaveriadas,"Viviendas averiadas (3iS, oficial)",Número,3iS-Sheets,26278.0,2026-09-04
27,departamental,Chocó,,Vivienda,3is_vivdestruidas,"Viviendas destruidas (3iS, oficial)",Número,3iS-Sheets,5184.0,2026-09-04
27,departamental,Chocó,,Vivienda,3is_colapsos,"Colapsos (3iS, oficial)",Número,3iS-Sheets,0.0,2026-09-04
27,departamental,Chocó,,Salud,3is_salud,"Puntos de salud afectados (3iS, oficial)",Número,3iS-Sheets,90.0,2026-09-04
27,departamental,Chocó,,Educación,3is_educativos,"Puntos educativos afectados (3iS, oficial)",Número,3iS-Sheets,314.0,2026-09-04
27,departamental,Chocó,,Instituciones,3is_comunitarios,"Puntos comunitarios afectados (3iS, oficial)",Número,3iS-Sheets,175.0,2026-09-04
27,departamental,Chocó,,Infraestructura,3is_vias,"Vías afectadas (3iS, oficial)",Número,3iS-Sheets,16.0,2026-09-04
27,departamental,Chocó,,Infraestructura,3is_aeropuertos,"Aeropuertos afectados (3iS, oficial)",Número,3iS-Sheets,0.0,2026-09-04
27,departamental,Chocó,,Infraestructura,3is_acueductos,"Acueductos afectados (3iS, oficial)",Número,3iS-Sheets,29.0,2026-09-04
17,departamental,Caldas,,Salud,salud_n,Puntos registrados (Salud),Número,Naboo,39,2026-09-04
17,departamental,Caldas,,Salud,salud_incidencia_tasa_100k,Tasa de incidencia (Salud),Tasa x100k hab.,Calculo,3.6966824644549763,2026-09-04
17,departamental,Caldas,,Salud,salud_incidencia_idx,Incidencia (Salud),Índice 0-100,Calculo,100.0,2026-09-04
17,departamental,Caldas,,Salud,salud_severidad_promedio,Severidad promedio cruda (Salud),Peso promedio,Calculo,1.3076923076923077,2026-09-04
17,departamental,Caldas,,Salud,salud_severidad_idx,Severidad promedio (Salud),Índice 0-100,Calculo,43.58974358974359,2026-09-04
17,departamental,Caldas,,Salud,salud_idx,Salud,Índice 0-100,Calculo,71.7948717948718,2026-09-04
17,departamental,Caldas,,Vivienda,vivienda_n,Puntos registrados (Vivienda),Número,Naboo,59,2026-09-04
17,departamental,Caldas,,Vivienda,vivienda_incidencia_tasa_100k,Tasa de incidencia (Vivienda),Tasa x100k hab.,Calculo,5.592417061611374,2026-09-04
17,departamental,Caldas,,Vivienda,vivienda_incidencia_idx,Incidencia (Vivienda),Índice 0-100,Calculo,59.80462327110939,2026-09-04
17,departamental,Caldas,,Vivienda,vivienda_severidad_promedio,Severidad promedio cruda (Vivienda),Peso promedio,Calculo,2.2203389830508473,2026-09-04
17,departamental,Caldas,,Vivienda,vivienda_severidad_idx,Severidad promedio (Vivienda),Índice 0-100,Calculo,77.80675068810662,2026-09-04
17,departamental,Caldas,,Vivienda,vivienda_idx,Vivienda,Índice 0-100,Calculo,68.805686979608,2026-09-04
17,departamental,Caldas,,Instituciones,instituciones_n,Puntos registrados (Instituciones),Número,Naboo,165,2026-09-04
17,departamental,Caldas,,Instituciones,instituciones_incidencia_tasa_100k,Tasa de incidencia (Instituciones),Tasa x100k hab.,Calculo,15.639810426540285,2026-09-04
17,departamental,Caldas,,Instituciones,instituciones_incidencia_idx,Incidencia (Instituciones),Índice 0-100,Calculo,100.0,2026-09-04
17,departamental,Caldas,,Instituciones,instituciones_severidad_promedio,Severidad promedio cruda (Instituciones),Peso promedio,Calculo,1.4666666666666666,2026-09-04
17,departamental,Caldas,,Instituciones,instituciones_severidad_idx,Severidad promedio (Instituciones),Índice 0-100,Calculo,83.51851851851852,2026-09-04
17,departamental,Caldas,,Instituciones,instituciones_idx,Instituciones,Índice 0-100,Calculo,91.75925925925927,2026-09-04
17,departamental,Caldas,,Educación,educacion_n,Puntos registrados (Educación),Número,Naboo,181,2026-09-04
17,departamental,Caldas,,Educación,educacion_incidencia_tasa_100k,Tasa de incidencia (Educación),Tasa x100k hab.,Calculo,17.156398104265403,2026-09-04
17,departamental,Caldas,,Educación,educacion_incidencia_idx,Incidencia (Educación),Índice 0-100,Calculo,100.0,2026-09-04
17,departamental,Caldas,,Educación,educacion_severidad_promedio,Severidad promedio cruda (Educación),Peso promedio,Calculo,1.569060773480663,2026-09-04
17,departamental,Caldas,,Educación,educacion_severidad_idx,Severidad promedio (Educación),Índice 0-100,Calculo,74.21233388084217,2026-09-04
17,departamental,Caldas,,Educación,educacion_idx,Educación,Índice 0-100,Calculo,87.10616694042108,2026-09-04
17,departamental,Caldas,,Productividad (proxy),econ_proxy_n,Puntos registrados (Productividad (proxy)),Número,Naboo,159,2026-09-04
17,departamental,Caldas,,Productividad (proxy),econ_proxy_incidencia_tasa_100k,Tasa de incidencia (Productividad (proxy)),Tasa x100k hab.,Calculo,15.071090047393364,2026-09-04
17,departamental,Caldas,,Productividad (proxy),econ_proxy_incidencia_idx,Incidencia (Productividad (proxy)),Índice 0-100,Calculo,100.0,2026-09-04
17,departamental,Caldas,,Productividad (proxy),econ_proxy_severidad_promedio,Severidad promedio cruda (Productividad (proxy)),Peso promedio,Calculo,1.0943396226415094,2026-09-04
17,departamental,Caldas,,Productividad (proxy),econ_proxy_severidad_idx,Severidad promedio (Productividad (proxy)),Índice 0-100,Calculo,21.698113207547166,2026-09-04
17,departamental,Caldas,,Productividad (proxy),econ_proxy_idx,Productividad (proxy),Índice 0-100,Calculo,60.84905660377358,2026-09-04
17,departamental,Caldas,,Compuesto,indice_compuesto,Índice compuesto,Índice 0-100,Calculo,76.06300831558674,2026-09-04
17,departamental,Caldas,,Productividad,empresarios_afectados,Empresarios afectados (grave/crítico),Número,Camaras,1164,2026-09-04
17,departamental,Caldas,,Impacto humano,3is_fallecidos,"Fallecidos (3iS, oficial)",Número,3iS-Sheets,5.0,2026-09-04
17,departamental,Caldas,,Impacto humano,3is_heridos,"Heridos (3iS, oficial)",Número,3iS-Sheets,329.0,2026-09-04
17,departamental,Caldas,,Impacto humano,3is_desaparecidos,"Desaparecidos (3iS, oficial)",Número,3iS-Sheets,0.0,2026-09-04
17,departamental,Caldas,,Impacto humano,3is_rescatados,"Rescatados (3iS, oficial)",Número,3iS-Sheets,0.0,2026-09-04
17,departamental,Caldas,,Impacto humano,3is_familias,"Familias afectadas (3iS, oficial)",Número,3iS-Sheets,11760.0,2026-09-04
17,departamental,Caldas,,Vivienda,3is_vivaveriadas,"Viviendas averiadas (3iS, oficial)",Número,3iS-Sheets,17177.0,2026-09-04
17,departamental,Caldas,,Vivienda,3is_vivdestruidas,"Viviendas destruidas (3iS, oficial)",Número,3iS-Sheets,2348.0,2026-09-04
17,departamental,Caldas,,Vivienda,3is_colapsos,"Colapsos (3iS, oficial)",Número,3iS-Sheets,0.0,2026-09-04
17,departamental,Caldas,,Salud,3is_salud,"Puntos de salud afectados (3iS, oficial)",Número,3iS-Sheets,25.0,2026-09-04
17,departamental,Caldas,,Educación,3is_educativos,"Puntos educativos afectados (3iS, oficial)",Número,3iS-Sheets,477.0,2026-09-04
17,departamental,Caldas,,Instituciones,3is_comunitarios,"Puntos comunitarios afectados (3iS, oficial)",Número,3iS-Sheets,62.0,2026-09-04
17,departamental,Caldas,,Infraestructura,3is_vias,"Vías afectadas (3iS, oficial)",Número,3iS-Sheets,16.0,2026-09-04
17,departamental,Caldas,,Infraestructura,3is_aeropuertos,"Aeropuertos afectados (3iS, oficial)",Número,3iS-Sheets,1.0,2026-09-04
17,departamental,Caldas,,Infraestructura,3is_acueductos,"Acueductos afectados (3iS, oficial)",Número,3iS-Sheets,25.0,2026-09-04
66,departamental,Risaralda,,Salud,salud_n,Puntos registrados (Salud),Número,Naboo,25,2026-09-04
66,departamental,Risaralda,,Salud,salud_incidencia_tasa_100k,Tasa de incidencia (Salud),Tasa x100k hab.,Calculo,2.4826216484607744,2026-09-04
66,departamental,Risaralda,,Salud,salud_incidencia_idx,Incidencia (Salud),Índice 0-100,Calculo,67.15809843913121,2026-09-04
66,departamental,Risaralda,,Salud,salud_severidad_promedio,Severidad promedio cruda (Salud),Peso promedio,Calculo,1.76,2026-09-04
66,departamental,Risaralda,,Salud,salud_severidad_idx,Severidad promedio (Salud),Índice 0-100,Calculo,58.666666666666664,2026-09-04
66,departamental,Risaralda,,Salud,salud_idx,Salud,Índice 0-100,Calculo,62.91238255289893,2026-09-04
66,departamental,Risaralda,,Vivienda,vivienda_n,Puntos registrados (Vivienda),Número,Naboo,35,2026-09-04
66,departamental,Risaralda,,Vivienda,vivienda_incidencia_tasa_100k,Tasa de incidencia (Vivienda),Tasa x100k hab.,Calculo,3.475670307845084,2026-09-04
66,departamental,Risaralda,,Vivienda,vivienda_incidencia_idx,Incidencia (Vivienda),Índice 0-100,Calculo,37.16839267981273,2026-09-04
66,departamental,Risaralda,,Vivienda,vivienda_severidad_promedio,Severidad promedio cruda (Vivienda),Peso promedio,Calculo,2.3714285714285714,2026-09-04
66,departamental,Risaralda,,Vivienda,vivienda_severidad_idx,Severidad promedio (Vivienda),Índice 0-100,Calculo,83.1013431013431,2026-09-04
66,departamental,Risaralda,,Vivienda,vivienda_idx,Vivienda,Índice 0-100,Calculo,60.13486789057792,2026-09-04
66,departamental,Risaralda,,Instituciones,instituciones_n,Puntos registrados (Instituciones),Número,Naboo,103,2026-09-04
66,departamental,Risaralda,,Instituciones,instituciones_incidencia_tasa_100k,Tasa de incidencia (Instituciones),Tasa x100k hab.,Calculo,10.228401191658392,2026-09-04
66,departamental,Risaralda,,Instituciones,instituciones_incidencia_idx,Incidencia (Instituciones),Índice 0-100,Calculo,65.39977731636122,2026-09-04
66,departamental,Risaralda,,Instituciones,instituciones_severidad_promedio,Severidad promedio cruda (Instituciones),Peso promedio,Calculo,1.4077669902912622,2026-09-04
66,departamental,Risaralda,,Instituciones,instituciones_severidad_idx,Severidad promedio (Instituciones),Índice 0-100,Calculo,80.16450916936354,2026-09-04
66,departamental,Risaralda,,Instituciones,instituciones_idx,Instituciones,Índice 0-100,Calculo,72.78214324286239,2026-09-04
66,departamental,Risaralda,,Educación,educacion_n,Puntos registrados (Educación),Número,Naboo,35,2026-09-04
66,departamental,Risaralda,,Educación,educacion_incidencia_tasa_100k,Tasa de incidencia (Educación),Tasa x100k hab.,Calculo,3.475670307845084,2026-09-04
66,departamental,Risaralda,,Educación,educacion_incidencia_idx,Incidencia (Educación),Índice 0-100,Calculo,20.258741297108088,2026-09-04
66,departamental,Risaralda,,Educación,educacion_severidad_promedio,Severidad promedio cruda (Educación),Peso promedio,Calculo,2.1142857142857143,2026-09-04
66,departamental,Risaralda,,Educación,educacion_severidad_idx,Severidad promedio (Educación),Índice 0-100,Calculo,100.0,2026-09-04
66,departamental,Risaralda,,Educación,educacion_idx,Educación,Índice 0-100,Calculo,60.129370648554044,2026-09-04
66,departamental,Risaralda,,Productividad (proxy),econ_proxy_n,Puntos registrados (Productividad (proxy)),Número,Naboo,109,2026-09-04
66,departamental,Risaralda,,Productividad (proxy),econ_proxy_incidencia_tasa_100k,Tasa de incidencia (Productividad (proxy)),Tasa x100k hab.,Calculo,10.824230387288976,2026-09-04
66,departamental,Risaralda,,Productividad (proxy),econ_proxy_incidencia_idx,Incidencia (Productividad (proxy)),Índice 0-100,Calculo,71.44635463054078,2026-09-04
66,departamental,Risaralda,,Productividad (proxy),econ_proxy_severidad_promedio,Severidad promedio cruda (Productividad (proxy)),Peso promedio,Calculo,1.275229357798165,2026-09-04
66,departamental,Risaralda,,Productividad (proxy),econ_proxy_severidad_idx,Severidad promedio (Productividad (proxy)),Índice 0-100,Calculo,63.30275229357797,2026-09-04
66,departamental,Risaralda,,Productividad (proxy),econ_proxy_idx,Productividad (proxy),Índice 0-100,Calculo,67.37455346205937,2026-09-04
66,departamental,Risaralda,,Compuesto,indice_compuesto,Índice compuesto,Índice 0-100,Calculo,64.66666355939053,2026-09-04
66,departamental,Risaralda,,Productividad,empresarios_afectados,Empresarios afectados (grave/crítico),Número,Camaras,7035,2026-09-04
66,departamental,Risaralda,,Impacto humano,3is_fallecidos,"Fallecidos (3iS, oficial)",Número,3iS-Sheets,110.0,2026-09-04
66,departamental,Risaralda,,Impacto humano,3is_heridos,"Heridos (3iS, oficial)",Número,3iS-Sheets,588.0,2026-09-04
66,departamental,Risaralda,,Impacto humano,3is_desaparecidos,"Desaparecidos (3iS, oficial)",Número,3iS-Sheets,99.0,2026-09-04
66,departamental,Risaralda,,Impacto humano,3is_rescatados,"Rescatados (3iS, oficial)",Número,3iS-Sheets,274.0,2026-09-04
66,departamental,Risaralda,,Impacto humano,3is_familias,"Familias afectadas (3iS, oficial)",Número,3iS-Sheets,61821.0,2026-09-04
66,departamental,Risaralda,,Vivienda,3is_vivaveriadas,"Viviendas averiadas (3iS, oficial)",Número,3iS-Sheets,56079.0,2026-09-04
66,departamental,Risaralda,,Vivienda,3is_vivdestruidas,"Viviendas destruidas (3iS, oficial)",Número,3iS-Sheets,11986.0,2026-09-04
66,departamental,Risaralda,,Vivienda,3is_colapsos,"Colapsos (3iS, oficial)",Número,3iS-Sheets,109.0,2026-09-04
66,departamental,Risaralda,,Salud,3is_salud,"Puntos de salud afectados (3iS, oficial)",Número,3iS-Sheets,44.0,2026-09-04
66,departamental,Risaralda,,Educación,3is_educativos,"Puntos educativos afectados (3iS, oficial)",Número,3iS-Sheets,389.0,2026-09-04
66,departamental,Risaralda,,Instituciones,3is_comunitarios,"Puntos comunitarios afectados (3iS, oficial)",Número,3iS-Sheets,39.0,2026-09-04
66,departamental,Risaralda,,Infraestructura,3is_vias,"Vías afectadas (3iS, oficial)",Número,3iS-Sheets,130.0,2026-09-04
66,departamental,Risaralda,,Infraestructura,3is_aeropuertos,"Aeropuertos afectados (3iS, oficial)",Número,3iS-Sheets,1.0,2026-09-04
66,departamental,Risaralda,,Infraestructura,3is_acueductos,"Acueductos afectados (3iS, oficial)",Número,3iS-Sheets,29.0,2026-09-04
76,departamental,Valle del Cauca,,Salud,salud_n,Puntos registrados (Salud),Número,Naboo,93,2026-09-04
76,departamental,Valle del Cauca,,Salud,salud_incidencia_tasa_100k,Tasa de incidencia (Salud),Tasa x100k hab.,Calculo,1.9741031628104435,2026-09-04
76,departamental,Valle del Cauca,,Salud,salud_incidencia_idx,Incidencia (Salud),Índice 0-100,Calculo,53.402021455513285,2026-09-04
76,departamental,Valle del Cauca,,Salud,salud_severidad_promedio,Severidad promedio cruda (Salud),Peso promedio,Calculo,1.4731182795698925,2026-09-04
76,departamental,Valle del Cauca,,Salud,salud_severidad_idx,Severidad promedio (Salud),Índice 0-100,Calculo,49.10394265232975,2026-09-04
76,departamental,Valle del Cauca,,Salud,salud_idx,Salud,Índice 0-100,Calculo,51.252982053921514,2026-09-04
76,departamental,Valle del Cauca,,Vivienda,vivienda_n,Puntos registrados (Vivienda),Número,Naboo,121,2026-09-04
76,departamental,Valle del Cauca,,Vivienda,vivienda_incidencia_tasa_100k,Tasa de incidencia (Vivienda),Tasa x100k hab.,Calculo,2.5684568032264914,2026-09-04
76,departamental,Valle del Cauca,,Vivienda,vivienda_incidencia_idx,Incidencia (Vivienda),Índice 0-100,Calculo,27.46676254878942,2026-09-04
76,departamental,Valle del Cauca,,Vivienda,vivienda_severidad_promedio,Severidad promedio cruda (Vivienda),Peso promedio,Calculo,2.2231404958677685,2026-09-04
76,departamental,Valle del Cauca,,Vivienda,vivienda_severidad_idx,Severidad promedio (Vivienda),Índice 0-100,Calculo,77.90492335946881,2026-09-04
76,departamental,Valle del Cauca,,Vivienda,vivienda_idx,Vivienda,Índice 0-100,Calculo,52.685842954129114,2026-09-04
76,departamental,Valle del Cauca,,Instituciones,instituciones_n,Puntos registrados (Instituciones),Número,Naboo,244,2026-09-04
76,departamental,Valle del Cauca,,Instituciones,instituciones_incidencia_tasa_100k,Tasa de incidencia (Instituciones),Tasa x100k hab.,Calculo,5.179367437911272,2026-09-04
76,departamental,Valle del Cauca,,Instituciones,instituciones_incidencia_idx,Incidencia (Instituciones),Índice 0-100,Calculo,33.116561496947824,2026-09-04
76,departamental,Valle del Cauca,,Instituciones,instituciones_severidad_promedio,Severidad promedio cruda (Instituciones),Peso promedio,Calculo,1.5245901639344261,2026-09-04
76,departamental,Valle del Cauca,,Instituciones,instituciones_severidad_idx,Severidad promedio (Instituciones),Índice 0-100,Calculo,86.81693989071037,2026-09-04
76,departamental,Valle del Cauca,,Instituciones,instituciones_idx,Instituciones,Índice 0-100,Calculo,59.9667506938291,2026-09-04
76,departamental,Valle del Cauca,,Educación,educacion_n,Puntos registrados (Educación),Número,Naboo,80,2026-09-04
76,departamental,Valle del Cauca,,Educación,educacion_incidencia_tasa_100k,Tasa de incidencia (Educación),Tasa x100k hab.,Calculo,1.6981532583315644,2026-09-04
76,departamental,Valle del Cauca,,Educación,educacion_incidencia_idx,Incidencia (Educación),Índice 0-100,Calculo,9.898075621766854,2026-09-04
76,departamental,Valle del Cauca,,Educación,educacion_severidad_promedio,Severidad promedio cruda (Educación),Peso promedio,Calculo,1.525,2026-09-04
76,departamental,Valle del Cauca,,Educación,educacion_severidad_idx,Severidad promedio (Educación),Índice 0-100,Calculo,72.12837837837837,2026-09-04
76,departamental,Valle del Cauca,,Educación,educacion_idx,Educación,Índice 0-100,Calculo,41.01322700007261,2026-09-04
76,departamental,Valle del Cauca,,Productividad (proxy),econ_proxy_n,Puntos registrados (Productividad (proxy)),Número,Naboo,263,2026-09-04
76,departamental,Valle del Cauca,,Productividad (proxy),econ_proxy_incidencia_tasa_100k,Tasa de incidencia (Productividad (proxy)),Tasa x100k hab.,Calculo,5.582678836765018,2026-09-04
76,departamental,Valle del Cauca,,Productividad (proxy),econ_proxy_incidencia_idx,Incidencia (Productividad (proxy)),Índice 0-100,Calculo,36.204925400990625,2026-09-04
76,departamental,Valle del Cauca,,Productividad (proxy),econ_proxy_severidad_promedio,Severidad promedio cruda (Productividad (proxy)),Peso promedio,Calculo,1.258555133079848,2026-09-04
76,departamental,Valle del Cauca,,Productividad (proxy),econ_proxy_severidad_idx,Severidad promedio (Productividad (proxy)),Índice 0-100,Calculo,59.46768060836503,2026-09-04
76,departamental,Valle del Cauca,,Productividad (proxy),econ_proxy_idx,Productividad (proxy),Índice 0-100,Calculo,47.83630300467783,2026-09-04
76,departamental,Valle del Cauca,,Compuesto,indice_compuesto,Índice compuesto,Índice 0-100,Calculo,50.55102114132603,2026-09-04
76,departamental,Valle del Cauca,,Productividad,empresarios_afectados,Empresarios afectados (grave/crítico),Número,Camaras,4801,2026-09-04
76,departamental,Valle del Cauca,,Impacto humano,3is_fallecidos,"Fallecidos (3iS, oficial)",Número,3iS-Sheets,199.0,2026-09-04
76,departamental,Valle del Cauca,,Impacto humano,3is_heridos,"Heridos (3iS, oficial)",Número,3iS-Sheets,2890.0,2026-09-04
76,departamental,Valle del Cauca,,Impacto humano,3is_desaparecidos,"Desaparecidos (3iS, oficial)",Número,3iS-Sheets,33.0,2026-09-04
76,departamental,Valle del Cauca,,Impacto humano,3is_rescatados,"Rescatados (3iS, oficial)",Número,3iS-Sheets,88.0,2026-09-04
76,departamental,Valle del Cauca,,Impacto humano,3is_familias,"Familias afectadas (3iS, oficial)",Número,3iS-Sheets,66405.0,2026-09-04
76,departamental,Valle del Cauca,,Vivienda,3is_vivaveriadas,"Viviendas averiadas (3iS, oficial)",Número,3iS-Sheets,53169.0,2026-09-04
76,departamental,Valle del Cauca,,Vivienda,3is_vivdestruidas,"Viviendas destruidas (3iS, oficial)",Número,3iS-Sheets,13051.0,2026-09-04
76,departamental,Valle del Cauca,,Vivienda,3is_colapsos,"Colapsos (3iS, oficial)",Número,3iS-Sheets,422.0,2026-09-04
76,departamental,Valle del Cauca,,Salud,3is_salud,"Puntos de salud afectados (3iS, oficial)",Número,3iS-Sheets,102.0,2026-09-04
76,departamental,Valle del Cauca,,Educación,3is_educativos,"Puntos educativos afectados (3iS, oficial)",Número,3iS-Sheets,1390.0,2026-09-04
76,departamental,Valle del Cauca,,Instituciones,3is_comunitarios,"Puntos comunitarios afectados (3iS, oficial)",Número,3iS-Sheets,3440.0,2026-09-04
76,departamental,Valle del Cauca,,Infraestructura,3is_vias,"Vías afectadas (3iS, oficial)",Número,3iS-Sheets,142.0,2026-09-04
76,departamental,Valle del Cauca,,Infraestructura,3is_aeropuertos,"Aeropuertos afectados (3iS, oficial)",Número,3iS-Sheets,2.0,2026-09-04
76,departamental,Valle del Cauca,,Infraestructura,3is_acueductos,"Acueductos afectados (3iS, oficial)",Número,3iS-Sheets,0.0,2026-09-04
73,departamental,Tolima,,Salud,salud_n,Puntos registrados (Salud),Número,Naboo,11,2026-09-04
73,departamental,Tolima,,Salud,salud_incidencia_tasa_100k,Tasa de incidencia (Salud),Tasa x100k hab.,Calculo,0.8377760853008377,2026-09-04
73,departamental,Tolima,,Salud,salud_incidencia_idx,Incidencia (Salud),Índice 0-100,Calculo,22.66291717929189,2026-09-04
73,departamental,Tolima,,Salud,salud_severidad_promedio,Severidad promedio cruda (Salud),Peso promedio,Calculo,1.6363636363636365,2026-09-04
73,departamental,Tolima,,Salud,salud_severidad_idx,Severidad promedio (Salud),Índice 0-100,Calculo,54.545454545454554,2026-09-04
73,departamental,Tolima,,Salud,salud_idx,Salud,Índice 0-100,Calculo,38.60418586237322,2026-09-04
73,departamental,Tolima,,Vivienda,vivienda_n,Puntos registrados (Vivienda),Número,Naboo,12,2026-09-04
73,departamental,Tolima,,Vivienda,vivienda_incidencia_tasa_100k,Tasa de incidencia (Vivienda),Tasa x100k hab.,Calculo,0.913937547600914,2026-09-04
73,departamental,Tolima,,Vivienda,vivienda_incidencia_idx,Incidencia (Vivienda),Índice 0-100,Calculo,9.77353622332406,2026-09-04
73,departamental,Tolima,,Vivienda,vivienda_severidad_promedio,Severidad promedio cruda (Vivienda),Peso promedio,Calculo,2.75,2026-09-04
73,departamental,Tolima,,Vivienda,vivienda_severidad_idx,Severidad promedio (Vivienda),Índice 0-100,Calculo,96.36752136752136,2026-09-04
73,departamental,Tolima,,Vivienda,vivienda_idx,Vivienda,Índice 0-100,Calculo,53.07052879542271,2026-09-04
73,departamental,Tolima,,Instituciones,instituciones_n,Puntos registrados (Instituciones),Número,Naboo,22,2026-09-04
73,departamental,Tolima,,Instituciones,instituciones_incidencia_tasa_100k,Tasa de incidencia (Instituciones),Tasa x100k hab.,Calculo,1.6755521706016754,2026-09-04
73,departamental,Tolima,,Instituciones,instituciones_incidencia_idx,Incidencia (Instituciones),Índice 0-100,Calculo,10.713379030210712,2026-09-04
73,departamental,Tolima,,Instituciones,instituciones_severidad_promedio,Severidad promedio cruda (Instituciones),Peso promedio,Calculo,1.5,2026-09-04
73,departamental,Tolima,,Instituciones,instituciones_severidad_idx,Severidad promedio (Instituciones),Índice 0-100,Calculo,85.41666666666666,2026-09-04
73,departamental,Tolima,,Instituciones,instituciones_idx,Instituciones,Índice 0-100,Calculo,48.06502284843869,2026-09-04
73,departamental,Tolima,,Educación,educacion_n,Puntos registrados (Educación),Número,Naboo,11,2026-09-04
73,departamental,Tolima,,Educación,educacion_incidencia_tasa_100k,Tasa de incidencia (Educación),Tasa x100k hab.,Calculo,0.8377760853008377,2026-09-04
73,departamental,Tolima,,Educación,educacion_incidencia_idx,Incidencia (Educación),Índice 0-100,Calculo,4.8831699999579214,2026-09-04
73,departamental,Tolima,,Educación,educacion_severidad_promedio,Severidad promedio cruda (Educación),Peso promedio,Calculo,1.9090909090909092,2026-09-04
73,departamental,Tolima,,Educación,educacion_severidad_idx,Severidad promedio (Educación),Índice 0-100,Calculo,90.2948402948403,2026-09-04
73,departamental,Tolima,,Educación,educacion_idx,Educación,Índice 0-100,Calculo,47.58900514739911,2026-09-04
73,departamental,Tolima,,Productividad (proxy),econ_proxy_n,Puntos registrados (Productividad (proxy)),Número,Naboo,34,2026-09-04
73,departamental,Tolima,,Productividad (proxy),econ_proxy_incidencia_tasa_100k,Tasa de incidencia (Productividad (proxy)),Tasa x100k hab.,Calculo,2.5894897182025898,2026-09-04
73,departamental,Tolima,,Productividad (proxy),econ_proxy_incidencia_idx,Incidencia (Productividad (proxy)),Índice 0-100,Calculo,16.08029980574432,2026-09-04
73,departamental,Tolima,,Productividad (proxy),econ_proxy_severidad_promedio,Severidad promedio cruda (Productividad (proxy)),Peso promedio,Calculo,1.2058823529411764,2026-09-04
73,departamental,Tolima,,Productividad (proxy),econ_proxy_severidad_idx,Severidad promedio (Productividad (proxy)),Índice 0-100,Calculo,47.35294117647058,2026-09-04
73,departamental,Tolima,,Productividad (proxy),econ_proxy_idx,Productividad (proxy),Índice 0-100,Calculo,31.71662049110745,2026-09-04
73,departamental,Tolima,,Compuesto,indice_compuesto,Índice compuesto,Índice 0-100,Calculo,43.809072628948236,2026-09-04
73,departamental,Tolima,,Impacto humano,3is_fallecidos,"Fallecidos (3iS, oficial)",Número,3iS-Sheets,0.0,2026-09-04
73,departamental,Tolima,,Impacto humano,3is_heridos,"Heridos (3iS, oficial)",Número,3iS-Sheets,0.0,2026-09-04
73,departamental,Tolima,,Impacto humano,3is_desaparecidos,"Desaparecidos (3iS, oficial)",Número,3iS-Sheets,0.0,2026-09-04
73,departamental,Tolima,,Impacto humano,3is_rescatados,"Rescatados (3iS, oficial)",Número,3iS-Sheets,0.0,2026-09-04
73,departamental,Tolima,,Impacto humano,3is_familias,"Familias afectadas (3iS, oficial)",Número,3iS-Sheets,0.0,2026-09-04
73,departamental,Tolima,,Vivienda,3is_vivaveriadas,"Viviendas averiadas (3iS, oficial)",Número,3iS-Sheets,1072.0,2026-09-04
73,departamental,Tolima,,Vivienda,3is_vivdestruidas,"Viviendas destruidas (3iS, oficial)",Número,3iS-Sheets,30.0,2026-09-04
73,departamental,Tolima,,Vivienda,3is_colapsos,"Colapsos (3iS, oficial)",Número,3iS-Sheets,0.0,2026-09-04
73,departamental,Tolima,,Salud,3is_salud,"Puntos de salud afectados (3iS, oficial)",Número,3iS-Sheets,12.0,2026-09-04
73,departamental,Tolima,,Educación,3is_educativos,"Puntos educativos afectados (3iS, oficial)",Número,3iS-Sheets,196.0,2026-09-04
73,departamental,Tolima,,Instituciones,3is_comunitarios,"Puntos comunitarios afectados (3iS, oficial)",Número,3iS-Sheets,71.0,2026-09-04
73,departamental,Tolima,,Infraestructura,3is_vias,"Vías afectadas (3iS, oficial)",Número,3iS-Sheets,19.0,2026-09-04
73,departamental,Tolima,,Infraestructura,3is_aeropuertos,"Aeropuertos afectados (3iS, oficial)",Número,3iS-Sheets,0.0,2026-09-04
73,departamental,Tolima,,Infraestructura,3is_acueductos,"Acueductos afectados (3iS, oficial)",Número,3iS-Sheets,4.0,2026-09-04
19,departamental,Cauca,,Salud,salud_n,Puntos registrados (Salud),Número,Naboo,11,2026-09-04
19,departamental,Cauca,,Salud,salud_incidencia_tasa_100k,Tasa de incidencia (Salud),Tasa x100k hab.,Calculo,0.7208387942332897,2026-09-04
19,departamental,Cauca,,Salud,salud_incidencia_idx,Incidencia (Salud),Índice 0-100,Calculo,19.499613536310783,2026-09-04
19,departamental,Cauca,,Salud,salud_severidad_promedio,Severidad promedio cruda (Salud),Peso promedio,Calculo,1.2727272727272727,2026-09-04
19,departamental,Cauca,,Salud,salud_severidad_idx,Severidad promedio (Salud),Índice 0-100,Calculo,42.42424242424242,2026-09-04
19,departamental,Cauca,,Salud,salud_idx,Salud,Índice 0-100,Calculo,30.961927980276602,2026-09-04
19,departamental,Cauca,,Vivienda,vivienda_n,Puntos registrados (Vivienda),Número,Naboo,5,2026-09-04
19,departamental,Cauca,,Vivienda,vivienda_incidencia_tasa_100k,Tasa de incidencia (Vivienda),Tasa x100k hab.,Calculo,0.327653997378768,2026-09-04
19,departamental,Cauca,,Vivienda,vivienda_incidencia_idx,Incidencia (Vivienda),Índice 0-100,Calculo,3.503891727070907,2026-09-04
19,departamental,Cauca,,Vivienda,vivienda_severidad_promedio,Severidad promedio cruda (Vivienda),Peso promedio,Calculo,2.0,2026-09-04
19,departamental,Cauca,,Vivienda,vivienda_severidad_idx,Severidad promedio (Vivienda),Índice 0-100,Calculo,70.08547008547009,2026-09-04
19,departamental,Cauca,,Vivienda,vivienda_idx,Vivienda,Índice 0-100,Calculo,36.7946809062705,2026-09-04
19,departamental,Cauca,,Instituciones,instituciones_n,Puntos registrados (Instituciones),Número,Naboo,18,2026-09-04
19,departamental,Cauca,,Instituciones,instituciones_incidencia_tasa_100k,Tasa de incidencia (Instituciones),Tasa x100k hab.,Calculo,1.1795543905635648,2026-09-04
19,departamental,Cauca,,Instituciones,instituciones_incidencia_idx,Incidencia (Instituciones),Índice 0-100,Calculo,7.54199928511855,2026-09-04
19,departamental,Cauca,,Instituciones,instituciones_severidad_promedio,Severidad promedio cruda (Instituciones),Peso promedio,Calculo,1.1111111111111112,2026-09-04
19,departamental,Cauca,,Instituciones,instituciones_severidad_idx,Severidad promedio (Instituciones),Índice 0-100,Calculo,63.27160493827161,2026-09-04
19,departamental,Cauca,,Instituciones,instituciones_idx,Instituciones,Índice 0-100,Calculo,35.40680211169508,2026-09-04
19,departamental,Cauca,,Educación,educacion_n,Puntos registrados (Educación),Número,Naboo,9,2026-09-04
19,departamental,Cauca,,Educación,educacion_incidencia_tasa_100k,Tasa de incidencia (Educación),Tasa x100k hab.,Calculo,0.5897771952817824,2026-09-04
19,departamental,Cauca,,Educación,educacion_incidencia_idx,Incidencia (Educación),Índice 0-100,Calculo,3.437651607857903,2026-09-04
19,departamental,Cauca,,Educación,educacion_severidad_promedio,Severidad promedio cruda (Educación),Peso promedio,Calculo,1.4444444444444444,2026-09-04
19,departamental,Cauca,,Educación,educacion_severidad_idx,Severidad promedio (Educación),Índice 0-100,Calculo,68.31831831831832,2026-09-04
19,departamental,Cauca,,Educación,educacion_idx,Educación,Índice 0-100,Calculo,35.87798496308811,2026-09-04
19,departamental,Cauca,,Productividad (proxy),econ_proxy_n,Puntos registrados (Productividad (proxy)),Número,Naboo,18,2026-09-04
19,departamental,Cauca,,Productividad (proxy),econ_proxy_incidencia_tasa_100k,Tasa de incidencia (Productividad (proxy)),Tasa x100k hab.,Calculo,1.1795543905635648,2026-09-04
19,departamental,Cauca,,Productividad (proxy),econ_proxy_incidencia_idx,Incidencia (Productividad (proxy)),Índice 0-100,Calculo,6.600637994106437,2026-09-04
19,departamental,Cauca,,Productividad (proxy),econ_proxy_severidad_promedio,Severidad promedio cruda (Productividad (proxy)),Peso promedio,Calculo,1.1666666666666667,2026-09-04
19,departamental,Cauca,,Productividad (proxy),econ_proxy_severidad_idx,Severidad promedio (Productividad (proxy)),Índice 0-100,Calculo,38.33333333333336,2026-09-04
19,departamental,Cauca,,Productividad (proxy),econ_proxy_idx,Productividad (proxy),Índice 0-100,Calculo,22.466985663719896,2026-09-04
19,departamental,Cauca,,Compuesto,indice_compuesto,Índice compuesto,Índice 0-100,Calculo,32.301676325010035,2026-09-04
19,departamental,Cauca,,Impacto humano,3is_fallecidos,"Fallecidos (3iS, oficial)",Número,3iS-Sheets,1.0,2026-09-04
19,departamental,Cauca,,Impacto humano,3is_heridos,"Heridos (3iS, oficial)",Número,3iS-Sheets,1.0,2026-09-04
19,departamental,Cauca,,Impacto humano,3is_desaparecidos,"Desaparecidos (3iS, oficial)",Número,3iS-Sheets,1.0,2026-09-04
19,departamental,Cauca,,Impacto humano,3is_rescatados,"Rescatados (3iS, oficial)",Número,3iS-Sheets,0.0,2026-09-04
19,departamental,Cauca,,Impacto humano,3is_familias,"Familias afectadas (3iS, oficial)",Número,3iS-Sheets,7066.0,2026-09-04
19,departamental,Cauca,,Vivienda,3is_vivaveriadas,"Viviendas averiadas (3iS, oficial)",Número,3iS-Sheets,6817.0,2026-09-04
19,departamental,Cauca,,Vivienda,3is_vivdestruidas,"Viviendas destruidas (3iS, oficial)",Número,3iS-Sheets,317.0,2026-09-04
19,departamental,Cauca,,Vivienda,3is_colapsos,"Colapsos (3iS, oficial)",Número,3iS-Sheets,0.0,2026-09-04
19,departamental,Cauca,,Salud,3is_salud,"Puntos de salud afectados (3iS, oficial)",Número,3iS-Sheets,20.0,2026-09-04
19,departamental,Cauca,,Educación,3is_educativos,"Puntos educativos afectados (3iS, oficial)",Número,3iS-Sheets,327.0,2026-09-04
19,departamental,Cauca,,Instituciones,3is_comunitarios,"Puntos comunitarios afectados (3iS, oficial)",Número,3iS-Sheets,93.0,2026-09-04
19,departamental,Cauca,,Infraestructura,3is_vias,"Vías afectadas (3iS, oficial)",Número,3iS-Sheets,7.0,2026-09-04
19,departamental,Cauca,,Infraestructura,3is_aeropuertos,"Aeropuertos afectados (3iS, oficial)",Número,3iS-Sheets,0.0,2026-09-04
19,departamental,Cauca,,Infraestructura,3is_acueductos,"Acueductos afectados (3iS, oficial)",Número,3iS-Sheets,14.0,2026-09-04
25,departamental,Cundinamarca,,Salud,salud_n,Puntos registrados (Salud),Número,Naboo,8,2026-09-04
25,departamental,Cundinamarca,,Salud,salud_incidencia_tasa_100k,Tasa de incidencia (Salud),Tasa x100k hab.,Calculo,0.28901734104046245,2026-09-04
25,departamental,Cundinamarca,,Salud,salud_incidencia_idx,Incidencia (Salud),Índice 0-100,Calculo,7.818289610197125,2026-09-04
25,departamental,Cundinamarca,,Salud,salud_severidad_promedio,Severidad promedio cruda (Salud),Peso promedio,Calculo,1.0,2026-09-04
25,departamental,Cundinamarca,,Salud,salud_severidad_idx,Severidad promedio (Salud),Índice 0-100,Calculo,33.33333333333333,2026-09-04
25,departamental,Cundinamarca,,Salud,salud_idx,Salud,Índice 0-100,Calculo,20.575811471765228,2026-09-04
25,departamental,Cundinamarca,,Vivienda,vivienda_n,Puntos registrados (Vivienda),Número,Naboo,12,2026-09-04
25,departamental,Cundinamarca,,Vivienda,vivienda_incidencia_tasa_100k,Tasa de incidencia (Vivienda),Tasa x100k hab.,Calculo,0.43352601156069365,2026-09-04
25,departamental,Cundinamarca,,Vivienda,vivienda_incidencia_idx,Incidencia (Vivienda),Índice 0-100,Calculo,4.636074082812316,2026-09-04
25,departamental,Cundinamarca,,Vivienda,vivienda_severidad_promedio,Severidad promedio cruda (Vivienda),Peso promedio,Calculo,1.75,2026-09-04
25,departamental,Cundinamarca,,Vivienda,vivienda_severidad_idx,Severidad promedio (Vivienda),Índice 0-100,Calculo,61.32478632478633,2026-09-04
25,departamental,Cundinamarca,,Vivienda,vivienda_idx,Vivienda,Índice 0-100,Calculo,32.98043020379932,2026-09-04
25,departamental,Cundinamarca,,Instituciones,instituciones_n,Puntos registrados (Instituciones),Número,Naboo,26,2026-09-04
25,departamental,Cundinamarca,,Instituciones,instituciones_incidencia_tasa_100k,Tasa de incidencia (Instituciones),Tasa x100k hab.,Calculo,0.9393063583815028,2026-09-04
25,departamental,Cundinamarca,,Instituciones,instituciones_incidencia_idx,Incidencia (Instituciones),Índice 0-100,Calculo,6.005867927833245,2026-09-04
25,departamental,Cundinamarca,,Instituciones,instituciones_severidad_promedio,Severidad promedio cruda (Instituciones),Peso promedio,Calculo,1.1538461538461537,2026-09-04
25,departamental,Cundinamarca,,Instituciones,instituciones_severidad_idx,Severidad promedio (Instituciones),Índice 0-100,Calculo,65.70512820512819,2026-09-04
25,departamental,Cundinamarca,,Instituciones,instituciones_idx,Instituciones,Índice 0-100,Calculo,35.85549806648072,2026-09-04
25,departamental,Cundinamarca,,Educación,educacion_n,Puntos registrados (Educación),Número,Naboo,15,2026-09-04
25,departamental,Cundinamarca,,Educación,educacion_incidencia_tasa_100k,Tasa de incidencia (Educación),Tasa x100k hab.,Calculo,0.541907514450867,2026-09-04
25,departamental,Cundinamarca,,Educación,educacion_incidencia_idx,Incidencia (Educación),Índice 0-100,Calculo,3.158632197489861,2026-09-04
25,departamental,Cundinamarca,,Educación,educacion_severidad_promedio,Severidad promedio cruda (Educación),Peso promedio,Calculo,1.5333333333333334,2026-09-04
25,departamental,Cundinamarca,,Educación,educacion_severidad_idx,Severidad promedio (Educación),Índice 0-100,Calculo,72.52252252252252,2026-09-04
25,departamental,Cundinamarca,,Educación,educacion_idx,Educación,Índice 0-100,Calculo,37.84057736000619,2026-09-04
25,departamental,Cundinamarca,,Productividad (proxy),econ_proxy_n,Puntos registrados (Productividad (proxy)),Número,Naboo,37,2026-09-04
25,departamental,Cundinamarca,,Productividad (proxy),econ_proxy_incidencia_tasa_100k,Tasa de incidencia (Productividad (proxy)),Tasa x100k hab.,Calculo,1.3367052023121386,2026-09-04
25,departamental,Cundinamarca,,Productividad (proxy),econ_proxy_incidencia_idx,Incidencia (Productividad (proxy)),Índice 0-100,Calculo,7.657237200890944,2026-09-04
25,departamental,Cundinamarca,,Productividad (proxy),econ_proxy_severidad_promedio,Severidad promedio cruda (Productividad (proxy)),Peso promedio,Calculo,1.1081081081081081,2026-09-04
25,departamental,Cundinamarca,,Productividad (proxy),econ_proxy_severidad_idx,Severidad promedio (Productividad (proxy)),Índice 0-100,Calculo,24.86486486486487,2026-09-04
25,departamental,Cundinamarca,,Productividad (proxy),econ_proxy_idx,Productividad (proxy),Índice 0-100,Calculo,16.26105103287791,2026-09-04
25,departamental,Cundinamarca,,Compuesto,indice_compuesto,Índice compuesto,Índice 0-100,Calculo,28.702673626985877,2026-09-04
25,departamental,Cundinamarca,,Impacto humano,3is_fallecidos,"Fallecidos (3iS, oficial)",Número,3iS-Sheets,0.0,2026-09-04
25,departamental,Cundinamarca,,Impacto humano,3is_heridos,"Heridos (3iS, oficial)",Número,3iS-Sheets,0.0,2026-09-04
25,departamental,Cundinamarca,,Impacto humano,3is_desaparecidos,"Desaparecidos (3iS, oficial)",Número,3iS-Sheets,0.0,2026-09-04
25,departamental,Cundinamarca,,Impacto humano,3is_rescatados,"Rescatados (3iS, oficial)",Número,3iS-Sheets,0.0,2026-09-04
25,departamental,Cundinamarca,,Impacto humano,3is_familias,"Familias afectadas (3iS, oficial)",Número,3iS-Sheets,296.0,2026-09-04
25,departamental,Cundinamarca,,Vivienda,3is_vivaveriadas,"Viviendas averiadas (3iS, oficial)",Número,3iS-Sheets,66.0,2026-09-04
25,departamental,Cundinamarca,,Vivienda,3is_vivdestruidas,"Viviendas destruidas (3iS, oficial)",Número,3iS-Sheets,0.0,2026-09-04
25,departamental,Cundinamarca,,Vivienda,3is_colapsos,"Colapsos (3iS, oficial)",Número,3iS-Sheets,0.0,2026-09-04
25,departamental,Cundinamarca,,Salud,3is_salud,"Puntos de salud afectados (3iS, oficial)",Número,3iS-Sheets,12.0,2026-09-04
25,departamental,Cundinamarca,,Educación,3is_educativos,"Puntos educativos afectados (3iS, oficial)",Número,3iS-Sheets,141.0,2026-09-04
25,departamental,Cundinamarca,,Instituciones,3is_comunitarios,"Puntos comunitarios afectados (3iS, oficial)",Número,3iS-Sheets,39.0,2026-09-04
25,departamental,Cundinamarca,,Infraestructura,3is_vias,"Vías afectadas (3iS, oficial)",Número,3iS-Sheets,0.0,2026-09-04
25,departamental,Cundinamarca,,Infraestructura,3is_aeropuertos,"Aeropuertos afectados (3iS, oficial)",Número,3iS-Sheets,0.0,2026-09-04
25,departamental,Cundinamarca,,Infraestructura,3is_acueductos,"Acueductos afectados (3iS, oficial)",Número,3iS-Sheets,3.0,2026-09-04
05,departamental,Antioquia,,Salud,salud_n,Puntos registrados (Salud),Número,Naboo,17,2026-09-04
05,departamental,Antioquia,,Salud,salud_incidencia_tasa_100k,Tasa de incidencia (Salud),Tasa x100k hab.,Calculo,0.2662907268170426,2026-09-04
05,departamental,Antioquia,,Salud,salud_incidencia_idx,Incidencia (Salud),Índice 0-100,Calculo,7.2035055587687165,2026-09-04
05,departamental,Antioquia,,Salud,salud_severidad_promedio,Severidad promedio cruda (Salud),Peso promedio,Calculo,1.0588235294117647,2026-09-04
05,departamental,Antioquia,,Salud,salud_severidad_idx,Severidad promedio (Salud),Índice 0-100,Calculo,35.294117647058826,2026-09-04
05,departamental,Antioquia,,Salud,salud_idx,Salud,Índice 0-100,Calculo,21.248811602913772,2026-09-04
05,departamental,Antioquia,,Vivienda,vivienda_n,Puntos registrados (Vivienda),Número,Naboo,20,2026-09-04
05,departamental,Antioquia,,Vivienda,vivienda_incidencia_tasa_100k,Tasa de incidencia (Vivienda),Tasa x100k hab.,Calculo,0.31328320802005016,2026-09-04
05,departamental,Antioquia,,Vivienda,vivienda_incidencia_idx,Incidencia (Vivienda),Índice 0-100,Calculo,3.3502122653572712,2026-09-04
05,departamental,Antioquia,,Vivienda,vivienda_severidad_promedio,Severidad promedio cruda (Vivienda),Peso promedio,Calculo,1.8,2026-09-04
05,departamental,Antioquia,,Vivienda,vivienda_severidad_idx,Severidad promedio (Vivienda),Índice 0-100,Calculo,63.07692307692309,2026-09-04
05,departamental,Antioquia,,Vivienda,vivienda_idx,Vivienda,Índice 0-100,Calculo,33.21356767114018,2026-09-04
05,departamental,Antioquia,,Instituciones,instituciones_n,Puntos registrados (Instituciones),Número,Naboo,74,2026-09-04
05,departamental,Antioquia,,Instituciones,instituciones_incidencia_tasa_100k,Tasa de incidencia (Instituciones),Tasa x100k hab.,Calculo,1.1591478696741855,2026-09-04
05,departamental,Antioquia,,Instituciones,instituciones_incidencia_idx,Incidencia (Instituciones),Índice 0-100,Calculo,7.4115212273107005,2026-09-04
05,departamental,Antioquia,,Instituciones,instituciones_severidad_promedio,Severidad promedio cruda (Instituciones),Peso promedio,Calculo,1.2162162162162162,2026-09-04
05,departamental,Antioquia,,Instituciones,instituciones_severidad_idx,Severidad promedio (Instituciones),Índice 0-100,Calculo,69.25675675675676,2026-09-04
05,departamental,Antioquia,,Instituciones,instituciones_idx,Instituciones,Índice 0-100,Calculo,38.33413899203373,2026-09-04
05,departamental,Antioquia,,Educación,educacion_n,Puntos registrados (Educación),Número,Naboo,28,2026-09-04
05,departamental,Antioquia,,Educación,educacion_incidencia_tasa_100k,Tasa de incidencia (Educación),Tasa x100k hab.,Calculo,0.43859649122807015,2026-09-04
05,departamental,Antioquia,,Educación,educacion_incidencia_idx,Incidencia (Educación),Índice 0-100,Calculo,2.5564602113017347,2026-09-04
05,departamental,Antioquia,,Educación,educacion_severidad_promedio,Severidad promedio cruda (Educación),Peso promedio,Calculo,1.5357142857142858,2026-09-04
05,departamental,Antioquia,,Educación,educacion_severidad_idx,Severidad promedio (Educación),Índice 0-100,Calculo,72.63513513513514,2026-09-04
05,departamental,Antioquia,,Educación,educacion_idx,Educación,Índice 0-100,Calculo,37.59579767321844,2026-09-04
05,departamental,Antioquia,,Productividad (proxy),econ_proxy_n,Puntos registrados (Productividad (proxy)),Número,Naboo,60,2026-09-04
05,departamental,Antioquia,,Productividad (proxy),econ_proxy_incidencia_tasa_100k,Tasa de incidencia (Productividad (proxy)),Tasa x100k hab.,Calculo,0.9398496240601504,2026-09-04
05,departamental,Antioquia,,Productividad (proxy),econ_proxy_incidencia_idx,Incidencia (Productividad (proxy)),Índice 0-100,Calculo,4.988989518785902,2026-09-04
05,departamental,Antioquia,,Productividad (proxy),econ_proxy_severidad_promedio,Severidad promedio cruda (Productividad (proxy)),Peso promedio,Calculo,1.05,2026-09-04
05,departamental,Antioquia,,Productividad (proxy),econ_proxy_severidad_idx,Severidad promedio (Productividad (proxy)),Índice 0-100,Calculo,11.500000000000012,2026-09-04
05,departamental,Antioquia,,Productividad (proxy),econ_proxy_idx,Productividad (proxy),Índice 0-100,Calculo,8.244494759392957,2026-09-04
05,departamental,Antioquia,,Compuesto,indice_compuesto,Índice compuesto,Índice 0-100,Calculo,27.727362139739817,2026-09-04
05,departamental,Antioquia,,Impacto humano,3is_fallecidos,"Fallecidos (3iS, oficial)",Número,3iS-Sheets,1.0,2026-09-04
05,departamental,Antioquia,,Impacto humano,3is_heridos,"Heridos (3iS, oficial)",Número,3iS-Sheets,24.0,2026-09-04
05,departamental,Antioquia,,Impacto humano,3is_desaparecidos,"Desaparecidos (3iS, oficial)",Número,3iS-Sheets,1.0,2026-09-04
05,departamental,Antioquia,,Impacto humano,3is_rescatados,"Rescatados (3iS, oficial)",Número,3iS-Sheets,0.0,2026-09-04
05,departamental,Antioquia,,Impacto humano,3is_familias,"Familias afectadas (3iS, oficial)",Número,3iS-Sheets,4359.0,2026-09-04
05,departamental,Antioquia,,Vivienda,3is_vivaveriadas,"Viviendas averiadas (3iS, oficial)",Número,3iS-Sheets,4320.0,2026-09-04
05,departamental,Antioquia,,Vivienda,3is_vivdestruidas,"Viviendas destruidas (3iS, oficial)",Número,3iS-Sheets,39.0,2026-09-04
05,departamental,Antioquia,,Vivienda,3is_colapsos,"Colapsos (3iS, oficial)",Número,3iS-Sheets,0.0,2026-09-04
05,departamental,Antioquia,,Salud,3is_salud,"Puntos de salud afectados (3iS, oficial)",Número,3iS-Sheets,31.0,2026-09-04
05,departamental,Antioquia,,Educación,3is_educativos,"Puntos educativos afectados (3iS, oficial)",Número,3iS-Sheets,526.0,2026-09-04
05,departamental,Antioquia,,Instituciones,3is_comunitarios,"Puntos comunitarios afectados (3iS, oficial)",Número,3iS-Sheets,247.0,2026-09-04
05,departamental,Antioquia,,Infraestructura,3is_vias,"Vías afectadas (3iS, oficial)",Número,3iS-Sheets,7.0,2026-09-04
05,departamental,Antioquia,,Infraestructura,3is_aeropuertos,"Aeropuertos afectados (3iS, oficial)",Número,3iS-Sheets,0.0,2026-09-04
05,departamental,Antioquia,,Infraestructura,3is_acueductos,"Acueductos afectados (3iS, oficial)",Número,3iS-Sheets,9.0,2026-09-04
68,departamental,Santander,,Salud,salud_n,Puntos registrados (Salud),Número,Naboo,1,2026-09-04
68,departamental,Santander,,Salud,salud_incidencia_tasa_100k,Tasa de incidencia (Salud),Tasa x100k hab.,Calculo,0.0851063829787234,2026-09-04
68,departamental,Santander,,Salud,salud_incidencia_idx,Incidencia (Salud),Índice 0-100,Calculo,2.3022367703218767,2026-09-04
68,departamental,Santander,,Salud,salud_severidad_promedio,Severidad promedio cruda (Salud),Peso promedio,Calculo,3.0,2026-09-04
68,departamental,Santander,,Salud,salud_severidad_idx,Severidad promedio (Salud),Índice 0-100,Calculo,100.0,2026-09-04
68,departamental,Santander,,Salud,salud_idx,Salud,Índice 0-100,Calculo,51.15111838516094,2026-09-04
68,departamental,Santander,,Vivienda,vivienda_n,Puntos registrados (Vivienda),Número,Naboo,5,2026-09-04
68,departamental,Santander,,Vivienda,vivienda_incidencia_tasa_100k,Tasa de incidencia (Vivienda),Tasa x100k hab.,Calculo,0.4255319148936171,2026-09-04
68,departamental,Santander,,Vivienda,vivienda_incidencia_idx,Incidencia (Vivienda),Índice 0-100,Calculo,4.550586191923578,2026-09-04
68,departamental,Santander,,Vivienda,vivienda_severidad_promedio,Severidad promedio cruda (Vivienda),Peso promedio,Calculo,1.0,2026-09-04
68,departamental,Santander,,Vivienda,vivienda_severidad_idx,Severidad promedio (Vivienda),Índice 0-100,Calculo,35.042735042735046,2026-09-04
68,departamental,Santander,,Vivienda,vivienda_idx,Vivienda,Índice 0-100,Calculo,19.796660617329312,2026-09-04
68,departamental,Santander,,Instituciones,instituciones_n,Puntos registrados (Instituciones),Número,Naboo,5,2026-09-04
68,departamental,Santander,,Instituciones,instituciones_incidencia_tasa_100k,Tasa de incidencia (Instituciones),Tasa x100k hab.,Calculo,0.4255319148936171,2026-09-04
68,departamental,Santander,,Instituciones,instituciones_incidencia_idx,Incidencia (Instituciones),Índice 0-100,Calculo,2.7208252740167636,2026-09-04
68,departamental,Santander,,Instituciones,instituciones_severidad_promedio,Severidad promedio cruda (Instituciones),Peso promedio,Calculo,1.0,2026-09-04
68,departamental,Santander,,Instituciones,instituciones_severidad_idx,Severidad promedio (Instituciones),Índice 0-100,Calculo,56.94444444444444,2026-09-04
68,departamental,Santander,,Instituciones,instituciones_idx,Instituciones,Índice 0-100,Calculo,29.832634859230602,2026-09-04
68,departamental,Santander,,Educación,educacion_n,Puntos registrados (Educación),Número,Naboo,9,2026-09-04
68,departamental,Santander,,Educación,educacion_incidencia_tasa_100k,Tasa de incidencia (Educación),Tasa x100k hab.,Calculo,0.7659574468085107,2026-09-04
68,departamental,Santander,,Educación,educacion_incidencia_idx,Incidencia (Educación),Índice 0-100,Calculo,4.464558598800989,2026-09-04
68,departamental,Santander,,Educación,educacion_severidad_promedio,Severidad promedio cruda (Educación),Peso promedio,Calculo,1.3333333333333333,2026-09-04
68,departamental,Santander,,Educación,educacion_severidad_idx,Severidad promedio (Educación),Índice 0-100,Calculo,63.06306306306306,2026-09-04
68,departamental,Santander,,Educación,educacion_idx,Educación,Índice 0-100,Calculo,33.76381083093202,2026-09-04
68,departamental,Santander,,Productividad (proxy),econ_proxy_n,Puntos registrados (Productividad (proxy)),Número,Naboo,16,2026-09-04
68,departamental,Santander,,Productividad (proxy),econ_proxy_incidencia_tasa_100k,Tasa de incidencia (Productividad (proxy)),Tasa x100k hab.,Calculo,1.3617021276595744,2026-09-04
68,departamental,Santander,,Productividad (proxy),econ_proxy_incidencia_idx,Incidencia (Productividad (proxy)),Índice 0-100,Calculo,7.825303348308678,2026-09-04
68,departamental,Santander,,Productividad (proxy),econ_proxy_severidad_promedio,Severidad promedio cruda (Productividad (proxy)),Peso promedio,Calculo,1.0,2026-09-04
68,departamental,Santander,,Productividad (proxy),econ_proxy_severidad_idx,Severidad promedio (Productividad (proxy)),Índice 0-100,Calculo,0.0,2026-09-04
68,departamental,Santander,,Productividad (proxy),econ_proxy_idx,Productividad (proxy),Índice 0-100,Calculo,3.912651674154339,2026-09-04
68,departamental,Santander,,Compuesto,indice_compuesto,Índice compuesto,Índice 0-100,Calculo,27.691375273361444,2026-09-04
68,departamental,Santander,,Impacto humano,3is_fallecidos,"Fallecidos (3iS, oficial)",Número,3iS-Sheets,0.0,2026-09-04
68,departamental,Santander,,Impacto humano,3is_heridos,"Heridos (3iS, oficial)",Número,3iS-Sheets,0.0,2026-09-04
68,departamental,Santander,,Impacto humano,3is_desaparecidos,"Desaparecidos (3iS, oficial)",Número,3iS-Sheets,0.0,2026-09-04
68,departamental,Santander,,Impacto humano,3is_rescatados,"Rescatados (3iS, oficial)",Número,3iS-Sheets,0.0,2026-09-04
68,departamental,Santander,,Impacto humano,3is_familias,"Familias afectadas (3iS, oficial)",Número,3iS-Sheets,0.0,2026-09-04
68,departamental,Santander,,Vivienda,3is_vivaveriadas,"Viviendas averiadas (3iS, oficial)",Número,3iS-Sheets,4.0,2026-09-04
68,departamental,Santander,,Vivienda,3is_vivdestruidas,"Viviendas destruidas (3iS, oficial)",Número,3iS-Sheets,0.0,2026-09-04
68,departamental,Santander,,Vivienda,3is_colapsos,"Colapsos (3iS, oficial)",Número,3iS-Sheets,0.0,2026-09-04
68,departamental,Santander,,Salud,3is_salud,"Puntos de salud afectados (3iS, oficial)",Número,3iS-Sheets,1.0,2026-09-04
68,departamental,Santander,,Educación,3is_educativos,"Puntos educativos afectados (3iS, oficial)",Número,3iS-Sheets,19.0,2026-09-04
68,departamental,Santander,,Instituciones,3is_comunitarios,"Puntos comunitarios afectados (3iS, oficial)",Número,3iS-Sheets,2.0,2026-09-04
68,departamental,Santander,,Infraestructura,3is_vias,"Vías afectadas (3iS, oficial)",Número,3iS-Sheets,0.0,2026-09-04
68,departamental,Santander,,Infraestructura,3is_aeropuertos,"Aeropuertos afectados (3iS, oficial)",Número,3iS-Sheets,0.0,2026-09-04
68,departamental,Santander,,Infraestructura,3is_acueductos,"Acueductos afectados (3iS, oficial)",Número,3iS-Sheets,0.0,2026-09-04
41,departamental,Huila,,Salud,salud_n,Puntos registrados (Salud),Número,Naboo,2,2026-09-04
41,departamental,Huila,,Salud,salud_incidencia_tasa_100k,Tasa de incidencia (Salud),Tasa x100k hab.,Calculo,0.20181634712411703,2026-09-04
41,departamental,Huila,,Salud,salud_incidencia_idx,Incidencia (Salud),Índice 0-100,Calculo,5.459390928613935,2026-09-04
41,departamental,Huila,,Salud,salud_severidad_promedio,Severidad promedio cruda (Salud),Peso promedio,Calculo,2.0,2026-09-04
41,departamental,Huila,,Salud,salud_severidad_idx,Severidad promedio (Salud),Índice 0-100,Calculo,66.66666666666666,2026-09-04
41,departamental,Huila,,Salud,salud_idx,Salud,Índice 0-100,Calculo,36.0630287976403,2026-09-04
41,departamental,Huila,,Vivienda,vivienda_n,Puntos registrados (Vivienda),Número,Naboo,15,2026-09-04
41,departamental,Huila,,Vivienda,vivienda_incidencia_tasa_100k,Tasa de incidencia (Vivienda),Tasa x100k hab.,Calculo,1.513622603430878,2026-09-04
41,departamental,Huila,,Vivienda,vivienda_incidencia_idx,Incidencia (Vivienda),Índice 0-100,Calculo,16.186494779546532,2026-09-04
41,departamental,Huila,,Vivienda,vivienda_severidad_promedio,Severidad promedio cruda (Vivienda),Peso promedio,Calculo,1.2,2026-09-04
41,departamental,Huila,,Vivienda,vivienda_severidad_idx,Severidad promedio (Vivienda),Índice 0-100,Calculo,42.05128205128205,2026-09-04
41,departamental,Huila,,Vivienda,vivienda_idx,Vivienda,Índice 0-100,Calculo,29.11888841541429,2026-09-04
41,departamental,Huila,,Instituciones,instituciones_n,Puntos registrados (Instituciones),Número,Naboo,7,2026-09-04
41,departamental,Huila,,Instituciones,instituciones_incidencia_tasa_100k,Tasa de incidencia (Instituciones),Tasa x100k hab.,Calculo,0.7063572149344097,2026-09-04
41,departamental,Huila,,Instituciones,instituciones_incidencia_idx,Incidencia (Instituciones),Índice 0-100,Calculo,4.5164052227624385,2026-09-04
41,departamental,Huila,,Instituciones,instituciones_severidad_promedio,Severidad promedio cruda (Instituciones),Peso promedio,Calculo,1.0,2026-09-04
41,departamental,Huila,,Instituciones,instituciones_severidad_idx,Severidad promedio (Instituciones),Índice 0-100,Calculo,56.94444444444444,2026-09-04
41,departamental,Huila,,Instituciones,instituciones_idx,Instituciones,Índice 0-100,Calculo,30.73042483360344,2026-09-04
41,departamental,Huila,,Educación,educacion_n,Puntos registrados (Educación),Número,Naboo,33,2026-09-04
41,departamental,Huila,,Educación,educacion_incidencia_tasa_100k,Tasa de incidencia (Educación),Tasa x100k hab.,Calculo,3.3299697275479314,2026-09-04
41,departamental,Huila,,Educación,educacion_incidencia_idx,Incidencia (Educación),Índice 0-100,Calculo,19.40949205835949,2026-09-04
41,departamental,Huila,,Educación,educacion_severidad_promedio,Severidad promedio cruda (Educación),Peso promedio,Calculo,1.2424242424242424,2026-09-04
41,departamental,Huila,,Educación,educacion_severidad_idx,Severidad promedio (Educación),Índice 0-100,Calculo,58.763308763308764,2026-09-04
41,departamental,Huila,,Educación,educacion_idx,Educación,Índice 0-100,Calculo,39.08640041083413,2026-09-04
41,departamental,Huila,,Productividad (proxy),econ_proxy_n,Puntos registrados (Productividad (proxy)),Número,Naboo,3,2026-09-04
41,departamental,Huila,,Productividad (proxy),econ_proxy_incidencia_tasa_100k,Tasa de incidencia (Productividad (proxy)),Tasa x100k hab.,Calculo,0.3027245206861756,2026-09-04
41,departamental,Huila,,Productividad (proxy),econ_proxy_incidencia_idx,Incidencia (Productividad (proxy)),Índice 0-100,Calculo,0.7052962221551974,2026-09-04
41,departamental,Huila,,Productividad (proxy),econ_proxy_severidad_promedio,Severidad promedio cruda (Productividad (proxy)),Peso promedio,Calculo,1.0,2026-09-04
41,departamental,Huila,,Productividad (proxy),econ_proxy_severidad_idx,Severidad promedio (Productividad (proxy)),Índice 0-100,Calculo,0.0,2026-09-04
41,departamental,Huila,,Productividad (proxy),econ_proxy_idx,Productividad (proxy),Índice 0-100,Calculo,0.3526481110775987,2026-09-04
41,departamental,Huila,,Compuesto,indice_compuesto,Índice compuesto,Índice 0-100,Calculo,27.070278113713954,2026-09-04
41,departamental,Huila,,Impacto humano,3is_fallecidos,"Fallecidos (3iS, oficial)",Número,3iS-Sheets,0.0,2026-09-04
41,departamental,Huila,,Impacto humano,3is_heridos,"Heridos (3iS, oficial)",Número,3iS-Sheets,0.0,2026-09-04
41,departamental,Huila,,Impacto humano,3is_desaparecidos,"Desaparecidos (3iS, oficial)",Número,3iS-Sheets,0.0,2026-09-04
41,departamental,Huila,,Impacto humano,3is_rescatados,"Rescatados (3iS, oficial)",Número,3iS-Sheets,0.0,2026-09-04
41,departamental,Huila,,Impacto humano,3is_familias,"Familias afectadas (3iS, oficial)",Número,3iS-Sheets,558.0,2026-09-04
41,departamental,Huila,,Vivienda,3is_vivaveriadas,"Viviendas averiadas (3iS, oficial)",Número,3iS-Sheets,558.0,2026-09-04
41,departamental,Huila,,Vivienda,3is_vivdestruidas,"Viviendas destruidas (3iS, oficial)",Número,3iS-Sheets,0.0,2026-09-04
41,departamental,Huila,,Vivienda,3is_colapsos,"Colapsos (3iS, oficial)",Número,3iS-Sheets,0.0,2026-09-04
41,departamental,Huila,,Salud,3is_salud,"Puntos de salud afectados (3iS, oficial)",Número,3iS-Sheets,17.0,2026-09-04
41,departamental,Huila,,Educación,3is_educativos,"Puntos educativos afectados (3iS, oficial)",Número,3iS-Sheets,156.0,2026-09-04
41,departamental,Huila,,Instituciones,3is_comunitarios,"Puntos comunitarios afectados (3iS, oficial)",Número,3iS-Sheets,25.0,2026-09-04
41,departamental,Huila,,Infraestructura,3is_vias,"Vías afectadas (3iS, oficial)",Número,3iS-Sheets,71.0,2026-09-04
41,departamental,Huila,,Infraestructura,3is_aeropuertos,"Aeropuertos afectados (3iS, oficial)",Número,3iS-Sheets,0.0,2026-09-04
41,departamental,Huila,,Infraestructura,3is_acueductos,"Acueductos afectados (3iS, oficial)",Número,3iS-Sheets,0.0,2026-09-04
52,departamental,Nariño,,Salud,salud_n,Puntos registrados (Salud),Número,Naboo,2,2026-09-04
52,departamental,Nariño,,Salud,salud_incidencia_tasa_100k,Tasa de incidencia (Salud),Tasa x100k hab.,Calculo,0.18570102135561747,2026-09-04
52,departamental,Nariño,,Salud,salud_incidencia_idx,Incidencia (Salud),Índice 0-100,Calculo,5.0234507059019595,2026-09-04
52,departamental,Nariño,,Salud,salud_severidad_promedio,Severidad promedio cruda (Salud),Peso promedio,Calculo,1.0,2026-09-04
52,departamental,Nariño,,Salud,salud_severidad_idx,Severidad promedio (Salud),Índice 0-100,Calculo,33.33333333333333,2026-09-04
52,departamental,Nariño,,Salud,salud_idx,Salud,Índice 0-100,Calculo,19.178392019617643,2026-09-04
52,departamental,Nariño,,Vivienda,vivienda_n,Puntos registrados (Vivienda),Número,Naboo,9,2026-09-04
52,departamental,Nariño,,Vivienda,vivienda_incidencia_tasa_100k,Tasa de incidencia (Vivienda),Tasa x100k hab.,Calculo,0.8356545961002786,2026-09-04
52,departamental,Nariño,,Vivienda,vivienda_incidencia_idx,Incidencia (Vivienda),Índice 0-100,Calculo,8.936387925643796,2026-09-04
52,departamental,Nariño,,Vivienda,vivienda_severidad_promedio,Severidad promedio cruda (Vivienda),Peso promedio,Calculo,1.2222222222222223,2026-09-04
52,departamental,Nariño,,Vivienda,vivienda_severidad_idx,Severidad promedio (Vivienda),Índice 0-100,Calculo,42.83000949667617,2026-09-04
52,departamental,Nariño,,Vivienda,vivienda_idx,Vivienda,Índice 0-100,Calculo,25.883198711159984,2026-09-04
52,departamental,Nariño,,Instituciones,instituciones_n,Puntos registrados (Instituciones),Número,Naboo,19,2026-09-04
52,departamental,Nariño,,Instituciones,instituciones_incidencia_tasa_100k,Tasa de incidencia (Instituciones),Tasa x100k hab.,Calculo,1.764159702878366,2026-09-04
52,departamental,Nariño,,Instituciones,instituciones_incidencia_idx,Incidencia (Instituciones),Índice 0-100,Calculo,11.2799302214344,2026-09-04
52,departamental,Nariño,,Instituciones,instituciones_severidad_promedio,Severidad promedio cruda (Instituciones),Peso promedio,Calculo,1.0,2026-09-04
52,departamental,Nariño,,Instituciones,instituciones_severidad_idx,Severidad promedio (Instituciones),Índice 0-100,Calculo,56.94444444444444,2026-09-04
52,departamental,Nariño,,Instituciones,instituciones_idx,Instituciones,Índice 0-100,Calculo,34.11218733293942,2026-09-04
52,departamental,Nariño,,Educación,educacion_n,Puntos registrados (Educación),Número,Naboo,5,2026-09-04
52,departamental,Nariño,,Educación,educacion_incidencia_tasa_100k,Tasa de incidencia (Educación),Tasa x100k hab.,Calculo,0.4642525533890437,2026-09-04
52,departamental,Nariño,,Educación,educacion_incidencia_idx,Incidencia (Educación),Índice 0-100,Calculo,2.7060024520742605,2026-09-04
52,departamental,Nariño,,Educación,educacion_severidad_promedio,Severidad promedio cruda (Educación),Peso promedio,Calculo,1.0,2026-09-04
52,departamental,Nariño,,Educación,educacion_severidad_idx,Severidad promedio (Educación),Índice 0-100,Calculo,47.2972972972973,2026-09-04
52,departamental,Nariño,,Educación,educacion_idx,Educación,Índice 0-100,Calculo,25.00164987468578,2026-09-04
52,departamental,Nariño,,Productividad (proxy),econ_proxy_n,Puntos registrados (Productividad (proxy)),Número,Naboo,12,2026-09-04
52,departamental,Nariño,,Productividad (proxy),econ_proxy_incidencia_tasa_100k,Tasa de incidencia (Productividad (proxy)),Tasa x100k hab.,Calculo,1.1142061281337048,2026-09-04
52,departamental,Nariño,,Productividad (proxy),econ_proxy_incidencia_idx,Incidencia (Productividad (proxy)),Índice 0-100,Calculo,6.161270729757817,2026-09-04
52,departamental,Nariño,,Productividad (proxy),econ_proxy_severidad_promedio,Severidad promedio cruda (Productividad (proxy)),Peso promedio,Calculo,1.0,2026-09-04
52,departamental,Nariño,,Productividad (proxy),econ_proxy_severidad_idx,Severidad promedio (Productividad (proxy)),Índice 0-100,Calculo,0.0,2026-09-04
52,departamental,Nariño,,Productividad (proxy),econ_proxy_idx,Productividad (proxy),Índice 0-100,Calculo,3.0806353648789084,2026-09-04
52,departamental,Nariño,,Compuesto,indice_compuesto,Índice compuesto,Índice 0-100,Calculo,21.451212660656346,2026-09-04
52,departamental,Nariño,,Impacto humano,3is_fallecidos,"Fallecidos (3iS, oficial)",Número,3iS-Sheets,0.0,2026-09-04
52,departamental,Nariño,,Impacto humano,3is_heridos,"Heridos (3iS, oficial)",Número,3iS-Sheets,0.0,2026-09-04
52,departamental,Nariño,,Impacto humano,3is_desaparecidos,"Desaparecidos (3iS, oficial)",Número,3iS-Sheets,0.0,2026-09-04
52,departamental,Nariño,,Impacto humano,3is_rescatados,"Rescatados (3iS, oficial)",Número,3iS-Sheets,0.0,2026-09-04
52,departamental,Nariño,,Impacto humano,3is_familias,"Familias afectadas (3iS, oficial)",Número,3iS-Sheets,163.0,2026-09-04
52,departamental,Nariño,,Vivienda,3is_vivaveriadas,"Viviendas averiadas (3iS, oficial)",Número,3iS-Sheets,440.0,2026-09-04
52,departamental,Nariño,,Vivienda,3is_vivdestruidas,"Viviendas destruidas (3iS, oficial)",Número,3iS-Sheets,6.0,2026-09-04
52,departamental,Nariño,,Vivienda,3is_colapsos,"Colapsos (3iS, oficial)",Número,3iS-Sheets,0.0,2026-09-04
52,departamental,Nariño,,Salud,3is_salud,"Puntos de salud afectados (3iS, oficial)",Número,3iS-Sheets,2.0,2026-09-04
52,departamental,Nariño,,Educación,3is_educativos,"Puntos educativos afectados (3iS, oficial)",Número,3iS-Sheets,40.0,2026-09-04
52,departamental,Nariño,,Instituciones,3is_comunitarios,"Puntos comunitarios afectados (3iS, oficial)",Número,3iS-Sheets,3.0,2026-09-04
52,departamental,Nariño,,Infraestructura,3is_vias,"Vías afectadas (3iS, oficial)",Número,3iS-Sheets,5.0,2026-09-04
52,departamental,Nariño,,Infraestructura,3is_aeropuertos,"Aeropuertos afectados (3iS, oficial)",Número,3iS-Sheets,0.0,2026-09-04
52,departamental,Nariño,,Infraestructura,3is_acueductos,"Acueductos afectados (3iS, oficial)",Número,3iS-Sheets,0.0,2026-09-04
54,departamental,Norte de Santander,,Salud,salud_n,Puntos registrados (Salud),Número,Naboo,0,2026-09-04
54,departamental,Norte de Santander,,Salud,salud_incidencia_tasa_100k,Tasa de incidencia (Salud),Tasa x100k hab.,Calculo,0.0,2026-09-04
54,departamental,Norte de Santander,,Salud,salud_incidencia_idx,Incidencia (Salud),Índice 0-100,Calculo,0.0,2026-09-04
54,departamental,Norte de Santander,,Salud,salud_severidad_promedio,Severidad promedio cruda (Salud),Peso promedio,Calculo,0.0,2026-09-04
54,departamental,Norte de Santander,,Salud,salud_severidad_idx,Severidad promedio (Salud),Índice 0-100,Calculo,0.0,2026-09-04
54,departamental,Norte de Santander,,Salud,salud_idx,Salud,Índice 0-100,Calculo,0.0,2026-09-04
54,departamental,Norte de Santander,,Vivienda,vivienda_n,Puntos registrados (Vivienda),Número,Naboo,3,2026-09-04
54,departamental,Norte de Santander,,Vivienda,vivienda_incidencia_tasa_100k,Tasa de incidencia (Vivienda),Tasa x100k hab.,Calculo,0.2967359050445104,2026-09-04
54,departamental,Norte de Santander,,Vivienda,vivienda_incidencia_idx,Incidencia (Vivienda),Índice 0-100,Calculo,3.1732574335372132,2026-09-04
54,departamental,Norte de Santander,,Vivienda,vivienda_severidad_promedio,Severidad promedio cruda (Vivienda),Peso promedio,Calculo,1.0,2026-09-04
54,departamental,Norte de Santander,,Vivienda,vivienda_severidad_idx,Severidad promedio (Vivienda),Índice 0-100,Calculo,35.042735042735046,2026-09-04
54,departamental,Norte de Santander,,Vivienda,vivienda_idx,Vivienda,Índice 0-100,Calculo,19.10799623813613,2026-09-04
54,departamental,Norte de Santander,,Instituciones,instituciones_n,Puntos registrados (Instituciones),Número,Naboo,1,2026-09-04
54,departamental,Norte de Santander,,Instituciones,instituciones_incidencia_tasa_100k,Tasa de incidencia (Instituciones),Tasa x100k hab.,Calculo,0.09891196834817012,2026-09-04
54,departamental,Norte de Santander,,Instituciones,instituciones_incidencia_idx,Incidencia (Instituciones),Índice 0-100,Calculo,0.6324371309534514,2026-09-04
54,departamental,Norte de Santander,,Instituciones,instituciones_severidad_promedio,Severidad promedio cruda (Instituciones),Peso promedio,Calculo,1.0,2026-09-04
54,departamental,Norte de Santander,,Instituciones,instituciones_severidad_idx,Severidad promedio (Instituciones),Índice 0-100,Calculo,56.94444444444444,2026-09-04
54,departamental,Norte de Santander,,Instituciones,instituciones_idx,Instituciones,Índice 0-100,Calculo,28.788440787698946,2026-09-04
54,departamental,Norte de Santander,,Educación,educacion_n,Puntos registrados (Educación),Número,Naboo,3,2026-09-04
54,departamental,Norte de Santander,,Educación,educacion_incidencia_tasa_100k,Tasa de incidencia (Educación),Tasa x100k hab.,Calculo,0.2967359050445104,2026-09-04
54,departamental,Norte de Santander,,Educación,educacion_incidencia_idx,Incidencia (Educación),Índice 0-100,Calculo,1.7295932586848535,2026-09-04
54,departamental,Norte de Santander,,Educación,educacion_severidad_promedio,Severidad promedio cruda (Educación),Peso promedio,Calculo,1.0,2026-09-04
54,departamental,Norte de Santander,,Educación,educacion_severidad_idx,Severidad promedio (Educación),Índice 0-100,Calculo,47.2972972972973,2026-09-04
54,departamental,Norte de Santander,,Educación,educacion_idx,Educación,Índice 0-100,Calculo,24.513445277991075,2026-09-04
54,departamental,Norte de Santander,,Productividad (proxy),econ_proxy_n,Puntos registrados (Productividad (proxy)),Número,Naboo,2,2026-09-04
54,departamental,Norte de Santander,,Productividad (proxy),econ_proxy_incidencia_tasa_100k,Tasa de incidencia (Productividad (proxy)),Tasa x100k hab.,Calculo,0.19782393669634024,2026-09-04
54,departamental,Norte de Santander,,Productividad (proxy),econ_proxy_incidencia_idx,Incidencia (Productividad (proxy)),Índice 0-100,Calculo,0.0,2026-09-04
54,departamental,Norte de Santander,,Productividad (proxy),econ_proxy_severidad_promedio,Severidad promedio cruda (Productividad (proxy)),Peso promedio,Calculo,1.0,2026-09-04
54,departamental,Norte de Santander,,Productividad (proxy),econ_proxy_severidad_idx,Severidad promedio (Productividad (proxy)),Índice 0-100,Calculo,0.0,2026-09-04
54,departamental,Norte de Santander,,Productividad (proxy),econ_proxy_idx,Productividad (proxy),Índice 0-100,Calculo,0.0,2026-09-04
54,departamental,Norte de Santander,,Compuesto,indice_compuesto,Índice compuesto,Índice 0-100,Calculo,14.48197646076523,2026-09-04
54,departamental,Norte de Santander,,Impacto humano,3is_fallecidos,"Fallecidos (3iS, oficial)",Número,3iS-Sheets,0.0,2026-09-04
54,departamental,Norte de Santander,,Impacto humano,3is_heridos,"Heridos (3iS, oficial)",Número,3iS-Sheets,1.0,2026-09-04
54,departamental,Norte de Santander,,Impacto humano,3is_desaparecidos,"Desaparecidos (3iS, oficial)",Número,3iS-Sheets,0.0,2026-09-04
54,departamental,Norte de Santander,,Impacto humano,3is_rescatados,"Rescatados (3iS, oficial)",Número,3iS-Sheets,0.0,2026-09-04
54,departamental,Norte de Santander,,Impacto humano,3is_familias,"Familias afectadas (3iS, oficial)",Número,3iS-Sheets,82.0,2026-09-04
54,departamental,Norte de Santander,,Vivienda,3is_vivaveriadas,"Viviendas averiadas (3iS, oficial)",Número,3iS-Sheets,81.0,2026-09-04
54,departamental,Norte de Santander,,Vivienda,3is_vivdestruidas,"Viviendas destruidas (3iS, oficial)",Número,3iS-Sheets,0.0,2026-09-04
54,departamental,Norte de Santander,,Vivienda,3is_colapsos,"Colapsos (3iS, oficial)",Número,3iS-Sheets,0.0,2026-09-04
54,departamental,Norte de Santander,,Salud,3is_salud,"Puntos de salud afectados (3iS, oficial)",Número,3iS-Sheets,0.0,2026-09-04
54,departamental,Norte de Santander,,Educación,3is_educativos,"Puntos educativos afectados (3iS, oficial)",Número,3iS-Sheets,18.0,2026-09-04
54,departamental,Norte de Santander,,Instituciones,3is_comunitarios,"Puntos comunitarios afectados (3iS, oficial)",Número,3iS-Sheets,3.0,2026-09-04
54,departamental,Norte de Santander,,Infraestructura,3is_vias,"Vías afectadas (3iS, oficial)",Número,3iS-Sheets,0.0,2026-09-04
54,departamental,Norte de Santander,,Infraestructura,3is_aeropuertos,"Aeropuertos afectados (3iS, oficial)",Número,3iS-Sheets,0.0,2026-09-04
54,departamental,Norte de Santander,,Infraestructura,3is_acueductos,"Acueductos afectados (3iS, oficial)",Número,3iS-Sheets,0.0,2026-09-04
70,departamental,Sucre,,Salud,salud_n,Puntos registrados (Salud),Número,Naboo,0,2026-09-04
70,departamental,Sucre,,Salud,salud_incidencia_tasa_100k,Tasa de incidencia (Salud),Tasa x100k hab.,Calculo,0.0,2026-09-04
70,departamental,Sucre,,Salud,salud_incidencia_idx,Incidencia (Salud),Índice 0-100,Calculo,0.0,2026-09-04
70,departamental,Sucre,,Salud,salud_severidad_promedio,Severidad promedio cruda (Salud),Peso promedio,Calculo,0.0,2026-09-04
70,departamental,Sucre,,Salud,salud_severidad_idx,Severidad promedio (Salud),Índice 0-100,Calculo,0.0,2026-09-04
70,departamental,Sucre,,Salud,salud_idx,Salud,Índice 0-100,Calculo,0.0,2026-09-04
70,departamental,Sucre,,Vivienda,vivienda_n,Puntos registrados (Vivienda),Número,Naboo,2,2026-09-04
70,departamental,Sucre,,Vivienda,vivienda_incidencia_tasa_100k,Tasa de incidencia (Vivienda),Tasa x100k hab.,Calculo,0.56657223796034,2026-09-04
70,departamental,Sucre,,Vivienda,vivienda_incidencia_idx,Incidencia (Vivienda),Índice 0-100,Calculo,6.058854136555472,2026-09-04
70,departamental,Sucre,,Vivienda,vivienda_severidad_promedio,Severidad promedio cruda (Vivienda),Peso promedio,Calculo,1.0,2026-09-04
70,departamental,Sucre,,Vivienda,vivienda_severidad_idx,Severidad promedio (Vivienda),Índice 0-100,Calculo,35.042735042735046,2026-09-04
70,departamental,Sucre,,Vivienda,vivienda_idx,Vivienda,Índice 0-100,Calculo,20.55079458964526,2026-09-04
70,departamental,Sucre,,Instituciones,instituciones_n,Puntos registrados (Instituciones),Número,Naboo,1,2026-09-04
70,departamental,Sucre,,Instituciones,instituciones_incidencia_tasa_100k,Tasa de incidencia (Instituciones),Tasa x100k hab.,Calculo,0.28328611898017,2026-09-04
70,departamental,Sucre,,Instituciones,instituciones_incidencia_idx,Incidencia (Instituciones),Índice 0-100,Calculo,1.811314275903511,2026-09-04
70,departamental,Sucre,,Instituciones,instituciones_severidad_promedio,Severidad promedio cruda (Instituciones),Peso promedio,Calculo,1.0,2026-09-04
70,departamental,Sucre,,Instituciones,instituciones_severidad_idx,Severidad promedio (Instituciones),Índice 0-100,Calculo,56.94444444444444,2026-09-04
70,departamental,Sucre,,Instituciones,instituciones_idx,Instituciones,Índice 0-100,Calculo,29.377879360173978,2026-09-04
70,departamental,Sucre,,Educación,educacion_n,Puntos registrados (Educación),Número,Naboo,0,2026-09-04
70,departamental,Sucre,,Educación,educacion_incidencia_tasa_100k,Tasa de incidencia (Educación),Tasa x100k hab.,Calculo,0.0,2026-09-04
70,departamental,Sucre,,Educación,educacion_incidencia_idx,Incidencia (Educación),Índice 0-100,Calculo,0.0,2026-09-04
70,departamental,Sucre,,Educación,educacion_severidad_promedio,Severidad promedio cruda (Educación),Peso promedio,Calculo,0.0,2026-09-04
70,departamental,Sucre,,Educación,educacion_severidad_idx,Severidad promedio (Educación),Índice 0-100,Calculo,0.0,2026-09-04
70,departamental,Sucre,,Educación,educacion_idx,Educación,Índice 0-100,Calculo,0.0,2026-09-04
70,departamental,Sucre,,Productividad (proxy),econ_proxy_n,Puntos registrados (Productividad (proxy)),Número,Naboo,3,2026-09-04
70,departamental,Sucre,,Productividad (proxy),econ_proxy_incidencia_tasa_100k,Tasa de incidencia (Productividad (proxy)),Tasa x100k hab.,Calculo,0.8498583569405099,2026-09-04
70,departamental,Sucre,,Productividad (proxy),econ_proxy_incidencia_idx,Incidencia (Productividad (proxy)),Índice 0-100,Calculo,4.383935682931263,2026-09-04
70,departamental,Sucre,,Productividad (proxy),econ_proxy_severidad_promedio,Severidad promedio cruda (Productividad (proxy)),Peso promedio,Calculo,1.0,2026-09-04
70,departamental,Sucre,,Productividad (proxy),econ_proxy_severidad_idx,Severidad promedio (Productividad (proxy)),Índice 0-100,Calculo,0.0,2026-09-04
70,departamental,Sucre,,Productividad (proxy),econ_proxy_idx,Productividad (proxy),Índice 0-100,Calculo,2.1919678414656314,2026-09-04
70,departamental,Sucre,,Compuesto,indice_compuesto,Índice compuesto,Índice 0-100,Calculo,10.424128358256974,2026-09-04
70,departamental,Sucre,,Impacto humano,3is_fallecidos,"Fallecidos (3iS, oficial)",Número,3iS-Sheets,0.0,2026-09-04
70,departamental,Sucre,,Impacto humano,3is_heridos,"Heridos (3iS, oficial)",Número,3iS-Sheets,0.0,2026-09-04
70,departamental,Sucre,,Impacto humano,3is_desaparecidos,"Desaparecidos (3iS, oficial)",Número,3iS-Sheets,0.0,2026-09-04
70,departamental,Sucre,,Impacto humano,3is_rescatados,"Rescatados (3iS, oficial)",Número,3iS-Sheets,0.0,2026-09-04
70,departamental,Sucre,,Impacto humano,3is_familias,"Familias afectadas (3iS, oficial)",Número,3iS-Sheets,16.0,2026-09-04
70,departamental,Sucre,,Vivienda,3is_vivaveriadas,"Viviendas averiadas (3iS, oficial)",Número,3iS-Sheets,22.0,2026-09-04
70,departamental,Sucre,,Vivienda,3is_vivdestruidas,"Viviendas destruidas (3iS, oficial)",Número,3iS-Sheets,0.0,2026-09-04
70,departamental,Sucre,,Vivienda,3is_colapsos,"Colapsos (3iS, oficial)",Número,3iS-Sheets,0.0,2026-09-04
70,departamental,Sucre,,Salud,3is_salud,"Puntos de salud afectados (3iS, oficial)",Número,3iS-Sheets,0.0,2026-09-04
70,departamental,Sucre,,Educación,3is_educativos,"Puntos educativos afectados (3iS, oficial)",Número,3iS-Sheets,23.0,2026-09-04
70,departamental,Sucre,,Instituciones,3is_comunitarios,"Puntos comunitarios afectados (3iS, oficial)",Número,3iS-Sheets,6.0,2026-09-04
70,departamental,Sucre,,Infraestructura,3is_vias,"Vías afectadas (3iS, oficial)",Número,3iS-Sheets,3.0,2026-09-04
70,departamental,Sucre,,Infraestructura,3is_aeropuertos,"Aeropuertos afectados (3iS, oficial)",Número,3iS-Sheets,0.0,2026-09-04
70,departamental,Sucre,,Infraestructura,3is_acueductos,"Acueductos afectados (3iS, oficial)",Número,3iS-Sheets,0.0,2026-09-04
08,departamental,Atlántico,,Salud,salud_n,Puntos registrados (Salud),Número,Naboo,0,2026-09-04
08,departamental,Atlántico,,Salud,salud_incidencia_tasa_100k,Tasa de incidencia (Salud),Tasa x100k hab.,Calculo,0.0,2026-09-04
08,departamental,Atlántico,,Salud,salud_incidencia_idx,Incidencia (Salud),Índice 0-100,Calculo,0.0,2026-09-04
08,departamental,Atlántico,,Salud,salud_severidad_promedio,Severidad promedio cruda (Salud),Peso promedio,Calculo,0.0,2026-09-04
08,departamental,Atlántico,,Salud,salud_severidad_idx,Severidad promedio (Salud),Índice 0-100,Calculo,0.0,2026-09-04
08,departamental,Atlántico,,Salud,salud_idx,Salud,Índice 0-100,Calculo,0.0,2026-09-04
08,departamental,Atlántico,,Vivienda,vivienda_n,Puntos registrados (Vivienda),Número,Naboo,0,2026-09-04
08,departamental,Atlántico,,Vivienda,vivienda_incidencia_tasa_100k,Tasa de incidencia (Vivienda),Tasa x100k hab.,Calculo,0.0,2026-09-04
08,departamental,Atlántico,,Vivienda,vivienda_incidencia_idx,Incidencia (Vivienda),Índice 0-100,Calculo,0.0,2026-09-04
08,departamental,Atlántico,,Vivienda,vivienda_severidad_promedio,Severidad promedio cruda (Vivienda),Peso promedio,Calculo,0.0,2026-09-04
08,departamental,Atlántico,,Vivienda,vivienda_severidad_idx,Severidad promedio (Vivienda),Índice 0-100,Calculo,0.0,2026-09-04
08,departamental,Atlántico,,Vivienda,vivienda_idx,Vivienda,Índice 0-100,Calculo,0.0,2026-09-04
08,departamental,Atlántico,,Instituciones,instituciones_n,Puntos registrados (Instituciones),Número,Naboo,8,2026-09-04
08,departamental,Atlántico,,Instituciones,instituciones_incidencia_tasa_100k,Tasa de incidencia (Instituciones),Tasa x100k hab.,Calculo,0.6153846153846154,2026-09-04
08,departamental,Atlántico,,Instituciones,instituciones_incidencia_idx,Incidencia (Instituciones),Índice 0-100,Calculo,3.9347319347319347,2026-09-04
08,departamental,Atlántico,,Instituciones,instituciones_severidad_promedio,Severidad promedio cruda (Instituciones),Peso promedio,Calculo,1.0,2026-09-04
08,departamental,Atlántico,,Instituciones,instituciones_severidad_idx,Severidad promedio (Instituciones),Índice 0-100,Calculo,56.94444444444444,2026-09-04
08,departamental,Atlántico,,Instituciones,instituciones_idx,Instituciones,Índice 0-100,Calculo,30.43958818958819,2026-09-04
08,departamental,Atlántico,,Educación,educacion_n,Puntos registrados (Educación),Número,Naboo,0,2026-09-04
08,departamental,Atlántico,,Educación,educacion_incidencia_tasa_100k,Tasa de incidencia (Educación),Tasa x100k hab.,Calculo,0.0,2026-09-04
08,departamental,Atlántico,,Educación,educacion_incidencia_idx,Incidencia (Educación),Índice 0-100,Calculo,0.0,2026-09-04
08,departamental,Atlántico,,Educación,educacion_severidad_promedio,Severidad promedio cruda (Educación),Peso promedio,Calculo,0.0,2026-09-04
08,departamental,Atlántico,,Educación,educacion_severidad_idx,Severidad promedio (Educación),Índice 0-100,Calculo,0.0,2026-09-04
08,departamental,Atlántico,,Educación,educacion_idx,Educación,Índice 0-100,Calculo,0.0,2026-09-04
08,departamental,Atlántico,,Productividad (proxy),econ_proxy_n,Puntos registrados (Productividad (proxy)),Número,Naboo,15,2026-09-04
08,departamental,Atlántico,,Productividad (proxy),econ_proxy_incidencia_tasa_100k,Tasa de incidencia (Productividad (proxy)),Tasa x100k hab.,Calculo,1.1538461538461537,2026-09-04
08,departamental,Atlántico,,Productividad (proxy),econ_proxy_incidencia_idx,Incidencia (Productividad (proxy)),Índice 0-100,Calculo,6.427789364047157,2026-09-04
08,departamental,Atlántico,,Productividad (proxy),econ_proxy_severidad_promedio,Severidad promedio cruda (Productividad (proxy)),Peso promedio,Calculo,1.0,2026-09-04
08,departamental,Atlántico,,Productividad (proxy),econ_proxy_severidad_idx,Severidad promedio (Productividad (proxy)),Índice 0-100,Calculo,0.0,2026-09-04
08,departamental,Atlántico,,Productividad (proxy),econ_proxy_idx,Productividad (proxy),Índice 0-100,Calculo,3.2138946820235783,2026-09-04
08,departamental,Atlántico,,Compuesto,indice_compuesto,Índice compuesto,Índice 0-100,Calculo,6.730696574322353,2026-09-04
13,departamental,Bolívar,,Salud,salud_n,Puntos registrados (Salud),Número,Naboo,0,2026-09-04
13,departamental,Bolívar,,Salud,salud_incidencia_tasa_100k,Tasa de incidencia (Salud),Tasa x100k hab.,Calculo,0.0,2026-09-04
13,departamental,Bolívar,,Salud,salud_incidencia_idx,Incidencia (Salud),Índice 0-100,Calculo,0.0,2026-09-04
13,departamental,Bolívar,,Salud,salud_severidad_promedio,Severidad promedio cruda (Salud),Peso promedio,Calculo,0.0,2026-09-04
13,departamental,Bolívar,,Salud,salud_severidad_idx,Severidad promedio (Salud),Índice 0-100,Calculo,0.0,2026-09-04
13,departamental,Bolívar,,Salud,salud_idx,Salud,Índice 0-100,Calculo,0.0,2026-09-04
13,departamental,Bolívar,,Vivienda,vivienda_n,Puntos registrados (Vivienda),Número,Naboo,0,2026-09-04
13,departamental,Bolívar,,Vivienda,vivienda_incidencia_tasa_100k,Tasa de incidencia (Vivienda),Tasa x100k hab.,Calculo,0.0,2026-09-04
13,departamental,Bolívar,,Vivienda,vivienda_incidencia_idx,Incidencia (Vivienda),Índice 0-100,Calculo,0.0,2026-09-04
13,departamental,Bolívar,,Vivienda,vivienda_severidad_promedio,Severidad promedio cruda (Vivienda),Peso promedio,Calculo,0.0,2026-09-04
13,departamental,Bolívar,,Vivienda,vivienda_severidad_idx,Severidad promedio (Vivienda),Índice 0-100,Calculo,0.0,2026-09-04
13,departamental,Bolívar,,Vivienda,vivienda_idx,Vivienda,Índice 0-100,Calculo,0.0,2026-09-04
13,departamental,Bolívar,,Instituciones,instituciones_n,Puntos registrados (Instituciones),Número,Naboo,5,2026-09-04
13,departamental,Bolívar,,Instituciones,instituciones_incidencia_tasa_100k,Tasa de incidencia (Instituciones),Tasa x100k hab.,Calculo,0.4314063848144953,2026-09-04
13,departamental,Bolívar,,Instituciones,instituciones_incidencia_idx,Incidencia (Instituciones),Índice 0-100,Calculo,2.7583862786623787,2026-09-04
13,departamental,Bolívar,,Instituciones,instituciones_severidad_promedio,Severidad promedio cruda (Instituciones),Peso promedio,Calculo,1.0,2026-09-04
13,departamental,Bolívar,,Instituciones,instituciones_severidad_idx,Severidad promedio (Instituciones),Índice 0-100,Calculo,56.94444444444444,2026-09-04
13,departamental,Bolívar,,Instituciones,instituciones_idx,Instituciones,Índice 0-100,Calculo,29.85141536155341,2026-09-04
13,departamental,Bolívar,,Educación,educacion_n,Puntos registrados (Educación),Número,Naboo,0,2026-09-04
13,departamental,Bolívar,,Educación,educacion_incidencia_tasa_100k,Tasa de incidencia (Educación),Tasa x100k hab.,Calculo,0.0,2026-09-04
13,departamental,Bolívar,,Educación,educacion_incidencia_idx,Incidencia (Educación),Índice 0-100,Calculo,0.0,2026-09-04
13,departamental,Bolívar,,Educación,educacion_severidad_promedio,Severidad promedio cruda (Educación),Peso promedio,Calculo,0.0,2026-09-04
13,departamental,Bolívar,,Educación,educacion_severidad_idx,Severidad promedio (Educación),Índice 0-100,Calculo,0.0,2026-09-04
13,departamental,Bolívar,,Educación,educacion_idx,Educación,Índice 0-100,Calculo,0.0,2026-09-04
13,departamental,Bolívar,,Productividad (proxy),econ_proxy_n,Puntos registrados (Productividad (proxy)),Número,Naboo,14,2026-09-04
13,departamental,Bolívar,,Productividad (proxy),econ_proxy_incidencia_tasa_100k,Tasa de incidencia (Productividad (proxy)),Tasa x100k hab.,Calculo,1.2079378774805867,2026-09-04
13,departamental,Bolívar,,Productividad (proxy),econ_proxy_incidencia_idx,Incidencia (Productividad (proxy)),Índice 0-100,Calculo,6.791473596090378,2026-09-04
13,departamental,Bolívar,,Productividad (proxy),econ_proxy_severidad_promedio,Severidad promedio cruda (Productividad (proxy)),Peso promedio,Calculo,1.0,2026-09-04
13,departamental,Bolívar,,Productividad (proxy),econ_proxy_severidad_idx,Severidad promedio (Productividad (proxy)),Índice 0-100,Calculo,0.0,2026-09-04
13,departamental,Bolívar,,Productividad (proxy),econ_proxy_idx,Productividad (proxy),Índice 0-100,Calculo,3.395736798045189,2026-09-04
13,departamental,Bolívar,,Compuesto,indice_compuesto,Índice compuesto,Índice 0-100,Calculo,6.64943043191972,2026-09-04
13,departamental,Bolívar,,Impacto humano,3is_fallecidos,"Fallecidos (3iS, oficial)",Número,3iS-Sheets,0.0,2026-09-04
13,departamental,Bolívar,,Impacto humano,3is_heridos,"Heridos (3iS, oficial)",Número,3iS-Sheets,0.0,2026-09-04
13,departamental,Bolívar,,Impacto humano,3is_desaparecidos,"Desaparecidos (3iS, oficial)",Número,3iS-Sheets,0.0,2026-09-04
13,departamental,Bolívar,,Impacto humano,3is_rescatados,"Rescatados (3iS, oficial)",Número,3iS-Sheets,0.0,2026-09-04
13,departamental,Bolívar,,Impacto humano,3is_familias,"Familias afectadas (3iS, oficial)",Número,3iS-Sheets,11.0,2026-09-04
13,departamental,Bolívar,,Vivienda,3is_vivaveriadas,"Viviendas averiadas (3iS, oficial)",Número,3iS-Sheets,15.0,2026-09-04
13,departamental,Bolívar,,Vivienda,3is_vivdestruidas,"Viviendas destruidas (3iS, oficial)",Número,3iS-Sheets,0.0,2026-09-04
13,departamental,Bolívar,,Vivienda,3is_colapsos,"Colapsos (3iS, oficial)",Número,3iS-Sheets,0.0,2026-09-04
13,departamental,Bolívar,,Salud,3is_salud,"Puntos de salud afectados (3iS, oficial)",Número,3iS-Sheets,2.0,2026-09-04
13,departamental,Bolívar,,Educación,3is_educativos,"Puntos educativos afectados (3iS, oficial)",Número,3iS-Sheets,8.0,2026-09-04
13,departamental,Bolívar,,Instituciones,3is_comunitarios,"Puntos comunitarios afectados (3iS, oficial)",Número,3iS-Sheets,2.0,2026-09-04
13,departamental,Bolívar,,Infraestructura,3is_vias,"Vías afectadas (3iS, oficial)",Número,3iS-Sheets,1.0,2026-09-04
13,departamental,Bolívar,,Infraestructura,3is_aeropuertos,"Aeropuertos afectados (3iS, oficial)",Número,3iS-Sheets,0.0,2026-09-04
13,departamental,Bolívar,,Infraestructura,3is_acueductos,"Acueductos afectados (3iS, oficial)",Número,3iS-Sheets,1.0,2026-09-04
11,departamental,Bogotá D.C.,,Salud,salud_n,Puntos registrados (Salud),Número,Naboo,0,2026-09-04
11,departamental,Bogotá D.C.,,Salud,salud_incidencia_tasa_100k,Tasa de incidencia (Salud),Tasa x100k hab.,Calculo,0.0,2026-09-04
11,departamental,Bogotá D.C.,,Salud,salud_incidencia_idx,Incidencia (Salud),Índice 0-100,Calculo,0.0,2026-09-04
11,departamental,Bogotá D.C.,,Salud,salud_severidad_promedio,Severidad promedio cruda (Salud),Peso promedio,Calculo,0.0,2026-09-04
11,departamental,Bogotá D.C.,,Salud,salud_severidad_idx,Severidad promedio (Salud),Índice 0-100,Calculo,0.0,2026-09-04
11,departamental,Bogotá D.C.,,Salud,salud_idx,Salud,Índice 0-100,Calculo,0.0,2026-09-04
11,departamental,Bogotá D.C.,,Vivienda,vivienda_n,Puntos registrados (Vivienda),Número,Naboo,0,2026-09-04
11,departamental,Bogotá D.C.,,Vivienda,vivienda_incidencia_tasa_100k,Tasa de incidencia (Vivienda),Tasa x100k hab.,Calculo,0.0,2026-09-04
11,departamental,Bogotá D.C.,,Vivienda,vivienda_incidencia_idx,Incidencia (Vivienda),Índice 0-100,Calculo,0.0,2026-09-04
11,departamental,Bogotá D.C.,,Vivienda,vivienda_severidad_promedio,Severidad promedio cruda (Vivienda),Peso promedio,Calculo,0.0,2026-09-04
11,departamental,Bogotá D.C.,,Vivienda,vivienda_severidad_idx,Severidad promedio (Vivienda),Índice 0-100,Calculo,0.0,2026-09-04
11,departamental,Bogotá D.C.,,Vivienda,vivienda_idx,Vivienda,Índice 0-100,Calculo,0.0,2026-09-04
11,departamental,Bogotá D.C.,,Instituciones,instituciones_n,Puntos registrados (Instituciones),Número,Naboo,30,2026-09-04
11,departamental,Bogotá D.C.,,Instituciones,instituciones_incidencia_tasa_100k,Tasa de incidencia (Instituciones),Tasa x100k hab.,Calculo,0.379746835443038,2026-09-04
11,departamental,Bogotá D.C.,,Instituciones,instituciones_incidencia_idx,Incidencia (Instituciones),Índice 0-100,Calculo,2.428078250863061,2026-09-04
11,departamental,Bogotá D.C.,,Instituciones,instituciones_severidad_promedio,Severidad promedio cruda (Instituciones),Peso promedio,Calculo,1.0,2026-09-04
11,departamental,Bogotá D.C.,,Instituciones,instituciones_severidad_idx,Severidad promedio (Instituciones),Índice 0-100,Calculo,56.94444444444444,2026-09-04
11,departamental,Bogotá D.C.,,Instituciones,instituciones_idx,Instituciones,Índice 0-100,Calculo,29.68626134765375,2026-09-04
11,departamental,Bogotá D.C.,,Educación,educacion_n,Puntos registrados (Educación),Número,Naboo,0,2026-09-04
11,departamental,Bogotá D.C.,,Educación,educacion_incidencia_tasa_100k,Tasa de incidencia (Educación),Tasa x100k hab.,Calculo,0.0,2026-09-04
11,departamental,Bogotá D.C.,,Educación,educacion_incidencia_idx,Incidencia (Educación),Índice 0-100,Calculo,0.0,2026-09-04
11,departamental,Bogotá D.C.,,Educación,educacion_severidad_promedio,Severidad promedio cruda (Educación),Peso promedio,Calculo,0.0,2026-09-04
11,departamental,Bogotá D.C.,,Educación,educacion_severidad_idx,Severidad promedio (Educación),Índice 0-100,Calculo,0.0,2026-09-04
11,departamental,Bogotá D.C.,,Educación,educacion_idx,Educación,Índice 0-100,Calculo,0.0,2026-09-04
11,departamental,Bogotá D.C.,,Productividad (proxy),econ_proxy_n,Puntos registrados (Productividad (proxy)),Número,Naboo,96,2026-09-04
11,departamental,Bogotá D.C.,,Productividad (proxy),econ_proxy_incidencia_tasa_100k,Tasa de incidencia (Productividad (proxy)),Tasa x100k hab.,Calculo,1.2151898734177216,2026-09-04
11,departamental,Bogotá D.C.,,Productividad (proxy),econ_proxy_incidencia_idx,Incidencia (Productividad (proxy)),Índice 0-100,Calculo,6.840232193449965,2026-09-04
11,departamental,Bogotá D.C.,,Productividad (proxy),econ_proxy_severidad_promedio,Severidad promedio cruda (Productividad (proxy)),Peso promedio,Calculo,1.0,2026-09-04
11,departamental,Bogotá D.C.,,Productividad (proxy),econ_proxy_severidad_idx,Severidad promedio (Productividad (proxy)),Índice 0-100,Calculo,0.0,2026-09-04
11,departamental,Bogotá D.C.,,Productividad (proxy),econ_proxy_idx,Productividad (proxy),Índice 0-100,Calculo,3.4201160967249824,2026-09-04
11,departamental,Bogotá D.C.,,Compuesto,indice_compuesto,Índice compuesto,Índice 0-100,Calculo,6.621275488875748,2026-09-04
44,departamental,La Guajira,,Salud,salud_n,Puntos registrados (Salud),Número,Naboo,0,2026-09-04
44,departamental,La Guajira,,Salud,salud_incidencia_tasa_100k,Tasa de incidencia (Salud),Tasa x100k hab.,Calculo,0.0,2026-09-04
44,departamental,La Guajira,,Salud,salud_incidencia_idx,Incidencia (Salud),Índice 0-100,Calculo,0.0,2026-09-04
44,departamental,La Guajira,,Salud,salud_severidad_promedio,Severidad promedio cruda (Salud),Peso promedio,Calculo,0.0,2026-09-04
44,departamental,La Guajira,,Salud,salud_severidad_idx,Severidad promedio (Salud),Índice 0-100,Calculo,0.0,2026-09-04
44,departamental,La Guajira,,Salud,salud_idx,Salud,Índice 0-100,Calculo,0.0,2026-09-04
44,departamental,La Guajira,,Vivienda,vivienda_n,Puntos registrados (Vivienda),Número,Naboo,0,2026-09-04
44,departamental,La Guajira,,Vivienda,vivienda_incidencia_tasa_100k,Tasa de incidencia (Vivienda),Tasa x100k hab.,Calculo,0.0,2026-09-04
44,departamental,La Guajira,,Vivienda,vivienda_incidencia_idx,Incidencia (Vivienda),Índice 0-100,Calculo,0.0,2026-09-04
44,departamental,La Guajira,,Vivienda,vivienda_severidad_promedio,Severidad promedio cruda (Vivienda),Peso promedio,Calculo,0.0,2026-09-04
44,departamental,La Guajira,,Vivienda,vivienda_severidad_idx,Severidad promedio (Vivienda),Índice 0-100,Calculo,0.0,2026-09-04
44,departamental,La Guajira,,Vivienda,vivienda_idx,Vivienda,Índice 0-100,Calculo,0.0,2026-09-04
44,departamental,La Guajira,,Instituciones,instituciones_n,Puntos registrados (Instituciones),Número,Naboo,1,2026-09-04
44,departamental,La Guajira,,Instituciones,instituciones_incidencia_tasa_100k,Tasa de incidencia (Instituciones),Tasa x100k hab.,Calculo,0.4716981132075472,2026-09-04
44,departamental,La Guajira,,Instituciones,instituciones_incidencia_idx,Incidencia (Instituciones),Índice 0-100,Calculo,3.0160091480846196,2026-09-04
44,departamental,La Guajira,,Instituciones,instituciones_severidad_promedio,Severidad promedio cruda (Instituciones),Peso promedio,Calculo,1.0,2026-09-04
44,departamental,La Guajira,,Instituciones,instituciones_severidad_idx,Severidad promedio (Instituciones),Índice 0-100,Calculo,56.94444444444444,2026-09-04
44,departamental,La Guajira,,Instituciones,instituciones_idx,Instituciones,Índice 0-100,Calculo,29.98022679626453,2026-09-04
44,departamental,La Guajira,,Educación,educacion_n,Puntos registrados (Educación),Número,Naboo,0,2026-09-04
44,departamental,La Guajira,,Educación,educacion_incidencia_tasa_100k,Tasa de incidencia (Educación),Tasa x100k hab.,Calculo,0.0,2026-09-04
44,departamental,La Guajira,,Educación,educacion_incidencia_idx,Incidencia (Educación),Índice 0-100,Calculo,0.0,2026-09-04
44,departamental,La Guajira,,Educación,educacion_severidad_promedio,Severidad promedio cruda (Educación),Peso promedio,Calculo,0.0,2026-09-04
44,departamental,La Guajira,,Educación,educacion_severidad_idx,Severidad promedio (Educación),Índice 0-100,Calculo,0.0,2026-09-04
44,departamental,La Guajira,,Educación,educacion_idx,Educación,Índice 0-100,Calculo,0.0,2026-09-04
44,departamental,La Guajira,,Productividad (proxy),econ_proxy_n,Puntos registrados (Productividad (proxy)),Número,Naboo,2,2026-09-04
44,departamental,La Guajira,,Productividad (proxy),econ_proxy_incidencia_tasa_100k,Tasa de incidencia (Productividad (proxy)),Tasa x100k hab.,Calculo,0.9433962264150944,2026-09-04
44,departamental,La Guajira,,Productividad (proxy),econ_proxy_incidencia_idx,Incidencia (Productividad (proxy)),Índice 0-100,Calculo,5.01283500321782,2026-09-04
44,departamental,La Guajira,,Productividad (proxy),econ_proxy_severidad_promedio,Severidad promedio cruda (Productividad (proxy)),Peso promedio,Calculo,1.0,2026-09-04
44,departamental,La Guajira,,Productividad (proxy),econ_proxy_severidad_idx,Severidad promedio (Productividad (proxy)),Índice 0-100,Calculo,0.0,2026-09-04
44,departamental,La Guajira,,Productividad (proxy),econ_proxy_idx,Productividad (proxy),Índice 0-100,Calculo,2.50641750160891,2026-09-04
44,departamental,La Guajira,,Compuesto,indice_compuesto,Índice compuesto,Índice 0-100,Calculo,6.497328859574688,2026-09-04
20,departamental,Cesar,,Salud,salud_n,Puntos registrados (Salud),Número,Naboo,0,2026-09-04
20,departamental,Cesar,,Salud,salud_incidencia_tasa_100k,Tasa de incidencia (Salud),Tasa x100k hab.,Calculo,0.0,2026-09-04
20,departamental,Cesar,,Salud,salud_incidencia_idx,Incidencia (Salud),Índice 0-100,Calculo,0.0,2026-09-04
20,departamental,Cesar,,Salud,salud_severidad_promedio,Severidad promedio cruda (Salud),Peso promedio,Calculo,0.0,2026-09-04
20,departamental,Cesar,,Salud,salud_severidad_idx,Severidad promedio (Salud),Índice 0-100,Calculo,0.0,2026-09-04
20,departamental,Cesar,,Salud,salud_idx,Salud,Índice 0-100,Calculo,0.0,2026-09-04
20,departamental,Cesar,,Vivienda,vivienda_n,Puntos registrados (Vivienda),Número,Naboo,0,2026-09-04
20,departamental,Cesar,,Vivienda,vivienda_incidencia_tasa_100k,Tasa de incidencia (Vivienda),Tasa x100k hab.,Calculo,0.0,2026-09-04
20,departamental,Cesar,,Vivienda,vivienda_incidencia_idx,Incidencia (Vivienda),Índice 0-100,Calculo,0.0,2026-09-04
20,departamental,Cesar,,Vivienda,vivienda_severidad_promedio,Severidad promedio cruda (Vivienda),Peso promedio,Calculo,0.0,2026-09-04
20,departamental,Cesar,,Vivienda,vivienda_severidad_idx,Severidad promedio (Vivienda),Índice 0-100,Calculo,0.0,2026-09-04
20,departamental,Cesar,,Vivienda,vivienda_idx,Vivienda,Índice 0-100,Calculo,0.0,2026-09-04
20,departamental,Cesar,,Instituciones,instituciones_n,Puntos registrados (Instituciones),Número,Naboo,1,2026-09-04
20,departamental,Cesar,,Instituciones,instituciones_incidencia_tasa_100k,Tasa de incidencia (Instituciones),Tasa x100k hab.,Calculo,0.13831258644536654,2026-09-04
20,departamental,Cesar,,Instituciones,instituciones_incidencia_idx,Incidencia (Instituciones),Índice 0-100,Calculo,0.884362295150677,2026-09-04
20,departamental,Cesar,,Instituciones,instituciones_severidad_promedio,Severidad promedio cruda (Instituciones),Peso promedio,Calculo,1.0,2026-09-04
20,departamental,Cesar,,Instituciones,instituciones_severidad_idx,Severidad promedio (Instituciones),Índice 0-100,Calculo,56.94444444444444,2026-09-04
20,departamental,Cesar,,Instituciones,instituciones_idx,Instituciones,Índice 0-100,Calculo,28.91440336979756,2026-09-04
20,departamental,Cesar,,Educación,educacion_n,Puntos registrados (Educación),Número,Naboo,0,2026-09-04
20,departamental,Cesar,,Educación,educacion_incidencia_tasa_100k,Tasa de incidencia (Educación),Tasa x100k hab.,Calculo,0.0,2026-09-04
20,departamental,Cesar,,Educación,educacion_incidencia_idx,Incidencia (Educación),Índice 0-100,Calculo,0.0,2026-09-04
20,departamental,Cesar,,Educación,educacion_severidad_promedio,Severidad promedio cruda (Educación),Peso promedio,Calculo,0.0,2026-09-04
20,departamental,Cesar,,Educación,educacion_severidad_idx,Severidad promedio (Educación),Índice 0-100,Calculo,0.0,2026-09-04
20,departamental,Cesar,,Educación,educacion_idx,Educación,Índice 0-100,Calculo,0.0,2026-09-04
20,departamental,Cesar,,Productividad (proxy),econ_proxy_n,Puntos registrados (Productividad (proxy)),Número,Naboo,7,2026-09-04
20,departamental,Cesar,,Productividad (proxy),econ_proxy_incidencia_tasa_100k,Tasa de incidencia (Productividad (proxy)),Tasa x100k hab.,Calculo,0.9681881051175656,2026-09-04
20,departamental,Cesar,,Productividad (proxy),econ_proxy_incidencia_idx,Incidencia (Productividad (proxy)),Índice 0-100,Calculo,5.179522525097367,2026-09-04
20,departamental,Cesar,,Productividad (proxy),econ_proxy_severidad_promedio,Severidad promedio cruda (Productividad (proxy)),Peso promedio,Calculo,1.0,2026-09-04
20,departamental,Cesar,,Productividad (proxy),econ_proxy_severidad_idx,Severidad promedio (Productividad (proxy)),Índice 0-100,Calculo,0.0,2026-09-04
20,departamental,Cesar,,Productividad (proxy),econ_proxy_idx,Productividad (proxy),Índice 0-100,Calculo,2.5897612625486834,2026-09-04
20,departamental,Cesar,,Compuesto,indice_compuesto,Índice compuesto,Índice 0-100,Calculo,6.3008329264692495,2026-09-04
50,departamental,Meta,,Salud,salud_n,Puntos registrados (Salud),Número,Naboo,0,2026-09-04
50,departamental,Meta,,Salud,salud_incidencia_tasa_100k,Tasa de incidencia (Salud),Tasa x100k hab.,Calculo,0.0,2026-09-04
50,departamental,Meta,,Salud,salud_incidencia_idx,Incidencia (Salud),Índice 0-100,Calculo,0.0,2026-09-04
50,departamental,Meta,,Salud,salud_severidad_promedio,Severidad promedio cruda (Salud),Peso promedio,Calculo,0.0,2026-09-04
50,departamental,Meta,,Salud,salud_severidad_idx,Severidad promedio (Salud),Índice 0-100,Calculo,0.0,2026-09-04
50,departamental,Meta,,Salud,salud_idx,Salud,Índice 0-100,Calculo,0.0,2026-09-04
50,departamental,Meta,,Vivienda,vivienda_n,Puntos registrados (Vivienda),Número,Naboo,0,2026-09-04
50,departamental,Meta,,Vivienda,vivienda_incidencia_tasa_100k,Tasa de incidencia (Vivienda),Tasa x100k hab.,Calculo,0.0,2026-09-04
50,departamental,Meta,,Vivienda,vivienda_incidencia_idx,Incidencia (Vivienda),Índice 0-100,Calculo,0.0,2026-09-04
50,departamental,Meta,,Vivienda,vivienda_severidad_promedio,Severidad promedio cruda (Vivienda),Peso promedio,Calculo,0.0,2026-09-04
50,departamental,Meta,,Vivienda,vivienda_severidad_idx,Severidad promedio (Vivienda),Índice 0-100,Calculo,0.0,2026-09-04
50,departamental,Meta,,Vivienda,vivienda_idx,Vivienda,Índice 0-100,Calculo,0.0,2026-09-04
50,departamental,Meta,,Instituciones,instituciones_n,Puntos registrados (Instituciones),Número,Naboo,1,2026-09-04
50,departamental,Meta,,Instituciones,instituciones_incidencia_tasa_100k,Tasa de incidencia (Instituciones),Tasa x100k hab.,Calculo,0.12987012987012986,2026-09-04
50,departamental,Meta,,Instituciones,instituciones_incidencia_idx,Incidencia (Instituciones),Índice 0-100,Calculo,0.8303817394726484,2026-09-04
50,departamental,Meta,,Instituciones,instituciones_severidad_promedio,Severidad promedio cruda (Instituciones),Peso promedio,Calculo,1.0,2026-09-04
50,departamental,Meta,,Instituciones,instituciones_severidad_idx,Severidad promedio (Instituciones),Índice 0-100,Calculo,56.94444444444444,2026-09-04
50,departamental,Meta,,Instituciones,instituciones_idx,Instituciones,Índice 0-100,Calculo,28.887413091958546,2026-09-04
50,departamental,Meta,,Educación,educacion_n,Puntos registrados (Educación),Número,Naboo,0,2026-09-04
50,departamental,Meta,,Educación,educacion_incidencia_tasa_100k,Tasa de incidencia (Educación),Tasa x100k hab.,Calculo,0.0,2026-09-04
50,departamental,Meta,,Educación,educacion_incidencia_idx,Incidencia (Educación),Índice 0-100,Calculo,0.0,2026-09-04
50,departamental,Meta,,Educación,educacion_severidad_promedio,Severidad promedio cruda (Educación),Peso promedio,Calculo,0.0,2026-09-04
50,departamental,Meta,,Educación,educacion_severidad_idx,Severidad promedio (Educación),Índice 0-100,Calculo,0.0,2026-09-04
50,departamental,Meta,,Educación,educacion_idx,Educación,Índice 0-100,Calculo,0.0,2026-09-04
50,departamental,Meta,,Productividad (proxy),econ_proxy_n,Puntos registrados (Productividad (proxy)),Número,Naboo,6,2026-09-04
50,departamental,Meta,,Productividad (proxy),econ_proxy_incidencia_tasa_100k,Tasa de incidencia (Productividad (proxy)),Tasa x100k hab.,Calculo,0.7792207792207791,2026-09-04
50,departamental,Meta,,Productividad (proxy),econ_proxy_incidencia_idx,Incidencia (Productividad (proxy)),Índice 0-100,Calculo,3.909005851151225,2026-09-04
50,departamental,Meta,,Productividad (proxy),econ_proxy_severidad_promedio,Severidad promedio cruda (Productividad (proxy)),Peso promedio,Calculo,1.0,2026-09-04
50,departamental,Meta,,Productividad (proxy),econ_proxy_severidad_idx,Severidad promedio (Productividad (proxy)),Índice 0-100,Calculo,0.0,2026-09-04
50,departamental,Meta,,Productividad (proxy),econ_proxy_idx,Productividad (proxy),Índice 0-100,Calculo,1.9545029255756126,2026-09-04
50,departamental,Meta,,Compuesto,indice_compuesto,Índice compuesto,Índice 0-100,Calculo,6.168383203506832,2026-09-04
23,departamental,Córdoba,,Salud,salud_n,Puntos registrados (Salud),Número,Naboo,0,2026-09-04
23,departamental,Córdoba,,Salud,salud_incidencia_tasa_100k,Tasa de incidencia (Salud),Tasa x100k hab.,Calculo,0.0,2026-09-04
23,departamental,Córdoba,,Salud,salud_incidencia_idx,Incidencia (Salud),Índice 0-100,Calculo,0.0,2026-09-04
23,departamental,Córdoba,,Salud,salud_severidad_promedio,Severidad promedio cruda (Salud),Peso promedio,Calculo,0.0,2026-09-04
23,departamental,Córdoba,,Salud,salud_severidad_idx,Severidad promedio (Salud),Índice 0-100,Calculo,0.0,2026-09-04
23,departamental,Córdoba,,Salud,salud_idx,Salud,Índice 0-100,Calculo,0.0,2026-09-04
23,departamental,Córdoba,,Vivienda,vivienda_n,Puntos registrados (Vivienda),Número,Naboo,0,2026-09-04
23,departamental,Córdoba,,Vivienda,vivienda_incidencia_tasa_100k,Tasa de incidencia (Vivienda),Tasa x100k hab.,Calculo,0.0,2026-09-04
23,departamental,Córdoba,,Vivienda,vivienda_incidencia_idx,Incidencia (Vivienda),Índice 0-100,Calculo,0.0,2026-09-04
23,departamental,Córdoba,,Vivienda,vivienda_severidad_promedio,Severidad promedio cruda (Vivienda),Peso promedio,Calculo,0.0,2026-09-04
23,departamental,Córdoba,,Vivienda,vivienda_severidad_idx,Severidad promedio (Vivienda),Índice 0-100,Calculo,0.0,2026-09-04
23,departamental,Córdoba,,Vivienda,vivienda_idx,Vivienda,Índice 0-100,Calculo,0.0,2026-09-04
23,departamental,Córdoba,,Instituciones,instituciones_n,Puntos registrados (Instituciones),Número,Naboo,1,2026-09-04
23,departamental,Córdoba,,Instituciones,instituciones_incidencia_tasa_100k,Tasa de incidencia (Instituciones),Tasa x100k hab.,Calculo,0.17094017094017094,2026-09-04
23,departamental,Córdoba,,Instituciones,instituciones_incidencia_idx,Incidencia (Instituciones),Índice 0-100,Calculo,1.092981092981093,2026-09-04
23,departamental,Córdoba,,Instituciones,instituciones_severidad_promedio,Severidad promedio cruda (Instituciones),Peso promedio,Calculo,1.0,2026-09-04
23,departamental,Córdoba,,Instituciones,instituciones_severidad_idx,Severidad promedio (Instituciones),Índice 0-100,Calculo,56.94444444444444,2026-09-04
23,departamental,Córdoba,,Instituciones,instituciones_idx,Instituciones,Índice 0-100,Calculo,29.018712768712767,2026-09-04
23,departamental,Córdoba,,Educación,educacion_n,Puntos registrados (Educación),Número,Naboo,0,2026-09-04
23,departamental,Córdoba,,Educación,educacion_incidencia_tasa_100k,Tasa de incidencia (Educación),Tasa x100k hab.,Calculo,0.0,2026-09-04
23,departamental,Córdoba,,Educación,educacion_incidencia_idx,Incidencia (Educación),Índice 0-100,Calculo,0.0,2026-09-04
23,departamental,Córdoba,,Educación,educacion_severidad_promedio,Severidad promedio cruda (Educación),Peso promedio,Calculo,0.0,2026-09-04
23,departamental,Córdoba,,Educación,educacion_severidad_idx,Severidad promedio (Educación),Índice 0-100,Calculo,0.0,2026-09-04
23,departamental,Córdoba,,Educación,educacion_idx,Educación,Índice 0-100,Calculo,0.0,2026-09-04
23,departamental,Córdoba,,Productividad (proxy),econ_proxy_n,Puntos registrados (Productividad (proxy)),Número,Naboo,3,2026-09-04
23,departamental,Córdoba,,Productividad (proxy),econ_proxy_incidencia_tasa_100k,Tasa de incidencia (Productividad (proxy)),Tasa x100k hab.,Calculo,0.5128205128205128,2026-09-04
23,departamental,Córdoba,,Productividad (proxy),econ_proxy_incidencia_idx,Incidencia (Productividad (proxy)),Índice 0-100,Calculo,2.1178709086474514,2026-09-04
23,departamental,Córdoba,,Productividad (proxy),econ_proxy_severidad_promedio,Severidad promedio cruda (Productividad (proxy)),Peso promedio,Calculo,1.0,2026-09-04
23,departamental,Córdoba,,Productividad (proxy),econ_proxy_severidad_idx,Severidad promedio (Productividad (proxy)),Índice 0-100,Calculo,0.0,2026-09-04
23,departamental,Córdoba,,Productividad (proxy),econ_proxy_idx,Productividad (proxy),Índice 0-100,Calculo,1.0589354543237257,2026-09-04
23,departamental,Córdoba,,Compuesto,indice_compuesto,Índice compuesto,Índice 0-100,Calculo,6.015529644607299,2026-09-04
86,departamental,Putumayo,,Salud,salud_n,Puntos registrados (Salud),Número,Naboo,0,2026-09-04
86,departamental,Putumayo,,Salud,salud_incidencia_tasa_100k,Tasa de incidencia (Salud),Tasa x100k hab.,Calculo,0.0,2026-09-04
86,departamental,Putumayo,,Salud,salud_incidencia_idx,Incidencia (Salud),Índice 0-100,Calculo,0.0,2026-09-04
86,departamental,Putumayo,,Salud,salud_severidad_promedio,Severidad promedio cruda (Salud),Peso promedio,Calculo,0.0,2026-09-04
86,departamental,Putumayo,,Salud,salud_severidad_idx,Severidad promedio (Salud),Índice 0-100,Calculo,0.0,2026-09-04
86,departamental,Putumayo,,Salud,salud_idx,Salud,Índice 0-100,Calculo,0.0,2026-09-04
86,departamental,Putumayo,,Vivienda,vivienda_n,Puntos registrados (Vivienda),Número,Naboo,0,2026-09-04
86,departamental,Putumayo,,Vivienda,vivienda_incidencia_tasa_100k,Tasa de incidencia (Vivienda),Tasa x100k hab.,Calculo,0.0,2026-09-04
86,departamental,Putumayo,,Vivienda,vivienda_incidencia_idx,Incidencia (Vivienda),Índice 0-100,Calculo,0.0,2026-09-04
86,departamental,Putumayo,,Vivienda,vivienda_severidad_promedio,Severidad promedio cruda (Vivienda),Peso promedio,Calculo,0.0,2026-09-04
86,departamental,Putumayo,,Vivienda,vivienda_severidad_idx,Severidad promedio (Vivienda),Índice 0-100,Calculo,0.0,2026-09-04
86,departamental,Putumayo,,Vivienda,vivienda_idx,Vivienda,Índice 0-100,Calculo,0.0,2026-09-04
86,departamental,Putumayo,,Instituciones,instituciones_n,Puntos registrados (Instituciones),Número,Naboo,0,2026-09-04
86,departamental,Putumayo,,Instituciones,instituciones_incidencia_tasa_100k,Tasa de incidencia (Instituciones),Tasa x100k hab.,Calculo,0.0,2026-09-04
86,departamental,Putumayo,,Instituciones,instituciones_incidencia_idx,Incidencia (Instituciones),Índice 0-100,Calculo,0.0,2026-09-04
86,departamental,Putumayo,,Instituciones,instituciones_severidad_promedio,Severidad promedio cruda (Instituciones),Peso promedio,Calculo,0.0,2026-09-04
86,departamental,Putumayo,,Instituciones,instituciones_severidad_idx,Severidad promedio (Instituciones),Índice 0-100,Calculo,0.0,2026-09-04
86,departamental,Putumayo,,Instituciones,instituciones_idx,Instituciones,Índice 0-100,Calculo,0.0,2026-09-04
86,departamental,Putumayo,,Educación,educacion_n,Puntos registrados (Educación),Número,Naboo,0,2026-09-04
86,departamental,Putumayo,,Educación,educacion_incidencia_tasa_100k,Tasa de incidencia (Educación),Tasa x100k hab.,Calculo,0.0,2026-09-04
86,departamental,Putumayo,,Educación,educacion_incidencia_idx,Incidencia (Educación),Índice 0-100,Calculo,0.0,2026-09-04
86,departamental,Putumayo,,Educación,educacion_severidad_promedio,Severidad promedio cruda (Educación),Peso promedio,Calculo,0.0,2026-09-04
86,departamental,Putumayo,,Educación,educacion_severidad_idx,Severidad promedio (Educación),Índice 0-100,Calculo,0.0,2026-09-04
86,departamental,Putumayo,,Educación,educacion_idx,Educación,Índice 0-100,Calculo,0.0,2026-09-04
86,departamental,Putumayo,,Productividad (proxy),econ_proxy_n,Puntos registrados (Productividad (proxy)),Número,Naboo,2,2026-09-04
86,departamental,Putumayo,,Productividad (proxy),econ_proxy_incidencia_tasa_100k,Tasa de incidencia (Productividad (proxy)),Tasa x100k hab.,Calculo,2.9411764705882355,2026-09-04
86,departamental,Putumayo,,Productividad (proxy),econ_proxy_incidencia_idx,Incidencia (Productividad (proxy)),Índice 0-100,Calculo,18.44485611616163,2026-09-04
86,departamental,Putumayo,,Productividad (proxy),econ_proxy_severidad_promedio,Severidad promedio cruda (Productividad (proxy)),Peso promedio,Calculo,1.0,2026-09-04
86,departamental,Putumayo,,Productividad (proxy),econ_proxy_severidad_idx,Severidad promedio (Productividad (proxy)),Índice 0-100,Calculo,0.0,2026-09-04
86,departamental,Putumayo,,Productividad (proxy),econ_proxy_idx,Productividad (proxy),Índice 0-100,Calculo,9.222428058080816,2026-09-04
86,departamental,Putumayo,,Compuesto,indice_compuesto,Índice compuesto,Índice 0-100,Calculo,1.8444856116161632,2026-09-04
18,departamental,Caquetá,,Salud,salud_n,Puntos registrados (Salud),Número,Naboo,0,2026-09-04
18,departamental,Caquetá,,Salud,salud_incidencia_tasa_100k,Tasa de incidencia (Salud),Tasa x100k hab.,Calculo,0.0,2026-09-04
18,departamental,Caquetá,,Salud,salud_incidencia_idx,Incidencia (Salud),Índice 0-100,Calculo,0.0,2026-09-04
18,departamental,Caquetá,,Salud,salud_severidad_promedio,Severidad promedio cruda (Salud),Peso promedio,Calculo,0.0,2026-09-04
18,departamental,Caquetá,,Salud,salud_severidad_idx,Severidad promedio (Salud),Índice 0-100,Calculo,0.0,2026-09-04
18,departamental,Caquetá,,Salud,salud_idx,Salud,Índice 0-100,Calculo,0.0,2026-09-04
18,departamental,Caquetá,,Vivienda,vivienda_n,Puntos registrados (Vivienda),Número,Naboo,0,2026-09-04
18,departamental,Caquetá,,Vivienda,vivienda_incidencia_tasa_100k,Tasa de incidencia (Vivienda),Tasa x100k hab.,Calculo,0.0,2026-09-04
18,departamental,Caquetá,,Vivienda,vivienda_incidencia_idx,Incidencia (Vivienda),Índice 0-100,Calculo,0.0,2026-09-04
18,departamental,Caquetá,,Vivienda,vivienda_severidad_promedio,Severidad promedio cruda (Vivienda),Peso promedio,Calculo,0.0,2026-09-04
18,departamental,Caquetá,,Vivienda,vivienda_severidad_idx,Severidad promedio (Vivienda),Índice 0-100,Calculo,0.0,2026-09-04
18,departamental,Caquetá,,Vivienda,vivienda_idx,Vivienda,Índice 0-100,Calculo,0.0,2026-09-04
18,departamental,Caquetá,,Instituciones,instituciones_n,Puntos registrados (Instituciones),Número,Naboo,0,2026-09-04
18,departamental,Caquetá,,Instituciones,instituciones_incidencia_tasa_100k,Tasa de incidencia (Instituciones),Tasa x100k hab.,Calculo,0.0,2026-09-04
18,departamental,Caquetá,,Instituciones,instituciones_incidencia_idx,Incidencia (Instituciones),Índice 0-100,Calculo,0.0,2026-09-04
18,departamental,Caquetá,,Instituciones,instituciones_severidad_promedio,Severidad promedio cruda (Instituciones),Peso promedio,Calculo,0.0,2026-09-04
18,departamental,Caquetá,,Instituciones,instituciones_severidad_idx,Severidad promedio (Instituciones),Índice 0-100,Calculo,0.0,2026-09-04
18,departamental,Caquetá,,Instituciones,instituciones_idx,Instituciones,Índice 0-100,Calculo,0.0,2026-09-04
18,departamental,Caquetá,,Educación,educacion_n,Puntos registrados (Educación),Número,Naboo,0,2026-09-04
18,departamental,Caquetá,,Educación,educacion_incidencia_tasa_100k,Tasa de incidencia (Educación),Tasa x100k hab.,Calculo,0.0,2026-09-04
18,departamental,Caquetá,,Educación,educacion_incidencia_idx,Incidencia (Educación),Índice 0-100,Calculo,0.0,2026-09-04
18,departamental,Caquetá,,Educación,educacion_severidad_promedio,Severidad promedio cruda (Educación),Peso promedio,Calculo,0.0,2026-09-04
18,departamental,Caquetá,,Educación,educacion_severidad_idx,Severidad promedio (Educación),Índice 0-100,Calculo,0.0,2026-09-04
18,departamental,Caquetá,,Educación,educacion_idx,Educación,Índice 0-100,Calculo,0.0,2026-09-04
18,departamental,Caquetá,,Productividad (proxy),econ_proxy_n,Puntos registrados (Productividad (proxy)),Número,Naboo,2,2026-09-04
18,departamental,Caquetá,,Productividad (proxy),econ_proxy_incidencia_tasa_100k,Tasa de incidencia (Productividad (proxy)),Tasa x100k hab.,Calculo,1.0582010582010581,2026-09-04
18,departamental,Caquetá,,Productividad (proxy),econ_proxy_incidencia_idx,Incidencia (Productividad (proxy)),Índice 0-100,Calculo,5.7847221659398995,2026-09-04
18,departamental,Caquetá,,Productividad (proxy),econ_proxy_severidad_promedio,Severidad promedio cruda (Productividad (proxy)),Peso promedio,Calculo,1.0,2026-09-04
18,departamental,Caquetá,,Productividad (proxy),econ_proxy_severidad_idx,Severidad promedio (Productividad (proxy)),Índice 0-100,Calculo,0.0,2026-09-04
18,departamental,Caquetá,,Productividad (proxy),econ_proxy_idx,Productividad (proxy),Índice 0-100,Calculo,2.8923610829699498,2026-09-04
18,departamental,Caquetá,,Compuesto,indice_compuesto,Índice compuesto,Índice 0-100,Calculo,0.57847221659399,2026-09-04
18,departamental,Caquetá,,Impacto humano,3is_fallecidos,"Fallecidos (3iS, oficial)",Número,3iS-Sheets,0.0,2026-09-04
18,departamental,Caquetá,,Impacto humano,3is_heridos,"Heridos (3iS, oficial)",Número,3iS-Sheets,0.0,2026-09-04
18,departamental,Caquetá,,Impacto humano,3is_desaparecidos,"Desaparecidos (3iS, oficial)",Número,3iS-Sheets,0.0,2026-09-04
18,departamental,Caquetá,,Impacto humano,3is_rescatados,"Rescatados (3iS, oficial)",Número,3iS-Sheets,0.0,2026-09-04
18,departamental,Caquetá,,Impacto humano,3is_familias,"Familias afectadas (3iS, oficial)",Número,3iS-Sheets,18.0,2026-09-04
18,departamental,Caquetá,,Vivienda,3is_vivaveriadas,"Viviendas averiadas (3iS, oficial)",Número,3iS-Sheets,18.0,2026-09-04
18,departamental,Caquetá,,Vivienda,3is_vivdestruidas,"Viviendas destruidas (3iS, oficial)",Número,3iS-Sheets,0.0,2026-09-04
18,departamental,Caquetá,,Vivienda,3is_colapsos,"Colapsos (3iS, oficial)",Número,3iS-Sheets,0.0,2026-09-04
18,departamental,Caquetá,,Salud,3is_salud,"Puntos de salud afectados (3iS, oficial)",Número,3iS-Sheets,19.0,2026-09-04
18,departamental,Caquetá,,Educación,3is_educativos,"Puntos educativos afectados (3iS, oficial)",Número,3iS-Sheets,39.0,2026-09-04
18,departamental,Caquetá,,Instituciones,3is_comunitarios,"Puntos comunitarios afectados (3iS, oficial)",Número,3iS-Sheets,0.0,2026-09-04
18,departamental,Caquetá,,Infraestructura,3is_vias,"Vías afectadas (3iS, oficial)",Número,3iS-Sheets,0.0,2026-09-04
18,departamental,Caquetá,,Infraestructura,3is_aeropuertos,"Aeropuertos afectados (3iS, oficial)",Número,3iS-Sheets,0.0,2026-09-04
18,departamental,Caquetá,,Infraestructura,3is_acueductos,"Acueductos afectados (3iS, oficial)",Número,3iS-Sheets,0.0,2026-09-04
47,departamental,Magdalena,,Salud,salud_n,Puntos registrados (Salud),Número,Naboo,0,2026-09-04
47,departamental,Magdalena,,Salud,salud_incidencia_tasa_100k,Tasa de incidencia (Salud),Tasa x100k hab.,Calculo,0.0,2026-09-04
47,departamental,Magdalena,,Salud,salud_incidencia_idx,Incidencia (Salud),Índice 0-100,Calculo,0.0,2026-09-04
47,departamental,Magdalena,,Salud,salud_severidad_promedio,Severidad promedio cruda (Salud),Peso promedio,Calculo,0.0,2026-09-04
47,departamental,Magdalena,,Salud,salud_severidad_idx,Severidad promedio (Salud),Índice 0-100,Calculo,0.0,2026-09-04
47,departamental,Magdalena,,Salud,salud_idx,Salud,Índice 0-100,Calculo,0.0,2026-09-04
47,departamental,Magdalena,,Vivienda,vivienda_n,Puntos registrados (Vivienda),Número,Naboo,0,2026-09-04
47,departamental,Magdalena,,Vivienda,vivienda_incidencia_tasa_100k,Tasa de incidencia (Vivienda),Tasa x100k hab.,Calculo,0.0,2026-09-04
47,departamental,Magdalena,,Vivienda,vivienda_incidencia_idx,Incidencia (Vivienda),Índice 0-100,Calculo,0.0,2026-09-04
47,departamental,Magdalena,,Vivienda,vivienda_severidad_promedio,Severidad promedio cruda (Vivienda),Peso promedio,Calculo,0.0,2026-09-04
47,departamental,Magdalena,,Vivienda,vivienda_severidad_idx,Severidad promedio (Vivienda),Índice 0-100,Calculo,0.0,2026-09-04
47,departamental,Magdalena,,Vivienda,vivienda_idx,Vivienda,Índice 0-100,Calculo,0.0,2026-09-04
47,departamental,Magdalena,,Instituciones,instituciones_n,Puntos registrados (Instituciones),Número,Naboo,0,2026-09-04
47,departamental,Magdalena,,Instituciones,instituciones_incidencia_tasa_100k,Tasa de incidencia (Instituciones),Tasa x100k hab.,Calculo,0.0,2026-09-04
47,departamental,Magdalena,,Instituciones,instituciones_incidencia_idx,Incidencia (Instituciones),Índice 0-100,Calculo,0.0,2026-09-04
47,departamental,Magdalena,,Instituciones,instituciones_severidad_promedio,Severidad promedio cruda (Instituciones),Peso promedio,Calculo,0.0,2026-09-04
47,departamental,Magdalena,,Instituciones,instituciones_severidad_idx,Severidad promedio (Instituciones),Índice 0-100,Calculo,0.0,2026-09-04
47,departamental,Magdalena,,Instituciones,instituciones_idx,Instituciones,Índice 0-100,Calculo,0.0,2026-09-04
47,departamental,Magdalena,,Educación,educacion_n,Puntos registrados (Educación),Número,Naboo,0,2026-09-04
47,departamental,Magdalena,,Educación,educacion_incidencia_tasa_100k,Tasa de incidencia (Educación),Tasa x100k hab.,Calculo,0.0,2026-09-04
47,departamental,Magdalena,,Educación,educacion_incidencia_idx,Incidencia (Educación),Índice 0-100,Calculo,0.0,2026-09-04
47,departamental,Magdalena,,Educación,educacion_severidad_promedio,Severidad promedio cruda (Educación),Peso promedio,Calculo,0.0,2026-09-04
47,departamental,Magdalena,,Educación,educacion_severidad_idx,Severidad promedio (Educación),Índice 0-100,Calculo,0.0,2026-09-04
47,departamental,Magdalena,,Educación,educacion_idx,Educación,Índice 0-100,Calculo,0.0,2026-09-04
47,departamental,Magdalena,,Productividad (proxy),econ_proxy_n,Puntos registrados (Productividad (proxy)),Número,Naboo,3,2026-09-04
47,departamental,Magdalena,,Productividad (proxy),econ_proxy_incidencia_tasa_100k,Tasa de incidencia (Productividad (proxy)),Tasa x100k hab.,Calculo,0.5093378607809848,2026-09-04
47,departamental,Magdalena,,Productividad (proxy),econ_proxy_incidencia_idx,Incidencia (Productividad (proxy)),Índice 0-100,Calculo,2.094455392421172,2026-09-04
47,departamental,Magdalena,,Productividad (proxy),econ_proxy_severidad_promedio,Severidad promedio cruda (Productividad (proxy)),Peso promedio,Calculo,1.0,2026-09-04
47,departamental,Magdalena,,Productividad (proxy),econ_proxy_severidad_idx,Severidad promedio (Productividad (proxy)),Índice 0-100,Calculo,0.0,2026-09-04
47,departamental,Magdalena,,Productividad (proxy),econ_proxy_idx,Productividad (proxy),Índice 0-100,Calculo,1.047227696210586,2026-09-04
47,departamental,Magdalena,,Compuesto,indice_compuesto,Índice compuesto,Índice 0-100,Calculo,0.2094455392421172,2026-09-04
15,departamental,Boyacá,,Salud,salud_n,Puntos registrados (Salud),Número,Naboo,0,2026-09-04
15,departamental,Boyacá,,Salud,salud_incidencia_tasa_100k,Tasa de incidencia (Salud),Tasa x100k hab.,Calculo,0.0,2026-09-04
15,departamental,Boyacá,,Salud,salud_incidencia_idx,Incidencia (Salud),Índice 0-100,Calculo,0.0,2026-09-04
15,departamental,Boyacá,,Salud,salud_severidad_promedio,Severidad promedio cruda (Salud),Peso promedio,Calculo,0.0,2026-09-04
15,departamental,Boyacá,,Salud,salud_severidad_idx,Severidad promedio (Salud),Índice 0-100,Calculo,0.0,2026-09-04
15,departamental,Boyacá,,Salud,salud_idx,Salud,Índice 0-100,Calculo,0.0,2026-09-04
15,departamental,Boyacá,,Vivienda,vivienda_n,Puntos registrados (Vivienda),Número,Naboo,0,2026-09-04
15,departamental,Boyacá,,Vivienda,vivienda_incidencia_tasa_100k,Tasa de incidencia (Vivienda),Tasa x100k hab.,Calculo,0.0,2026-09-04
15,departamental,Boyacá,,Vivienda,vivienda_incidencia_idx,Incidencia (Vivienda),Índice 0-100,Calculo,0.0,2026-09-04
15,departamental,Boyacá,,Vivienda,vivienda_severidad_promedio,Severidad promedio cruda (Vivienda),Peso promedio,Calculo,0.0,2026-09-04
15,departamental,Boyacá,,Vivienda,vivienda_severidad_idx,Severidad promedio (Vivienda),Índice 0-100,Calculo,0.0,2026-09-04
15,departamental,Boyacá,,Vivienda,vivienda_idx,Vivienda,Índice 0-100,Calculo,0.0,2026-09-04
15,departamental,Boyacá,,Instituciones,instituciones_n,Puntos registrados (Instituciones),Número,Naboo,0,2026-09-04
15,departamental,Boyacá,,Instituciones,instituciones_incidencia_tasa_100k,Tasa de incidencia (Instituciones),Tasa x100k hab.,Calculo,0.0,2026-09-04
15,departamental,Boyacá,,Instituciones,instituciones_incidencia_idx,Incidencia (Instituciones),Índice 0-100,Calculo,0.0,2026-09-04
15,departamental,Boyacá,,Instituciones,instituciones_severidad_promedio,Severidad promedio cruda (Instituciones),Peso promedio,Calculo,0.0,2026-09-04
15,departamental,Boyacá,,Instituciones,instituciones_severidad_idx,Severidad promedio (Instituciones),Índice 0-100,Calculo,0.0,2026-09-04
15,departamental,Boyacá,,Instituciones,instituciones_idx,Instituciones,Índice 0-100,Calculo,0.0,2026-09-04
15,departamental,Boyacá,,Educación,educacion_n,Puntos registrados (Educación),Número,Naboo,0,2026-09-04
15,departamental,Boyacá,,Educación,educacion_incidencia_tasa_100k,Tasa de incidencia (Educación),Tasa x100k hab.,Calculo,0.0,2026-09-04
15,departamental,Boyacá,,Educación,educacion_incidencia_idx,Incidencia (Educación),Índice 0-100,Calculo,0.0,2026-09-04
15,departamental,Boyacá,,Educación,educacion_severidad_promedio,Severidad promedio cruda (Educación),Peso promedio,Calculo,0.0,2026-09-04
15,departamental,Boyacá,,Educación,educacion_severidad_idx,Severidad promedio (Educación),Índice 0-100,Calculo,0.0,2026-09-04
15,departamental,Boyacá,,Educación,educacion_idx,Educación,Índice 0-100,Calculo,0.0,2026-09-04
15,departamental,Boyacá,,Productividad (proxy),econ_proxy_n,Puntos registrados (Productividad (proxy)),Número,Naboo,1,2026-09-04
15,departamental,Boyacá,,Productividad (proxy),econ_proxy_incidencia_tasa_100k,Tasa de incidencia (Productividad (proxy)),Tasa x100k hab.,Calculo,0.4016064257028113,2026-09-04
15,departamental,Boyacá,,Productividad (proxy),econ_proxy_incidencia_idx,Incidencia (Productividad (proxy)),Índice 0-100,Calculo,1.3701260199997924,2026-09-04
15,departamental,Boyacá,,Productividad (proxy),econ_proxy_severidad_promedio,Severidad promedio cruda (Productividad (proxy)),Peso promedio,Calculo,1.0,2026-09-04
15,departamental,Boyacá,,Productividad (proxy),econ_proxy_severidad_idx,Severidad promedio (Productividad (proxy)),Índice 0-100,Calculo,0.0,2026-09-04
15,departamental,Boyacá,,Productividad (proxy),econ_proxy_idx,Productividad (proxy),Índice 0-100,Calculo,0.6850630099998962,2026-09-04
15,departamental,Boyacá,,Compuesto,indice_compuesto,Índice compuesto,Índice 0-100,Calculo,0.13701260199997925,2026-09-04
05,departamental,Antioquia,,Gravedad municipal,score_municipal,Score de gravedad municipal ponderado por población,Índice 0-100,Calculo,0.0,2026-09-04
08,departamental,Atlántico,,Gravedad municipal,score_municipal,Score de gravedad municipal ponderado por población,Índice 0-100,Calculo,0.0,2026-09-04
11,departamental,Bogotá D.C.,,Gravedad municipal,score_municipal,Score de gravedad municipal ponderado por población,Índice 0-100,Calculo,0.0,2026-09-04
13,departamental,Bolívar,,Gravedad municipal,score_municipal,Score de gravedad municipal ponderado por población,Índice 0-100,Calculo,0.0,2026-09-04
15,departamental,Boyacá,,Gravedad municipal,score_municipal,Score de gravedad municipal ponderado por población,Índice 0-100,Calculo,0.0,2026-09-04
17,departamental,Caldas,,Gravedad municipal,score_municipal,Score de gravedad municipal ponderado por población,Índice 0-100,Calculo,59.85,2026-09-04
18,departamental,Caquetá,,Gravedad municipal,score_municipal,Score de gravedad municipal ponderado por población,Índice 0-100,Calculo,0.0,2026-09-04
19,departamental,Cauca,,Gravedad municipal,score_municipal,Score de gravedad municipal ponderado por población,Índice 0-100,Calculo,0.0,2026-09-04
20,departamental,Cesar,,Gravedad municipal,score_municipal,Score de gravedad municipal ponderado por población,Índice 0-100,Calculo,0.0,2026-09-04
27,departamental,Chocó,,Gravedad municipal,score_municipal,Score de gravedad municipal ponderado por población,Índice 0-100,Calculo,31.03,2026-09-04
25,departamental,Cundinamarca,,Gravedad municipal,score_municipal,Score de gravedad municipal ponderado por población,Índice 0-100,Calculo,14.08,2026-09-04
23,departamental,Córdoba,,Gravedad municipal,score_municipal,Score de gravedad municipal ponderado por población,Índice 0-100,Calculo,0.0,2026-09-04
41,departamental,Huila,,Gravedad municipal,score_municipal,Score de gravedad municipal ponderado por población,Índice 0-100,Calculo,0.0,2026-09-04
44,departamental,La Guajira,,Gravedad municipal,score_municipal,Score de gravedad municipal ponderado por población,Índice 0-100,Calculo,0.0,2026-09-04
47,departamental,Magdalena,,Gravedad municipal,score_municipal,Score de gravedad municipal ponderado por población,Índice 0-100,Calculo,0.0,2026-09-04
50,departamental,Meta,,Gravedad municipal,score_municipal,Score de gravedad municipal ponderado por población,Índice 0-100,Calculo,0.0,2026-09-04
52,departamental,Nariño,,Gravedad municipal,score_municipal,Score de gravedad municipal ponderado por población,Índice 0-100,Calculo,0.0,2026-09-04
54,departamental,Norte de Santander,,Gravedad municipal,score_municipal,Score de gravedad municipal ponderado por población,Índice 0-100,Calculo,0.0,2026-09-04
86,departamental,Putumayo,,Gravedad municipal,score_municipal,Score de gravedad municipal ponderado por población,Índice 0-100,Calculo,0.0,2026-09-04
63,departamental,Quindío,,Gravedad municipal,score_municipal,Score de gravedad municipal ponderado por población,Índice 0-100,Calculo,33.13,2026-09-04
66,departamental,Risaralda,,Gravedad municipal,score_municipal,Score de gravedad municipal ponderado por población,Índice 0-100,Calculo,65.86,2026-09-04
68,departamental,Santander,,Gravedad municipal,score_municipal,Score de gravedad municipal ponderado por población,Índice 0-100,Calculo,0.0,2026-09-04
70,departamental,Sucre,,Gravedad municipal,score_municipal,Score de gravedad municipal ponderado por población,Índice 0-100,Calculo,0.0,2026-09-04
73,departamental,Tolima,,Gravedad municipal,score_municipal,Score de gravedad municipal ponderado por población,Índice 0-100,Calculo,0.0,2026-09-04
76,departamental,Valle del Cauca,,Gravedad municipal,score_municipal,Score de gravedad municipal ponderado por población,Índice 0-100,Calculo,63.44,2026-09-04
05,municipal,Antioquia,Abejorral,Gravedad municipal,gravedad_oficial,Gravedad oficial (municipal),Categoría (0-100),Naboo/UNGRD,0,2026-09-04
05,municipal,Antioquia,Alejandría,Gravedad municipal,gravedad_oficial,Gravedad oficial (municipal),Categoría (0-100),Naboo/UNGRD,0,2026-09-04
05,municipal,Antioquia,Amagá,Gravedad municipal,gravedad_oficial,Gravedad oficial (municipal),Categoría (0-100),Naboo/UNGRD,0,2026-09-04
05,municipal,Antioquia,Amalfi,Gravedad municipal,gravedad_oficial,Gravedad oficial (municipal),Categoría (0-100),Naboo/UNGRD,0,2026-09-04
05,municipal,Antioquia,Andes,Gravedad municipal,gravedad_oficial,Gravedad oficial (municipal),Categoría (0-100),Naboo/UNGRD,0,2026-09-04
05,municipal,Antioquia,Angelópolis,Gravedad municipal,gravedad_oficial,Gravedad oficial (municipal),Categoría (0-100),Naboo/UNGRD,0,2026-09-04
05,municipal,Antioquia,Angostura,Gravedad municipal,gravedad_oficial,Gravedad oficial (municipal),Categoría (0-100),Naboo/UNGRD,0,2026-09-04
05,municipal,Antioquia,Anzá,Gravedad municipal,gravedad_oficial,Gravedad oficial (municipal),Categoría (0-100),Naboo/UNGRD,0,2026-09-04
05,municipal,Antioquia,Apartadó,Gravedad municipal,gravedad_oficial,Gravedad oficial (municipal),Categoría (0-100),Naboo/UNGRD,0,2026-09-04
05,municipal,Antioquia,Argelia,Gravedad municipal,gravedad_oficial,Gravedad oficial (municipal),Categoría (0-100),Naboo/UNGRD,0,2026-09-04
05,municipal,Antioquia,Armenia,Gravedad municipal,gravedad_oficial,Gravedad oficial (municipal),Categoría (0-100),Naboo/UNGRD,0,2026-09-04
05,municipal,Antioquia,Barbosa,Gravedad municipal,gravedad_oficial,Gravedad oficial (municipal),Categoría (0-100),Naboo/UNGRD,0,2026-09-04
05,municipal,Antioquia,Bello,Gravedad municipal,gravedad_oficial,Gravedad oficial (municipal),Categoría (0-100),Naboo/UNGRD,0,2026-09-04
05,municipal,Antioquia,Betania,Gravedad municipal,gravedad_oficial,Gravedad oficial (municipal),Categoría (0-100),Naboo/UNGRD,0,2026-09-04
05,municipal,Antioquia,Betulia,Gravedad municipal,gravedad_oficial,Gravedad oficial (municipal),Categoría (0-100),Naboo/UNGRD,0,2026-09-04
05,municipal,Antioquia,Caicedo,Gravedad municipal,gravedad_oficial,Gravedad oficial (municipal),Categoría (0-100),Naboo/UNGRD,0,2026-09-04
05,municipal,Antioquia,Caldas,Gravedad municipal,gravedad_oficial,Gravedad oficial (municipal),Categoría (0-100),Naboo/UNGRD,0,2026-09-04
05,municipal,Antioquia,Campamento,Gravedad municipal,gravedad_oficial,Gravedad oficial (municipal),Categoría (0-100),Naboo/UNGRD,0,2026-09-04
05,municipal,Antioquia,Caracolí,Gravedad municipal,gravedad_oficial,Gravedad oficial (municipal),Categoría (0-100),Naboo/UNGRD,0,2026-09-04
05,municipal,Antioquia,Caramanta,Gravedad municipal,gravedad_oficial,Gravedad oficial (municipal),Categoría (0-100),Naboo/UNGRD,0,2026-09-04
05,municipal,Antioquia,Carepa,Gravedad municipal,gravedad_oficial,Gravedad oficial (municipal),Categoría (0-100),Naboo/UNGRD,0,2026-09-04
05,municipal,Antioquia,Carolina del Príncipe,Gravedad municipal,gravedad_oficial,Gravedad oficial (municipal),Categoría (0-100),Naboo/UNGRD,0,2026-09-04
05,municipal,Antioquia,Caucasia,Gravedad municipal,gravedad_oficial,Gravedad oficial (municipal),Categoría (0-100),Naboo/UNGRD,0,2026-09-04
05,municipal,Antioquia,Cañasgordas,Gravedad municipal,gravedad_oficial,Gravedad oficial (municipal),Categoría (0-100),Naboo/UNGRD,0,2026-09-04
05,municipal,Antioquia,Cisneros,Gravedad municipal,gravedad_oficial,Gravedad oficial (municipal),Categoría (0-100),Naboo/UNGRD,0,2026-09-04
05,municipal,Antioquia,Ciudad Bolívar,Gravedad municipal,gravedad_oficial,Gravedad oficial (municipal),Categoría (0-100),Naboo/UNGRD,0,2026-09-04
05,municipal,Antioquia,Cocorná,Gravedad municipal,gravedad_oficial,Gravedad oficial (municipal),Categoría (0-100),Naboo/UNGRD,0,2026-09-04
05,municipal,Antioquia,Concepción,Gravedad municipal,gravedad_oficial,Gravedad oficial (municipal),Categoría (0-100),Naboo/UNGRD,0,2026-09-04
05,municipal,Antioquia,Concordia,Gravedad municipal,gravedad_oficial,Gravedad oficial (municipal),Categoría (0-100),Naboo/UNGRD,0,2026-09-04
05,municipal,Antioquia,Copacabana,Gravedad municipal,gravedad_oficial,Gravedad oficial (municipal),Categoría (0-100),Naboo/UNGRD,0,2026-09-04
05,municipal,Antioquia,Dabeiba,Gravedad municipal,gravedad_oficial,Gravedad oficial (municipal),Categoría (0-100),Naboo/UNGRD,0,2026-09-04
05,municipal,Antioquia,Donmatías,Gravedad municipal,gravedad_oficial,Gravedad oficial (municipal),Categoría (0-100),Naboo/UNGRD,0,2026-09-04
05,municipal,Antioquia,Ebéjico,Gravedad municipal,gravedad_oficial,Gravedad oficial (municipal),Categoría (0-100),Naboo/UNGRD,0,2026-09-04
05,municipal,Antioquia,El Bagre,Gravedad municipal,gravedad_oficial,Gravedad oficial (municipal),Categoría (0-100),Naboo/UNGRD,0,2026-09-04
05,municipal,Antioquia,El Peñol,Gravedad municipal,gravedad_oficial,Gravedad oficial (municipal),Categoría (0-100),Naboo/UNGRD,0,2026-09-04
05,municipal,Antioquia,El Retiro,Gravedad municipal,gravedad_oficial,Gravedad oficial (municipal),Categoría (0-100),Naboo/UNGRD,0,2026-09-04
05,municipal,Antioquia,El Santuario,Gravedad municipal,gravedad_oficial,Gravedad oficial (municipal),Categoría (0-100),Naboo/UNGRD,0,2026-09-04
05,municipal,Antioquia,Entrerríos,Gravedad municipal,gravedad_oficial,Gravedad oficial (municipal),Categoría (0-100),Naboo/UNGRD,0,2026-09-04
05,municipal,Antioquia,Envigado,Gravedad municipal,gravedad_oficial,Gravedad oficial (municipal),Categoría (0-100),Naboo/UNGRD,0,2026-09-04
05,municipal,Antioquia,Fredonia,Gravedad municipal,gravedad_oficial,Gravedad oficial (municipal),Categoría (0-100),Naboo/UNGRD,0,2026-09-04
05,municipal,Antioquia,Frontino,Gravedad municipal,gravedad_oficial,Gravedad oficial (municipal),Categoría (0-100),Naboo/UNGRD,0,2026-09-04
05,municipal,Antioquia,Giraldo,Gravedad municipal,gravedad_oficial,Gravedad oficial (municipal),Categoría (0-100),Naboo/UNGRD,0,2026-09-04
05,municipal,Antioquia,Girardota,Gravedad municipal,gravedad_oficial,Gravedad oficial (municipal),Categoría (0-100),Naboo/UNGRD,0,2026-09-04
05,municipal,Antioquia,Granada,Gravedad municipal,gravedad_oficial,Gravedad oficial (municipal),Categoría (0-100),Naboo/UNGRD,0,2026-09-04
05,municipal,Antioquia,Guarne,Gravedad municipal,gravedad_oficial,Gravedad oficial (municipal),Categoría (0-100),Naboo/UNGRD,0,2026-09-04
05,municipal,Antioquia,Gómez Plata,Gravedad municipal,gravedad_oficial,Gravedad oficial (municipal),Categoría (0-100),Naboo/UNGRD,0,2026-09-04
05,municipal,Antioquia,Heliconia,Gravedad municipal,gravedad_oficial,Gravedad oficial (municipal),Categoría (0-100),Naboo/UNGRD,0,2026-09-04
05,municipal,Antioquia,Hispania,Gravedad municipal,gravedad_oficial,Gravedad oficial (municipal),Categoría (0-100),Naboo/UNGRD,0,2026-09-04
05,municipal,Antioquia,Itagüí,Gravedad municipal,gravedad_oficial,Gravedad oficial (municipal),Categoría (0-100),Naboo/UNGRD,0,2026-09-04
05,municipal,Antioquia,Ituango,Gravedad municipal,gravedad_oficial,Gravedad oficial (municipal),Categoría (0-100),Naboo/UNGRD,0,2026-09-04
05,municipal,Antioquia,Jardín,Gravedad municipal,gravedad_oficial,Gravedad oficial (municipal),Categoría (0-100),Naboo/UNGRD,0,2026-09-04
05,municipal,Antioquia,Jericó,Gravedad municipal,gravedad_oficial,Gravedad oficial (municipal),Categoría (0-100),Naboo/UNGRD,0,2026-09-04
05,municipal,Antioquia,La Ceja,Gravedad municipal,gravedad_oficial,Gravedad oficial (municipal),Categoría (0-100),Naboo/UNGRD,0,2026-09-04
05,municipal,Antioquia,La Estrella,Gravedad municipal,gravedad_oficial,Gravedad oficial (municipal),Categoría (0-100),Naboo/UNGRD,0,2026-09-04
05,municipal,Antioquia,La Pintada,Gravedad municipal,gravedad_oficial,Gravedad oficial (municipal),Categoría (0-100),Naboo/UNGRD,0,2026-09-04
05,municipal,Antioquia,La Unión,Gravedad municipal,gravedad_oficial,Gravedad oficial (municipal),Categoría (0-100),Naboo/UNGRD,0,2026-09-04
05,municipal,Antioquia,Liborina,Gravedad municipal,gravedad_oficial,Gravedad oficial (municipal),Categoría (0-100),Naboo/UNGRD,0,2026-09-04
05,municipal,Antioquia,Marinilla,Gravedad municipal,gravedad_oficial,Gravedad oficial (municipal),Categoría (0-100),Naboo/UNGRD,0,2026-09-04
05,municipal,Antioquia,Medellín,Gravedad municipal,gravedad_oficial,Gravedad oficial (municipal),Categoría (0-100),Naboo/UNGRD,0,2026-09-04
05,municipal,Antioquia,Montebello,Gravedad municipal,gravedad_oficial,Gravedad oficial (municipal),Categoría (0-100),Naboo/UNGRD,0,2026-09-04
05,municipal,Antioquia,Nariño,Gravedad municipal,gravedad_oficial,Gravedad oficial (municipal),Categoría (0-100),Naboo/UNGRD,0,2026-09-04
05,municipal,Antioquia,Peque,Gravedad municipal,gravedad_oficial,Gravedad oficial (municipal),Categoría (0-100),Naboo/UNGRD,0,2026-09-04
05,municipal,Antioquia,Pueblorrico,Gravedad municipal,gravedad_oficial,Gravedad oficial (municipal),Categoría (0-100),Naboo/UNGRD,0,2026-09-04
05,municipal,Antioquia,Puerto Nare,Gravedad municipal,gravedad_oficial,Gravedad oficial (municipal),Categoría (0-100),Naboo/UNGRD,0,2026-09-04
05,municipal,Antioquia,Puerto Triunfo,Gravedad municipal,gravedad_oficial,Gravedad oficial (municipal),Categoría (0-100),Naboo/UNGRD,0,2026-09-04
05,municipal,Antioquia,Remedios,Gravedad municipal,gravedad_oficial,Gravedad oficial (municipal),Categoría (0-100),Naboo/UNGRD,0,2026-09-04
05,municipal,Antioquia,Rionegro,Gravedad municipal,gravedad_oficial,Gravedad oficial (municipal),Categoría (0-100),Naboo/UNGRD,0,2026-09-04
05,municipal,Antioquia,Sabaneta,Gravedad municipal,gravedad_oficial,Gravedad oficial (municipal),Categoría (0-100),Naboo/UNGRD,0,2026-09-04
05,municipal,Antioquia,Salgar,Gravedad municipal,gravedad_oficial,Gravedad oficial (municipal),Categoría (0-100),Naboo/UNGRD,0,2026-09-04
05,municipal,Antioquia,San Carlos,Gravedad municipal,gravedad_oficial,Gravedad oficial (municipal),Categoría (0-100),Naboo/UNGRD,0,2026-09-04
05,municipal,Antioquia,San Francisco,Gravedad municipal,gravedad_oficial,Gravedad oficial (municipal),Categoría (0-100),Naboo/UNGRD,0,2026-09-04
05,municipal,Antioquia,San Jerónimo,Gravedad municipal,gravedad_oficial,Gravedad oficial (municipal),Categoría (0-100),Naboo/UNGRD,0,2026-09-04
05,municipal,Antioquia,San Luis,Gravedad municipal,gravedad_oficial,Gravedad oficial (municipal),Categoría (0-100),Naboo/UNGRD,0,2026-09-04
05,municipal,Antioquia,San Pedro de Urabá,Gravedad municipal,gravedad_oficial,Gravedad oficial (municipal),Categoría (0-100),Naboo/UNGRD,0,2026-09-04
05,municipal,Antioquia,San Rafael,Gravedad municipal,gravedad_oficial,Gravedad oficial (municipal),Categoría (0-100),Naboo/UNGRD,0,2026-09-04
05,municipal,Antioquia,San Vicente Ferrer,Gravedad municipal,gravedad_oficial,Gravedad oficial (municipal),Categoría (0-100),Naboo/UNGRD,0,2026-09-04
05,municipal,Antioquia,Santa Bárbara,Gravedad municipal,gravedad_oficial,Gravedad oficial (municipal),Categoría (0-100),Naboo/UNGRD,0,2026-09-04
05,municipal,Antioquia,Santa Fe de Antioquia,Gravedad municipal,gravedad_oficial,Gravedad oficial (municipal),Categoría (0-100),Naboo/UNGRD,0,2026-09-04
05,municipal,Antioquia,Santa Rosa de Osos,Gravedad municipal,gravedad_oficial,Gravedad oficial (municipal),Categoría (0-100),Naboo/UNGRD,0,2026-09-04
05,municipal,Antioquia,Santo Domingo,Gravedad municipal,gravedad_oficial,Gravedad oficial (municipal),Categoría (0-100),Naboo/UNGRD,0,2026-09-04
05,municipal,Antioquia,Sonsón,Gravedad municipal,gravedad_oficial,Gravedad oficial (municipal),Categoría (0-100),Naboo/UNGRD,0,2026-09-04
05,municipal,Antioquia,Sopetrán,Gravedad municipal,gravedad_oficial,Gravedad oficial (municipal),Categoría (0-100),Naboo/UNGRD,0,2026-09-04
05,municipal,Antioquia,Tarso,Gravedad municipal,gravedad_oficial,Gravedad oficial (municipal),Categoría (0-100),Naboo/UNGRD,0,2026-09-04
05,municipal,Antioquia,Titiribí,Gravedad municipal,gravedad_oficial,Gravedad oficial (municipal),Categoría (0-100),Naboo/UNGRD,0,2026-09-04
05,municipal,Antioquia,Toledo,Gravedad municipal,gravedad_oficial,Gravedad oficial (municipal),Categoría (0-100),Naboo/UNGRD,0,2026-09-04
05,municipal,Antioquia,Turbo,Gravedad municipal,gravedad_oficial,Gravedad oficial (municipal),Categoría (0-100),Naboo/UNGRD,0,2026-09-04
05,municipal,Antioquia,Támesis,Gravedad municipal,gravedad_oficial,Gravedad oficial (municipal),Categoría (0-100),Naboo/UNGRD,0,2026-09-04
05,municipal,Antioquia,Uramita,Gravedad municipal,gravedad_oficial,Gravedad oficial (municipal),Categoría (0-100),Naboo/UNGRD,0,2026-09-04
05,municipal,Antioquia,Urrao,Gravedad municipal,gravedad_oficial,Gravedad oficial (municipal),Categoría (0-100),Naboo/UNGRD,0,2026-09-04
05,municipal,Antioquia,Valdivia,Gravedad municipal,gravedad_oficial,Gravedad oficial (municipal),Categoría (0-100),Naboo/UNGRD,0,2026-09-04
05,municipal,Antioquia,Valparaíso,Gravedad municipal,gravedad_oficial,Gravedad oficial (municipal),Categoría (0-100),Naboo/UNGRD,0,2026-09-04
05,municipal,Antioquia,Vegachí,Gravedad municipal,gravedad_oficial,Gravedad oficial (municipal),Categoría (0-100),Naboo/UNGRD,0,2026-09-04
05,municipal,Antioquia,Venecia,Gravedad municipal,gravedad_oficial,Gravedad oficial (municipal),Categoría (0-100),Naboo/UNGRD,0,2026-09-04
05,municipal,Antioquia,Vigía del Fuerte,Gravedad municipal,gravedad_oficial,Gravedad oficial (municipal),Categoría (0-100),Naboo/UNGRD,0,2026-09-04
05,municipal,Antioquia,Yalí,Gravedad municipal,gravedad_oficial,Gravedad oficial (municipal),Categoría (0-100),Naboo/UNGRD,0,2026-09-04
05,municipal,Antioquia,Yarumal,Gravedad municipal,gravedad_oficial,Gravedad oficial (municipal),Categoría (0-100),Naboo/UNGRD,0,2026-09-04
05,municipal,Antioquia,Yolombó,Gravedad municipal,gravedad_oficial,Gravedad oficial (municipal),Categoría (0-100),Naboo/UNGRD,0,2026-09-04
05,municipal,Antioquia,Yondó,Gravedad municipal,gravedad_oficial,Gravedad oficial (municipal),Categoría (0-100),Naboo/UNGRD,0,2026-09-04
05,municipal,Antioquia,Zaragoza,Gravedad municipal,gravedad_oficial,Gravedad oficial (municipal),Categoría (0-100),Naboo/UNGRD,0,2026-09-04
08,municipal,Atlántico,Barranquilla,Gravedad municipal,gravedad_oficial,Gravedad oficial (municipal),Categoría (0-100),Naboo/UNGRD,0,2026-09-04
11,municipal,Bogotá D.C.,Bogotá D.C.,Gravedad municipal,gravedad_oficial,Gravedad oficial (municipal),Categoría (0-100),Naboo/UNGRD,0,2026-09-04
13,municipal,Bolívar,Cartagena,Gravedad municipal,gravedad_oficial,Gravedad oficial (municipal),Categoría (0-100),Naboo/UNGRD,0,2026-09-04
13,municipal,Bolívar,San Pablo,Gravedad municipal,gravedad_oficial,Gravedad oficial (municipal),Categoría (0-100),Naboo/UNGRD,0,2026-09-04
13,municipal,Bolívar,Turbaco,Gravedad municipal,gravedad_oficial,Gravedad oficial (municipal),Categoría (0-100),Naboo/UNGRD,0,2026-09-04
15,municipal,Boyacá,Chiquinquirá,Gravedad municipal,gravedad_oficial,Gravedad oficial (municipal),Categoría (0-100),Naboo/UNGRD,0,2026-09-04
15,municipal,Boyacá,Tunja,Gravedad municipal,gravedad_oficial,Gravedad oficial (municipal),Categoría (0-100),Naboo/UNGRD,0,2026-09-04
17,municipal,Caldas,Aguadas,Gravedad municipal,gravedad_oficial,Gravedad oficial (municipal),Categoría (0-100),Naboo/UNGRD,0,2026-09-04
17,municipal,Caldas,Anserma,Gravedad municipal,gravedad_oficial,Gravedad oficial (municipal),Categoría (0-100),Naboo/UNGRD,60,2026-09-04
17,municipal,Caldas,Aranzazu,Gravedad municipal,gravedad_oficial,Gravedad oficial (municipal),Categoría (0-100),Naboo/UNGRD,0,2026-09-04
17,municipal,Caldas,Belalcázar,Gravedad municipal,gravedad_oficial,Gravedad oficial (municipal),Categoría (0-100),Naboo/UNGRD,0,2026-09-04
17,municipal,Caldas,Chinchiná,Gravedad municipal,gravedad_oficial,Gravedad oficial (municipal),Categoría (0-100),Naboo/UNGRD,60,2026-09-04
17,municipal,Caldas,Filadelfia,Gravedad municipal,gravedad_oficial,Gravedad oficial (municipal),Categoría (0-100),Naboo/UNGRD,0,2026-09-04
17,municipal,Caldas,La Dorada,Gravedad municipal,gravedad_oficial,Gravedad oficial (municipal),Categoría (0-100),Naboo/UNGRD,0,2026-09-04
17,municipal,Caldas,La Merced,Gravedad municipal,gravedad_oficial,Gravedad oficial (municipal),Categoría (0-100),Naboo/UNGRD,0,2026-09-04
17,municipal,Caldas,Manizales,Gravedad municipal,gravedad_oficial,Gravedad oficial (municipal),Categoría (0-100),Naboo/UNGRD,100,2026-09-04
17,municipal,Caldas,Manzanares,Gravedad municipal,gravedad_oficial,Gravedad oficial (municipal),Categoría (0-100),Naboo/UNGRD,0,2026-09-04
17,municipal,Caldas,Marmato,Gravedad municipal,gravedad_oficial,Gravedad oficial (municipal),Categoría (0-100),Naboo/UNGRD,60,2026-09-04
17,municipal,Caldas,Marquetalia,Gravedad municipal,gravedad_oficial,Gravedad oficial (municipal),Categoría (0-100),Naboo/UNGRD,0,2026-09-04
17,municipal,Caldas,Marulanda,Gravedad municipal,gravedad_oficial,Gravedad oficial (municipal),Categoría (0-100),Naboo/UNGRD,0,2026-09-04
17,municipal,Caldas,Neira,Gravedad municipal,gravedad_oficial,Gravedad oficial (municipal),Categoría (0-100),Naboo/UNGRD,60,2026-09-04
17,municipal,Caldas,Norcasia,Gravedad municipal,gravedad_oficial,Gravedad oficial (municipal),Categoría (0-100),Naboo/UNGRD,0,2026-09-04
17,municipal,Caldas,Palestina,Gravedad municipal,gravedad_oficial,Gravedad oficial (municipal),Categoría (0-100),Naboo/UNGRD,60,2026-09-04
17,municipal,Caldas,Pensilvania,Gravedad municipal,gravedad_oficial,Gravedad oficial (municipal),Categoría (0-100),Naboo/UNGRD,0,2026-09-04
17,municipal,Caldas,Pácora,Gravedad municipal,gravedad_oficial,Gravedad oficial (municipal),Categoría (0-100),Naboo/UNGRD,0,2026-09-04
17,municipal,Caldas,Riosucio,Gravedad municipal,gravedad_oficial,Gravedad oficial (municipal),Categoría (0-100),Naboo/UNGRD,60,2026-09-04
17,municipal,Caldas,Risaralda,Gravedad municipal,gravedad_oficial,Gravedad oficial (municipal),Categoría (0-100),Naboo/UNGRD,0,2026-09-04
17,municipal,Caldas,Salamina,Gravedad municipal,gravedad_oficial,Gravedad oficial (municipal),Categoría (0-100),Naboo/UNGRD,0,2026-09-04
17,municipal,Caldas,Samaná,Gravedad municipal,gravedad_oficial,Gravedad oficial (municipal),Categoría (0-100),Naboo/UNGRD,0,2026-09-04
17,municipal,Caldas,San José,Gravedad municipal,gravedad_oficial,Gravedad oficial (municipal),Categoría (0-100),Naboo/UNGRD,0,2026-09-04
17,municipal,Caldas,Supía,Gravedad municipal,gravedad_oficial,Gravedad oficial (municipal),Categoría (0-100),Naboo/UNGRD,0,2026-09-04
17,municipal,Caldas,Victoria,Gravedad municipal,gravedad_oficial,Gravedad oficial (municipal),Categoría (0-100),Naboo/UNGRD,0,2026-09-04
17,municipal,Caldas,Villamaría,Gravedad municipal,gravedad_oficial,Gravedad oficial (municipal),Categoría (0-100),Naboo/UNGRD,60,2026-09-04
17,municipal,Caldas,Viterbo,Gravedad municipal,gravedad_oficial,Gravedad oficial (municipal),Categoría (0-100),Naboo/UNGRD,0,2026-09-04
18,municipal,Caquetá,Florencia,Gravedad municipal,gravedad_oficial,Gravedad oficial (municipal),Categoría (0-100),Naboo/UNGRD,0,2026-09-04
19,municipal,Cauca,Almaguer,Gravedad municipal,gravedad_oficial,Gravedad oficial (municipal),Categoría (0-100),Naboo/UNGRD,0,2026-09-04
19,municipal,Cauca,Argelia,Gravedad municipal,gravedad_oficial,Gravedad oficial (municipal),Categoría (0-100),Naboo/UNGRD,0,2026-09-04
19,municipal,Cauca,Balboa,Gravedad municipal,gravedad_oficial,Gravedad oficial (municipal),Categoría (0-100),Naboo/UNGRD,0,2026-09-04
19,municipal,Cauca,Bolívar,Gravedad municipal,gravedad_oficial,Gravedad oficial (municipal),Categoría (0-100),Naboo/UNGRD,0,2026-09-04
19,municipal,Cauca,Buenos Aires,Gravedad municipal,gravedad_oficial,Gravedad oficial (municipal),Categoría (0-100),Naboo/UNGRD,0,2026-09-04
19,municipal,Cauca,Cajibío,Gravedad municipal,gravedad_oficial,Gravedad oficial (municipal),Categoría (0-100),Naboo/UNGRD,0,2026-09-04
19,municipal,Cauca,Caldono,Gravedad municipal,gravedad_oficial,Gravedad oficial (municipal),Categoría (0-100),Naboo/UNGRD,0,2026-09-04
19,municipal,Cauca,Caloto,Gravedad municipal,gravedad_oficial,Gravedad oficial (municipal),Categoría (0-100),Naboo/UNGRD,0,2026-09-04
19,municipal,Cauca,Corinto,Gravedad municipal,gravedad_oficial,Gravedad oficial (municipal),Categoría (0-100),Naboo/UNGRD,0,2026-09-04
19,municipal,Cauca,El Tambo,Gravedad municipal,gravedad_oficial,Gravedad oficial (municipal),Categoría (0-100),Naboo/UNGRD,0,2026-09-04
19,municipal,Cauca,Florencia,Gravedad municipal,gravedad_oficial,Gravedad oficial (municipal),Categoría (0-100),Naboo/UNGRD,0,2026-09-04
19,municipal,Cauca,Guachené,Gravedad municipal,gravedad_oficial,Gravedad oficial (municipal),Categoría (0-100),Naboo/UNGRD,0,2026-09-04
19,municipal,Cauca,Guapi,Gravedad municipal,gravedad_oficial,Gravedad oficial (municipal),Categoría (0-100),Naboo/UNGRD,0,2026-09-04
19,municipal,Cauca,Inzá,Gravedad municipal,gravedad_oficial,Gravedad oficial (municipal),Categoría (0-100),Naboo/UNGRD,0,2026-09-04
19,municipal,Cauca,Jambaló,Gravedad municipal,gravedad_oficial,Gravedad oficial (municipal),Categoría (0-100),Naboo/UNGRD,0,2026-09-04
19,municipal,Cauca,La Sierra,Gravedad municipal,gravedad_oficial,Gravedad oficial (municipal),Categoría (0-100),Naboo/UNGRD,0,2026-09-04
19,municipal,Cauca,La Vega,Gravedad municipal,gravedad_oficial,Gravedad oficial (municipal),Categoría (0-100),Naboo/UNGRD,0,2026-09-04
19,municipal,Cauca,López de Micay,Gravedad municipal,gravedad_oficial,Gravedad oficial (municipal),Categoría (0-100),Naboo/UNGRD,0,2026-09-04
19,municipal,Cauca,Mercaderes,Gravedad municipal,gravedad_oficial,Gravedad oficial (municipal),Categoría (0-100),Naboo/UNGRD,0,2026-09-04
19,municipal,Cauca,Miranda,Gravedad municipal,gravedad_oficial,Gravedad oficial (municipal),Categoría (0-100),Naboo/UNGRD,0,2026-09-04
19,municipal,Cauca,Morales,Gravedad municipal,gravedad_oficial,Gravedad oficial (municipal),Categoría (0-100),Naboo/UNGRD,0,2026-09-04
19,municipal,Cauca,Padilla,Gravedad municipal,gravedad_oficial,Gravedad oficial (municipal),Categoría (0-100),Naboo/UNGRD,0,2026-09-04
19,municipal,Cauca,Patía,Gravedad municipal,gravedad_oficial,Gravedad oficial (municipal),Categoría (0-100),Naboo/UNGRD,0,2026-09-04
19,municipal,Cauca,Piendamó,Gravedad municipal,gravedad_oficial,Gravedad oficial (municipal),Categoría (0-100),Naboo/UNGRD,0,2026-09-04
19,municipal,Cauca,Popayán,Gravedad municipal,gravedad_oficial,Gravedad oficial (municipal),Categoría (0-100),Naboo/UNGRD,0,2026-09-04
19,municipal,Cauca,Puerto Tejada,Gravedad municipal,gravedad_oficial,Gravedad oficial (municipal),Categoría (0-100),Naboo/UNGRD,0,2026-09-04
19,municipal,Cauca,Puracé,Gravedad municipal,gravedad_oficial,Gravedad oficial (municipal),Categoría (0-100),Naboo/UNGRD,0,2026-09-04
19,municipal,Cauca,Rosas,Gravedad municipal,gravedad_oficial,Gravedad oficial (municipal),Categoría (0-100),Naboo/UNGRD,0,2026-09-04
19,municipal,Cauca,San Sebastián,Gravedad municipal,gravedad_oficial,Gravedad oficial (municipal),Categoría (0-100),Naboo/UNGRD,0,2026-09-04
19,municipal,Cauca,Santa Rosa,Gravedad municipal,gravedad_oficial,Gravedad oficial (municipal),Categoría (0-100),Naboo/UNGRD,0,2026-09-04
19,municipal,Cauca,Santander de Quilichao,Gravedad municipal,gravedad_oficial,Gravedad oficial (municipal),Categoría (0-100),Naboo/UNGRD,0,2026-09-04
19,municipal,Cauca,Silvia,Gravedad municipal,gravedad_oficial,Gravedad oficial (municipal),Categoría (0-100),Naboo/UNGRD,0,2026-09-04
19,municipal,Cauca,Sotará,Gravedad municipal,gravedad_oficial,Gravedad oficial (municipal),Categoría (0-100),Naboo/UNGRD,0,2026-09-04
19,municipal,Cauca,Sucre,Gravedad municipal,gravedad_oficial,Gravedad oficial (municipal),Categoría (0-100),Naboo/UNGRD,0,2026-09-04
19,municipal,Cauca,Suárez,Gravedad municipal,gravedad_oficial,Gravedad oficial (municipal),Categoría (0-100),Naboo/UNGRD,0,2026-09-04
19,municipal,Cauca,Timbiquí,Gravedad municipal,gravedad_oficial,Gravedad oficial (municipal),Categoría (0-100),Naboo/UNGRD,0,2026-09-04
19,municipal,Cauca,Timbío,Gravedad municipal,gravedad_oficial,Gravedad oficial (municipal),Categoría (0-100),Naboo/UNGRD,0,2026-09-04
19,municipal,Cauca,Toribío,Gravedad municipal,gravedad_oficial,Gravedad oficial (municipal),Categoría (0-100),Naboo/UNGRD,0,2026-09-04
19,municipal,Cauca,Totoró,Gravedad municipal,gravedad_oficial,Gravedad oficial (municipal),Categoría (0-100),Naboo/UNGRD,0,2026-09-04
20,municipal,Cesar,Bosconia,Gravedad municipal,gravedad_oficial,Gravedad oficial (municipal),Categoría (0-100),Naboo/UNGRD,0,2026-09-04
20,municipal,Cesar,Pailitas,Gravedad municipal,gravedad_oficial,Gravedad oficial (municipal),Categoría (0-100),Naboo/UNGRD,0,2026-09-04
20,municipal,Cesar,San Diego,Gravedad municipal,gravedad_oficial,Gravedad oficial (municipal),Categoría (0-100),Naboo/UNGRD,0,2026-09-04
20,municipal,Cesar,Valledupar,Gravedad municipal,gravedad_oficial,Gravedad oficial (municipal),Categoría (0-100),Naboo/UNGRD,0,2026-09-04
27,municipal,Chocó,Acandí,Gravedad municipal,gravedad_oficial,Gravedad oficial (municipal),Categoría (0-100),Naboo/UNGRD,0,2026-09-04
27,municipal,Chocó,Alto Baudó,Gravedad municipal,gravedad_oficial,Gravedad oficial (municipal),Categoría (0-100),Naboo/UNGRD,0,2026-09-04
27,municipal,Chocó,Atrato,Gravedad municipal,gravedad_oficial,Gravedad oficial (municipal),Categoría (0-100),Naboo/UNGRD,0,2026-09-04
27,municipal,Chocó,Bagadó,Gravedad municipal,gravedad_oficial,Gravedad oficial (municipal),Categoría (0-100),Naboo/UNGRD,0,2026-09-04
27,municipal,Chocó,Bahía Solano,Gravedad municipal,gravedad_oficial,Gravedad oficial (municipal),Categoría (0-100),Naboo/UNGRD,0,2026-09-04
27,municipal,Chocó,Bajo Baudó,Gravedad municipal,gravedad_oficial,Gravedad oficial (municipal),Categoría (0-100),Naboo/UNGRD,0,2026-09-04
27,municipal,Chocó,Bojayá,Gravedad municipal,gravedad_oficial,Gravedad oficial (municipal),Categoría (0-100),Naboo/UNGRD,0,2026-09-04
27,municipal,Chocó,Condoto,Gravedad municipal,gravedad_oficial,Gravedad oficial (municipal),Categoría (0-100),Naboo/UNGRD,0,2026-09-04
27,municipal,Chocó,Cértegui,Gravedad municipal,gravedad_oficial,Gravedad oficial (municipal),Categoría (0-100),Naboo/UNGRD,0,2026-09-04
27,municipal,Chocó,El Cantón del San Pablo,Gravedad municipal,gravedad_oficial,Gravedad oficial (municipal),Categoría (0-100),Naboo/UNGRD,0,2026-09-04
27,municipal,Chocó,El Carmen de Atrato,Gravedad municipal,gravedad_oficial,Gravedad oficial (municipal),Categoría (0-100),Naboo/UNGRD,0,2026-09-04
27,municipal,Chocó,El Litoral del San Juan,Gravedad municipal,gravedad_oficial,Gravedad oficial (municipal),Categoría (0-100),Naboo/UNGRD,0,2026-09-04
27,municipal,Chocó,Istmina,Gravedad municipal,gravedad_oficial,Gravedad oficial (municipal),Categoría (0-100),Naboo/UNGRD,0,2026-09-04
27,municipal,Chocó,Lloró,Gravedad municipal,gravedad_oficial,Gravedad oficial (municipal),Categoría (0-100),Naboo/UNGRD,0,2026-09-04
27,municipal,Chocó,Medio Atrato,Gravedad municipal,gravedad_oficial,Gravedad oficial (municipal),Categoría (0-100),Naboo/UNGRD,0,2026-09-04
27,municipal,Chocó,Medio Baudó,Gravedad municipal,gravedad_oficial,Gravedad oficial (municipal),Categoría (0-100),Naboo/UNGRD,0,2026-09-04
27,municipal,Chocó,Medio San Juan,Gravedad municipal,gravedad_oficial,Gravedad oficial (municipal),Categoría (0-100),Naboo/UNGRD,0,2026-09-04
27,municipal,Chocó,Nuquí,Gravedad municipal,gravedad_oficial,Gravedad oficial (municipal),Categoría (0-100),Naboo/UNGRD,0,2026-09-04
27,municipal,Chocó,Nóvita,Gravedad municipal,gravedad_oficial,Gravedad oficial (municipal),Categoría (0-100),Naboo/UNGRD,80,2026-09-04
27,municipal,Chocó,Quibdó,Gravedad municipal,gravedad_oficial,Gravedad oficial (municipal),Categoría (0-100),Naboo/UNGRD,100,2026-09-04
27,municipal,Chocó,Riosucio,Gravedad municipal,gravedad_oficial,Gravedad oficial (municipal),Categoría (0-100),Naboo/UNGRD,0,2026-09-04
27,municipal,Chocó,Río Iró,Gravedad municipal,gravedad_oficial,Gravedad oficial (municipal),Categoría (0-100),Naboo/UNGRD,80,2026-09-04
27,municipal,Chocó,Río Quito,Gravedad municipal,gravedad_oficial,Gravedad oficial (municipal),Categoría (0-100),Naboo/UNGRD,0,2026-09-04
27,municipal,Chocó,San José del Palmar,Gravedad municipal,gravedad_oficial,Gravedad oficial (municipal),Categoría (0-100),Naboo/UNGRD,100,2026-09-04
27,municipal,Chocó,Sipí,Gravedad municipal,gravedad_oficial,Gravedad oficial (municipal),Categoría (0-100),Naboo/UNGRD,60,2026-09-04
27,municipal,Chocó,Tadó,Gravedad municipal,gravedad_oficial,Gravedad oficial (municipal),Categoría (0-100),Naboo/UNGRD,0,2026-09-04
27,municipal,Chocó,Unión Panamericana,Gravedad municipal,gravedad_oficial,Gravedad oficial (municipal),Categoría (0-100),Naboo/UNGRD,0,2026-09-04
25,municipal,Cundinamarca,Albán,Gravedad municipal,gravedad_oficial,Gravedad oficial (municipal),Categoría (0-100),Naboo/UNGRD,0,2026-09-04
25,municipal,Cundinamarca,Anapoima,Gravedad municipal,gravedad_oficial,Gravedad oficial (municipal),Categoría (0-100),Naboo/UNGRD,40,2026-09-04
25,municipal,Cundinamarca,Anolaima,Gravedad municipal,gravedad_oficial,Gravedad oficial (municipal),Categoría (0-100),Naboo/UNGRD,0,2026-09-04
25,municipal,Cundinamarca,Apulo,Gravedad municipal,gravedad_oficial,Gravedad oficial (municipal),Categoría (0-100),Naboo/UNGRD,60,2026-09-04
25,municipal,Cundinamarca,Bituima,Gravedad municipal,gravedad_oficial,Gravedad oficial (municipal),Categoría (0-100),Naboo/UNGRD,0,2026-09-04
25,municipal,Cundinamarca,Bojacá,Gravedad municipal,gravedad_oficial,Gravedad oficial (municipal),Categoría (0-100),Naboo/UNGRD,0,2026-09-04
25,municipal,Cundinamarca,Cabrera,Gravedad municipal,gravedad_oficial,Gravedad oficial (municipal),Categoría (0-100),Naboo/UNGRD,60,2026-09-04
25,municipal,Cundinamarca,Cajicá,Gravedad municipal,gravedad_oficial,Gravedad oficial (municipal),Categoría (0-100),Naboo/UNGRD,0,2026-09-04
25,municipal,Cundinamarca,Choachí,Gravedad municipal,gravedad_oficial,Gravedad oficial (municipal),Categoría (0-100),Naboo/UNGRD,0,2026-09-04
25,municipal,Cundinamarca,Chía,Gravedad municipal,gravedad_oficial,Gravedad oficial (municipal),Categoría (0-100),Naboo/UNGRD,20,2026-09-04
25,municipal,Cundinamarca,Cogua,Gravedad municipal,gravedad_oficial,Gravedad oficial (municipal),Categoría (0-100),Naboo/UNGRD,0,2026-09-04
25,municipal,Cundinamarca,Cota,Gravedad municipal,gravedad_oficial,Gravedad oficial (municipal),Categoría (0-100),Naboo/UNGRD,0,2026-09-04
25,municipal,Cundinamarca,Cucunubá,Gravedad municipal,gravedad_oficial,Gravedad oficial (municipal),Categoría (0-100),Naboo/UNGRD,0,2026-09-04
25,municipal,Cundinamarca,Cáqueza,Gravedad municipal,gravedad_oficial,Gravedad oficial (municipal),Categoría (0-100),Naboo/UNGRD,60,2026-09-04
25,municipal,Cundinamarca,Funza,Gravedad municipal,gravedad_oficial,Gravedad oficial (municipal),Categoría (0-100),Naboo/UNGRD,20,2026-09-04
25,municipal,Cundinamarca,Fusagasugá,Gravedad municipal,gravedad_oficial,Gravedad oficial (municipal),Categoría (0-100),Naboo/UNGRD,0,2026-09-04
25,municipal,Cundinamarca,Fúquene,Gravedad municipal,gravedad_oficial,Gravedad oficial (municipal),Categoría (0-100),Naboo/UNGRD,0,2026-09-04
25,municipal,Cundinamarca,Girardot,Gravedad municipal,gravedad_oficial,Gravedad oficial (municipal),Categoría (0-100),Naboo/UNGRD,0,2026-09-04
25,municipal,Cundinamarca,Granada,Gravedad municipal,gravedad_oficial,Gravedad oficial (municipal),Categoría (0-100),Naboo/UNGRD,0,2026-09-04
25,municipal,Cundinamarca,Guachetá,Gravedad municipal,gravedad_oficial,Gravedad oficial (municipal),Categoría (0-100),Naboo/UNGRD,0,2026-09-04
25,municipal,Cundinamarca,Guaduas,Gravedad municipal,gravedad_oficial,Gravedad oficial (municipal),Categoría (0-100),Naboo/UNGRD,0,2026-09-04
25,municipal,Cundinamarca,Guataquí,Gravedad municipal,gravedad_oficial,Gravedad oficial (municipal),Categoría (0-100),Naboo/UNGRD,0,2026-09-04
25,municipal,Cundinamarca,Guatavita,Gravedad municipal,gravedad_oficial,Gravedad oficial (municipal),Categoría (0-100),Naboo/UNGRD,0,2026-09-04
25,municipal,Cundinamarca,La Mesa,Gravedad municipal,gravedad_oficial,Gravedad oficial (municipal),Categoría (0-100),Naboo/UNGRD,0,2026-09-04
25,municipal,Cundinamarca,La Palma,Gravedad municipal,gravedad_oficial,Gravedad oficial (municipal),Categoría (0-100),Naboo/UNGRD,0,2026-09-04
25,municipal,Cundinamarca,La Peña,Gravedad municipal,gravedad_oficial,Gravedad oficial (municipal),Categoría (0-100),Naboo/UNGRD,0,2026-09-04
25,municipal,Cundinamarca,Madrid,Gravedad municipal,gravedad_oficial,Gravedad oficial (municipal),Categoría (0-100),Naboo/UNGRD,20,2026-09-04
25,municipal,Cundinamarca,Medina,Gravedad municipal,gravedad_oficial,Gravedad oficial (municipal),Categoría (0-100),Naboo/UNGRD,0,2026-09-04
25,municipal,Cundinamarca,Mosquera,Gravedad municipal,gravedad_oficial,Gravedad oficial (municipal),Categoría (0-100),Naboo/UNGRD,20,2026-09-04
25,municipal,Cundinamarca,Nilo,Gravedad municipal,gravedad_oficial,Gravedad oficial (municipal),Categoría (0-100),Naboo/UNGRD,20,2026-09-04
25,municipal,Cundinamarca,Nimaima,Gravedad municipal,gravedad_oficial,Gravedad oficial (municipal),Categoría (0-100),Naboo/UNGRD,0,2026-09-04
25,municipal,Cundinamarca,Nocaima,Gravedad municipal,gravedad_oficial,Gravedad oficial (municipal),Categoría (0-100),Naboo/UNGRD,0,2026-09-04
25,municipal,Cundinamarca,Pacho,Gravedad municipal,gravedad_oficial,Gravedad oficial (municipal),Categoría (0-100),Naboo/UNGRD,0,2026-09-04
25,municipal,Cundinamarca,Paratebueno,Gravedad municipal,gravedad_oficial,Gravedad oficial (municipal),Categoría (0-100),Naboo/UNGRD,0,2026-09-04
25,municipal,Cundinamarca,Pasca,Gravedad municipal,gravedad_oficial,Gravedad oficial (municipal),Categoría (0-100),Naboo/UNGRD,0,2026-09-04
25,municipal,Cundinamarca,Puerto Salgar,Gravedad municipal,gravedad_oficial,Gravedad oficial (municipal),Categoría (0-100),Naboo/UNGRD,20,2026-09-04
25,municipal,Cundinamarca,Pulí,Gravedad municipal,gravedad_oficial,Gravedad oficial (municipal),Categoría (0-100),Naboo/UNGRD,0,2026-09-04
25,municipal,Cundinamarca,Ricaurte,Gravedad municipal,gravedad_oficial,Gravedad oficial (municipal),Categoría (0-100),Naboo/UNGRD,20,2026-09-04
25,municipal,Cundinamarca,San Antonio del Tequendama,Gravedad municipal,gravedad_oficial,Gravedad oficial (municipal),Categoría (0-100),Naboo/UNGRD,0,2026-09-04
25,municipal,Cundinamarca,San Francisco,Gravedad municipal,gravedad_oficial,Gravedad oficial (municipal),Categoría (0-100),Naboo/UNGRD,0,2026-09-04
25,municipal,Cundinamarca,San Juan de Rioseco,Gravedad municipal,gravedad_oficial,Gravedad oficial (municipal),Categoría (0-100),Naboo/UNGRD,20,2026-09-04
25,municipal,Cundinamarca,Sasaima,Gravedad municipal,gravedad_oficial,Gravedad oficial (municipal),Categoría (0-100),Naboo/UNGRD,40,2026-09-04
25,municipal,Cundinamarca,Soacha,Gravedad municipal,gravedad_oficial,Gravedad oficial (municipal),Categoría (0-100),Naboo/UNGRD,20,2026-09-04
25,municipal,Cundinamarca,Sopó,Gravedad municipal,gravedad_oficial,Gravedad oficial (municipal),Categoría (0-100),Naboo/UNGRD,20,2026-09-04
25,municipal,Cundinamarca,Subachoque,Gravedad municipal,gravedad_oficial,Gravedad oficial (municipal),Categoría (0-100),Naboo/UNGRD,0,2026-09-04
25,municipal,Cundinamarca,Suesca,Gravedad municipal,gravedad_oficial,Gravedad oficial (municipal),Categoría (0-100),Naboo/UNGRD,20,2026-09-04
25,municipal,Cundinamarca,Tabio,Gravedad municipal,gravedad_oficial,Gravedad oficial (municipal),Categoría (0-100),Naboo/UNGRD,20,2026-09-04
25,municipal,Cundinamarca,Tena,Gravedad municipal,gravedad_oficial,Gravedad oficial (municipal),Categoría (0-100),Naboo/UNGRD,80,2026-09-04
25,municipal,Cundinamarca,Tenjo,Gravedad municipal,gravedad_oficial,Gravedad oficial (municipal),Categoría (0-100),Naboo/UNGRD,40,2026-09-04
25,municipal,Cundinamarca,Tibacuy,Gravedad municipal,gravedad_oficial,Gravedad oficial (municipal),Categoría (0-100),Naboo/UNGRD,0,2026-09-04
25,municipal,Cundinamarca,Tocaima,Gravedad municipal,gravedad_oficial,Gravedad oficial (municipal),Categoría (0-100),Naboo/UNGRD,20,2026-09-04
25,municipal,Cundinamarca,Ubalá,Gravedad municipal,gravedad_oficial,Gravedad oficial (municipal),Categoría (0-100),Naboo/UNGRD,0,2026-09-04
25,municipal,Cundinamarca,Ubaque,Gravedad municipal,gravedad_oficial,Gravedad oficial (municipal),Categoría (0-100),Naboo/UNGRD,60,2026-09-04
25,municipal,Cundinamarca,Vergara,Gravedad municipal,gravedad_oficial,Gravedad oficial (municipal),Categoría (0-100),Naboo/UNGRD,0,2026-09-04
25,municipal,Cundinamarca,Villeta,Gravedad municipal,gravedad_oficial,Gravedad oficial (municipal),Categoría (0-100),Naboo/UNGRD,0,2026-09-04
25,municipal,Cundinamarca,Yacopí,Gravedad municipal,gravedad_oficial,Gravedad oficial (municipal),Categoría (0-100),Naboo/UNGRD,0,2026-09-04
25,municipal,Cundinamarca,Zipacón,Gravedad municipal,gravedad_oficial,Gravedad oficial (municipal),Categoría (0-100),Naboo/UNGRD,0,2026-09-04
25,municipal,Cundinamarca,Zipaquirá,Gravedad municipal,gravedad_oficial,Gravedad oficial (municipal),Categoría (0-100),Naboo/UNGRD,0,2026-09-04
23,municipal,Córdoba,Montería,Gravedad municipal,gravedad_oficial,Gravedad oficial (municipal),Categoría (0-100),Naboo/UNGRD,0,2026-09-04
41,municipal,Huila,Acevedo,Gravedad municipal,gravedad_oficial,Gravedad oficial (municipal),Categoría (0-100),Naboo/UNGRD,0,2026-09-04
41,municipal,Huila,Agrado,Gravedad municipal,gravedad_oficial,Gravedad oficial (municipal),Categoría (0-100),Naboo/UNGRD,0,2026-09-04
41,municipal,Huila,Aipe,Gravedad municipal,gravedad_oficial,Gravedad oficial (municipal),Categoría (0-100),Naboo/UNGRD,0,2026-09-04
41,municipal,Huila,Baraya,Gravedad municipal,gravedad_oficial,Gravedad oficial (municipal),Categoría (0-100),Naboo/UNGRD,0,2026-09-04
41,municipal,Huila,Campoalegre,Gravedad municipal,gravedad_oficial,Gravedad oficial (municipal),Categoría (0-100),Naboo/UNGRD,0,2026-09-04
41,municipal,Huila,Colombia,Gravedad municipal,gravedad_oficial,Gravedad oficial (municipal),Categoría (0-100),Naboo/UNGRD,0,2026-09-04
41,municipal,Huila,El Pital,Gravedad municipal,gravedad_oficial,Gravedad oficial (municipal),Categoría (0-100),Naboo/UNGRD,0,2026-09-04
41,municipal,Huila,Elías,Gravedad municipal,gravedad_oficial,Gravedad oficial (municipal),Categoría (0-100),Naboo/UNGRD,0,2026-09-04
41,municipal,Huila,Garzón,Gravedad municipal,gravedad_oficial,Gravedad oficial (municipal),Categoría (0-100),Naboo/UNGRD,0,2026-09-04
41,municipal,Huila,Gigante,Gravedad municipal,gravedad_oficial,Gravedad oficial (municipal),Categoría (0-100),Naboo/UNGRD,0,2026-09-04
41,municipal,Huila,Hobo,Gravedad municipal,gravedad_oficial,Gravedad oficial (municipal),Categoría (0-100),Naboo/UNGRD,0,2026-09-04
41,municipal,Huila,La Plata,Gravedad municipal,gravedad_oficial,Gravedad oficial (municipal),Categoría (0-100),Naboo/UNGRD,0,2026-09-04
41,municipal,Huila,Neiva,Gravedad municipal,gravedad_oficial,Gravedad oficial (municipal),Categoría (0-100),Naboo/UNGRD,0,2026-09-04
41,municipal,Huila,Paicol,Gravedad municipal,gravedad_oficial,Gravedad oficial (municipal),Categoría (0-100),Naboo/UNGRD,0,2026-09-04
41,municipal,Huila,Palermo,Gravedad municipal,gravedad_oficial,Gravedad oficial (municipal),Categoría (0-100),Naboo/UNGRD,0,2026-09-04
41,municipal,Huila,Pitalito,Gravedad municipal,gravedad_oficial,Gravedad oficial (municipal),Categoría (0-100),Naboo/UNGRD,0,2026-09-04
41,municipal,Huila,Rivera,Gravedad municipal,gravedad_oficial,Gravedad oficial (municipal),Categoría (0-100),Naboo/UNGRD,0,2026-09-04
41,municipal,Huila,Santa María,Gravedad municipal,gravedad_oficial,Gravedad oficial (municipal),Categoría (0-100),Naboo/UNGRD,0,2026-09-04
41,municipal,Huila,Tello,Gravedad municipal,gravedad_oficial,Gravedad oficial (municipal),Categoría (0-100),Naboo/UNGRD,0,2026-09-04
41,municipal,Huila,Teruel,Gravedad municipal,gravedad_oficial,Gravedad oficial (municipal),Categoría (0-100),Naboo/UNGRD,0,2026-09-04
41,municipal,Huila,Timaná,Gravedad municipal,gravedad_oficial,Gravedad oficial (municipal),Categoría (0-100),Naboo/UNGRD,0,2026-09-04
41,municipal,Huila,Villavieja,Gravedad municipal,gravedad_oficial,Gravedad oficial (municipal),Categoría (0-100),Naboo/UNGRD,0,2026-09-04
41,municipal,Huila,Íquira,Gravedad municipal,gravedad_oficial,Gravedad oficial (municipal),Categoría (0-100),Naboo/UNGRD,0,2026-09-04
44,municipal,La Guajira,Riohacha,Gravedad municipal,gravedad_oficial,Gravedad oficial (municipal),Categoría (0-100),Naboo/UNGRD,0,2026-09-04
47,municipal,Magdalena,Santa Marta,Gravedad municipal,gravedad_oficial,Gravedad oficial (municipal),Categoría (0-100),Naboo/UNGRD,0,2026-09-04
50,municipal,Meta,Acacías,Gravedad municipal,gravedad_oficial,Gravedad oficial (municipal),Categoría (0-100),Naboo/UNGRD,0,2026-09-04
50,municipal,Meta,Granada,Gravedad municipal,gravedad_oficial,Gravedad oficial (municipal),Categoría (0-100),Naboo/UNGRD,0,2026-09-04
50,municipal,Meta,Villavicencio,Gravedad municipal,gravedad_oficial,Gravedad oficial (municipal),Categoría (0-100),Naboo/UNGRD,0,2026-09-04
52,municipal,Nariño,Barbacoas,Gravedad municipal,gravedad_oficial,Gravedad oficial (municipal),Categoría (0-100),Naboo/UNGRD,0,2026-09-04
52,municipal,Nariño,Chachagüí,Gravedad municipal,gravedad_oficial,Gravedad oficial (municipal),Categoría (0-100),Naboo/UNGRD,0,2026-09-04
52,municipal,Nariño,Consacá,Gravedad municipal,gravedad_oficial,Gravedad oficial (municipal),Categoría (0-100),Naboo/UNGRD,0,2026-09-04
52,municipal,Nariño,Cuaspud,Gravedad municipal,gravedad_oficial,Gravedad oficial (municipal),Categoría (0-100),Naboo/UNGRD,0,2026-09-04
52,municipal,Nariño,Córdoba,Gravedad municipal,gravedad_oficial,Gravedad oficial (municipal),Categoría (0-100),Naboo/UNGRD,0,2026-09-04
52,municipal,Nariño,El Peñol,Gravedad municipal,gravedad_oficial,Gravedad oficial (municipal),Categoría (0-100),Naboo/UNGRD,0,2026-09-04
52,municipal,Nariño,Francisco Pizarro,Gravedad municipal,gravedad_oficial,Gravedad oficial (municipal),Categoría (0-100),Naboo/UNGRD,0,2026-09-04
52,municipal,Nariño,Funes,Gravedad municipal,gravedad_oficial,Gravedad oficial (municipal),Categoría (0-100),Naboo/UNGRD,0,2026-09-04
52,municipal,Nariño,Ipiales,Gravedad municipal,gravedad_oficial,Gravedad oficial (municipal),Categoría (0-100),Naboo/UNGRD,0,2026-09-04
52,municipal,Nariño,La Cruz,Gravedad municipal,gravedad_oficial,Gravedad oficial (municipal),Categoría (0-100),Naboo/UNGRD,0,2026-09-04
52,municipal,Nariño,Los Andes,Gravedad municipal,gravedad_oficial,Gravedad oficial (municipal),Categoría (0-100),Naboo/UNGRD,0,2026-09-04
52,municipal,Nariño,Mosquera,Gravedad municipal,gravedad_oficial,Gravedad oficial (municipal),Categoría (0-100),Naboo/UNGRD,0,2026-09-04
52,municipal,Nariño,Pasto,Gravedad municipal,gravedad_oficial,Gravedad oficial (municipal),Categoría (0-100),Naboo/UNGRD,0,2026-09-04
52,municipal,Nariño,Ricaurte,Gravedad municipal,gravedad_oficial,Gravedad oficial (municipal),Categoría (0-100),Naboo/UNGRD,0,2026-09-04
52,municipal,Nariño,Samaniego,Gravedad municipal,gravedad_oficial,Gravedad oficial (municipal),Categoría (0-100),Naboo/UNGRD,0,2026-09-04
52,municipal,Nariño,Sandoná,Gravedad municipal,gravedad_oficial,Gravedad oficial (municipal),Categoría (0-100),Naboo/UNGRD,0,2026-09-04
52,municipal,Nariño,Tumaco,Gravedad municipal,gravedad_oficial,Gravedad oficial (municipal),Categoría (0-100),Naboo/UNGRD,0,2026-09-04
54,municipal,Norte de Santander,Chinácota,Gravedad municipal,gravedad_oficial,Gravedad oficial (municipal),Categoría (0-100),Naboo/UNGRD,0,2026-09-04
54,municipal,Norte de Santander,Cúcuta,Gravedad municipal,gravedad_oficial,Gravedad oficial (municipal),Categoría (0-100),Naboo/UNGRD,0,2026-09-04
54,municipal,Norte de Santander,El Tarra,Gravedad municipal,gravedad_oficial,Gravedad oficial (municipal),Categoría (0-100),Naboo/UNGRD,0,2026-09-04
54,municipal,Norte de Santander,Los Patios,Gravedad municipal,gravedad_oficial,Gravedad oficial (municipal),Categoría (0-100),Naboo/UNGRD,0,2026-09-04
54,municipal,Norte de Santander,Lourdes,Gravedad municipal,gravedad_oficial,Gravedad oficial (municipal),Categoría (0-100),Naboo/UNGRD,0,2026-09-04
54,municipal,Norte de Santander,Pamplona,Gravedad municipal,gravedad_oficial,Gravedad oficial (municipal),Categoría (0-100),Naboo/UNGRD,0,2026-09-04
54,municipal,Norte de Santander,Silos,Gravedad municipal,gravedad_oficial,Gravedad oficial (municipal),Categoría (0-100),Naboo/UNGRD,0,2026-09-04
86,municipal,Putumayo,Mocoa,Gravedad municipal,gravedad_oficial,Gravedad oficial (municipal),Categoría (0-100),Naboo/UNGRD,0,2026-09-04
63,municipal,Quindío,Armenia,Gravedad municipal,gravedad_oficial,Gravedad oficial (municipal),Categoría (0-100),Naboo/UNGRD,60,2026-09-04
63,municipal,Quindío,Buenavista,Gravedad municipal,gravedad_oficial,Gravedad oficial (municipal),Categoría (0-100),Naboo/UNGRD,0,2026-09-04
63,municipal,Quindío,Calarcá,Gravedad municipal,gravedad_oficial,Gravedad oficial (municipal),Categoría (0-100),Naboo/UNGRD,0,2026-09-04
63,municipal,Quindío,Circasia,Gravedad municipal,gravedad_oficial,Gravedad oficial (municipal),Categoría (0-100),Naboo/UNGRD,0,2026-09-04
63,municipal,Quindío,Córdoba,Gravedad municipal,gravedad_oficial,Gravedad oficial (municipal),Categoría (0-100),Naboo/UNGRD,0,2026-09-04
63,municipal,Quindío,Filandia,Gravedad municipal,gravedad_oficial,Gravedad oficial (municipal),Categoría (0-100),Naboo/UNGRD,0,2026-09-04
63,municipal,Quindío,Génova,Gravedad municipal,gravedad_oficial,Gravedad oficial (municipal),Categoría (0-100),Naboo/UNGRD,0,2026-09-04
63,municipal,Quindío,La Tebaida,Gravedad municipal,gravedad_oficial,Gravedad oficial (municipal),Categoría (0-100),Naboo/UNGRD,0,2026-09-04
63,municipal,Quindío,Montenegro,Gravedad municipal,gravedad_oficial,Gravedad oficial (municipal),Categoría (0-100),Naboo/UNGRD,0,2026-09-04
63,municipal,Quindío,Pijao,Gravedad municipal,gravedad_oficial,Gravedad oficial (municipal),Categoría (0-100),Naboo/UNGRD,0,2026-09-04
63,municipal,Quindío,Quimbaya,Gravedad municipal,gravedad_oficial,Gravedad oficial (municipal),Categoría (0-100),Naboo/UNGRD,0,2026-09-04
63,municipal,Quindío,Salento,Gravedad municipal,gravedad_oficial,Gravedad oficial (municipal),Categoría (0-100),Naboo/UNGRD,0,2026-09-04
66,municipal,Risaralda,Apía,Gravedad municipal,gravedad_oficial,Gravedad oficial (municipal),Categoría (0-100),Naboo/UNGRD,0,2026-09-04
66,municipal,Risaralda,Balboa,Gravedad municipal,gravedad_oficial,Gravedad oficial (municipal),Categoría (0-100),Naboo/UNGRD,0,2026-09-04
66,municipal,Risaralda,Belén de Umbría,Gravedad municipal,gravedad_oficial,Gravedad oficial (municipal),Categoría (0-100),Naboo/UNGRD,60,2026-09-04
66,municipal,Risaralda,Dosquebradas,Gravedad municipal,gravedad_oficial,Gravedad oficial (municipal),Categoría (0-100),Naboo/UNGRD,60,2026-09-04
66,municipal,Risaralda,Guática,Gravedad municipal,gravedad_oficial,Gravedad oficial (municipal),Categoría (0-100),Naboo/UNGRD,0,2026-09-04
66,municipal,Risaralda,La Celia,Gravedad municipal,gravedad_oficial,Gravedad oficial (municipal),Categoría (0-100),Naboo/UNGRD,60,2026-09-04
66,municipal,Risaralda,La Virginia,Gravedad municipal,gravedad_oficial,Gravedad oficial (municipal),Categoría (0-100),Naboo/UNGRD,0,2026-09-04
66,municipal,Risaralda,Marsella,Gravedad municipal,gravedad_oficial,Gravedad oficial (municipal),Categoría (0-100),Naboo/UNGRD,0,2026-09-04
66,municipal,Risaralda,Mistrató,Gravedad municipal,gravedad_oficial,Gravedad oficial (municipal),Categoría (0-100),Naboo/UNGRD,0,2026-09-04
66,municipal,Risaralda,Pereira,Gravedad municipal,gravedad_oficial,Gravedad oficial (municipal),Categoría (0-100),Naboo/UNGRD,100,2026-09-04
66,municipal,Risaralda,Pueblo Rico,Gravedad municipal,gravedad_oficial,Gravedad oficial (municipal),Categoría (0-100),Naboo/UNGRD,0,2026-09-04
66,municipal,Risaralda,Quinchía,Gravedad municipal,gravedad_oficial,Gravedad oficial (municipal),Categoría (0-100),Naboo/UNGRD,0,2026-09-04
66,municipal,Risaralda,Santa Rosa de Cabal,Gravedad municipal,gravedad_oficial,Gravedad oficial (municipal),Categoría (0-100),Naboo/UNGRD,0,2026-09-04
66,municipal,Risaralda,Santuario,Gravedad municipal,gravedad_oficial,Gravedad oficial (municipal),Categoría (0-100),Naboo/UNGRD,60,2026-09-04
68,municipal,Santander,Barrancabermeja,Gravedad municipal,gravedad_oficial,Gravedad oficial (municipal),Categoría (0-100),Naboo/UNGRD,0,2026-09-04
68,municipal,Santander,Bucaramanga,Gravedad municipal,gravedad_oficial,Gravedad oficial (municipal),Categoría (0-100),Naboo/UNGRD,0,2026-09-04
68,municipal,Santander,Confines,Gravedad municipal,gravedad_oficial,Gravedad oficial (municipal),Categoría (0-100),Naboo/UNGRD,0,2026-09-04
68,municipal,Santander,Coromoro,Gravedad municipal,gravedad_oficial,Gravedad oficial (municipal),Categoría (0-100),Naboo/UNGRD,0,2026-09-04
68,municipal,Santander,Floridablanca,Gravedad municipal,gravedad_oficial,Gravedad oficial (municipal),Categoría (0-100),Naboo/UNGRD,0,2026-09-04
70,municipal,Sucre,Coveñas,Gravedad municipal,gravedad_oficial,Gravedad oficial (municipal),Categoría (0-100),Naboo/UNGRD,0,2026-09-04
70,municipal,Sucre,Sincelejo,Gravedad municipal,gravedad_oficial,Gravedad oficial (municipal),Categoría (0-100),Naboo/UNGRD,0,2026-09-04
73,municipal,Tolima,Alpujarra,Gravedad municipal,gravedad_oficial,Gravedad oficial (municipal),Categoría (0-100),Naboo/UNGRD,0,2026-09-04
73,municipal,Tolima,Alvarado,Gravedad municipal,gravedad_oficial,Gravedad oficial (municipal),Categoría (0-100),Naboo/UNGRD,0,2026-09-04
73,municipal,Tolima,Anzoátegui,Gravedad municipal,gravedad_oficial,Gravedad oficial (municipal),Categoría (0-100),Naboo/UNGRD,0,2026-09-04
73,municipal,Tolima,Armero Guayabal,Gravedad municipal,gravedad_oficial,Gravedad oficial (municipal),Categoría (0-100),Naboo/UNGRD,0,2026-09-04
73,municipal,Tolima,Ataco,Gravedad municipal,gravedad_oficial,Gravedad oficial (municipal),Categoría (0-100),Naboo/UNGRD,0,2026-09-04
73,municipal,Tolima,Cajamarca,Gravedad municipal,gravedad_oficial,Gravedad oficial (municipal),Categoría (0-100),Naboo/UNGRD,0,2026-09-04
73,municipal,Tolima,Casabianca,Gravedad municipal,gravedad_oficial,Gravedad oficial (municipal),Categoría (0-100),Naboo/UNGRD,0,2026-09-04
73,municipal,Tolima,Chaparral,Gravedad municipal,gravedad_oficial,Gravedad oficial (municipal),Categoría (0-100),Naboo/UNGRD,0,2026-09-04
73,municipal,Tolima,Coello,Gravedad municipal,gravedad_oficial,Gravedad oficial (municipal),Categoría (0-100),Naboo/UNGRD,0,2026-09-04
73,municipal,Tolima,Cunday,Gravedad municipal,gravedad_oficial,Gravedad oficial (municipal),Categoría (0-100),Naboo/UNGRD,0,2026-09-04
73,municipal,Tolima,Dolores,Gravedad municipal,gravedad_oficial,Gravedad oficial (municipal),Categoría (0-100),Naboo/UNGRD,0,2026-09-04
73,municipal,Tolima,Espinal,Gravedad municipal,gravedad_oficial,Gravedad oficial (municipal),Categoría (0-100),Naboo/UNGRD,0,2026-09-04
73,municipal,Tolima,Falan,Gravedad municipal,gravedad_oficial,Gravedad oficial (municipal),Categoría (0-100),Naboo/UNGRD,0,2026-09-04
73,municipal,Tolima,Flandes,Gravedad municipal,gravedad_oficial,Gravedad oficial (municipal),Categoría (0-100),Naboo/UNGRD,0,2026-09-04
73,municipal,Tolima,Fresno,Gravedad municipal,gravedad_oficial,Gravedad oficial (municipal),Categoría (0-100),Naboo/UNGRD,0,2026-09-04
73,municipal,Tolima,Herveo,Gravedad municipal,gravedad_oficial,Gravedad oficial (municipal),Categoría (0-100),Naboo/UNGRD,0,2026-09-04
73,municipal,Tolima,Honda,Gravedad municipal,gravedad_oficial,Gravedad oficial (municipal),Categoría (0-100),Naboo/UNGRD,0,2026-09-04
73,municipal,Tolima,Ibagué,Gravedad municipal,gravedad_oficial,Gravedad oficial (municipal),Categoría (0-100),Naboo/UNGRD,0,2026-09-04
73,municipal,Tolima,Icononzo,Gravedad municipal,gravedad_oficial,Gravedad oficial (municipal),Categoría (0-100),Naboo/UNGRD,0,2026-09-04
73,municipal,Tolima,Lérida,Gravedad municipal,gravedad_oficial,Gravedad oficial (municipal),Categoría (0-100),Naboo/UNGRD,0,2026-09-04
73,municipal,Tolima,Líbano,Gravedad municipal,gravedad_oficial,Gravedad oficial (municipal),Categoría (0-100),Naboo/UNGRD,0,2026-09-04
73,municipal,Tolima,Mariquita,Gravedad municipal,gravedad_oficial,Gravedad oficial (municipal),Categoría (0-100),Naboo/UNGRD,0,2026-09-04
73,municipal,Tolima,Melgar,Gravedad municipal,gravedad_oficial,Gravedad oficial (municipal),Categoría (0-100),Naboo/UNGRD,0,2026-09-04
73,municipal,Tolima,Murillo,Gravedad municipal,gravedad_oficial,Gravedad oficial (municipal),Categoría (0-100),Naboo/UNGRD,0,2026-09-04
73,municipal,Tolima,Natagaima,Gravedad municipal,gravedad_oficial,Gravedad oficial (municipal),Categoría (0-100),Naboo/UNGRD,0,2026-09-04
73,municipal,Tolima,Ortega,Gravedad municipal,gravedad_oficial,Gravedad oficial (municipal),Categoría (0-100),Naboo/UNGRD,0,2026-09-04
73,municipal,Tolima,Palocabildo,Gravedad municipal,gravedad_oficial,Gravedad oficial (municipal),Categoría (0-100),Naboo/UNGRD,0,2026-09-04
73,municipal,Tolima,Piedras,Gravedad municipal,gravedad_oficial,Gravedad oficial (municipal),Categoría (0-100),Naboo/UNGRD,0,2026-09-04
73,municipal,Tolima,Planadas,Gravedad municipal,gravedad_oficial,Gravedad oficial (municipal),Categoría (0-100),Naboo/UNGRD,0,2026-09-04
73,municipal,Tolima,Prado,Gravedad municipal,gravedad_oficial,Gravedad oficial (municipal),Categoría (0-100),Naboo/UNGRD,0,2026-09-04
73,municipal,Tolima,Purificación,Gravedad municipal,gravedad_oficial,Gravedad oficial (municipal),Categoría (0-100),Naboo/UNGRD,0,2026-09-04
73,municipal,Tolima,Rioblanco,Gravedad municipal,gravedad_oficial,Gravedad oficial (municipal),Categoría (0-100),Naboo/UNGRD,0,2026-09-04
73,municipal,Tolima,Roncesvalles,Gravedad municipal,gravedad_oficial,Gravedad oficial (municipal),Categoría (0-100),Naboo/UNGRD,0,2026-09-04
73,municipal,Tolima,Rovira,Gravedad municipal,gravedad_oficial,Gravedad oficial (municipal),Categoría (0-100),Naboo/UNGRD,0,2026-09-04
73,municipal,Tolima,Saldaña,Gravedad municipal,gravedad_oficial,Gravedad oficial (municipal),Categoría (0-100),Naboo/UNGRD,0,2026-09-04
73,municipal,Tolima,San Antonio,Gravedad municipal,gravedad_oficial,Gravedad oficial (municipal),Categoría (0-100),Naboo/UNGRD,0,2026-09-04
73,municipal,Tolima,San Luis,Gravedad municipal,gravedad_oficial,Gravedad oficial (municipal),Categoría (0-100),Naboo/UNGRD,0,2026-09-04
73,municipal,Tolima,Santa Isabel,Gravedad municipal,gravedad_oficial,Gravedad oficial (municipal),Categoría (0-100),Naboo/UNGRD,0,2026-09-04
73,municipal,Tolima,Suárez,Gravedad municipal,gravedad_oficial,Gravedad oficial (municipal),Categoría (0-100),Naboo/UNGRD,0,2026-09-04
73,municipal,Tolima,Venadillo,Gravedad municipal,gravedad_oficial,Gravedad oficial (municipal),Categoría (0-100),Naboo/UNGRD,0,2026-09-04
73,municipal,Tolima,Villahermosa,Gravedad municipal,gravedad_oficial,Gravedad oficial (municipal),Categoría (0-100),Naboo/UNGRD,0,2026-09-04
73,municipal,Tolima,Villarrica,Gravedad municipal,gravedad_oficial,Gravedad oficial (municipal),Categoría (0-100),Naboo/UNGRD,0,2026-09-04
76,municipal,Valle del Cauca,Alcalá,Gravedad municipal,gravedad_oficial,Gravedad oficial (municipal),Categoría (0-100),Naboo/UNGRD,0,2026-09-04
76,municipal,Valle del Cauca,Andalucía,Gravedad municipal,gravedad_oficial,Gravedad oficial (municipal),Categoría (0-100),Naboo/UNGRD,0,2026-09-04
76,municipal,Valle del Cauca,Ansermanuevo,Gravedad municipal,gravedad_oficial,Gravedad oficial (municipal),Categoría (0-100),Naboo/UNGRD,0,2026-09-04
76,municipal,Valle del Cauca,Argelia,Gravedad municipal,gravedad_oficial,Gravedad oficial (municipal),Categoría (0-100),Naboo/UNGRD,0,2026-09-04
76,municipal,Valle del Cauca,Bolívar,Gravedad municipal,gravedad_oficial,Gravedad oficial (municipal),Categoría (0-100),Naboo/UNGRD,0,2026-09-04
76,municipal,Valle del Cauca,Buenaventura,Gravedad municipal,gravedad_oficial,Gravedad oficial (municipal),Categoría (0-100),Naboo/UNGRD,80,2026-09-04
76,municipal,Valle del Cauca,Buga,Gravedad municipal,gravedad_oficial,Gravedad oficial (municipal),Categoría (0-100),Naboo/UNGRD,60,2026-09-04
76,municipal,Valle del Cauca,Bugalagrande,Gravedad municipal,gravedad_oficial,Gravedad oficial (municipal),Categoría (0-100),Naboo/UNGRD,0,2026-09-04
76,municipal,Valle del Cauca,Caicedonia,Gravedad municipal,gravedad_oficial,Gravedad oficial (municipal),Categoría (0-100),Naboo/UNGRD,0,2026-09-04
76,municipal,Valle del Cauca,Cali,Gravedad municipal,gravedad_oficial,Gravedad oficial (municipal),Categoría (0-100),Naboo/UNGRD,100,2026-09-04
76,municipal,Valle del Cauca,Calima-El Darién,Gravedad municipal,gravedad_oficial,Gravedad oficial (municipal),Categoría (0-100),Naboo/UNGRD,100,2026-09-04
76,municipal,Valle del Cauca,Candelaria,Gravedad municipal,gravedad_oficial,Gravedad oficial (municipal),Categoría (0-100),Naboo/UNGRD,0,2026-09-04
76,municipal,Valle del Cauca,Cartago,Gravedad municipal,gravedad_oficial,Gravedad oficial (municipal),Categoría (0-100),Naboo/UNGRD,60,2026-09-04
76,municipal,Valle del Cauca,Dagua,Gravedad municipal,gravedad_oficial,Gravedad oficial (municipal),Categoría (0-100),Naboo/UNGRD,0,2026-09-04
76,municipal,Valle del Cauca,El Cairo,Gravedad municipal,gravedad_oficial,Gravedad oficial (municipal),Categoría (0-100),Naboo/UNGRD,80,2026-09-04
76,municipal,Valle del Cauca,El Cerrito,Gravedad municipal,gravedad_oficial,Gravedad oficial (municipal),Categoría (0-100),Naboo/UNGRD,0,2026-09-04
76,municipal,Valle del Cauca,El Dovio,Gravedad municipal,gravedad_oficial,Gravedad oficial (municipal),Categoría (0-100),Naboo/UNGRD,0,2026-09-04
76,municipal,Valle del Cauca,El Águila,Gravedad municipal,gravedad_oficial,Gravedad oficial (municipal),Categoría (0-100),Naboo/UNGRD,60,2026-09-04
76,municipal,Valle del Cauca,Florida,Gravedad municipal,gravedad_oficial,Gravedad oficial (municipal),Categoría (0-100),Naboo/UNGRD,60,2026-09-04
76,municipal,Valle del Cauca,Ginebra,Gravedad municipal,gravedad_oficial,Gravedad oficial (municipal),Categoría (0-100),Naboo/UNGRD,0,2026-09-04
76,municipal,Valle del Cauca,Jamundí,Gravedad municipal,gravedad_oficial,Gravedad oficial (municipal),Categoría (0-100),Naboo/UNGRD,0,2026-09-04
76,municipal,Valle del Cauca,La Cumbre,Gravedad municipal,gravedad_oficial,Gravedad oficial (municipal),Categoría (0-100),Naboo/UNGRD,0,2026-09-04
76,municipal,Valle del Cauca,La Unión,Gravedad municipal,gravedad_oficial,Gravedad oficial (municipal),Categoría (0-100),Naboo/UNGRD,60,2026-09-04
76,municipal,Valle del Cauca,La Victoria,Gravedad municipal,gravedad_oficial,Gravedad oficial (municipal),Categoría (0-100),Naboo/UNGRD,0,2026-09-04
76,municipal,Valle del Cauca,Obando,Gravedad municipal,gravedad_oficial,Gravedad oficial (municipal),Categoría (0-100),Naboo/UNGRD,0,2026-09-04
76,municipal,Valle del Cauca,Palmira,Gravedad municipal,gravedad_oficial,Gravedad oficial (municipal),Categoría (0-100),Naboo/UNGRD,0,2026-09-04
76,municipal,Valle del Cauca,Pradera,Gravedad municipal,gravedad_oficial,Gravedad oficial (municipal),Categoría (0-100),Naboo/UNGRD,0,2026-09-04
76,municipal,Valle del Cauca,Restrepo,Gravedad municipal,gravedad_oficial,Gravedad oficial (municipal),Categoría (0-100),Naboo/UNGRD,0,2026-09-04
76,municipal,Valle del Cauca,Riofrío,Gravedad municipal,gravedad_oficial,Gravedad oficial (municipal),Categoría (0-100),Naboo/UNGRD,40,2026-09-04
76,municipal,Valle del Cauca,Roldanillo,Gravedad municipal,gravedad_oficial,Gravedad oficial (municipal),Categoría (0-100),Naboo/UNGRD,60,2026-09-04
76,municipal,Valle del Cauca,San Pedro,Gravedad municipal,gravedad_oficial,Gravedad oficial (municipal),Categoría (0-100),Naboo/UNGRD,0,2026-09-04
76,municipal,Valle del Cauca,Sevilla,Gravedad municipal,gravedad_oficial,Gravedad oficial (municipal),Categoría (0-100),Naboo/UNGRD,80,2026-09-04
76,municipal,Valle del Cauca,Toro,Gravedad municipal,gravedad_oficial,Gravedad oficial (municipal),Categoría (0-100),Naboo/UNGRD,0,2026-09-04
76,municipal,Valle del Cauca,Trujillo,Gravedad municipal,gravedad_oficial,Gravedad oficial (municipal),Categoría (0-100),Naboo/UNGRD,0,2026-09-04
76,municipal,Valle del Cauca,Tuluá,Gravedad municipal,gravedad_oficial,Gravedad oficial (municipal),Categoría (0-100),Naboo/UNGRD,0,2026-09-04
76,municipal,Valle del Cauca,Ulloa,Gravedad municipal,gravedad_oficial,Gravedad oficial (municipal),Categoría (0-100),Naboo/UNGRD,0,2026-09-04
76,municipal,Valle del Cauca,Versalles,Gravedad municipal,gravedad_oficial,Gravedad oficial (municipal),Categoría (0-100),Naboo/UNGRD,0,2026-09-04
76,municipal,Valle del Cauca,Vijes,Gravedad municipal,gravedad_oficial,Gravedad oficial (municipal),Categoría (0-100),Naboo/UNGRD,0,2026-09-04
76,municipal,Valle del Cauca,Yotoco,Gravedad municipal,gravedad_oficial,Gravedad oficial (municipal),Categoría (0-100),Naboo/UNGRD,0,2026-09-04
76,municipal,Valle del Cauca,Yumbo,Gravedad municipal,gravedad_oficial,Gravedad oficial (municipal),Categoría (0-100),Naboo/UNGRD,60,2026-09-04
76,municipal,Valle del Cauca,Zarzal,Gravedad municipal,gravedad_oficial,Gravedad oficial (municipal),Categoría (0-100),Naboo/UNGRD,80,2026-09-04
27,municipal,Chocó,Acandí,Impacto humano,3is_fallecidos,"Fallecidos (3iS, oficial)",Número,3iS-Sheets,0.0,2026-09-04
27,municipal,Chocó,Acandí,Impacto humano,3is_heridos,"Heridos (3iS, oficial)",Número,3iS-Sheets,0.0,2026-09-04
27,municipal,Chocó,Acandí,Impacto humano,3is_desaparecidos,"Desaparecidos (3iS, oficial)",Número,3iS-Sheets,0.0,2026-09-04
27,municipal,Chocó,Acandí,Impacto humano,3is_rescatados,"Rescatados (3iS, oficial)",Número,3iS-Sheets,0.0,2026-09-04
27,municipal,Chocó,Acandí,Impacto humano,3is_familias,"Familias afectadas (3iS, oficial)",Número,3iS-Sheets,160.0,2026-09-04
27,municipal,Chocó,Acandí,Vivienda,3is_vivaveriadas,"Viviendas averiadas (3iS, oficial)",Número,3iS-Sheets,160.0,2026-09-04
27,municipal,Chocó,Acandí,Vivienda,3is_vivdestruidas,"Viviendas destruidas (3iS, oficial)",Número,3iS-Sheets,0.0,2026-09-04
27,municipal,Chocó,Acandí,Vivienda,3is_colapsos,"Colapsos (3iS, oficial)",Número,3iS-Sheets,0.0,2026-09-04
27,municipal,Chocó,Acandí,Salud,3is_salud,"Puntos de salud afectados (3iS, oficial)",Número,3iS-Sheets,6.0,2026-09-04
27,municipal,Chocó,Acandí,Educación,3is_educativos,"Puntos educativos afectados (3iS, oficial)",Número,3iS-Sheets,2.0,2026-09-04
27,municipal,Chocó,Acandí,Instituciones,3is_comunitarios,"Puntos comunitarios afectados (3iS, oficial)",Número,3iS-Sheets,0.0,2026-09-04
27,municipal,Chocó,Acandí,Infraestructura,3is_vias,"Vías afectadas (3iS, oficial)",Número,3iS-Sheets,0.0,2026-09-04
27,municipal,Chocó,Acandí,Infraestructura,3is_aeropuertos,"Aeropuertos afectados (3iS, oficial)",Número,3iS-Sheets,0.0,2026-09-04
27,municipal,Chocó,Acandí,Infraestructura,3is_acueductos,"Acueductos afectados (3iS, oficial)",Número,3iS-Sheets,0.0,2026-09-04
27,municipal,Chocó,Alto Baudó,Impacto humano,3is_fallecidos,"Fallecidos (3iS, oficial)",Número,3iS-Sheets,0.0,2026-09-04
27,municipal,Chocó,Alto Baudó,Impacto humano,3is_heridos,"Heridos (3iS, oficial)",Número,3iS-Sheets,0.0,2026-09-04
27,municipal,Chocó,Alto Baudó,Impacto humano,3is_desaparecidos,"Desaparecidos (3iS, oficial)",Número,3iS-Sheets,0.0,2026-09-04
27,municipal,Chocó,Alto Baudó,Impacto humano,3is_rescatados,"Rescatados (3iS, oficial)",Número,3iS-Sheets,0.0,2026-09-04
27,municipal,Chocó,Alto Baudó,Impacto humano,3is_familias,"Familias afectadas (3iS, oficial)",Número,3iS-Sheets,3333.0,2026-09-04
27,municipal,Chocó,Alto Baudó,Vivienda,3is_vivaveriadas,"Viviendas averiadas (3iS, oficial)",Número,3iS-Sheets,920.0,2026-09-04
27,municipal,Chocó,Alto Baudó,Vivienda,3is_vivdestruidas,"Viviendas destruidas (3iS, oficial)",Número,3iS-Sheets,36.0,2026-09-04
27,municipal,Chocó,Alto Baudó,Vivienda,3is_colapsos,"Colapsos (3iS, oficial)",Número,3iS-Sheets,0.0,2026-09-04
27,municipal,Chocó,Alto Baudó,Salud,3is_salud,"Puntos de salud afectados (3iS, oficial)",Número,3iS-Sheets,4.0,2026-09-04
27,municipal,Chocó,Alto Baudó,Educación,3is_educativos,"Puntos educativos afectados (3iS, oficial)",Número,3iS-Sheets,75.0,2026-09-04
27,municipal,Chocó,Alto Baudó,Instituciones,3is_comunitarios,"Puntos comunitarios afectados (3iS, oficial)",Número,3iS-Sheets,4.0,2026-09-04
27,municipal,Chocó,Alto Baudó,Infraestructura,3is_vias,"Vías afectadas (3iS, oficial)",Número,3iS-Sheets,0.0,2026-09-04
27,municipal,Chocó,Alto Baudó,Infraestructura,3is_aeropuertos,"Aeropuertos afectados (3iS, oficial)",Número,3iS-Sheets,0.0,2026-09-04
27,municipal,Chocó,Alto Baudó,Infraestructura,3is_acueductos,"Acueductos afectados (3iS, oficial)",Número,3iS-Sheets,0.0,2026-09-04
27,municipal,Chocó,Atrato,Impacto humano,3is_fallecidos,"Fallecidos (3iS, oficial)",Número,3iS-Sheets,1.0,2026-09-04
27,municipal,Chocó,Atrato,Impacto humano,3is_heridos,"Heridos (3iS, oficial)",Número,3iS-Sheets,3.0,2026-09-04
27,municipal,Chocó,Atrato,Impacto humano,3is_desaparecidos,"Desaparecidos (3iS, oficial)",Número,3iS-Sheets,0.0,2026-09-04
27,municipal,Chocó,Atrato,Impacto humano,3is_rescatados,"Rescatados (3iS, oficial)",Número,3iS-Sheets,0.0,2026-09-04
27,municipal,Chocó,Atrato,Impacto humano,3is_familias,"Familias afectadas (3iS, oficial)",Número,3iS-Sheets,843.0,2026-09-04
27,municipal,Chocó,Atrato,Vivienda,3is_vivaveriadas,"Viviendas averiadas (3iS, oficial)",Número,3iS-Sheets,685.0,2026-09-04
27,municipal,Chocó,Atrato,Vivienda,3is_vivdestruidas,"Viviendas destruidas (3iS, oficial)",Número,3iS-Sheets,56.0,2026-09-04
27,municipal,Chocó,Atrato,Vivienda,3is_colapsos,"Colapsos (3iS, oficial)",Número,3iS-Sheets,0.0,2026-09-04
27,municipal,Chocó,Atrato,Salud,3is_salud,"Puntos de salud afectados (3iS, oficial)",Número,3iS-Sheets,9.0,2026-09-04
27,municipal,Chocó,Atrato,Educación,3is_educativos,"Puntos educativos afectados (3iS, oficial)",Número,3iS-Sheets,8.0,2026-09-04
27,municipal,Chocó,Atrato,Instituciones,3is_comunitarios,"Puntos comunitarios afectados (3iS, oficial)",Número,3iS-Sheets,7.0,2026-09-04
27,municipal,Chocó,Atrato,Infraestructura,3is_vias,"Vías afectadas (3iS, oficial)",Número,3iS-Sheets,6.0,2026-09-04
27,municipal,Chocó,Atrato,Infraestructura,3is_aeropuertos,"Aeropuertos afectados (3iS, oficial)",Número,3iS-Sheets,0.0,2026-09-04
27,municipal,Chocó,Atrato,Infraestructura,3is_acueductos,"Acueductos afectados (3iS, oficial)",Número,3iS-Sheets,4.0,2026-09-04
27,municipal,Chocó,Bagadó,Impacto humano,3is_fallecidos,"Fallecidos (3iS, oficial)",Número,3iS-Sheets,0.0,2026-09-04
27,municipal,Chocó,Bagadó,Impacto humano,3is_heridos,"Heridos (3iS, oficial)",Número,3iS-Sheets,57.0,2026-09-04
27,municipal,Chocó,Bagadó,Impacto humano,3is_desaparecidos,"Desaparecidos (3iS, oficial)",Número,3iS-Sheets,0.0,2026-09-04
27,municipal,Chocó,Bagadó,Impacto humano,3is_rescatados,"Rescatados (3iS, oficial)",Número,3iS-Sheets,0.0,2026-09-04
27,municipal,Chocó,Bagadó,Impacto humano,3is_familias,"Familias afectadas (3iS, oficial)",Número,3iS-Sheets,2005.0,2026-09-04
27,municipal,Chocó,Bagadó,Vivienda,3is_vivaveriadas,"Viviendas averiadas (3iS, oficial)",Número,3iS-Sheets,1962.0,2026-09-04
27,municipal,Chocó,Bagadó,Vivienda,3is_vivdestruidas,"Viviendas destruidas (3iS, oficial)",Número,3iS-Sheets,43.0,2026-09-04
27,municipal,Chocó,Bagadó,Vivienda,3is_colapsos,"Colapsos (3iS, oficial)",Número,3iS-Sheets,0.0,2026-09-04
27,municipal,Chocó,Bagadó,Salud,3is_salud,"Puntos de salud afectados (3iS, oficial)",Número,3iS-Sheets,3.0,2026-09-04
27,municipal,Chocó,Bagadó,Educación,3is_educativos,"Puntos educativos afectados (3iS, oficial)",Número,3iS-Sheets,6.0,2026-09-04
27,municipal,Chocó,Bagadó,Instituciones,3is_comunitarios,"Puntos comunitarios afectados (3iS, oficial)",Número,3iS-Sheets,25.0,2026-09-04
27,municipal,Chocó,Bagadó,Infraestructura,3is_vias,"Vías afectadas (3iS, oficial)",Número,3iS-Sheets,0.0,2026-09-04
27,municipal,Chocó,Bagadó,Infraestructura,3is_aeropuertos,"Aeropuertos afectados (3iS, oficial)",Número,3iS-Sheets,0.0,2026-09-04
27,municipal,Chocó,Bagadó,Infraestructura,3is_acueductos,"Acueductos afectados (3iS, oficial)",Número,3iS-Sheets,0.0,2026-09-04
27,municipal,Chocó,Bahía Solano,Impacto humano,3is_fallecidos,"Fallecidos (3iS, oficial)",Número,3iS-Sheets,0.0,2026-09-04
27,municipal,Chocó,Bahía Solano,Impacto humano,3is_heridos,"Heridos (3iS, oficial)",Número,3iS-Sheets,12.0,2026-09-04
27,municipal,Chocó,Bahía Solano,Impacto humano,3is_desaparecidos,"Desaparecidos (3iS, oficial)",Número,3iS-Sheets,0.0,2026-09-04
27,municipal,Chocó,Bahía Solano,Impacto humano,3is_rescatados,"Rescatados (3iS, oficial)",Número,3iS-Sheets,0.0,2026-09-04
27,municipal,Chocó,Bahía Solano,Impacto humano,3is_familias,"Familias afectadas (3iS, oficial)",Número,3iS-Sheets,15.0,2026-09-04
27,municipal,Chocó,Bahía Solano,Vivienda,3is_vivaveriadas,"Viviendas averiadas (3iS, oficial)",Número,3iS-Sheets,70.0,2026-09-04
27,municipal,Chocó,Bahía Solano,Vivienda,3is_vivdestruidas,"Viviendas destruidas (3iS, oficial)",Número,3iS-Sheets,1.0,2026-09-04
27,municipal,Chocó,Bahía Solano,Vivienda,3is_colapsos,"Colapsos (3iS, oficial)",Número,3iS-Sheets,0.0,2026-09-04
27,municipal,Chocó,Bahía Solano,Salud,3is_salud,"Puntos de salud afectados (3iS, oficial)",Número,3iS-Sheets,0.0,2026-09-04
27,municipal,Chocó,Bahía Solano,Educación,3is_educativos,"Puntos educativos afectados (3iS, oficial)",Número,3iS-Sheets,1.0,2026-09-04
27,municipal,Chocó,Bahía Solano,Instituciones,3is_comunitarios,"Puntos comunitarios afectados (3iS, oficial)",Número,3iS-Sheets,0.0,2026-09-04
27,municipal,Chocó,Bahía Solano,Infraestructura,3is_vias,"Vías afectadas (3iS, oficial)",Número,3iS-Sheets,0.0,2026-09-04
27,municipal,Chocó,Bahía Solano,Infraestructura,3is_aeropuertos,"Aeropuertos afectados (3iS, oficial)",Número,3iS-Sheets,0.0,2026-09-04
27,municipal,Chocó,Bahía Solano,Infraestructura,3is_acueductos,"Acueductos afectados (3iS, oficial)",Número,3iS-Sheets,0.0,2026-09-04
27,municipal,Chocó,Bajo Baudó,Impacto humano,3is_fallecidos,"Fallecidos (3iS, oficial)",Número,3iS-Sheets,0.0,2026-09-04
27,municipal,Chocó,Bajo Baudó,Impacto humano,3is_heridos,"Heridos (3iS, oficial)",Número,3iS-Sheets,8.0,2026-09-04
27,municipal,Chocó,Bajo Baudó,Impacto humano,3is_desaparecidos,"Desaparecidos (3iS, oficial)",Número,3iS-Sheets,0.0,2026-09-04
27,municipal,Chocó,Bajo Baudó,Impacto humano,3is_rescatados,"Rescatados (3iS, oficial)",Número,3iS-Sheets,0.0,2026-09-04
27,municipal,Chocó,Bajo Baudó,Impacto humano,3is_familias,"Familias afectadas (3iS, oficial)",Número,3iS-Sheets,1363.0,2026-09-04
27,municipal,Chocó,Bajo Baudó,Vivienda,3is_vivaveriadas,"Viviendas averiadas (3iS, oficial)",Número,3iS-Sheets,1272.0,2026-09-04
27,municipal,Chocó,Bajo Baudó,Vivienda,3is_vivdestruidas,"Viviendas destruidas (3iS, oficial)",Número,3iS-Sheets,91.0,2026-09-04
27,municipal,Chocó,Bajo Baudó,Vivienda,3is_colapsos,"Colapsos (3iS, oficial)",Número,3iS-Sheets,0.0,2026-09-04
27,municipal,Chocó,Bajo Baudó,Salud,3is_salud,"Puntos de salud afectados (3iS, oficial)",Número,3iS-Sheets,1.0,2026-09-04
27,municipal,Chocó,Bajo Baudó,Educación,3is_educativos,"Puntos educativos afectados (3iS, oficial)",Número,3iS-Sheets,1.0,2026-09-04
27,municipal,Chocó,Bajo Baudó,Instituciones,3is_comunitarios,"Puntos comunitarios afectados (3iS, oficial)",Número,3iS-Sheets,0.0,2026-09-04
27,municipal,Chocó,Bajo Baudó,Infraestructura,3is_vias,"Vías afectadas (3iS, oficial)",Número,3iS-Sheets,0.0,2026-09-04
27,municipal,Chocó,Bajo Baudó,Infraestructura,3is_aeropuertos,"Aeropuertos afectados (3iS, oficial)",Número,3iS-Sheets,0.0,2026-09-04
27,municipal,Chocó,Bajo Baudó,Infraestructura,3is_acueductos,"Acueductos afectados (3iS, oficial)",Número,3iS-Sheets,0.0,2026-09-04
27,municipal,Chocó,Bojayá,Impacto humano,3is_fallecidos,"Fallecidos (3iS, oficial)",Número,3iS-Sheets,0.0,2026-09-04
27,municipal,Chocó,Bojayá,Impacto humano,3is_heridos,"Heridos (3iS, oficial)",Número,3iS-Sheets,0.0,2026-09-04
27,municipal,Chocó,Bojayá,Impacto humano,3is_desaparecidos,"Desaparecidos (3iS, oficial)",Número,3iS-Sheets,0.0,2026-09-04
27,municipal,Chocó,Bojayá,Impacto humano,3is_rescatados,"Rescatados (3iS, oficial)",Número,3iS-Sheets,0.0,2026-09-04
27,municipal,Chocó,Bojayá,Impacto humano,3is_familias,"Familias afectadas (3iS, oficial)",Número,3iS-Sheets,4.0,2026-09-04
27,municipal,Chocó,Bojayá,Vivienda,3is_vivaveriadas,"Viviendas averiadas (3iS, oficial)",Número,3iS-Sheets,4.0,2026-09-04
27,municipal,Chocó,Bojayá,Vivienda,3is_vivdestruidas,"Viviendas destruidas (3iS, oficial)",Número,3iS-Sheets,0.0,2026-09-04
27,municipal,Chocó,Bojayá,Vivienda,3is_colapsos,"Colapsos (3iS, oficial)",Número,3iS-Sheets,0.0,2026-09-04
27,municipal,Chocó,Bojayá,Salud,3is_salud,"Puntos de salud afectados (3iS, oficial)",Número,3iS-Sheets,0.0,2026-09-04
27,municipal,Chocó,Bojayá,Educación,3is_educativos,"Puntos educativos afectados (3iS, oficial)",Número,3iS-Sheets,0.0,2026-09-04
27,municipal,Chocó,Bojayá,Instituciones,3is_comunitarios,"Puntos comunitarios afectados (3iS, oficial)",Número,3iS-Sheets,0.0,2026-09-04
27,municipal,Chocó,Bojayá,Infraestructura,3is_vias,"Vías afectadas (3iS, oficial)",Número,3iS-Sheets,0.0,2026-09-04
27,municipal,Chocó,Bojayá,Infraestructura,3is_aeropuertos,"Aeropuertos afectados (3iS, oficial)",Número,3iS-Sheets,0.0,2026-09-04
27,municipal,Chocó,Bojayá,Infraestructura,3is_acueductos,"Acueductos afectados (3iS, oficial)",Número,3iS-Sheets,0.0,2026-09-04
27,municipal,Chocó,Cantón de San Pablo,Impacto humano,3is_fallecidos,"Fallecidos (3iS, oficial)",Número,3iS-Sheets,0.0,2026-09-04
27,municipal,Chocó,Cantón de San Pablo,Impacto humano,3is_heridos,"Heridos (3iS, oficial)",Número,3iS-Sheets,0.0,2026-09-04
27,municipal,Chocó,Cantón de San Pablo,Impacto humano,3is_desaparecidos,"Desaparecidos (3iS, oficial)",Número,3iS-Sheets,0.0,2026-09-04
27,municipal,Chocó,Cantón de San Pablo,Impacto humano,3is_rescatados,"Rescatados (3iS, oficial)",Número,3iS-Sheets,0.0,2026-09-04
27,municipal,Chocó,Cantón de San Pablo,Impacto humano,3is_familias,"Familias afectadas (3iS, oficial)",Número,3iS-Sheets,262.0,2026-09-04
27,municipal,Chocó,Cantón de San Pablo,Vivienda,3is_vivaveriadas,"Viviendas averiadas (3iS, oficial)",Número,3iS-Sheets,258.0,2026-09-04
27,municipal,Chocó,Cantón de San Pablo,Vivienda,3is_vivdestruidas,"Viviendas destruidas (3iS, oficial)",Número,3iS-Sheets,4.0,2026-09-04
27,municipal,Chocó,Cantón de San Pablo,Vivienda,3is_colapsos,"Colapsos (3iS, oficial)",Número,3iS-Sheets,0.0,2026-09-04
27,municipal,Chocó,Cantón de San Pablo,Salud,3is_salud,"Puntos de salud afectados (3iS, oficial)",Número,3iS-Sheets,0.0,2026-09-04
27,municipal,Chocó,Cantón de San Pablo,Educación,3is_educativos,"Puntos educativos afectados (3iS, oficial)",Número,3iS-Sheets,3.0,2026-09-04
27,municipal,Chocó,Cantón de San Pablo,Instituciones,3is_comunitarios,"Puntos comunitarios afectados (3iS, oficial)",Número,3iS-Sheets,10.0,2026-09-04
27,municipal,Chocó,Cantón de San Pablo,Infraestructura,3is_vias,"Vías afectadas (3iS, oficial)",Número,3iS-Sheets,0.0,2026-09-04
27,municipal,Chocó,Cantón de San Pablo,Infraestructura,3is_aeropuertos,"Aeropuertos afectados (3iS, oficial)",Número,3iS-Sheets,0.0,2026-09-04
27,municipal,Chocó,Cantón de San Pablo,Infraestructura,3is_acueductos,"Acueductos afectados (3iS, oficial)",Número,3iS-Sheets,1.0,2026-09-04
27,municipal,Chocó,Carmen de Atrato,Impacto humano,3is_fallecidos,"Fallecidos (3iS, oficial)",Número,3iS-Sheets,0.0,2026-09-04
27,municipal,Chocó,Carmen de Atrato,Impacto humano,3is_heridos,"Heridos (3iS, oficial)",Número,3iS-Sheets,0.0,2026-09-04
27,municipal,Chocó,Carmen de Atrato,Impacto humano,3is_desaparecidos,"Desaparecidos (3iS, oficial)",Número,3iS-Sheets,0.0,2026-09-04
27,municipal,Chocó,Carmen de Atrato,Impacto humano,3is_rescatados,"Rescatados (3iS, oficial)",Número,3iS-Sheets,0.0,2026-09-04
27,municipal,Chocó,Carmen de Atrato,Impacto humano,3is_familias,"Familias afectadas (3iS, oficial)",Número,3iS-Sheets,355.0,2026-09-04
27,municipal,Chocó,Carmen de Atrato,Vivienda,3is_vivaveriadas,"Viviendas averiadas (3iS, oficial)",Número,3iS-Sheets,12.0,2026-09-04
27,municipal,Chocó,Carmen de Atrato,Vivienda,3is_vivdestruidas,"Viviendas destruidas (3iS, oficial)",Número,3iS-Sheets,5.0,2026-09-04
27,municipal,Chocó,Carmen de Atrato,Vivienda,3is_colapsos,"Colapsos (3iS, oficial)",Número,3iS-Sheets,0.0,2026-09-04
27,municipal,Chocó,Carmen de Atrato,Salud,3is_salud,"Puntos de salud afectados (3iS, oficial)",Número,3iS-Sheets,1.0,2026-09-04
27,municipal,Chocó,Carmen de Atrato,Educación,3is_educativos,"Puntos educativos afectados (3iS, oficial)",Número,3iS-Sheets,5.0,2026-09-04
27,municipal,Chocó,Carmen de Atrato,Instituciones,3is_comunitarios,"Puntos comunitarios afectados (3iS, oficial)",Número,3iS-Sheets,22.0,2026-09-04
27,municipal,Chocó,Carmen de Atrato,Infraestructura,3is_vias,"Vías afectadas (3iS, oficial)",Número,3iS-Sheets,0.0,2026-09-04
27,municipal,Chocó,Carmen de Atrato,Infraestructura,3is_aeropuertos,"Aeropuertos afectados (3iS, oficial)",Número,3iS-Sheets,0.0,2026-09-04
27,municipal,Chocó,Carmen de Atrato,Infraestructura,3is_acueductos,"Acueductos afectados (3iS, oficial)",Número,3iS-Sheets,0.0,2026-09-04
27,municipal,Chocó,Carmen del Darién,Impacto humano,3is_fallecidos,"Fallecidos (3iS, oficial)",Número,3iS-Sheets,0.0,2026-09-04
27,municipal,Chocó,Carmen del Darién,Impacto humano,3is_heridos,"Heridos (3iS, oficial)",Número,3iS-Sheets,1.0,2026-09-04
27,municipal,Chocó,Carmen del Darién,Impacto humano,3is_desaparecidos,"Desaparecidos (3iS, oficial)",Número,3iS-Sheets,0.0,2026-09-04
27,municipal,Chocó,Carmen del Darién,Impacto humano,3is_rescatados,"Rescatados (3iS, oficial)",Número,3iS-Sheets,0.0,2026-09-04
27,municipal,Chocó,Carmen del Darién,Impacto humano,3is_familias,"Familias afectadas (3iS, oficial)",Número,3iS-Sheets,1393.0,2026-09-04
27,municipal,Chocó,Carmen del Darién,Vivienda,3is_vivaveriadas,"Viviendas averiadas (3iS, oficial)",Número,3iS-Sheets,193.0,2026-09-04
27,municipal,Chocó,Carmen del Darién,Vivienda,3is_vivdestruidas,"Viviendas destruidas (3iS, oficial)",Número,3iS-Sheets,0.0,2026-09-04
27,municipal,Chocó,Carmen del Darién,Vivienda,3is_colapsos,"Colapsos (3iS, oficial)",Número,3iS-Sheets,0.0,2026-09-04
27,municipal,Chocó,Carmen del Darién,Salud,3is_salud,"Puntos de salud afectados (3iS, oficial)",Número,3iS-Sheets,0.0,2026-09-04
27,municipal,Chocó,Carmen del Darién,Educación,3is_educativos,"Puntos educativos afectados (3iS, oficial)",Número,3iS-Sheets,0.0,2026-09-04
27,municipal,Chocó,Carmen del Darién,Instituciones,3is_comunitarios,"Puntos comunitarios afectados (3iS, oficial)",Número,3iS-Sheets,5.0,2026-09-04
27,municipal,Chocó,Carmen del Darién,Infraestructura,3is_vias,"Vías afectadas (3iS, oficial)",Número,3iS-Sheets,0.0,2026-09-04
27,municipal,Chocó,Carmen del Darién,Infraestructura,3is_aeropuertos,"Aeropuertos afectados (3iS, oficial)",Número,3iS-Sheets,0.0,2026-09-04
27,municipal,Chocó,Carmen del Darién,Infraestructura,3is_acueductos,"Acueductos afectados (3iS, oficial)",Número,3iS-Sheets,8.0,2026-09-04
27,municipal,Chocó,Cértegui,Impacto humano,3is_fallecidos,"Fallecidos (3iS, oficial)",Número,3iS-Sheets,0.0,2026-09-04
27,municipal,Chocó,Cértegui,Impacto humano,3is_heridos,"Heridos (3iS, oficial)",Número,3iS-Sheets,1.0,2026-09-04
27,municipal,Chocó,Cértegui,Impacto humano,3is_desaparecidos,"Desaparecidos (3iS, oficial)",Número,3iS-Sheets,0.0,2026-09-04
27,municipal,Chocó,Cértegui,Impacto humano,3is_rescatados,"Rescatados (3iS, oficial)",Número,3iS-Sheets,0.0,2026-09-04
27,municipal,Chocó,Cértegui,Impacto humano,3is_familias,"Familias afectadas (3iS, oficial)",Número,3iS-Sheets,238.0,2026-09-04
27,municipal,Chocó,Cértegui,Vivienda,3is_vivaveriadas,"Viviendas averiadas (3iS, oficial)",Número,3iS-Sheets,236.0,2026-09-04
27,municipal,Chocó,Cértegui,Vivienda,3is_vivdestruidas,"Viviendas destruidas (3iS, oficial)",Número,3iS-Sheets,2.0,2026-09-04
27,municipal,Chocó,Cértegui,Vivienda,3is_colapsos,"Colapsos (3iS, oficial)",Número,3iS-Sheets,0.0,2026-09-04
27,municipal,Chocó,Cértegui,Salud,3is_salud,"Puntos de salud afectados (3iS, oficial)",Número,3iS-Sheets,0.0,2026-09-04
27,municipal,Chocó,Cértegui,Educación,3is_educativos,"Puntos educativos afectados (3iS, oficial)",Número,3iS-Sheets,3.0,2026-09-04
27,municipal,Chocó,Cértegui,Instituciones,3is_comunitarios,"Puntos comunitarios afectados (3iS, oficial)",Número,3iS-Sheets,4.0,2026-09-04
27,municipal,Chocó,Cértegui,Infraestructura,3is_vias,"Vías afectadas (3iS, oficial)",Número,3iS-Sheets,0.0,2026-09-04
27,municipal,Chocó,Cértegui,Infraestructura,3is_aeropuertos,"Aeropuertos afectados (3iS, oficial)",Número,3iS-Sheets,0.0,2026-09-04
27,municipal,Chocó,Cértegui,Infraestructura,3is_acueductos,"Acueductos afectados (3iS, oficial)",Número,3iS-Sheets,0.0,2026-09-04
27,municipal,Chocó,Condoto,Impacto humano,3is_fallecidos,"Fallecidos (3iS, oficial)",Número,3iS-Sheets,0.0,2026-09-04
27,municipal,Chocó,Condoto,Impacto humano,3is_heridos,"Heridos (3iS, oficial)",Número,3iS-Sheets,14.0,2026-09-04
27,municipal,Chocó,Condoto,Impacto humano,3is_desaparecidos,"Desaparecidos (3iS, oficial)",Número,3iS-Sheets,0.0,2026-09-04
27,municipal,Chocó,Condoto,Impacto humano,3is_rescatados,"Rescatados (3iS, oficial)",Número,3iS-Sheets,0.0,2026-09-04
27,municipal,Chocó,Condoto,Impacto humano,3is_familias,"Familias afectadas (3iS, oficial)",Número,3iS-Sheets,615.0,2026-09-04
27,municipal,Chocó,Condoto,Vivienda,3is_vivaveriadas,"Viviendas averiadas (3iS, oficial)",Número,3iS-Sheets,600.0,2026-09-04
27,municipal,Chocó,Condoto,Vivienda,3is_vivdestruidas,"Viviendas destruidas (3iS, oficial)",Número,3iS-Sheets,0.0,2026-09-04
27,municipal,Chocó,Condoto,Vivienda,3is_colapsos,"Colapsos (3iS, oficial)",Número,3iS-Sheets,0.0,2026-09-04
27,municipal,Chocó,Condoto,Salud,3is_salud,"Puntos de salud afectados (3iS, oficial)",Número,3iS-Sheets,1.0,2026-09-04
27,municipal,Chocó,Condoto,Educación,3is_educativos,"Puntos educativos afectados (3iS, oficial)",Número,3iS-Sheets,6.0,2026-09-04
27,municipal,Chocó,Condoto,Instituciones,3is_comunitarios,"Puntos comunitarios afectados (3iS, oficial)",Número,3iS-Sheets,4.0,2026-09-04
27,municipal,Chocó,Condoto,Infraestructura,3is_vias,"Vías afectadas (3iS, oficial)",Número,3iS-Sheets,1.0,2026-09-04
27,municipal,Chocó,Condoto,Infraestructura,3is_aeropuertos,"Aeropuertos afectados (3iS, oficial)",Número,3iS-Sheets,0.0,2026-09-04
27,municipal,Chocó,Condoto,Infraestructura,3is_acueductos,"Acueductos afectados (3iS, oficial)",Número,3iS-Sheets,0.0,2026-09-04
27,municipal,Chocó,Istmina,Impacto humano,3is_fallecidos,"Fallecidos (3iS, oficial)",Número,3iS-Sheets,0.0,2026-09-04
27,municipal,Chocó,Istmina,Impacto humano,3is_heridos,"Heridos (3iS, oficial)",Número,3iS-Sheets,70.0,2026-09-04
27,municipal,Chocó,Istmina,Impacto humano,3is_desaparecidos,"Desaparecidos (3iS, oficial)",Número,3iS-Sheets,0.0,2026-09-04
27,municipal,Chocó,Istmina,Impacto humano,3is_rescatados,"Rescatados (3iS, oficial)",Número,3iS-Sheets,0.0,2026-09-04
27,municipal,Chocó,Istmina,Impacto humano,3is_familias,"Familias afectadas (3iS, oficial)",Número,3iS-Sheets,815.0,2026-09-04
27,municipal,Chocó,Istmina,Vivienda,3is_vivaveriadas,"Viviendas averiadas (3iS, oficial)",Número,3iS-Sheets,816.0,2026-09-04
27,municipal,Chocó,Istmina,Vivienda,3is_vivdestruidas,"Viviendas destruidas (3iS, oficial)",Número,3iS-Sheets,24.0,2026-09-04
27,municipal,Chocó,Istmina,Vivienda,3is_colapsos,"Colapsos (3iS, oficial)",Número,3iS-Sheets,0.0,2026-09-04
27,municipal,Chocó,Istmina,Salud,3is_salud,"Puntos de salud afectados (3iS, oficial)",Número,3iS-Sheets,1.0,2026-09-04
27,municipal,Chocó,Istmina,Educación,3is_educativos,"Puntos educativos afectados (3iS, oficial)",Número,3iS-Sheets,7.0,2026-09-04
27,municipal,Chocó,Istmina,Instituciones,3is_comunitarios,"Puntos comunitarios afectados (3iS, oficial)",Número,3iS-Sheets,0.0,2026-09-04
27,municipal,Chocó,Istmina,Infraestructura,3is_vias,"Vías afectadas (3iS, oficial)",Número,3iS-Sheets,2.0,2026-09-04
27,municipal,Chocó,Istmina,Infraestructura,3is_aeropuertos,"Aeropuertos afectados (3iS, oficial)",Número,3iS-Sheets,0.0,2026-09-04
27,municipal,Chocó,Istmina,Infraestructura,3is_acueductos,"Acueductos afectados (3iS, oficial)",Número,3iS-Sheets,0.0,2026-09-04
27,municipal,Chocó,Litoral de San Juan,Impacto humano,3is_fallecidos,"Fallecidos (3iS, oficial)",Número,3iS-Sheets,0.0,2026-09-04
27,municipal,Chocó,Litoral de San Juan,Impacto humano,3is_heridos,"Heridos (3iS, oficial)",Número,3iS-Sheets,14.0,2026-09-04
27,municipal,Chocó,Litoral de San Juan,Impacto humano,3is_desaparecidos,"Desaparecidos (3iS, oficial)",Número,3iS-Sheets,1.0,2026-09-04
27,municipal,Chocó,Litoral de San Juan,Impacto humano,3is_rescatados,"Rescatados (3iS, oficial)",Número,3iS-Sheets,0.0,2026-09-04
27,municipal,Chocó,Litoral de San Juan,Impacto humano,3is_familias,"Familias afectadas (3iS, oficial)",Número,3iS-Sheets,1415.0,2026-09-04
27,municipal,Chocó,Litoral de San Juan,Vivienda,3is_vivaveriadas,"Viviendas averiadas (3iS, oficial)",Número,3iS-Sheets,673.0,2026-09-04
27,municipal,Chocó,Litoral de San Juan,Vivienda,3is_vivdestruidas,"Viviendas destruidas (3iS, oficial)",Número,3iS-Sheets,231.0,2026-09-04
27,municipal,Chocó,Litoral de San Juan,Vivienda,3is_colapsos,"Colapsos (3iS, oficial)",Número,3iS-Sheets,0.0,2026-09-04
27,municipal,Chocó,Litoral de San Juan,Salud,3is_salud,"Puntos de salud afectados (3iS, oficial)",Número,3iS-Sheets,4.0,2026-09-04
27,municipal,Chocó,Litoral de San Juan,Educación,3is_educativos,"Puntos educativos afectados (3iS, oficial)",Número,3iS-Sheets,0.0,2026-09-04
27,municipal,Chocó,Litoral de San Juan,Instituciones,3is_comunitarios,"Puntos comunitarios afectados (3iS, oficial)",Número,3iS-Sheets,0.0,2026-09-04
27,municipal,Chocó,Litoral de San Juan,Infraestructura,3is_vias,"Vías afectadas (3iS, oficial)",Número,3iS-Sheets,0.0,2026-09-04
27,municipal,Chocó,Litoral de San Juan,Infraestructura,3is_aeropuertos,"Aeropuertos afectados (3iS, oficial)",Número,3iS-Sheets,0.0,2026-09-04
27,municipal,Chocó,Litoral de San Juan,Infraestructura,3is_acueductos,"Acueductos afectados (3iS, oficial)",Número,3iS-Sheets,0.0,2026-09-04
27,municipal,Chocó,Lloró,Impacto humano,3is_fallecidos,"Fallecidos (3iS, oficial)",Número,3iS-Sheets,0.0,2026-09-04
27,municipal,Chocó,Lloró,Impacto humano,3is_heridos,"Heridos (3iS, oficial)",Número,3iS-Sheets,3.0,2026-09-04
27,municipal,Chocó,Lloró,Impacto humano,3is_desaparecidos,"Desaparecidos (3iS, oficial)",Número,3iS-Sheets,0.0,2026-09-04
27,municipal,Chocó,Lloró,Impacto humano,3is_rescatados,"Rescatados (3iS, oficial)",Número,3iS-Sheets,0.0,2026-09-04
27,municipal,Chocó,Lloró,Impacto humano,3is_familias,"Familias afectadas (3iS, oficial)",Número,3iS-Sheets,140.0,2026-09-04
27,municipal,Chocó,Lloró,Vivienda,3is_vivaveriadas,"Viviendas averiadas (3iS, oficial)",Número,3iS-Sheets,140.0,2026-09-04
27,municipal,Chocó,Lloró,Vivienda,3is_vivdestruidas,"Viviendas destruidas (3iS, oficial)",Número,3iS-Sheets,0.0,2026-09-04
27,municipal,Chocó,Lloró,Vivienda,3is_colapsos,"Colapsos (3iS, oficial)",Número,3iS-Sheets,0.0,2026-09-04
27,municipal,Chocó,Lloró,Salud,3is_salud,"Puntos de salud afectados (3iS, oficial)",Número,3iS-Sheets,0.0,2026-09-04
27,municipal,Chocó,Lloró,Educación,3is_educativos,"Puntos educativos afectados (3iS, oficial)",Número,3iS-Sheets,4.0,2026-09-04
27,municipal,Chocó,Lloró,Instituciones,3is_comunitarios,"Puntos comunitarios afectados (3iS, oficial)",Número,3iS-Sheets,0.0,2026-09-04
27,municipal,Chocó,Lloró,Infraestructura,3is_vias,"Vías afectadas (3iS, oficial)",Número,3iS-Sheets,0.0,2026-09-04
27,municipal,Chocó,Lloró,Infraestructura,3is_aeropuertos,"Aeropuertos afectados (3iS, oficial)",Número,3iS-Sheets,0.0,2026-09-04
27,municipal,Chocó,Lloró,Infraestructura,3is_acueductos,"Acueductos afectados (3iS, oficial)",Número,3iS-Sheets,0.0,2026-09-04
27,municipal,Chocó,Medio Atrato,Impacto humano,3is_fallecidos,"Fallecidos (3iS, oficial)",Número,3iS-Sheets,0.0,2026-09-04
27,municipal,Chocó,Medio Atrato,Impacto humano,3is_heridos,"Heridos (3iS, oficial)",Número,3iS-Sheets,0.0,2026-09-04
27,municipal,Chocó,Medio Atrato,Impacto humano,3is_desaparecidos,"Desaparecidos (3iS, oficial)",Número,3iS-Sheets,0.0,2026-09-04
27,municipal,Chocó,Medio Atrato,Impacto humano,3is_rescatados,"Rescatados (3iS, oficial)",Número,3iS-Sheets,0.0,2026-09-04
27,municipal,Chocó,Medio Atrato,Impacto humano,3is_familias,"Familias afectadas (3iS, oficial)",Número,3iS-Sheets,250.0,2026-09-04
27,municipal,Chocó,Medio Atrato,Vivienda,3is_vivaveriadas,"Viviendas averiadas (3iS, oficial)",Número,3iS-Sheets,223.0,2026-09-04
27,municipal,Chocó,Medio Atrato,Vivienda,3is_vivdestruidas,"Viviendas destruidas (3iS, oficial)",Número,3iS-Sheets,27.0,2026-09-04
27,municipal,Chocó,Medio Atrato,Vivienda,3is_colapsos,"Colapsos (3iS, oficial)",Número,3iS-Sheets,0.0,2026-09-04
27,municipal,Chocó,Medio Atrato,Salud,3is_salud,"Puntos de salud afectados (3iS, oficial)",Número,3iS-Sheets,0.0,2026-09-04
27,municipal,Chocó,Medio Atrato,Educación,3is_educativos,"Puntos educativos afectados (3iS, oficial)",Número,3iS-Sheets,8.0,2026-09-04
27,municipal,Chocó,Medio Atrato,Instituciones,3is_comunitarios,"Puntos comunitarios afectados (3iS, oficial)",Número,3iS-Sheets,0.0,2026-09-04
27,municipal,Chocó,Medio Atrato,Infraestructura,3is_vias,"Vías afectadas (3iS, oficial)",Número,3iS-Sheets,0.0,2026-09-04
27,municipal,Chocó,Medio Atrato,Infraestructura,3is_aeropuertos,"Aeropuertos afectados (3iS, oficial)",Número,3iS-Sheets,0.0,2026-09-04
27,municipal,Chocó,Medio Atrato,Infraestructura,3is_acueductos,"Acueductos afectados (3iS, oficial)",Número,3iS-Sheets,3.0,2026-09-04
27,municipal,Chocó,Medio Baudó,Impacto humano,3is_fallecidos,"Fallecidos (3iS, oficial)",Número,3iS-Sheets,0.0,2026-09-04
27,municipal,Chocó,Medio Baudó,Impacto humano,3is_heridos,"Heridos (3iS, oficial)",Número,3iS-Sheets,1.0,2026-09-04
27,municipal,Chocó,Medio Baudó,Impacto humano,3is_desaparecidos,"Desaparecidos (3iS, oficial)",Número,3iS-Sheets,0.0,2026-09-04
27,municipal,Chocó,Medio Baudó,Impacto humano,3is_rescatados,"Rescatados (3iS, oficial)",Número,3iS-Sheets,0.0,2026-09-04
27,municipal,Chocó,Medio Baudó,Impacto humano,3is_familias,"Familias afectadas (3iS, oficial)",Número,3iS-Sheets,3187.0,2026-09-04
27,municipal,Chocó,Medio Baudó,Vivienda,3is_vivaveriadas,"Viviendas averiadas (3iS, oficial)",Número,3iS-Sheets,1710.0,2026-09-04
27,municipal,Chocó,Medio Baudó,Vivienda,3is_vivdestruidas,"Viviendas destruidas (3iS, oficial)",Número,3iS-Sheets,471.0,2026-09-04
27,municipal,Chocó,Medio Baudó,Vivienda,3is_colapsos,"Colapsos (3iS, oficial)",Número,3iS-Sheets,0.0,2026-09-04
27,municipal,Chocó,Medio Baudó,Salud,3is_salud,"Puntos de salud afectados (3iS, oficial)",Número,3iS-Sheets,4.0,2026-09-04
27,municipal,Chocó,Medio Baudó,Educación,3is_educativos,"Puntos educativos afectados (3iS, oficial)",Número,3iS-Sheets,9.0,2026-09-04
27,municipal,Chocó,Medio Baudó,Instituciones,3is_comunitarios,"Puntos comunitarios afectados (3iS, oficial)",Número,3iS-Sheets,21.0,2026-09-04
27,municipal,Chocó,Medio Baudó,Infraestructura,3is_vias,"Vías afectadas (3iS, oficial)",Número,3iS-Sheets,0.0,2026-09-04
27,municipal,Chocó,Medio Baudó,Infraestructura,3is_aeropuertos,"Aeropuertos afectados (3iS, oficial)",Número,3iS-Sheets,0.0,2026-09-04
27,municipal,Chocó,Medio Baudó,Infraestructura,3is_acueductos,"Acueductos afectados (3iS, oficial)",Número,3iS-Sheets,0.0,2026-09-04
27,municipal,Chocó,Medio San Juan,Impacto humano,3is_fallecidos,"Fallecidos (3iS, oficial)",Número,3iS-Sheets,0.0,2026-09-04
27,municipal,Chocó,Medio San Juan,Impacto humano,3is_heridos,"Heridos (3iS, oficial)",Número,3iS-Sheets,2.0,2026-09-04
27,municipal,Chocó,Medio San Juan,Impacto humano,3is_desaparecidos,"Desaparecidos (3iS, oficial)",Número,3iS-Sheets,0.0,2026-09-04
27,municipal,Chocó,Medio San Juan,Impacto humano,3is_rescatados,"Rescatados (3iS, oficial)",Número,3iS-Sheets,0.0,2026-09-04
27,municipal,Chocó,Medio San Juan,Impacto humano,3is_familias,"Familias afectadas (3iS, oficial)",Número,3iS-Sheets,1184.0,2026-09-04
27,municipal,Chocó,Medio San Juan,Vivienda,3is_vivaveriadas,"Viviendas averiadas (3iS, oficial)",Número,3iS-Sheets,90.0,2026-09-04
27,municipal,Chocó,Medio San Juan,Vivienda,3is_vivdestruidas,"Viviendas destruidas (3iS, oficial)",Número,3iS-Sheets,65.0,2026-09-04
27,municipal,Chocó,Medio San Juan,Vivienda,3is_colapsos,"Colapsos (3iS, oficial)",Número,3iS-Sheets,0.0,2026-09-04
27,municipal,Chocó,Medio San Juan,Salud,3is_salud,"Puntos de salud afectados (3iS, oficial)",Número,3iS-Sheets,3.0,2026-09-04
27,municipal,Chocó,Medio San Juan,Educación,3is_educativos,"Puntos educativos afectados (3iS, oficial)",Número,3iS-Sheets,9.0,2026-09-04
27,municipal,Chocó,Medio San Juan,Instituciones,3is_comunitarios,"Puntos comunitarios afectados (3iS, oficial)",Número,3iS-Sheets,11.0,2026-09-04
27,municipal,Chocó,Medio San Juan,Infraestructura,3is_vias,"Vías afectadas (3iS, oficial)",Número,3iS-Sheets,0.0,2026-09-04
27,municipal,Chocó,Medio San Juan,Infraestructura,3is_aeropuertos,"Aeropuertos afectados (3iS, oficial)",Número,3iS-Sheets,0.0,2026-09-04
27,municipal,Chocó,Medio San Juan,Infraestructura,3is_acueductos,"Acueductos afectados (3iS, oficial)",Número,3iS-Sheets,2.0,2026-09-04
27,municipal,Chocó,Nóvita,Impacto humano,3is_fallecidos,"Fallecidos (3iS, oficial)",Número,3iS-Sheets,0.0,2026-09-04
27,municipal,Chocó,Nóvita,Impacto humano,3is_heridos,"Heridos (3iS, oficial)",Número,3iS-Sheets,2.0,2026-09-04
27,municipal,Chocó,Nóvita,Impacto humano,3is_desaparecidos,"Desaparecidos (3iS, oficial)",Número,3iS-Sheets,0.0,2026-09-04
27,municipal,Chocó,Nóvita,Impacto humano,3is_rescatados,"Rescatados (3iS, oficial)",Número,3iS-Sheets,0.0,2026-09-04
27,municipal,Chocó,Nóvita,Impacto humano,3is_familias,"Familias afectadas (3iS, oficial)",Número,3iS-Sheets,2000.0,2026-09-04
27,municipal,Chocó,Nóvita,Vivienda,3is_vivaveriadas,"Viviendas averiadas (3iS, oficial)",Número,3iS-Sheets,1940.0,2026-09-04
27,municipal,Chocó,Nóvita,Vivienda,3is_vivdestruidas,"Viviendas destruidas (3iS, oficial)",Número,3iS-Sheets,60.0,2026-09-04
27,municipal,Chocó,Nóvita,Vivienda,3is_colapsos,"Colapsos (3iS, oficial)",Número,3iS-Sheets,0.0,2026-09-04
27,municipal,Chocó,Nóvita,Salud,3is_salud,"Puntos de salud afectados (3iS, oficial)",Número,3iS-Sheets,1.0,2026-09-04
27,municipal,Chocó,Nóvita,Educación,3is_educativos,"Puntos educativos afectados (3iS, oficial)",Número,3iS-Sheets,5.0,2026-09-04
27,municipal,Chocó,Nóvita,Instituciones,3is_comunitarios,"Puntos comunitarios afectados (3iS, oficial)",Número,3iS-Sheets,10.0,2026-09-04
27,municipal,Chocó,Nóvita,Infraestructura,3is_vias,"Vías afectadas (3iS, oficial)",Número,3iS-Sheets,3.0,2026-09-04
27,municipal,Chocó,Nóvita,Infraestructura,3is_aeropuertos,"Aeropuertos afectados (3iS, oficial)",Número,3iS-Sheets,0.0,2026-09-04
27,municipal,Chocó,Nóvita,Infraestructura,3is_acueductos,"Acueductos afectados (3iS, oficial)",Número,3iS-Sheets,0.0,2026-09-04
27,municipal,Chocó,Nuevo Belén de Bajirá,Impacto humano,3is_fallecidos,"Fallecidos (3iS, oficial)",Número,3iS-Sheets,0.0,2026-09-04
27,municipal,Chocó,Nuevo Belén de Bajirá,Impacto humano,3is_heridos,"Heridos (3iS, oficial)",Número,3iS-Sheets,0.0,2026-09-04
27,municipal,Chocó,Nuevo Belén de Bajirá,Impacto humano,3is_desaparecidos,"Desaparecidos (3iS, oficial)",Número,3iS-Sheets,0.0,2026-09-04
27,municipal,Chocó,Nuevo Belén de Bajirá,Impacto humano,3is_rescatados,"Rescatados (3iS, oficial)",Número,3iS-Sheets,0.0,2026-09-04
27,municipal,Chocó,Nuevo Belén de Bajirá,Impacto humano,3is_familias,"Familias afectadas (3iS, oficial)",Número,3iS-Sheets,67.0,2026-09-04
27,municipal,Chocó,Nuevo Belén de Bajirá,Vivienda,3is_vivaveriadas,"Viviendas averiadas (3iS, oficial)",Número,3iS-Sheets,0.0,2026-09-04
27,municipal,Chocó,Nuevo Belén de Bajirá,Vivienda,3is_vivdestruidas,"Viviendas destruidas (3iS, oficial)",Número,3iS-Sheets,11.0,2026-09-04
27,municipal,Chocó,Nuevo Belén de Bajirá,Vivienda,3is_colapsos,"Colapsos (3iS, oficial)",Número,3iS-Sheets,0.0,2026-09-04
27,municipal,Chocó,Nuevo Belén de Bajirá,Salud,3is_salud,"Puntos de salud afectados (3iS, oficial)",Número,3iS-Sheets,6.0,2026-09-04
27,municipal,Chocó,Nuevo Belén de Bajirá,Educación,3is_educativos,"Puntos educativos afectados (3iS, oficial)",Número,3iS-Sheets,6.0,2026-09-04
27,municipal,Chocó,Nuevo Belén de Bajirá,Instituciones,3is_comunitarios,"Puntos comunitarios afectados (3iS, oficial)",Número,3iS-Sheets,0.0,2026-09-04
27,municipal,Chocó,Nuevo Belén de Bajirá,Infraestructura,3is_vias,"Vías afectadas (3iS, oficial)",Número,3iS-Sheets,0.0,2026-09-04
27,municipal,Chocó,Nuevo Belén de Bajirá,Infraestructura,3is_aeropuertos,"Aeropuertos afectados (3iS, oficial)",Número,3iS-Sheets,0.0,2026-09-04
27,municipal,Chocó,Nuevo Belén de Bajirá,Infraestructura,3is_acueductos,"Acueductos afectados (3iS, oficial)",Número,3iS-Sheets,0.0,2026-09-04
27,municipal,Chocó,Nuquí,Impacto humano,3is_fallecidos,"Fallecidos (3iS, oficial)",Número,3iS-Sheets,0.0,2026-09-04
27,municipal,Chocó,Nuquí,Impacto humano,3is_heridos,"Heridos (3iS, oficial)",Número,3iS-Sheets,0.0,2026-09-04
27,municipal,Chocó,Nuquí,Impacto humano,3is_desaparecidos,"Desaparecidos (3iS, oficial)",Número,3iS-Sheets,0.0,2026-09-04
27,municipal,Chocó,Nuquí,Impacto humano,3is_rescatados,"Rescatados (3iS, oficial)",Número,3iS-Sheets,0.0,2026-09-04
27,municipal,Chocó,Nuquí,Impacto humano,3is_familias,"Familias afectadas (3iS, oficial)",Número,3iS-Sheets,0.0,2026-09-04
27,municipal,Chocó,Nuquí,Vivienda,3is_vivaveriadas,"Viviendas averiadas (3iS, oficial)",Número,3iS-Sheets,15.0,2026-09-04
27,municipal,Chocó,Nuquí,Vivienda,3is_vivdestruidas,"Viviendas destruidas (3iS, oficial)",Número,3iS-Sheets,1.0,2026-09-04
27,municipal,Chocó,Nuquí,Vivienda,3is_colapsos,"Colapsos (3iS, oficial)",Número,3iS-Sheets,0.0,2026-09-04
27,municipal,Chocó,Nuquí,Salud,3is_salud,"Puntos de salud afectados (3iS, oficial)",Número,3iS-Sheets,4.0,2026-09-04
27,municipal,Chocó,Nuquí,Educación,3is_educativos,"Puntos educativos afectados (3iS, oficial)",Número,3iS-Sheets,1.0,2026-09-04
27,municipal,Chocó,Nuquí,Instituciones,3is_comunitarios,"Puntos comunitarios afectados (3iS, oficial)",Número,3iS-Sheets,1.0,2026-09-04
27,municipal,Chocó,Nuquí,Infraestructura,3is_vias,"Vías afectadas (3iS, oficial)",Número,3iS-Sheets,0.0,2026-09-04
27,municipal,Chocó,Nuquí,Infraestructura,3is_aeropuertos,"Aeropuertos afectados (3iS, oficial)",Número,3iS-Sheets,0.0,2026-09-04
27,municipal,Chocó,Nuquí,Infraestructura,3is_acueductos,"Acueductos afectados (3iS, oficial)",Número,3iS-Sheets,0.0,2026-09-04
27,municipal,Chocó,Quibdó,Impacto humano,3is_fallecidos,"Fallecidos (3iS, oficial)",Número,3iS-Sheets,8.0,2026-09-04
27,municipal,Chocó,Quibdó,Impacto humano,3is_heridos,"Heridos (3iS, oficial)",Número,3iS-Sheets,145.0,2026-09-04
27,municipal,Chocó,Quibdó,Impacto humano,3is_desaparecidos,"Desaparecidos (3iS, oficial)",Número,3iS-Sheets,0.0,2026-09-04
27,municipal,Chocó,Quibdó,Impacto humano,3is_rescatados,"Rescatados (3iS, oficial)",Número,3iS-Sheets,1.0,2026-09-04
27,municipal,Chocó,Quibdó,Impacto humano,3is_familias,"Familias afectadas (3iS, oficial)",Número,3iS-Sheets,11050.0,2026-09-04
27,municipal,Chocó,Quibdó,Vivienda,3is_vivaveriadas,"Viviendas averiadas (3iS, oficial)",Número,3iS-Sheets,8949.0,2026-09-04
27,municipal,Chocó,Quibdó,Vivienda,3is_vivdestruidas,"Viviendas destruidas (3iS, oficial)",Número,3iS-Sheets,2932.0,2026-09-04
27,municipal,Chocó,Quibdó,Vivienda,3is_colapsos,"Colapsos (3iS, oficial)",Número,3iS-Sheets,0.0,2026-09-04
27,municipal,Chocó,Quibdó,Salud,3is_salud,"Puntos de salud afectados (3iS, oficial)",Número,3iS-Sheets,27.0,2026-09-04
27,municipal,Chocó,Quibdó,Educación,3is_educativos,"Puntos educativos afectados (3iS, oficial)",Número,3iS-Sheets,113.0,2026-09-04
27,municipal,Chocó,Quibdó,Instituciones,3is_comunitarios,"Puntos comunitarios afectados (3iS, oficial)",Número,3iS-Sheets,11.0,2026-09-04
27,municipal,Chocó,Quibdó,Infraestructura,3is_vias,"Vías afectadas (3iS, oficial)",Número,3iS-Sheets,0.0,2026-09-04
27,municipal,Chocó,Quibdó,Infraestructura,3is_aeropuertos,"Aeropuertos afectados (3iS, oficial)",Número,3iS-Sheets,0.0,2026-09-04
27,municipal,Chocó,Quibdó,Infraestructura,3is_acueductos,"Acueductos afectados (3iS, oficial)",Número,3iS-Sheets,1.0,2026-09-04
27,municipal,Chocó,Río Iró,Impacto humano,3is_fallecidos,"Fallecidos (3iS, oficial)",Número,3iS-Sheets,0.0,2026-09-04
27,municipal,Chocó,Río Iró,Impacto humano,3is_heridos,"Heridos (3iS, oficial)",Número,3iS-Sheets,0.0,2026-09-04
27,municipal,Chocó,Río Iró,Impacto humano,3is_desaparecidos,"Desaparecidos (3iS, oficial)",Número,3iS-Sheets,0.0,2026-09-04
27,municipal,Chocó,Río Iró,Impacto humano,3is_rescatados,"Rescatados (3iS, oficial)",Número,3iS-Sheets,0.0,2026-09-04
27,municipal,Chocó,Río Iró,Impacto humano,3is_familias,"Familias afectadas (3iS, oficial)",Número,3iS-Sheets,614.0,2026-09-04
27,municipal,Chocó,Río Iró,Vivienda,3is_vivaveriadas,"Viviendas averiadas (3iS, oficial)",Número,3iS-Sheets,0.0,2026-09-04
27,municipal,Chocó,Río Iró,Vivienda,3is_vivdestruidas,"Viviendas destruidas (3iS, oficial)",Número,3iS-Sheets,4.0,2026-09-04
27,municipal,Chocó,Río Iró,Vivienda,3is_colapsos,"Colapsos (3iS, oficial)",Número,3iS-Sheets,0.0,2026-09-04
27,municipal,Chocó,Río Iró,Salud,3is_salud,"Puntos de salud afectados (3iS, oficial)",Número,3iS-Sheets,0.0,2026-09-04
27,municipal,Chocó,Río Iró,Educación,3is_educativos,"Puntos educativos afectados (3iS, oficial)",Número,3iS-Sheets,5.0,2026-09-04
27,municipal,Chocó,Río Iró,Instituciones,3is_comunitarios,"Puntos comunitarios afectados (3iS, oficial)",Número,3iS-Sheets,6.0,2026-09-04
27,municipal,Chocó,Río Iró,Infraestructura,3is_vias,"Vías afectadas (3iS, oficial)",Número,3iS-Sheets,1.0,2026-09-04
27,municipal,Chocó,Río Iró,Infraestructura,3is_aeropuertos,"Aeropuertos afectados (3iS, oficial)",Número,3iS-Sheets,0.0,2026-09-04
27,municipal,Chocó,Río Iró,Infraestructura,3is_acueductos,"Acueductos afectados (3iS, oficial)",Número,3iS-Sheets,0.0,2026-09-04
27,municipal,Chocó,Río Quito,Impacto humano,3is_fallecidos,"Fallecidos (3iS, oficial)",Número,3iS-Sheets,0.0,2026-09-04
27,municipal,Chocó,Río Quito,Impacto humano,3is_heridos,"Heridos (3iS, oficial)",Número,3iS-Sheets,0.0,2026-09-04
27,municipal,Chocó,Río Quito,Impacto humano,3is_desaparecidos,"Desaparecidos (3iS, oficial)",Número,3iS-Sheets,0.0,2026-09-04
27,municipal,Chocó,Río Quito,Impacto humano,3is_rescatados,"Rescatados (3iS, oficial)",Número,3iS-Sheets,0.0,2026-09-04
27,municipal,Chocó,Río Quito,Impacto humano,3is_familias,"Familias afectadas (3iS, oficial)",Número,3iS-Sheets,360.0,2026-09-04
27,municipal,Chocó,Río Quito,Vivienda,3is_vivaveriadas,"Viviendas averiadas (3iS, oficial)",Número,3iS-Sheets,346.0,2026-09-04
27,municipal,Chocó,Río Quito,Vivienda,3is_vivdestruidas,"Viviendas destruidas (3iS, oficial)",Número,3iS-Sheets,14.0,2026-09-04
27,municipal,Chocó,Río Quito,Vivienda,3is_colapsos,"Colapsos (3iS, oficial)",Número,3iS-Sheets,0.0,2026-09-04
27,municipal,Chocó,Río Quito,Salud,3is_salud,"Puntos de salud afectados (3iS, oficial)",Número,3iS-Sheets,5.0,2026-09-04
27,municipal,Chocó,Río Quito,Educación,3is_educativos,"Puntos educativos afectados (3iS, oficial)",Número,3iS-Sheets,5.0,2026-09-04
27,municipal,Chocó,Río Quito,Instituciones,3is_comunitarios,"Puntos comunitarios afectados (3iS, oficial)",Número,3iS-Sheets,2.0,2026-09-04
27,municipal,Chocó,Río Quito,Infraestructura,3is_vias,"Vías afectadas (3iS, oficial)",Número,3iS-Sheets,0.0,2026-09-04
27,municipal,Chocó,Río Quito,Infraestructura,3is_aeropuertos,"Aeropuertos afectados (3iS, oficial)",Número,3iS-Sheets,0.0,2026-09-04
27,municipal,Chocó,Río Quito,Infraestructura,3is_acueductos,"Acueductos afectados (3iS, oficial)",Número,3iS-Sheets,3.0,2026-09-04
27,municipal,Chocó,Riosucio,Impacto humano,3is_fallecidos,"Fallecidos (3iS, oficial)",Número,3iS-Sheets,0.0,2026-09-04
27,municipal,Chocó,Riosucio,Impacto humano,3is_heridos,"Heridos (3iS, oficial)",Número,3iS-Sheets,0.0,2026-09-04
27,municipal,Chocó,Riosucio,Impacto humano,3is_desaparecidos,"Desaparecidos (3iS, oficial)",Número,3iS-Sheets,0.0,2026-09-04
27,municipal,Chocó,Riosucio,Impacto humano,3is_rescatados,"Rescatados (3iS, oficial)",Número,3iS-Sheets,0.0,2026-09-04
27,municipal,Chocó,Riosucio,Impacto humano,3is_familias,"Familias afectadas (3iS, oficial)",Número,3iS-Sheets,86.0,2026-09-04
27,municipal,Chocó,Riosucio,Vivienda,3is_vivaveriadas,"Viviendas averiadas (3iS, oficial)",Número,3iS-Sheets,79.0,2026-09-04
27,municipal,Chocó,Riosucio,Vivienda,3is_vivdestruidas,"Viviendas destruidas (3iS, oficial)",Número,3iS-Sheets,7.0,2026-09-04
27,municipal,Chocó,Riosucio,Vivienda,3is_colapsos,"Colapsos (3iS, oficial)",Número,3iS-Sheets,0.0,2026-09-04
27,municipal,Chocó,Riosucio,Salud,3is_salud,"Puntos de salud afectados (3iS, oficial)",Número,3iS-Sheets,1.0,2026-09-04
27,municipal,Chocó,Riosucio,Educación,3is_educativos,"Puntos educativos afectados (3iS, oficial)",Número,3iS-Sheets,0.0,2026-09-04
27,municipal,Chocó,Riosucio,Instituciones,3is_comunitarios,"Puntos comunitarios afectados (3iS, oficial)",Número,3iS-Sheets,2.0,2026-09-04
27,municipal,Chocó,Riosucio,Infraestructura,3is_vias,"Vías afectadas (3iS, oficial)",Número,3iS-Sheets,0.0,2026-09-04
27,municipal,Chocó,Riosucio,Infraestructura,3is_aeropuertos,"Aeropuertos afectados (3iS, oficial)",Número,3iS-Sheets,0.0,2026-09-04
27,municipal,Chocó,Riosucio,Infraestructura,3is_acueductos,"Acueductos afectados (3iS, oficial)",Número,3iS-Sheets,1.0,2026-09-04
27,municipal,Chocó,San José del Palmar,Impacto humano,3is_fallecidos,"Fallecidos (3iS, oficial)",Número,3iS-Sheets,0.0,2026-09-04
27,municipal,Chocó,San José del Palmar,Impacto humano,3is_heridos,"Heridos (3iS, oficial)",Número,3iS-Sheets,2.0,2026-09-04
27,municipal,Chocó,San José del Palmar,Impacto humano,3is_desaparecidos,"Desaparecidos (3iS, oficial)",Número,3iS-Sheets,0.0,2026-09-04
27,municipal,Chocó,San José del Palmar,Impacto humano,3is_rescatados,"Rescatados (3iS, oficial)",Número,3iS-Sheets,0.0,2026-09-04
27,municipal,Chocó,San José del Palmar,Impacto humano,3is_familias,"Familias afectadas (3iS, oficial)",Número,3iS-Sheets,1050.0,2026-09-04
27,municipal,Chocó,San José del Palmar,Vivienda,3is_vivaveriadas,"Viviendas averiadas (3iS, oficial)",Número,3iS-Sheets,485.0,2026-09-04
27,municipal,Chocó,San José del Palmar,Vivienda,3is_vivdestruidas,"Viviendas destruidas (3iS, oficial)",Número,3iS-Sheets,40.0,2026-09-04
27,municipal,Chocó,San José del Palmar,Vivienda,3is_colapsos,"Colapsos (3iS, oficial)",Número,3iS-Sheets,0.0,2026-09-04
27,municipal,Chocó,San José del Palmar,Salud,3is_salud,"Puntos de salud afectados (3iS, oficial)",Número,3iS-Sheets,1.0,2026-09-04
27,municipal,Chocó,San José del Palmar,Educación,3is_educativos,"Puntos educativos afectados (3iS, oficial)",Número,3iS-Sheets,0.0,2026-09-04
27,municipal,Chocó,San José del Palmar,Instituciones,3is_comunitarios,"Puntos comunitarios afectados (3iS, oficial)",Número,3iS-Sheets,3.0,2026-09-04
27,municipal,Chocó,San José del Palmar,Infraestructura,3is_vias,"Vías afectadas (3iS, oficial)",Número,3iS-Sheets,2.0,2026-09-04
27,municipal,Chocó,San José del Palmar,Infraestructura,3is_aeropuertos,"Aeropuertos afectados (3iS, oficial)",Número,3iS-Sheets,0.0,2026-09-04
27,municipal,Chocó,San José del Palmar,Infraestructura,3is_acueductos,"Acueductos afectados (3iS, oficial)",Número,3iS-Sheets,1.0,2026-09-04
27,municipal,Chocó,Sipí,Impacto humano,3is_fallecidos,"Fallecidos (3iS, oficial)",Número,3iS-Sheets,0.0,2026-09-04
27,municipal,Chocó,Sipí,Impacto humano,3is_heridos,"Heridos (3iS, oficial)",Número,3iS-Sheets,0.0,2026-09-04
27,municipal,Chocó,Sipí,Impacto humano,3is_desaparecidos,"Desaparecidos (3iS, oficial)",Número,3iS-Sheets,0.0,2026-09-04
27,municipal,Chocó,Sipí,Impacto humano,3is_rescatados,"Rescatados (3iS, oficial)",Número,3iS-Sheets,0.0,2026-09-04
27,municipal,Chocó,Sipí,Impacto humano,3is_familias,"Familias afectadas (3iS, oficial)",Número,3iS-Sheets,720.0,2026-09-04
27,municipal,Chocó,Sipí,Vivienda,3is_vivaveriadas,"Viviendas averiadas (3iS, oficial)",Número,3iS-Sheets,560.0,2026-09-04
27,municipal,Chocó,Sipí,Vivienda,3is_vivdestruidas,"Viviendas destruidas (3iS, oficial)",Número,3iS-Sheets,160.0,2026-09-04
27,municipal,Chocó,Sipí,Vivienda,3is_colapsos,"Colapsos (3iS, oficial)",Número,3iS-Sheets,0.0,2026-09-04
27,municipal,Chocó,Sipí,Salud,3is_salud,"Puntos de salud afectados (3iS, oficial)",Número,3iS-Sheets,2.0,2026-09-04
27,municipal,Chocó,Sipí,Educación,3is_educativos,"Puntos educativos afectados (3iS, oficial)",Número,3iS-Sheets,12.0,2026-09-04
27,municipal,Chocó,Sipí,Instituciones,3is_comunitarios,"Puntos comunitarios afectados (3iS, oficial)",Número,3iS-Sheets,14.0,2026-09-04
27,municipal,Chocó,Sipí,Infraestructura,3is_vias,"Vías afectadas (3iS, oficial)",Número,3iS-Sheets,0.0,2026-09-04
27,municipal,Chocó,Sipí,Infraestructura,3is_aeropuertos,"Aeropuertos afectados (3iS, oficial)",Número,3iS-Sheets,0.0,2026-09-04
27,municipal,Chocó,Sipí,Infraestructura,3is_acueductos,"Acueductos afectados (3iS, oficial)",Número,3iS-Sheets,0.0,2026-09-04
27,municipal,Chocó,Tadó,Impacto humano,3is_fallecidos,"Fallecidos (3iS, oficial)",Número,3iS-Sheets,0.0,2026-09-04
27,municipal,Chocó,Tadó,Impacto humano,3is_heridos,"Heridos (3iS, oficial)",Número,3iS-Sheets,17.0,2026-09-04
27,municipal,Chocó,Tadó,Impacto humano,3is_desaparecidos,"Desaparecidos (3iS, oficial)",Número,3iS-Sheets,0.0,2026-09-04
27,municipal,Chocó,Tadó,Impacto humano,3is_rescatados,"Rescatados (3iS, oficial)",Número,3iS-Sheets,0.0,2026-09-04
27,municipal,Chocó,Tadó,Impacto humano,3is_familias,"Familias afectadas (3iS, oficial)",Número,3iS-Sheets,2099.0,2026-09-04
27,municipal,Chocó,Tadó,Vivienda,3is_vivaveriadas,"Viviendas averiadas (3iS, oficial)",Número,3iS-Sheets,3624.0,2026-09-04
27,municipal,Chocó,Tadó,Vivienda,3is_vivdestruidas,"Viviendas destruidas (3iS, oficial)",Número,3iS-Sheets,392.0,2026-09-04
27,municipal,Chocó,Tadó,Vivienda,3is_colapsos,"Colapsos (3iS, oficial)",Número,3iS-Sheets,0.0,2026-09-04
27,municipal,Chocó,Tadó,Salud,3is_salud,"Puntos de salud afectados (3iS, oficial)",Número,3iS-Sheets,5.0,2026-09-04
27,municipal,Chocó,Tadó,Educación,3is_educativos,"Puntos educativos afectados (3iS, oficial)",Número,3iS-Sheets,12.0,2026-09-04
27,municipal,Chocó,Tadó,Instituciones,3is_comunitarios,"Puntos comunitarios afectados (3iS, oficial)",Número,3iS-Sheets,0.0,2026-09-04
27,municipal,Chocó,Tadó,Infraestructura,3is_vias,"Vías afectadas (3iS, oficial)",Número,3iS-Sheets,1.0,2026-09-04
27,municipal,Chocó,Tadó,Infraestructura,3is_aeropuertos,"Aeropuertos afectados (3iS, oficial)",Número,3iS-Sheets,0.0,2026-09-04
27,municipal,Chocó,Tadó,Infraestructura,3is_acueductos,"Acueductos afectados (3iS, oficial)",Número,3iS-Sheets,5.0,2026-09-04
27,municipal,Chocó,Unguía,Impacto humano,3is_fallecidos,"Fallecidos (3iS, oficial)",Número,3iS-Sheets,0.0,2026-09-04
27,municipal,Chocó,Unguía,Impacto humano,3is_heridos,"Heridos (3iS, oficial)",Número,3iS-Sheets,0.0,2026-09-04
27,municipal,Chocó,Unguía,Impacto humano,3is_desaparecidos,"Desaparecidos (3iS, oficial)",Número,3iS-Sheets,0.0,2026-09-04
27,municipal,Chocó,Unguía,Impacto humano,3is_rescatados,"Rescatados (3iS, oficial)",Número,3iS-Sheets,0.0,2026-09-04
27,municipal,Chocó,Unguía,Impacto humano,3is_familias,"Familias afectadas (3iS, oficial)",Número,3iS-Sheets,121.0,2026-09-04
27,municipal,Chocó,Unguía,Vivienda,3is_vivaveriadas,"Viviendas averiadas (3iS, oficial)",Número,3iS-Sheets,95.0,2026-09-04
27,municipal,Chocó,Unguía,Vivienda,3is_vivdestruidas,"Viviendas destruidas (3iS, oficial)",Número,3iS-Sheets,0.0,2026-09-04
27,municipal,Chocó,Unguía,Vivienda,3is_colapsos,"Colapsos (3iS, oficial)",Número,3iS-Sheets,0.0,2026-09-04
27,municipal,Chocó,Unguía,Salud,3is_salud,"Puntos de salud afectados (3iS, oficial)",Número,3iS-Sheets,0.0,2026-09-04
27,municipal,Chocó,Unguía,Educación,3is_educativos,"Puntos educativos afectados (3iS, oficial)",Número,3iS-Sheets,4.0,2026-09-04
27,municipal,Chocó,Unguía,Instituciones,3is_comunitarios,"Puntos comunitarios afectados (3iS, oficial)",Número,3iS-Sheets,0.0,2026-09-04
27,municipal,Chocó,Unguía,Infraestructura,3is_vias,"Vías afectadas (3iS, oficial)",Número,3iS-Sheets,0.0,2026-09-04
27,municipal,Chocó,Unguía,Infraestructura,3is_aeropuertos,"Aeropuertos afectados (3iS, oficial)",Número,3iS-Sheets,0.0,2026-09-04
27,municipal,Chocó,Unguía,Infraestructura,3is_acueductos,"Acueductos afectados (3iS, oficial)",Número,3iS-Sheets,0.0,2026-09-04
27,municipal,Chocó,Unión Panamericana,Impacto humano,3is_fallecidos,"Fallecidos (3iS, oficial)",Número,3iS-Sheets,3.0,2026-09-04
27,municipal,Chocó,Unión Panamericana,Impacto humano,3is_heridos,"Heridos (3iS, oficial)",Número,3iS-Sheets,5.0,2026-09-04
27,municipal,Chocó,Unión Panamericana,Impacto humano,3is_desaparecidos,"Desaparecidos (3iS, oficial)",Número,3iS-Sheets,0.0,2026-09-04
27,municipal,Chocó,Unión Panamericana,Impacto humano,3is_rescatados,"Rescatados (3iS, oficial)",Número,3iS-Sheets,0.0,2026-09-04
27,municipal,Chocó,Unión Panamericana,Impacto humano,3is_familias,"Familias afectadas (3iS, oficial)",Número,3iS-Sheets,668.0,2026-09-04
27,municipal,Chocó,Unión Panamericana,Vivienda,3is_vivaveriadas,"Viviendas averiadas (3iS, oficial)",Número,3iS-Sheets,161.0,2026-09-04
27,municipal,Chocó,Unión Panamericana,Vivienda,3is_vivdestruidas,"Viviendas destruidas (3iS, oficial)",Número,3iS-Sheets,507.0,2026-09-04
27,municipal,Chocó,Unión Panamericana,Vivienda,3is_colapsos,"Colapsos (3iS, oficial)",Número,3iS-Sheets,0.0,2026-09-04
27,municipal,Chocó,Unión Panamericana,Salud,3is_salud,"Puntos de salud afectados (3iS, oficial)",Número,3iS-Sheets,1.0,2026-09-04
27,municipal,Chocó,Unión Panamericana,Educación,3is_educativos,"Puntos educativos afectados (3iS, oficial)",Número,3iS-Sheets,4.0,2026-09-04
27,municipal,Chocó,Unión Panamericana,Instituciones,3is_comunitarios,"Puntos comunitarios afectados (3iS, oficial)",Número,3iS-Sheets,13.0,2026-09-04
27,municipal,Chocó,Unión Panamericana,Infraestructura,3is_vias,"Vías afectadas (3iS, oficial)",Número,3iS-Sheets,0.0,2026-09-04
27,municipal,Chocó,Unión Panamericana,Infraestructura,3is_aeropuertos,"Aeropuertos afectados (3iS, oficial)",Número,3iS-Sheets,0.0,2026-09-04
27,municipal,Chocó,Unión Panamericana,Infraestructura,3is_acueductos,"Acueductos afectados (3iS, oficial)",Número,3iS-Sheets,0.0,2026-09-04
76,municipal,Valle del Cauca,Alcalá,Impacto humano,3is_fallecidos,"Fallecidos (3iS, oficial)",Número,3iS-Sheets,0.0,2026-09-04
76,municipal,Valle del Cauca,Alcalá,Impacto humano,3is_heridos,"Heridos (3iS, oficial)",Número,3iS-Sheets,20.0,2026-09-04
76,municipal,Valle del Cauca,Alcalá,Impacto humano,3is_desaparecidos,"Desaparecidos (3iS, oficial)",Número,3iS-Sheets,0.0,2026-09-04
76,municipal,Valle del Cauca,Alcalá,Impacto humano,3is_rescatados,"Rescatados (3iS, oficial)",Número,3iS-Sheets,0.0,2026-09-04
76,municipal,Valle del Cauca,Alcalá,Impacto humano,3is_familias,"Familias afectadas (3iS, oficial)",Número,3iS-Sheets,0.0,2026-09-04
76,municipal,Valle del Cauca,Alcalá,Vivienda,3is_vivaveriadas,"Viviendas averiadas (3iS, oficial)",Número,3iS-Sheets,1432.0,2026-09-04
76,municipal,Valle del Cauca,Alcalá,Vivienda,3is_vivdestruidas,"Viviendas destruidas (3iS, oficial)",Número,3iS-Sheets,120.0,2026-09-04
76,municipal,Valle del Cauca,Alcalá,Vivienda,3is_colapsos,"Colapsos (3iS, oficial)",Número,3iS-Sheets,0.0,2026-09-04
76,municipal,Valle del Cauca,Alcalá,Salud,3is_salud,"Puntos de salud afectados (3iS, oficial)",Número,3iS-Sheets,0.0,2026-09-04
76,municipal,Valle del Cauca,Alcalá,Educación,3is_educativos,"Puntos educativos afectados (3iS, oficial)",Número,3iS-Sheets,25.0,2026-09-04
76,municipal,Valle del Cauca,Alcalá,Instituciones,3is_comunitarios,"Puntos comunitarios afectados (3iS, oficial)",Número,3iS-Sheets,110.0,2026-09-04
76,municipal,Valle del Cauca,Alcalá,Infraestructura,3is_vias,"Vías afectadas (3iS, oficial)",Número,3iS-Sheets,5.0,2026-09-04
76,municipal,Valle del Cauca,Alcalá,Infraestructura,3is_aeropuertos,"Aeropuertos afectados (3iS, oficial)",Número,3iS-Sheets,0.0,2026-09-04
76,municipal,Valle del Cauca,Alcalá,Infraestructura,3is_acueductos,"Acueductos afectados (3iS, oficial)",Número,3iS-Sheets,0.0,2026-09-04
76,municipal,Valle del Cauca,Andalucía,Impacto humano,3is_fallecidos,"Fallecidos (3iS, oficial)",Número,3iS-Sheets,0.0,2026-09-04
76,municipal,Valle del Cauca,Andalucía,Impacto humano,3is_heridos,"Heridos (3iS, oficial)",Número,3iS-Sheets,0.0,2026-09-04
76,municipal,Valle del Cauca,Andalucía,Impacto humano,3is_desaparecidos,"Desaparecidos (3iS, oficial)",Número,3iS-Sheets,0.0,2026-09-04
76,municipal,Valle del Cauca,Andalucía,Impacto humano,3is_rescatados,"Rescatados (3iS, oficial)",Número,3iS-Sheets,0.0,2026-09-04
76,municipal,Valle del Cauca,Andalucía,Impacto humano,3is_familias,"Familias afectadas (3iS, oficial)",Número,3iS-Sheets,0.0,2026-09-04
76,municipal,Valle del Cauca,Andalucía,Vivienda,3is_vivaveriadas,"Viviendas averiadas (3iS, oficial)",Número,3iS-Sheets,1120.0,2026-09-04
76,municipal,Valle del Cauca,Andalucía,Vivienda,3is_vivdestruidas,"Viviendas destruidas (3iS, oficial)",Número,3iS-Sheets,77.0,2026-09-04
76,municipal,Valle del Cauca,Andalucía,Vivienda,3is_colapsos,"Colapsos (3iS, oficial)",Número,3iS-Sheets,0.0,2026-09-04
76,municipal,Valle del Cauca,Andalucía,Salud,3is_salud,"Puntos de salud afectados (3iS, oficial)",Número,3iS-Sheets,1.0,2026-09-04
76,municipal,Valle del Cauca,Andalucía,Educación,3is_educativos,"Puntos educativos afectados (3iS, oficial)",Número,3iS-Sheets,10.0,2026-09-04
76,municipal,Valle del Cauca,Andalucía,Instituciones,3is_comunitarios,"Puntos comunitarios afectados (3iS, oficial)",Número,3iS-Sheets,78.0,2026-09-04
76,municipal,Valle del Cauca,Andalucía,Infraestructura,3is_vias,"Vías afectadas (3iS, oficial)",Número,3iS-Sheets,1.0,2026-09-04
76,municipal,Valle del Cauca,Andalucía,Infraestructura,3is_aeropuertos,"Aeropuertos afectados (3iS, oficial)",Número,3iS-Sheets,0.0,2026-09-04
76,municipal,Valle del Cauca,Andalucía,Infraestructura,3is_acueductos,"Acueductos afectados (3iS, oficial)",Número,3iS-Sheets,0.0,2026-09-04
76,municipal,Valle del Cauca,Anserma Nuevo,Impacto humano,3is_fallecidos,"Fallecidos (3iS, oficial)",Número,3iS-Sheets,1.0,2026-09-04
76,municipal,Valle del Cauca,Anserma Nuevo,Impacto humano,3is_heridos,"Heridos (3iS, oficial)",Número,3iS-Sheets,0.0,2026-09-04
76,municipal,Valle del Cauca,Anserma Nuevo,Impacto humano,3is_desaparecidos,"Desaparecidos (3iS, oficial)",Número,3iS-Sheets,0.0,2026-09-04
76,municipal,Valle del Cauca,Anserma Nuevo,Impacto humano,3is_rescatados,"Rescatados (3iS, oficial)",Número,3iS-Sheets,0.0,2026-09-04
76,municipal,Valle del Cauca,Anserma Nuevo,Impacto humano,3is_familias,"Familias afectadas (3iS, oficial)",Número,3iS-Sheets,0.0,2026-09-04
76,municipal,Valle del Cauca,Anserma Nuevo,Vivienda,3is_vivaveriadas,"Viviendas averiadas (3iS, oficial)",Número,3iS-Sheets,1211.0,2026-09-04
76,municipal,Valle del Cauca,Anserma Nuevo,Vivienda,3is_vivdestruidas,"Viviendas destruidas (3iS, oficial)",Número,3iS-Sheets,196.0,2026-09-04
76,municipal,Valle del Cauca,Anserma Nuevo,Vivienda,3is_colapsos,"Colapsos (3iS, oficial)",Número,3iS-Sheets,0.0,2026-09-04
76,municipal,Valle del Cauca,Anserma Nuevo,Salud,3is_salud,"Puntos de salud afectados (3iS, oficial)",Número,3iS-Sheets,1.0,2026-09-04
76,municipal,Valle del Cauca,Anserma Nuevo,Educación,3is_educativos,"Puntos educativos afectados (3iS, oficial)",Número,3iS-Sheets,34.0,2026-09-04
76,municipal,Valle del Cauca,Anserma Nuevo,Instituciones,3is_comunitarios,"Puntos comunitarios afectados (3iS, oficial)",Número,3iS-Sheets,49.0,2026-09-04
76,municipal,Valle del Cauca,Anserma Nuevo,Infraestructura,3is_vias,"Vías afectadas (3iS, oficial)",Número,3iS-Sheets,6.0,2026-09-04
76,municipal,Valle del Cauca,Anserma Nuevo,Infraestructura,3is_aeropuertos,"Aeropuertos afectados (3iS, oficial)",Número,3iS-Sheets,0.0,2026-09-04
76,municipal,Valle del Cauca,Anserma Nuevo,Infraestructura,3is_acueductos,"Acueductos afectados (3iS, oficial)",Número,3iS-Sheets,0.0,2026-09-04
76,municipal,Valle del Cauca,Argelia,Impacto humano,3is_fallecidos,"Fallecidos (3iS, oficial)",Número,3iS-Sheets,0.0,2026-09-04
76,municipal,Valle del Cauca,Argelia,Impacto humano,3is_heridos,"Heridos (3iS, oficial)",Número,3iS-Sheets,3.0,2026-09-04
76,municipal,Valle del Cauca,Argelia,Impacto humano,3is_desaparecidos,"Desaparecidos (3iS, oficial)",Número,3iS-Sheets,0.0,2026-09-04
76,municipal,Valle del Cauca,Argelia,Impacto humano,3is_rescatados,"Rescatados (3iS, oficial)",Número,3iS-Sheets,0.0,2026-09-04
76,municipal,Valle del Cauca,Argelia,Impacto humano,3is_familias,"Familias afectadas (3iS, oficial)",Número,3iS-Sheets,0.0,2026-09-04
76,municipal,Valle del Cauca,Argelia,Vivienda,3is_vivaveriadas,"Viviendas averiadas (3iS, oficial)",Número,3iS-Sheets,280.0,2026-09-04
76,municipal,Valle del Cauca,Argelia,Vivienda,3is_vivdestruidas,"Viviendas destruidas (3iS, oficial)",Número,3iS-Sheets,977.0,2026-09-04
76,municipal,Valle del Cauca,Argelia,Vivienda,3is_colapsos,"Colapsos (3iS, oficial)",Número,3iS-Sheets,0.0,2026-09-04
76,municipal,Valle del Cauca,Argelia,Salud,3is_salud,"Puntos de salud afectados (3iS, oficial)",Número,3iS-Sheets,1.0,2026-09-04
76,municipal,Valle del Cauca,Argelia,Educación,3is_educativos,"Puntos educativos afectados (3iS, oficial)",Número,3iS-Sheets,21.0,2026-09-04
76,municipal,Valle del Cauca,Argelia,Instituciones,3is_comunitarios,"Puntos comunitarios afectados (3iS, oficial)",Número,3iS-Sheets,70.0,2026-09-04
76,municipal,Valle del Cauca,Argelia,Infraestructura,3is_vias,"Vías afectadas (3iS, oficial)",Número,3iS-Sheets,0.0,2026-09-04
76,municipal,Valle del Cauca,Argelia,Infraestructura,3is_aeropuertos,"Aeropuertos afectados (3iS, oficial)",Número,3iS-Sheets,0.0,2026-09-04
76,municipal,Valle del Cauca,Argelia,Infraestructura,3is_acueductos,"Acueductos afectados (3iS, oficial)",Número,3iS-Sheets,0.0,2026-09-04
76,municipal,Valle del Cauca,Bolívar,Impacto humano,3is_fallecidos,"Fallecidos (3iS, oficial)",Número,3iS-Sheets,0.0,2026-09-04
76,municipal,Valle del Cauca,Bolívar,Impacto humano,3is_heridos,"Heridos (3iS, oficial)",Número,3iS-Sheets,9.0,2026-09-04
76,municipal,Valle del Cauca,Bolívar,Impacto humano,3is_desaparecidos,"Desaparecidos (3iS, oficial)",Número,3iS-Sheets,0.0,2026-09-04
76,municipal,Valle del Cauca,Bolívar,Impacto humano,3is_rescatados,"Rescatados (3iS, oficial)",Número,3iS-Sheets,0.0,2026-09-04
76,municipal,Valle del Cauca,Bolívar,Impacto humano,3is_familias,"Familias afectadas (3iS, oficial)",Número,3iS-Sheets,0.0,2026-09-04
76,municipal,Valle del Cauca,Bolívar,Vivienda,3is_vivaveriadas,"Viviendas averiadas (3iS, oficial)",Número,3iS-Sheets,3238.0,2026-09-04
76,municipal,Valle del Cauca,Bolívar,Vivienda,3is_vivdestruidas,"Viviendas destruidas (3iS, oficial)",Número,3iS-Sheets,120.0,2026-09-04
76,municipal,Valle del Cauca,Bolívar,Vivienda,3is_colapsos,"Colapsos (3iS, oficial)",Número,3iS-Sheets,0.0,2026-09-04
76,municipal,Valle del Cauca,Bolívar,Salud,3is_salud,"Puntos de salud afectados (3iS, oficial)",Número,3iS-Sheets,4.0,2026-09-04
76,municipal,Valle del Cauca,Bolívar,Educación,3is_educativos,"Puntos educativos afectados (3iS, oficial)",Número,3iS-Sheets,10.0,2026-09-04
76,municipal,Valle del Cauca,Bolívar,Instituciones,3is_comunitarios,"Puntos comunitarios afectados (3iS, oficial)",Número,3iS-Sheets,178.0,2026-09-04
76,municipal,Valle del Cauca,Bolívar,Infraestructura,3is_vias,"Vías afectadas (3iS, oficial)",Número,3iS-Sheets,8.0,2026-09-04
76,municipal,Valle del Cauca,Bolívar,Infraestructura,3is_aeropuertos,"Aeropuertos afectados (3iS, oficial)",Número,3iS-Sheets,0.0,2026-09-04
76,municipal,Valle del Cauca,Bolívar,Infraestructura,3is_acueductos,"Acueductos afectados (3iS, oficial)",Número,3iS-Sheets,0.0,2026-09-04
76,municipal,Valle del Cauca,Buenaventura,Impacto humano,3is_fallecidos,"Fallecidos (3iS, oficial)",Número,3iS-Sheets,11.0,2026-09-04
76,municipal,Valle del Cauca,Buenaventura,Impacto humano,3is_heridos,"Heridos (3iS, oficial)",Número,3iS-Sheets,476.0,2026-09-04
76,municipal,Valle del Cauca,Buenaventura,Impacto humano,3is_desaparecidos,"Desaparecidos (3iS, oficial)",Número,3iS-Sheets,0.0,2026-09-04
76,municipal,Valle del Cauca,Buenaventura,Impacto humano,3is_rescatados,"Rescatados (3iS, oficial)",Número,3iS-Sheets,0.0,2026-09-04
76,municipal,Valle del Cauca,Buenaventura,Impacto humano,3is_familias,"Familias afectadas (3iS, oficial)",Número,3iS-Sheets,10148.0,2026-09-04
76,municipal,Valle del Cauca,Buenaventura,Vivienda,3is_vivaveriadas,"Viviendas averiadas (3iS, oficial)",Número,3iS-Sheets,9194.0,2026-09-04
76,municipal,Valle del Cauca,Buenaventura,Vivienda,3is_vivdestruidas,"Viviendas destruidas (3iS, oficial)",Número,3iS-Sheets,954.0,2026-09-04
76,municipal,Valle del Cauca,Buenaventura,Vivienda,3is_colapsos,"Colapsos (3iS, oficial)",Número,3iS-Sheets,0.0,2026-09-04
76,municipal,Valle del Cauca,Buenaventura,Salud,3is_salud,"Puntos de salud afectados (3iS, oficial)",Número,3iS-Sheets,5.0,2026-09-04
76,municipal,Valle del Cauca,Buenaventura,Educación,3is_educativos,"Puntos educativos afectados (3iS, oficial)",Número,3iS-Sheets,238.0,2026-09-04
76,municipal,Valle del Cauca,Buenaventura,Instituciones,3is_comunitarios,"Puntos comunitarios afectados (3iS, oficial)",Número,3iS-Sheets,78.0,2026-09-04
76,municipal,Valle del Cauca,Buenaventura,Infraestructura,3is_vias,"Vías afectadas (3iS, oficial)",Número,3iS-Sheets,5.0,2026-09-04
76,municipal,Valle del Cauca,Buenaventura,Infraestructura,3is_aeropuertos,"Aeropuertos afectados (3iS, oficial)",Número,3iS-Sheets,1.0,2026-09-04
76,municipal,Valle del Cauca,Buenaventura,Infraestructura,3is_acueductos,"Acueductos afectados (3iS, oficial)",Número,3iS-Sheets,0.0,2026-09-04
76,municipal,Valle del Cauca,Buga,Impacto humano,3is_fallecidos,"Fallecidos (3iS, oficial)",Número,3iS-Sheets,1.0,2026-09-04
76,municipal,Valle del Cauca,Buga,Impacto humano,3is_heridos,"Heridos (3iS, oficial)",Número,3iS-Sheets,38.0,2026-09-04
76,municipal,Valle del Cauca,Buga,Impacto humano,3is_desaparecidos,"Desaparecidos (3iS, oficial)",Número,3iS-Sheets,0.0,2026-09-04
76,municipal,Valle del Cauca,Buga,Impacto humano,3is_rescatados,"Rescatados (3iS, oficial)",Número,3iS-Sheets,0.0,2026-09-04
76,municipal,Valle del Cauca,Buga,Impacto humano,3is_familias,"Familias afectadas (3iS, oficial)",Número,3iS-Sheets,1600.0,2026-09-04
76,municipal,Valle del Cauca,Buga,Vivienda,3is_vivaveriadas,"Viviendas averiadas (3iS, oficial)",Número,3iS-Sheets,570.0,2026-09-04
76,municipal,Valle del Cauca,Buga,Vivienda,3is_vivdestruidas,"Viviendas destruidas (3iS, oficial)",Número,3iS-Sheets,42.0,2026-09-04
76,municipal,Valle del Cauca,Buga,Vivienda,3is_colapsos,"Colapsos (3iS, oficial)",Número,3iS-Sheets,0.0,2026-09-04
76,municipal,Valle del Cauca,Buga,Salud,3is_salud,"Puntos de salud afectados (3iS, oficial)",Número,3iS-Sheets,10.0,2026-09-04
76,municipal,Valle del Cauca,Buga,Educación,3is_educativos,"Puntos educativos afectados (3iS, oficial)",Número,3iS-Sheets,10.0,2026-09-04
76,municipal,Valle del Cauca,Buga,Instituciones,3is_comunitarios,"Puntos comunitarios afectados (3iS, oficial)",Número,3iS-Sheets,56.0,2026-09-04
76,municipal,Valle del Cauca,Buga,Infraestructura,3is_vias,"Vías afectadas (3iS, oficial)",Número,3iS-Sheets,1.0,2026-09-04
76,municipal,Valle del Cauca,Buga,Infraestructura,3is_aeropuertos,"Aeropuertos afectados (3iS, oficial)",Número,3iS-Sheets,0.0,2026-09-04
76,municipal,Valle del Cauca,Buga,Infraestructura,3is_acueductos,"Acueductos afectados (3iS, oficial)",Número,3iS-Sheets,0.0,2026-09-04
76,municipal,Valle del Cauca,Bugalagrande,Impacto humano,3is_fallecidos,"Fallecidos (3iS, oficial)",Número,3iS-Sheets,0.0,2026-09-04
76,municipal,Valle del Cauca,Bugalagrande,Impacto humano,3is_heridos,"Heridos (3iS, oficial)",Número,3iS-Sheets,30.0,2026-09-04
76,municipal,Valle del Cauca,Bugalagrande,Impacto humano,3is_desaparecidos,"Desaparecidos (3iS, oficial)",Número,3iS-Sheets,0.0,2026-09-04
76,municipal,Valle del Cauca,Bugalagrande,Impacto humano,3is_rescatados,"Rescatados (3iS, oficial)",Número,3iS-Sheets,0.0,2026-09-04
76,municipal,Valle del Cauca,Bugalagrande,Impacto humano,3is_familias,"Familias afectadas (3iS, oficial)",Número,3iS-Sheets,0.0,2026-09-04
76,municipal,Valle del Cauca,Bugalagrande,Vivienda,3is_vivaveriadas,"Viviendas averiadas (3iS, oficial)",Número,3iS-Sheets,877.0,2026-09-04
76,municipal,Valle del Cauca,Bugalagrande,Vivienda,3is_vivdestruidas,"Viviendas destruidas (3iS, oficial)",Número,3iS-Sheets,125.0,2026-09-04
76,municipal,Valle del Cauca,Bugalagrande,Vivienda,3is_colapsos,"Colapsos (3iS, oficial)",Número,3iS-Sheets,0.0,2026-09-04
76,municipal,Valle del Cauca,Bugalagrande,Salud,3is_salud,"Puntos de salud afectados (3iS, oficial)",Número,3iS-Sheets,1.0,2026-09-04
76,municipal,Valle del Cauca,Bugalagrande,Educación,3is_educativos,"Puntos educativos afectados (3iS, oficial)",Número,3iS-Sheets,7.0,2026-09-04
76,municipal,Valle del Cauca,Bugalagrande,Instituciones,3is_comunitarios,"Puntos comunitarios afectados (3iS, oficial)",Número,3iS-Sheets,0.0,2026-09-04
76,municipal,Valle del Cauca,Bugalagrande,Infraestructura,3is_vias,"Vías afectadas (3iS, oficial)",Número,3iS-Sheets,0.0,2026-09-04
76,municipal,Valle del Cauca,Bugalagrande,Infraestructura,3is_aeropuertos,"Aeropuertos afectados (3iS, oficial)",Número,3iS-Sheets,0.0,2026-09-04
76,municipal,Valle del Cauca,Bugalagrande,Infraestructura,3is_acueductos,"Acueductos afectados (3iS, oficial)",Número,3iS-Sheets,0.0,2026-09-04
76,municipal,Valle del Cauca,Caicedonia,Impacto humano,3is_fallecidos,"Fallecidos (3iS, oficial)",Número,3iS-Sheets,0.0,2026-09-04
76,municipal,Valle del Cauca,Caicedonia,Impacto humano,3is_heridos,"Heridos (3iS, oficial)",Número,3iS-Sheets,8.0,2026-09-04
76,municipal,Valle del Cauca,Caicedonia,Impacto humano,3is_desaparecidos,"Desaparecidos (3iS, oficial)",Número,3iS-Sheets,0.0,2026-09-04
76,municipal,Valle del Cauca,Caicedonia,Impacto humano,3is_rescatados,"Rescatados (3iS, oficial)",Número,3iS-Sheets,0.0,2026-09-04
76,municipal,Valle del Cauca,Caicedonia,Impacto humano,3is_familias,"Familias afectadas (3iS, oficial)",Número,3iS-Sheets,1100.0,2026-09-04
76,municipal,Valle del Cauca,Caicedonia,Vivienda,3is_vivaveriadas,"Viviendas averiadas (3iS, oficial)",Número,3iS-Sheets,2367.0,2026-09-04
76,municipal,Valle del Cauca,Caicedonia,Vivienda,3is_vivdestruidas,"Viviendas destruidas (3iS, oficial)",Número,3iS-Sheets,183.0,2026-09-04
76,municipal,Valle del Cauca,Caicedonia,Vivienda,3is_colapsos,"Colapsos (3iS, oficial)",Número,3iS-Sheets,0.0,2026-09-04
76,municipal,Valle del Cauca,Caicedonia,Salud,3is_salud,"Puntos de salud afectados (3iS, oficial)",Número,3iS-Sheets,3.0,2026-09-04
76,municipal,Valle del Cauca,Caicedonia,Educación,3is_educativos,"Puntos educativos afectados (3iS, oficial)",Número,3iS-Sheets,22.0,2026-09-04
76,municipal,Valle del Cauca,Caicedonia,Instituciones,3is_comunitarios,"Puntos comunitarios afectados (3iS, oficial)",Número,3iS-Sheets,171.0,2026-09-04
76,municipal,Valle del Cauca,Caicedonia,Infraestructura,3is_vias,"Vías afectadas (3iS, oficial)",Número,3iS-Sheets,4.0,2026-09-04
76,municipal,Valle del Cauca,Caicedonia,Infraestructura,3is_aeropuertos,"Aeropuertos afectados (3iS, oficial)",Número,3iS-Sheets,0.0,2026-09-04
76,municipal,Valle del Cauca,Caicedonia,Infraestructura,3is_acueductos,"Acueductos afectados (3iS, oficial)",Número,3iS-Sheets,0.0,2026-09-04
76,municipal,Valle del Cauca,Cali,Impacto humano,3is_fallecidos,"Fallecidos (3iS, oficial)",Número,3iS-Sheets,155.0,2026-09-04
76,municipal,Valle del Cauca,Cali,Impacto humano,3is_heridos,"Heridos (3iS, oficial)",Número,3iS-Sheets,1503.0,2026-09-04
76,municipal,Valle del Cauca,Cali,Impacto humano,3is_desaparecidos,"Desaparecidos (3iS, oficial)",Número,3iS-Sheets,33.0,2026-09-04
76,municipal,Valle del Cauca,Cali,Impacto humano,3is_rescatados,"Rescatados (3iS, oficial)",Número,3iS-Sheets,88.0,2026-09-04
76,municipal,Valle del Cauca,Cali,Impacto humano,3is_familias,"Familias afectadas (3iS, oficial)",Número,3iS-Sheets,46798.0,2026-09-04
76,municipal,Valle del Cauca,Cali,Vivienda,3is_vivaveriadas,"Viviendas averiadas (3iS, oficial)",Número,3iS-Sheets,0.0,2026-09-04
76,municipal,Valle del Cauca,Cali,Vivienda,3is_vivdestruidas,"Viviendas destruidas (3iS, oficial)",Número,3iS-Sheets,0.0,2026-09-04
76,municipal,Valle del Cauca,Cali,Vivienda,3is_colapsos,"Colapsos (3iS, oficial)",Número,3iS-Sheets,422.0,2026-09-04
76,municipal,Valle del Cauca,Cali,Salud,3is_salud,"Puntos de salud afectados (3iS, oficial)",Número,3iS-Sheets,10.0,2026-09-04
76,municipal,Valle del Cauca,Cali,Educación,3is_educativos,"Puntos educativos afectados (3iS, oficial)",Número,3iS-Sheets,214.0,2026-09-04
76,municipal,Valle del Cauca,Cali,Instituciones,3is_comunitarios,"Puntos comunitarios afectados (3iS, oficial)",Número,3iS-Sheets,0.0,2026-09-04
76,municipal,Valle del Cauca,Cali,Infraestructura,3is_vias,"Vías afectadas (3iS, oficial)",Número,3iS-Sheets,0.0,2026-09-04
76,municipal,Valle del Cauca,Cali,Infraestructura,3is_aeropuertos,"Aeropuertos afectados (3iS, oficial)",Número,3iS-Sheets,0.0,2026-09-04
76,municipal,Valle del Cauca,Cali,Infraestructura,3is_acueductos,"Acueductos afectados (3iS, oficial)",Número,3iS-Sheets,0.0,2026-09-04
76,municipal,Valle del Cauca,Calima (Darién),Impacto humano,3is_fallecidos,"Fallecidos (3iS, oficial)",Número,3iS-Sheets,4.0,2026-09-04
76,municipal,Valle del Cauca,Calima (Darién),Impacto humano,3is_heridos,"Heridos (3iS, oficial)",Número,3iS-Sheets,74.0,2026-09-04
76,municipal,Valle del Cauca,Calima (Darién),Impacto humano,3is_desaparecidos,"Desaparecidos (3iS, oficial)",Número,3iS-Sheets,0.0,2026-09-04
76,municipal,Valle del Cauca,Calima (Darién),Impacto humano,3is_rescatados,"Rescatados (3iS, oficial)",Número,3iS-Sheets,0.0,2026-09-04
76,municipal,Valle del Cauca,Calima (Darién),Impacto humano,3is_familias,"Familias afectadas (3iS, oficial)",Número,3iS-Sheets,0.0,2026-09-04
76,municipal,Valle del Cauca,Calima (Darién),Vivienda,3is_vivaveriadas,"Viviendas averiadas (3iS, oficial)",Número,3iS-Sheets,616.0,2026-09-04
76,municipal,Valle del Cauca,Calima (Darién),Vivienda,3is_vivdestruidas,"Viviendas destruidas (3iS, oficial)",Número,3iS-Sheets,676.0,2026-09-04
76,municipal,Valle del Cauca,Calima (Darién),Vivienda,3is_colapsos,"Colapsos (3iS, oficial)",Número,3iS-Sheets,0.0,2026-09-04
76,municipal,Valle del Cauca,Calima (Darién),Salud,3is_salud,"Puntos de salud afectados (3iS, oficial)",Número,3iS-Sheets,1.0,2026-09-04
76,municipal,Valle del Cauca,Calima (Darién),Educación,3is_educativos,"Puntos educativos afectados (3iS, oficial)",Número,3iS-Sheets,20.0,2026-09-04
76,municipal,Valle del Cauca,Calima (Darién),Instituciones,3is_comunitarios,"Puntos comunitarios afectados (3iS, oficial)",Número,3iS-Sheets,86.0,2026-09-04
76,municipal,Valle del Cauca,Calima (Darién),Infraestructura,3is_vias,"Vías afectadas (3iS, oficial)",Número,3iS-Sheets,12.0,2026-09-04
76,municipal,Valle del Cauca,Calima (Darién),Infraestructura,3is_aeropuertos,"Aeropuertos afectados (3iS, oficial)",Número,3iS-Sheets,0.0,2026-09-04
76,municipal,Valle del Cauca,Calima (Darién),Infraestructura,3is_acueductos,"Acueductos afectados (3iS, oficial)",Número,3iS-Sheets,0.0,2026-09-04
76,municipal,Valle del Cauca,Candelaria,Impacto humano,3is_fallecidos,"Fallecidos (3iS, oficial)",Número,3iS-Sheets,0.0,2026-09-04
76,municipal,Valle del Cauca,Candelaria,Impacto humano,3is_heridos,"Heridos (3iS, oficial)",Número,3iS-Sheets,30.0,2026-09-04
76,municipal,Valle del Cauca,Candelaria,Impacto humano,3is_desaparecidos,"Desaparecidos (3iS, oficial)",Número,3iS-Sheets,0.0,2026-09-04
76,municipal,Valle del Cauca,Candelaria,Impacto humano,3is_rescatados,"Rescatados (3iS, oficial)",Número,3iS-Sheets,0.0,2026-09-04
76,municipal,Valle del Cauca,Candelaria,Impacto humano,3is_familias,"Familias afectadas (3iS, oficial)",Número,3iS-Sheets,0.0,2026-09-04
76,municipal,Valle del Cauca,Candelaria,Vivienda,3is_vivaveriadas,"Viviendas averiadas (3iS, oficial)",Número,3iS-Sheets,534.0,2026-09-04
76,municipal,Valle del Cauca,Candelaria,Vivienda,3is_vivdestruidas,"Viviendas destruidas (3iS, oficial)",Número,3iS-Sheets,27.0,2026-09-04
76,municipal,Valle del Cauca,Candelaria,Vivienda,3is_colapsos,"Colapsos (3iS, oficial)",Número,3iS-Sheets,0.0,2026-09-04
76,municipal,Valle del Cauca,Candelaria,Salud,3is_salud,"Puntos de salud afectados (3iS, oficial)",Número,3iS-Sheets,3.0,2026-09-04
76,municipal,Valle del Cauca,Candelaria,Educación,3is_educativos,"Puntos educativos afectados (3iS, oficial)",Número,3iS-Sheets,12.0,2026-09-04
76,municipal,Valle del Cauca,Candelaria,Instituciones,3is_comunitarios,"Puntos comunitarios afectados (3iS, oficial)",Número,3iS-Sheets,20.0,2026-09-04
76,municipal,Valle del Cauca,Candelaria,Infraestructura,3is_vias,"Vías afectadas (3iS, oficial)",Número,3iS-Sheets,0.0,2026-09-04
76,municipal,Valle del Cauca,Candelaria,Infraestructura,3is_aeropuertos,"Aeropuertos afectados (3iS, oficial)",Número,3iS-Sheets,0.0,2026-09-04
76,municipal,Valle del Cauca,Candelaria,Infraestructura,3is_acueductos,"Acueductos afectados (3iS, oficial)",Número,3iS-Sheets,0.0,2026-09-04
76,municipal,Valle del Cauca,Cartago,Impacto humano,3is_fallecidos,"Fallecidos (3iS, oficial)",Número,3iS-Sheets,0.0,2026-09-04
76,municipal,Valle del Cauca,Cartago,Impacto humano,3is_heridos,"Heridos (3iS, oficial)",Número,3iS-Sheets,30.0,2026-09-04
76,municipal,Valle del Cauca,Cartago,Impacto humano,3is_desaparecidos,"Desaparecidos (3iS, oficial)",Número,3iS-Sheets,0.0,2026-09-04
76,municipal,Valle del Cauca,Cartago,Impacto humano,3is_rescatados,"Rescatados (3iS, oficial)",Número,3iS-Sheets,0.0,2026-09-04
76,municipal,Valle del Cauca,Cartago,Impacto humano,3is_familias,"Familias afectadas (3iS, oficial)",Número,3iS-Sheets,0.0,2026-09-04
76,municipal,Valle del Cauca,Cartago,Vivienda,3is_vivaveriadas,"Viviendas averiadas (3iS, oficial)",Número,3iS-Sheets,801.0,2026-09-04
76,municipal,Valle del Cauca,Cartago,Vivienda,3is_vivdestruidas,"Viviendas destruidas (3iS, oficial)",Número,3iS-Sheets,40.0,2026-09-04
76,municipal,Valle del Cauca,Cartago,Vivienda,3is_colapsos,"Colapsos (3iS, oficial)",Número,3iS-Sheets,0.0,2026-09-04
76,municipal,Valle del Cauca,Cartago,Salud,3is_salud,"Puntos de salud afectados (3iS, oficial)",Número,3iS-Sheets,3.0,2026-09-04
76,municipal,Valle del Cauca,Cartago,Educación,3is_educativos,"Puntos educativos afectados (3iS, oficial)",Número,3iS-Sheets,22.0,2026-09-04
76,municipal,Valle del Cauca,Cartago,Instituciones,3is_comunitarios,"Puntos comunitarios afectados (3iS, oficial)",Número,3iS-Sheets,148.0,2026-09-04
76,municipal,Valle del Cauca,Cartago,Infraestructura,3is_vias,"Vías afectadas (3iS, oficial)",Número,3iS-Sheets,2.0,2026-09-04
76,municipal,Valle del Cauca,Cartago,Infraestructura,3is_aeropuertos,"Aeropuertos afectados (3iS, oficial)",Número,3iS-Sheets,0.0,2026-09-04
76,municipal,Valle del Cauca,Cartago,Infraestructura,3is_acueductos,"Acueductos afectados (3iS, oficial)",Número,3iS-Sheets,0.0,2026-09-04
76,municipal,Valle del Cauca,Dagua,Impacto humano,3is_fallecidos,"Fallecidos (3iS, oficial)",Número,3iS-Sheets,5.0,2026-09-04
76,municipal,Valle del Cauca,Dagua,Impacto humano,3is_heridos,"Heridos (3iS, oficial)",Número,3iS-Sheets,58.0,2026-09-04
76,municipal,Valle del Cauca,Dagua,Impacto humano,3is_desaparecidos,"Desaparecidos (3iS, oficial)",Número,3iS-Sheets,0.0,2026-09-04
76,municipal,Valle del Cauca,Dagua,Impacto humano,3is_rescatados,"Rescatados (3iS, oficial)",Número,3iS-Sheets,0.0,2026-09-04
76,municipal,Valle del Cauca,Dagua,Impacto humano,3is_familias,"Familias afectadas (3iS, oficial)",Número,3iS-Sheets,0.0,2026-09-04
76,municipal,Valle del Cauca,Dagua,Vivienda,3is_vivaveriadas,"Viviendas averiadas (3iS, oficial)",Número,3iS-Sheets,1717.0,2026-09-04
76,municipal,Valle del Cauca,Dagua,Vivienda,3is_vivdestruidas,"Viviendas destruidas (3iS, oficial)",Número,3iS-Sheets,217.0,2026-09-04
76,municipal,Valle del Cauca,Dagua,Vivienda,3is_colapsos,"Colapsos (3iS, oficial)",Número,3iS-Sheets,0.0,2026-09-04
76,municipal,Valle del Cauca,Dagua,Salud,3is_salud,"Puntos de salud afectados (3iS, oficial)",Número,3iS-Sheets,1.0,2026-09-04
76,municipal,Valle del Cauca,Dagua,Educación,3is_educativos,"Puntos educativos afectados (3iS, oficial)",Número,3iS-Sheets,15.0,2026-09-04
76,municipal,Valle del Cauca,Dagua,Instituciones,3is_comunitarios,"Puntos comunitarios afectados (3iS, oficial)",Número,3iS-Sheets,98.0,2026-09-04
76,municipal,Valle del Cauca,Dagua,Infraestructura,3is_vias,"Vías afectadas (3iS, oficial)",Número,3iS-Sheets,30.0,2026-09-04
76,municipal,Valle del Cauca,Dagua,Infraestructura,3is_aeropuertos,"Aeropuertos afectados (3iS, oficial)",Número,3iS-Sheets,1.0,2026-09-04
76,municipal,Valle del Cauca,Dagua,Infraestructura,3is_acueductos,"Acueductos afectados (3iS, oficial)",Número,3iS-Sheets,0.0,2026-09-04
76,municipal,Valle del Cauca,El Águila,Impacto humano,3is_fallecidos,"Fallecidos (3iS, oficial)",Número,3iS-Sheets,0.0,2026-09-04
76,municipal,Valle del Cauca,El Águila,Impacto humano,3is_heridos,"Heridos (3iS, oficial)",Número,3iS-Sheets,25.0,2026-09-04
76,municipal,Valle del Cauca,El Águila,Impacto humano,3is_desaparecidos,"Desaparecidos (3iS, oficial)",Número,3iS-Sheets,0.0,2026-09-04
76,municipal,Valle del Cauca,El Águila,Impacto humano,3is_rescatados,"Rescatados (3iS, oficial)",Número,3iS-Sheets,0.0,2026-09-04
76,municipal,Valle del Cauca,El Águila,Impacto humano,3is_familias,"Familias afectadas (3iS, oficial)",Número,3iS-Sheets,0.0,2026-09-04
76,municipal,Valle del Cauca,El Águila,Vivienda,3is_vivaveriadas,"Viviendas averiadas (3iS, oficial)",Número,3iS-Sheets,891.0,2026-09-04
76,municipal,Valle del Cauca,El Águila,Vivienda,3is_vivdestruidas,"Viviendas destruidas (3iS, oficial)",Número,3iS-Sheets,419.0,2026-09-04
76,municipal,Valle del Cauca,El Águila,Vivienda,3is_colapsos,"Colapsos (3iS, oficial)",Número,3iS-Sheets,0.0,2026-09-04
76,municipal,Valle del Cauca,El Águila,Salud,3is_salud,"Puntos de salud afectados (3iS, oficial)",Número,3iS-Sheets,1.0,2026-09-04
76,municipal,Valle del Cauca,El Águila,Educación,3is_educativos,"Puntos educativos afectados (3iS, oficial)",Número,3iS-Sheets,18.0,2026-09-04
76,municipal,Valle del Cauca,El Águila,Instituciones,3is_comunitarios,"Puntos comunitarios afectados (3iS, oficial)",Número,3iS-Sheets,26.0,2026-09-04
76,municipal,Valle del Cauca,El Águila,Infraestructura,3is_vias,"Vías afectadas (3iS, oficial)",Número,3iS-Sheets,13.0,2026-09-04
76,municipal,Valle del Cauca,El Águila,Infraestructura,3is_aeropuertos,"Aeropuertos afectados (3iS, oficial)",Número,3iS-Sheets,0.0,2026-09-04
76,municipal,Valle del Cauca,El Águila,Infraestructura,3is_acueductos,"Acueductos afectados (3iS, oficial)",Número,3iS-Sheets,0.0,2026-09-04
76,municipal,Valle del Cauca,El Cairo,Impacto humano,3is_fallecidos,"Fallecidos (3iS, oficial)",Número,3iS-Sheets,3.0,2026-09-04
76,municipal,Valle del Cauca,El Cairo,Impacto humano,3is_heridos,"Heridos (3iS, oficial)",Número,3iS-Sheets,4.0,2026-09-04
76,municipal,Valle del Cauca,El Cairo,Impacto humano,3is_desaparecidos,"Desaparecidos (3iS, oficial)",Número,3iS-Sheets,0.0,2026-09-04
76,municipal,Valle del Cauca,El Cairo,Impacto humano,3is_rescatados,"Rescatados (3iS, oficial)",Número,3iS-Sheets,0.0,2026-09-04
76,municipal,Valle del Cauca,El Cairo,Impacto humano,3is_familias,"Familias afectadas (3iS, oficial)",Número,3iS-Sheets,0.0,2026-09-04
76,municipal,Valle del Cauca,El Cairo,Vivienda,3is_vivaveriadas,"Viviendas averiadas (3iS, oficial)",Número,3iS-Sheets,800.0,2026-09-04
76,municipal,Valle del Cauca,El Cairo,Vivienda,3is_vivdestruidas,"Viviendas destruidas (3iS, oficial)",Número,3iS-Sheets,70.0,2026-09-04
76,municipal,Valle del Cauca,El Cairo,Vivienda,3is_colapsos,"Colapsos (3iS, oficial)",Número,3iS-Sheets,0.0,2026-09-04
76,municipal,Valle del Cauca,El Cairo,Salud,3is_salud,"Puntos de salud afectados (3iS, oficial)",Número,3iS-Sheets,0.0,2026-09-04
76,municipal,Valle del Cauca,El Cairo,Educación,3is_educativos,"Puntos educativos afectados (3iS, oficial)",Número,3iS-Sheets,39.0,2026-09-04
76,municipal,Valle del Cauca,El Cairo,Instituciones,3is_comunitarios,"Puntos comunitarios afectados (3iS, oficial)",Número,3iS-Sheets,72.0,2026-09-04
76,municipal,Valle del Cauca,El Cairo,Infraestructura,3is_vias,"Vías afectadas (3iS, oficial)",Número,3iS-Sheets,1.0,2026-09-04
76,municipal,Valle del Cauca,El Cairo,Infraestructura,3is_aeropuertos,"Aeropuertos afectados (3iS, oficial)",Número,3iS-Sheets,0.0,2026-09-04
76,municipal,Valle del Cauca,El Cairo,Infraestructura,3is_acueductos,"Acueductos afectados (3iS, oficial)",Número,3iS-Sheets,0.0,2026-09-04
76,municipal,Valle del Cauca,El Cerrito,Impacto humano,3is_fallecidos,"Fallecidos (3iS, oficial)",Número,3iS-Sheets,0.0,2026-09-04
76,municipal,Valle del Cauca,El Cerrito,Impacto humano,3is_heridos,"Heridos (3iS, oficial)",Número,3iS-Sheets,7.0,2026-09-04
76,municipal,Valle del Cauca,El Cerrito,Impacto humano,3is_desaparecidos,"Desaparecidos (3iS, oficial)",Número,3iS-Sheets,0.0,2026-09-04
76,municipal,Valle del Cauca,El Cerrito,Impacto humano,3is_rescatados,"Rescatados (3iS, oficial)",Número,3iS-Sheets,0.0,2026-09-04
76,municipal,Valle del Cauca,El Cerrito,Impacto humano,3is_familias,"Familias afectadas (3iS, oficial)",Número,3iS-Sheets,0.0,2026-09-04
76,municipal,Valle del Cauca,El Cerrito,Vivienda,3is_vivaveriadas,"Viviendas averiadas (3iS, oficial)",Número,3iS-Sheets,146.0,2026-09-04
76,municipal,Valle del Cauca,El Cerrito,Vivienda,3is_vivdestruidas,"Viviendas destruidas (3iS, oficial)",Número,3iS-Sheets,3.0,2026-09-04
76,municipal,Valle del Cauca,El Cerrito,Vivienda,3is_colapsos,"Colapsos (3iS, oficial)",Número,3iS-Sheets,0.0,2026-09-04
76,municipal,Valle del Cauca,El Cerrito,Salud,3is_salud,"Puntos de salud afectados (3iS, oficial)",Número,3iS-Sheets,3.0,2026-09-04
76,municipal,Valle del Cauca,El Cerrito,Educación,3is_educativos,"Puntos educativos afectados (3iS, oficial)",Número,3iS-Sheets,9.0,2026-09-04
76,municipal,Valle del Cauca,El Cerrito,Instituciones,3is_comunitarios,"Puntos comunitarios afectados (3iS, oficial)",Número,3iS-Sheets,30.0,2026-09-04
76,municipal,Valle del Cauca,El Cerrito,Infraestructura,3is_vias,"Vías afectadas (3iS, oficial)",Número,3iS-Sheets,0.0,2026-09-04
76,municipal,Valle del Cauca,El Cerrito,Infraestructura,3is_aeropuertos,"Aeropuertos afectados (3iS, oficial)",Número,3iS-Sheets,0.0,2026-09-04
76,municipal,Valle del Cauca,El Cerrito,Infraestructura,3is_acueductos,"Acueductos afectados (3iS, oficial)",Número,3iS-Sheets,0.0,2026-09-04
76,municipal,Valle del Cauca,El Dovio,Impacto humano,3is_fallecidos,"Fallecidos (3iS, oficial)",Número,3iS-Sheets,0.0,2026-09-04
76,municipal,Valle del Cauca,El Dovio,Impacto humano,3is_heridos,"Heridos (3iS, oficial)",Número,3iS-Sheets,3.0,2026-09-04
76,municipal,Valle del Cauca,El Dovio,Impacto humano,3is_desaparecidos,"Desaparecidos (3iS, oficial)",Número,3iS-Sheets,0.0,2026-09-04
76,municipal,Valle del Cauca,El Dovio,Impacto humano,3is_rescatados,"Rescatados (3iS, oficial)",Número,3iS-Sheets,0.0,2026-09-04
76,municipal,Valle del Cauca,El Dovio,Impacto humano,3is_familias,"Familias afectadas (3iS, oficial)",Número,3iS-Sheets,0.0,2026-09-04
76,municipal,Valle del Cauca,El Dovio,Vivienda,3is_vivaveriadas,"Viviendas averiadas (3iS, oficial)",Número,3iS-Sheets,734.0,2026-09-04
76,municipal,Valle del Cauca,El Dovio,Vivienda,3is_vivdestruidas,"Viviendas destruidas (3iS, oficial)",Número,3iS-Sheets,395.0,2026-09-04
76,municipal,Valle del Cauca,El Dovio,Vivienda,3is_colapsos,"Colapsos (3iS, oficial)",Número,3iS-Sheets,0.0,2026-09-04
76,municipal,Valle del Cauca,El Dovio,Salud,3is_salud,"Puntos de salud afectados (3iS, oficial)",Número,3iS-Sheets,1.0,2026-09-04
76,municipal,Valle del Cauca,El Dovio,Educación,3is_educativos,"Puntos educativos afectados (3iS, oficial)",Número,3iS-Sheets,21.0,2026-09-04
76,municipal,Valle del Cauca,El Dovio,Instituciones,3is_comunitarios,"Puntos comunitarios afectados (3iS, oficial)",Número,3iS-Sheets,137.0,2026-09-04
76,municipal,Valle del Cauca,El Dovio,Infraestructura,3is_vias,"Vías afectadas (3iS, oficial)",Número,3iS-Sheets,0.0,2026-09-04
76,municipal,Valle del Cauca,El Dovio,Infraestructura,3is_aeropuertos,"Aeropuertos afectados (3iS, oficial)",Número,3iS-Sheets,0.0,2026-09-04
76,municipal,Valle del Cauca,El Dovio,Infraestructura,3is_acueductos,"Acueductos afectados (3iS, oficial)",Número,3iS-Sheets,0.0,2026-09-04
76,municipal,Valle del Cauca,Florida,Impacto humano,3is_fallecidos,"Fallecidos (3iS, oficial)",Número,3iS-Sheets,0.0,2026-09-04
76,municipal,Valle del Cauca,Florida,Impacto humano,3is_heridos,"Heridos (3iS, oficial)",Número,3iS-Sheets,2.0,2026-09-04
76,municipal,Valle del Cauca,Florida,Impacto humano,3is_desaparecidos,"Desaparecidos (3iS, oficial)",Número,3iS-Sheets,0.0,2026-09-04
76,municipal,Valle del Cauca,Florida,Impacto humano,3is_rescatados,"Rescatados (3iS, oficial)",Número,3iS-Sheets,0.0,2026-09-04
76,municipal,Valle del Cauca,Florida,Impacto humano,3is_familias,"Familias afectadas (3iS, oficial)",Número,3iS-Sheets,0.0,2026-09-04
76,municipal,Valle del Cauca,Florida,Vivienda,3is_vivaveriadas,"Viviendas averiadas (3iS, oficial)",Número,3iS-Sheets,267.0,2026-09-04
76,municipal,Valle del Cauca,Florida,Vivienda,3is_vivdestruidas,"Viviendas destruidas (3iS, oficial)",Número,3iS-Sheets,4.0,2026-09-04
76,municipal,Valle del Cauca,Florida,Vivienda,3is_colapsos,"Colapsos (3iS, oficial)",Número,3iS-Sheets,0.0,2026-09-04
76,municipal,Valle del Cauca,Florida,Salud,3is_salud,"Puntos de salud afectados (3iS, oficial)",Número,3iS-Sheets,0.0,2026-09-04
76,municipal,Valle del Cauca,Florida,Educación,3is_educativos,"Puntos educativos afectados (3iS, oficial)",Número,3iS-Sheets,76.0,2026-09-04
76,municipal,Valle del Cauca,Florida,Instituciones,3is_comunitarios,"Puntos comunitarios afectados (3iS, oficial)",Número,3iS-Sheets,18.0,2026-09-04
76,municipal,Valle del Cauca,Florida,Infraestructura,3is_vias,"Vías afectadas (3iS, oficial)",Número,3iS-Sheets,5.0,2026-09-04
76,municipal,Valle del Cauca,Florida,Infraestructura,3is_aeropuertos,"Aeropuertos afectados (3iS, oficial)",Número,3iS-Sheets,0.0,2026-09-04
76,municipal,Valle del Cauca,Florida,Infraestructura,3is_acueductos,"Acueductos afectados (3iS, oficial)",Número,3iS-Sheets,0.0,2026-09-04
76,municipal,Valle del Cauca,Ginebra,Impacto humano,3is_fallecidos,"Fallecidos (3iS, oficial)",Número,3iS-Sheets,0.0,2026-09-04
76,municipal,Valle del Cauca,Ginebra,Impacto humano,3is_heridos,"Heridos (3iS, oficial)",Número,3iS-Sheets,2.0,2026-09-04
76,municipal,Valle del Cauca,Ginebra,Impacto humano,3is_desaparecidos,"Desaparecidos (3iS, oficial)",Número,3iS-Sheets,0.0,2026-09-04
76,municipal,Valle del Cauca,Ginebra,Impacto humano,3is_rescatados,"Rescatados (3iS, oficial)",Número,3iS-Sheets,0.0,2026-09-04
76,municipal,Valle del Cauca,Ginebra,Impacto humano,3is_familias,"Familias afectadas (3iS, oficial)",Número,3iS-Sheets,0.0,2026-09-04
76,municipal,Valle del Cauca,Ginebra,Vivienda,3is_vivaveriadas,"Viviendas averiadas (3iS, oficial)",Número,3iS-Sheets,91.0,2026-09-04
76,municipal,Valle del Cauca,Ginebra,Vivienda,3is_vivdestruidas,"Viviendas destruidas (3iS, oficial)",Número,3iS-Sheets,37.0,2026-09-04
76,municipal,Valle del Cauca,Ginebra,Vivienda,3is_colapsos,"Colapsos (3iS, oficial)",Número,3iS-Sheets,0.0,2026-09-04
76,municipal,Valle del Cauca,Ginebra,Salud,3is_salud,"Puntos de salud afectados (3iS, oficial)",Número,3iS-Sheets,0.0,2026-09-04
76,municipal,Valle del Cauca,Ginebra,Educación,3is_educativos,"Puntos educativos afectados (3iS, oficial)",Número,3iS-Sheets,12.0,2026-09-04
76,municipal,Valle del Cauca,Ginebra,Instituciones,3is_comunitarios,"Puntos comunitarios afectados (3iS, oficial)",Número,3iS-Sheets,17.0,2026-09-04
76,municipal,Valle del Cauca,Ginebra,Infraestructura,3is_vias,"Vías afectadas (3iS, oficial)",Número,3iS-Sheets,0.0,2026-09-04
76,municipal,Valle del Cauca,Ginebra,Infraestructura,3is_aeropuertos,"Aeropuertos afectados (3iS, oficial)",Número,3iS-Sheets,0.0,2026-09-04
76,municipal,Valle del Cauca,Ginebra,Infraestructura,3is_acueductos,"Acueductos afectados (3iS, oficial)",Número,3iS-Sheets,0.0,2026-09-04
76,municipal,Valle del Cauca,Guacarí,Impacto humano,3is_fallecidos,"Fallecidos (3iS, oficial)",Número,3iS-Sheets,0.0,2026-09-04
76,municipal,Valle del Cauca,Guacarí,Impacto humano,3is_heridos,"Heridos (3iS, oficial)",Número,3iS-Sheets,4.0,2026-09-04
76,municipal,Valle del Cauca,Guacarí,Impacto humano,3is_desaparecidos,"Desaparecidos (3iS, oficial)",Número,3iS-Sheets,0.0,2026-09-04
76,municipal,Valle del Cauca,Guacarí,Impacto humano,3is_rescatados,"Rescatados (3iS, oficial)",Número,3iS-Sheets,0.0,2026-09-04
76,municipal,Valle del Cauca,Guacarí,Impacto humano,3is_familias,"Familias afectadas (3iS, oficial)",Número,3iS-Sheets,0.0,2026-09-04
76,municipal,Valle del Cauca,Guacarí,Vivienda,3is_vivaveriadas,"Viviendas averiadas (3iS, oficial)",Número,3iS-Sheets,191.0,2026-09-04
76,municipal,Valle del Cauca,Guacarí,Vivienda,3is_vivdestruidas,"Viviendas destruidas (3iS, oficial)",Número,3iS-Sheets,31.0,2026-09-04
76,municipal,Valle del Cauca,Guacarí,Vivienda,3is_colapsos,"Colapsos (3iS, oficial)",Número,3iS-Sheets,0.0,2026-09-04
76,municipal,Valle del Cauca,Guacarí,Salud,3is_salud,"Puntos de salud afectados (3iS, oficial)",Número,3iS-Sheets,2.0,2026-09-04
76,municipal,Valle del Cauca,Guacarí,Educación,3is_educativos,"Puntos educativos afectados (3iS, oficial)",Número,3iS-Sheets,4.0,2026-09-04
76,municipal,Valle del Cauca,Guacarí,Instituciones,3is_comunitarios,"Puntos comunitarios afectados (3iS, oficial)",Número,3iS-Sheets,38.0,2026-09-04
76,municipal,Valle del Cauca,Guacarí,Infraestructura,3is_vias,"Vías afectadas (3iS, oficial)",Número,3iS-Sheets,1.0,2026-09-04
76,municipal,Valle del Cauca,Guacarí,Infraestructura,3is_aeropuertos,"Aeropuertos afectados (3iS, oficial)",Número,3iS-Sheets,0.0,2026-09-04
76,municipal,Valle del Cauca,Guacarí,Infraestructura,3is_acueductos,"Acueductos afectados (3iS, oficial)",Número,3iS-Sheets,0.0,2026-09-04
76,municipal,Valle del Cauca,Jamundí,Impacto humano,3is_fallecidos,"Fallecidos (3iS, oficial)",Número,3iS-Sheets,0.0,2026-09-04
76,municipal,Valle del Cauca,Jamundí,Impacto humano,3is_heridos,"Heridos (3iS, oficial)",Número,3iS-Sheets,47.0,2026-09-04
76,municipal,Valle del Cauca,Jamundí,Impacto humano,3is_desaparecidos,"Desaparecidos (3iS, oficial)",Número,3iS-Sheets,0.0,2026-09-04
76,municipal,Valle del Cauca,Jamundí,Impacto humano,3is_rescatados,"Rescatados (3iS, oficial)",Número,3iS-Sheets,0.0,2026-09-04
76,municipal,Valle del Cauca,Jamundí,Impacto humano,3is_familias,"Familias afectadas (3iS, oficial)",Número,3iS-Sheets,0.0,2026-09-04
76,municipal,Valle del Cauca,Jamundí,Vivienda,3is_vivaveriadas,"Viviendas averiadas (3iS, oficial)",Número,3iS-Sheets,2682.0,2026-09-04
76,municipal,Valle del Cauca,Jamundí,Vivienda,3is_vivdestruidas,"Viviendas destruidas (3iS, oficial)",Número,3iS-Sheets,17.0,2026-09-04
76,municipal,Valle del Cauca,Jamundí,Vivienda,3is_colapsos,"Colapsos (3iS, oficial)",Número,3iS-Sheets,0.0,2026-09-04
76,municipal,Valle del Cauca,Jamundí,Salud,3is_salud,"Puntos de salud afectados (3iS, oficial)",Número,3iS-Sheets,1.0,2026-09-04
76,municipal,Valle del Cauca,Jamundí,Educación,3is_educativos,"Puntos educativos afectados (3iS, oficial)",Número,3iS-Sheets,31.0,2026-09-04
76,municipal,Valle del Cauca,Jamundí,Instituciones,3is_comunitarios,"Puntos comunitarios afectados (3iS, oficial)",Número,3iS-Sheets,65.0,2026-09-04
76,municipal,Valle del Cauca,Jamundí,Infraestructura,3is_vias,"Vías afectadas (3iS, oficial)",Número,3iS-Sheets,2.0,2026-09-04
76,municipal,Valle del Cauca,Jamundí,Infraestructura,3is_aeropuertos,"Aeropuertos afectados (3iS, oficial)",Número,3iS-Sheets,0.0,2026-09-04
76,municipal,Valle del Cauca,Jamundí,Infraestructura,3is_acueductos,"Acueductos afectados (3iS, oficial)",Número,3iS-Sheets,0.0,2026-09-04
76,municipal,Valle del Cauca,La Cumbre,Impacto humano,3is_fallecidos,"Fallecidos (3iS, oficial)",Número,3iS-Sheets,0.0,2026-09-04
76,municipal,Valle del Cauca,La Cumbre,Impacto humano,3is_heridos,"Heridos (3iS, oficial)",Número,3iS-Sheets,7.0,2026-09-04
76,municipal,Valle del Cauca,La Cumbre,Impacto humano,3is_desaparecidos,"Desaparecidos (3iS, oficial)",Número,3iS-Sheets,0.0,2026-09-04
76,municipal,Valle del Cauca,La Cumbre,Impacto humano,3is_rescatados,"Rescatados (3iS, oficial)",Número,3iS-Sheets,0.0,2026-09-04
76,municipal,Valle del Cauca,La Cumbre,Impacto humano,3is_familias,"Familias afectadas (3iS, oficial)",Número,3iS-Sheets,1171.0,2026-09-04
76,municipal,Valle del Cauca,La Cumbre,Vivienda,3is_vivaveriadas,"Viviendas averiadas (3iS, oficial)",Número,3iS-Sheets,1199.0,2026-09-04
76,municipal,Valle del Cauca,La Cumbre,Vivienda,3is_vivdestruidas,"Viviendas destruidas (3iS, oficial)",Número,3iS-Sheets,163.0,2026-09-04
76,municipal,Valle del Cauca,La Cumbre,Vivienda,3is_colapsos,"Colapsos (3iS, oficial)",Número,3iS-Sheets,0.0,2026-09-04
76,municipal,Valle del Cauca,La Cumbre,Salud,3is_salud,"Puntos de salud afectados (3iS, oficial)",Número,3iS-Sheets,4.0,2026-09-04
76,municipal,Valle del Cauca,La Cumbre,Educación,3is_educativos,"Puntos educativos afectados (3iS, oficial)",Número,3iS-Sheets,23.0,2026-09-04
76,municipal,Valle del Cauca,La Cumbre,Instituciones,3is_comunitarios,"Puntos comunitarios afectados (3iS, oficial)",Número,3iS-Sheets,30.0,2026-09-04
76,municipal,Valle del Cauca,La Cumbre,Infraestructura,3is_vias,"Vías afectadas (3iS, oficial)",Número,3iS-Sheets,3.0,2026-09-04
76,municipal,Valle del Cauca,La Cumbre,Infraestructura,3is_aeropuertos,"Aeropuertos afectados (3iS, oficial)",Número,3iS-Sheets,0.0,2026-09-04
76,municipal,Valle del Cauca,La Cumbre,Infraestructura,3is_acueductos,"Acueductos afectados (3iS, oficial)",Número,3iS-Sheets,0.0,2026-09-04
76,municipal,Valle del Cauca,La Unión,Impacto humano,3is_fallecidos,"Fallecidos (3iS, oficial)",Número,3iS-Sheets,1.0,2026-09-04
76,municipal,Valle del Cauca,La Unión,Impacto humano,3is_heridos,"Heridos (3iS, oficial)",Número,3iS-Sheets,28.0,2026-09-04
76,municipal,Valle del Cauca,La Unión,Impacto humano,3is_desaparecidos,"Desaparecidos (3iS, oficial)",Número,3iS-Sheets,0.0,2026-09-04
76,municipal,Valle del Cauca,La Unión,Impacto humano,3is_rescatados,"Rescatados (3iS, oficial)",Número,3iS-Sheets,0.0,2026-09-04
76,municipal,Valle del Cauca,La Unión,Impacto humano,3is_familias,"Familias afectadas (3iS, oficial)",Número,3iS-Sheets,0.0,2026-09-04
76,municipal,Valle del Cauca,La Unión,Vivienda,3is_vivaveriadas,"Viviendas averiadas (3iS, oficial)",Número,3iS-Sheets,1933.0,2026-09-04
76,municipal,Valle del Cauca,La Unión,Vivienda,3is_vivdestruidas,"Viviendas destruidas (3iS, oficial)",Número,3iS-Sheets,478.0,2026-09-04
76,municipal,Valle del Cauca,La Unión,Vivienda,3is_colapsos,"Colapsos (3iS, oficial)",Número,3iS-Sheets,0.0,2026-09-04
76,municipal,Valle del Cauca,La Unión,Salud,3is_salud,"Puntos de salud afectados (3iS, oficial)",Número,3iS-Sheets,1.0,2026-09-04
76,municipal,Valle del Cauca,La Unión,Educación,3is_educativos,"Puntos educativos afectados (3iS, oficial)",Número,3iS-Sheets,13.0,2026-09-04
76,municipal,Valle del Cauca,La Unión,Instituciones,3is_comunitarios,"Puntos comunitarios afectados (3iS, oficial)",Número,3iS-Sheets,234.0,2026-09-04
76,municipal,Valle del Cauca,La Unión,Infraestructura,3is_vias,"Vías afectadas (3iS, oficial)",Número,3iS-Sheets,2.0,2026-09-04
76,municipal,Valle del Cauca,La Unión,Infraestructura,3is_aeropuertos,"Aeropuertos afectados (3iS, oficial)",Número,3iS-Sheets,0.0,2026-09-04
76,municipal,Valle del Cauca,La Unión,Infraestructura,3is_acueductos,"Acueductos afectados (3iS, oficial)",Número,3iS-Sheets,0.0,2026-09-04
76,municipal,Valle del Cauca,La Victoria,Impacto humano,3is_fallecidos,"Fallecidos (3iS, oficial)",Número,3iS-Sheets,0.0,2026-09-04
76,municipal,Valle del Cauca,La Victoria,Impacto humano,3is_heridos,"Heridos (3iS, oficial)",Número,3iS-Sheets,6.0,2026-09-04
76,municipal,Valle del Cauca,La Victoria,Impacto humano,3is_desaparecidos,"Desaparecidos (3iS, oficial)",Número,3iS-Sheets,0.0,2026-09-04
76,municipal,Valle del Cauca,La Victoria,Impacto humano,3is_rescatados,"Rescatados (3iS, oficial)",Número,3iS-Sheets,0.0,2026-09-04
76,municipal,Valle del Cauca,La Victoria,Impacto humano,3is_familias,"Familias afectadas (3iS, oficial)",Número,3iS-Sheets,0.0,2026-09-04
76,municipal,Valle del Cauca,La Victoria,Vivienda,3is_vivaveriadas,"Viviendas averiadas (3iS, oficial)",Número,3iS-Sheets,1550.0,2026-09-04
76,municipal,Valle del Cauca,La Victoria,Vivienda,3is_vivdestruidas,"Viviendas destruidas (3iS, oficial)",Número,3iS-Sheets,12.0,2026-09-04
76,municipal,Valle del Cauca,La Victoria,Vivienda,3is_colapsos,"Colapsos (3iS, oficial)",Número,3iS-Sheets,0.0,2026-09-04
76,municipal,Valle del Cauca,La Victoria,Salud,3is_salud,"Puntos de salud afectados (3iS, oficial)",Número,3iS-Sheets,1.0,2026-09-04
76,municipal,Valle del Cauca,La Victoria,Educación,3is_educativos,"Puntos educativos afectados (3iS, oficial)",Número,3iS-Sheets,9.0,2026-09-04
76,municipal,Valle del Cauca,La Victoria,Instituciones,3is_comunitarios,"Puntos comunitarios afectados (3iS, oficial)",Número,3iS-Sheets,42.0,2026-09-04
76,municipal,Valle del Cauca,La Victoria,Infraestructura,3is_vias,"Vías afectadas (3iS, oficial)",Número,3iS-Sheets,2.0,2026-09-04
76,municipal,Valle del Cauca,La Victoria,Infraestructura,3is_aeropuertos,"Aeropuertos afectados (3iS, oficial)",Número,3iS-Sheets,0.0,2026-09-04
76,municipal,Valle del Cauca,La Victoria,Infraestructura,3is_acueductos,"Acueductos afectados (3iS, oficial)",Número,3iS-Sheets,0.0,2026-09-04
76,municipal,Valle del Cauca,Obando,Impacto humano,3is_fallecidos,"Fallecidos (3iS, oficial)",Número,3iS-Sheets,0.0,2026-09-04
76,municipal,Valle del Cauca,Obando,Impacto humano,3is_heridos,"Heridos (3iS, oficial)",Número,3iS-Sheets,57.0,2026-09-04
76,municipal,Valle del Cauca,Obando,Impacto humano,3is_desaparecidos,"Desaparecidos (3iS, oficial)",Número,3iS-Sheets,0.0,2026-09-04
76,municipal,Valle del Cauca,Obando,Impacto humano,3is_rescatados,"Rescatados (3iS, oficial)",Número,3iS-Sheets,0.0,2026-09-04
76,municipal,Valle del Cauca,Obando,Impacto humano,3is_familias,"Familias afectadas (3iS, oficial)",Número,3iS-Sheets,670.0,2026-09-04
76,municipal,Valle del Cauca,Obando,Vivienda,3is_vivaveriadas,"Viviendas averiadas (3iS, oficial)",Número,3iS-Sheets,733.0,2026-09-04
76,municipal,Valle del Cauca,Obando,Vivienda,3is_vivdestruidas,"Viviendas destruidas (3iS, oficial)",Número,3iS-Sheets,313.0,2026-09-04
76,municipal,Valle del Cauca,Obando,Vivienda,3is_colapsos,"Colapsos (3iS, oficial)",Número,3iS-Sheets,0.0,2026-09-04
76,municipal,Valle del Cauca,Obando,Salud,3is_salud,"Puntos de salud afectados (3iS, oficial)",Número,3iS-Sheets,4.0,2026-09-04
76,municipal,Valle del Cauca,Obando,Educación,3is_educativos,"Puntos educativos afectados (3iS, oficial)",Número,3iS-Sheets,13.0,2026-09-04
76,municipal,Valle del Cauca,Obando,Instituciones,3is_comunitarios,"Puntos comunitarios afectados (3iS, oficial)",Número,3iS-Sheets,17.0,2026-09-04
76,municipal,Valle del Cauca,Obando,Infraestructura,3is_vias,"Vías afectadas (3iS, oficial)",Número,3iS-Sheets,1.0,2026-09-04
76,municipal,Valle del Cauca,Obando,Infraestructura,3is_aeropuertos,"Aeropuertos afectados (3iS, oficial)",Número,3iS-Sheets,0.0,2026-09-04
76,municipal,Valle del Cauca,Obando,Infraestructura,3is_acueductos,"Acueductos afectados (3iS, oficial)",Número,3iS-Sheets,0.0,2026-09-04
76,municipal,Valle del Cauca,Palmira,Impacto humano,3is_fallecidos,"Fallecidos (3iS, oficial)",Número,3iS-Sheets,0.0,2026-09-04
76,municipal,Valle del Cauca,Palmira,Impacto humano,3is_heridos,"Heridos (3iS, oficial)",Número,3iS-Sheets,0.0,2026-09-04
76,municipal,Valle del Cauca,Palmira,Impacto humano,3is_desaparecidos,"Desaparecidos (3iS, oficial)",Número,3iS-Sheets,0.0,2026-09-04
76,municipal,Valle del Cauca,Palmira,Impacto humano,3is_rescatados,"Rescatados (3iS, oficial)",Número,3iS-Sheets,0.0,2026-09-04
76,municipal,Valle del Cauca,Palmira,Impacto humano,3is_familias,"Familias afectadas (3iS, oficial)",Número,3iS-Sheets,230.0,2026-09-04
76,municipal,Valle del Cauca,Palmira,Vivienda,3is_vivaveriadas,"Viviendas averiadas (3iS, oficial)",Número,3iS-Sheets,746.0,2026-09-04
76,municipal,Valle del Cauca,Palmira,Vivienda,3is_vivdestruidas,"Viviendas destruidas (3iS, oficial)",Número,3iS-Sheets,2.0,2026-09-04
76,municipal,Valle del Cauca,Palmira,Vivienda,3is_colapsos,"Colapsos (3iS, oficial)",Número,3iS-Sheets,0.0,2026-09-04
76,municipal,Valle del Cauca,Palmira,Salud,3is_salud,"Puntos de salud afectados (3iS, oficial)",Número,3iS-Sheets,3.0,2026-09-04
76,municipal,Valle del Cauca,Palmira,Educación,3is_educativos,"Puntos educativos afectados (3iS, oficial)",Número,3iS-Sheets,130.0,2026-09-04
76,municipal,Valle del Cauca,Palmira,Instituciones,3is_comunitarios,"Puntos comunitarios afectados (3iS, oficial)",Número,3iS-Sheets,23.0,2026-09-04
76,municipal,Valle del Cauca,Palmira,Infraestructura,3is_vias,"Vías afectadas (3iS, oficial)",Número,3iS-Sheets,0.0,2026-09-04
76,municipal,Valle del Cauca,Palmira,Infraestructura,3is_aeropuertos,"Aeropuertos afectados (3iS, oficial)",Número,3iS-Sheets,0.0,2026-09-04
76,municipal,Valle del Cauca,Palmira,Infraestructura,3is_acueductos,"Acueductos afectados (3iS, oficial)",Número,3iS-Sheets,0.0,2026-09-04
76,municipal,Valle del Cauca,Pradera,Impacto humano,3is_fallecidos,"Fallecidos (3iS, oficial)",Número,3iS-Sheets,0.0,2026-09-04
76,municipal,Valle del Cauca,Pradera,Impacto humano,3is_heridos,"Heridos (3iS, oficial)",Número,3iS-Sheets,1.0,2026-09-04
76,municipal,Valle del Cauca,Pradera,Impacto humano,3is_desaparecidos,"Desaparecidos (3iS, oficial)",Número,3iS-Sheets,0.0,2026-09-04
76,municipal,Valle del Cauca,Pradera,Impacto humano,3is_rescatados,"Rescatados (3iS, oficial)",Número,3iS-Sheets,0.0,2026-09-04
76,municipal,Valle del Cauca,Pradera,Impacto humano,3is_familias,"Familias afectadas (3iS, oficial)",Número,3iS-Sheets,0.0,2026-09-04
76,municipal,Valle del Cauca,Pradera,Vivienda,3is_vivaveriadas,"Viviendas averiadas (3iS, oficial)",Número,3iS-Sheets,98.0,2026-09-04
76,municipal,Valle del Cauca,Pradera,Vivienda,3is_vivdestruidas,"Viviendas destruidas (3iS, oficial)",Número,3iS-Sheets,4.0,2026-09-04
76,municipal,Valle del Cauca,Pradera,Vivienda,3is_colapsos,"Colapsos (3iS, oficial)",Número,3iS-Sheets,0.0,2026-09-04
76,municipal,Valle del Cauca,Pradera,Salud,3is_salud,"Puntos de salud afectados (3iS, oficial)",Número,3iS-Sheets,2.0,2026-09-04
76,municipal,Valle del Cauca,Pradera,Educación,3is_educativos,"Puntos educativos afectados (3iS, oficial)",Número,3iS-Sheets,11.0,2026-09-04
76,municipal,Valle del Cauca,Pradera,Instituciones,3is_comunitarios,"Puntos comunitarios afectados (3iS, oficial)",Número,3iS-Sheets,21.0,2026-09-04
76,municipal,Valle del Cauca,Pradera,Infraestructura,3is_vias,"Vías afectadas (3iS, oficial)",Número,3iS-Sheets,1.0,2026-09-04
76,municipal,Valle del Cauca,Pradera,Infraestructura,3is_aeropuertos,"Aeropuertos afectados (3iS, oficial)",Número,3iS-Sheets,0.0,2026-09-04
76,municipal,Valle del Cauca,Pradera,Infraestructura,3is_acueductos,"Acueductos afectados (3iS, oficial)",Número,3iS-Sheets,0.0,2026-09-04
76,municipal,Valle del Cauca,Restrepo,Impacto humano,3is_fallecidos,"Fallecidos (3iS, oficial)",Número,3iS-Sheets,0.0,2026-09-04
76,municipal,Valle del Cauca,Restrepo,Impacto humano,3is_heridos,"Heridos (3iS, oficial)",Número,3iS-Sheets,60.0,2026-09-04
76,municipal,Valle del Cauca,Restrepo,Impacto humano,3is_desaparecidos,"Desaparecidos (3iS, oficial)",Número,3iS-Sheets,0.0,2026-09-04
76,municipal,Valle del Cauca,Restrepo,Impacto humano,3is_rescatados,"Rescatados (3iS, oficial)",Número,3iS-Sheets,0.0,2026-09-04
76,municipal,Valle del Cauca,Restrepo,Impacto humano,3is_familias,"Familias afectadas (3iS, oficial)",Número,3iS-Sheets,0.0,2026-09-04
76,municipal,Valle del Cauca,Restrepo,Vivienda,3is_vivaveriadas,"Viviendas averiadas (3iS, oficial)",Número,3iS-Sheets,582.0,2026-09-04
76,municipal,Valle del Cauca,Restrepo,Vivienda,3is_vivdestruidas,"Viviendas destruidas (3iS, oficial)",Número,3iS-Sheets,573.0,2026-09-04
76,municipal,Valle del Cauca,Restrepo,Vivienda,3is_colapsos,"Colapsos (3iS, oficial)",Número,3iS-Sheets,0.0,2026-09-04
76,municipal,Valle del Cauca,Restrepo,Salud,3is_salud,"Puntos de salud afectados (3iS, oficial)",Número,3iS-Sheets,2.0,2026-09-04
76,municipal,Valle del Cauca,Restrepo,Educación,3is_educativos,"Puntos educativos afectados (3iS, oficial)",Número,3iS-Sheets,31.0,2026-09-04
76,municipal,Valle del Cauca,Restrepo,Instituciones,3is_comunitarios,"Puntos comunitarios afectados (3iS, oficial)",Número,3iS-Sheets,112.0,2026-09-04
76,municipal,Valle del Cauca,Restrepo,Infraestructura,3is_vias,"Vías afectadas (3iS, oficial)",Número,3iS-Sheets,3.0,2026-09-04
76,municipal,Valle del Cauca,Restrepo,Infraestructura,3is_aeropuertos,"Aeropuertos afectados (3iS, oficial)",Número,3iS-Sheets,0.0,2026-09-04
76,municipal,Valle del Cauca,Restrepo,Infraestructura,3is_acueductos,"Acueductos afectados (3iS, oficial)",Número,3iS-Sheets,0.0,2026-09-04
76,municipal,Valle del Cauca,Riofrío,Impacto humano,3is_fallecidos,"Fallecidos (3iS, oficial)",Número,3iS-Sheets,0.0,2026-09-04
76,municipal,Valle del Cauca,Riofrío,Impacto humano,3is_heridos,"Heridos (3iS, oficial)",Número,3iS-Sheets,3.0,2026-09-04
76,municipal,Valle del Cauca,Riofrío,Impacto humano,3is_desaparecidos,"Desaparecidos (3iS, oficial)",Número,3iS-Sheets,0.0,2026-09-04
76,municipal,Valle del Cauca,Riofrío,Impacto humano,3is_rescatados,"Rescatados (3iS, oficial)",Número,3iS-Sheets,0.0,2026-09-04
76,municipal,Valle del Cauca,Riofrío,Impacto humano,3is_familias,"Familias afectadas (3iS, oficial)",Número,3iS-Sheets,500.0,2026-09-04
76,municipal,Valle del Cauca,Riofrío,Vivienda,3is_vivaveriadas,"Viviendas averiadas (3iS, oficial)",Número,3iS-Sheets,600.0,2026-09-04
76,municipal,Valle del Cauca,Riofrío,Vivienda,3is_vivdestruidas,"Viviendas destruidas (3iS, oficial)",Número,3iS-Sheets,480.0,2026-09-04
76,municipal,Valle del Cauca,Riofrío,Vivienda,3is_colapsos,"Colapsos (3iS, oficial)",Número,3iS-Sheets,0.0,2026-09-04
76,municipal,Valle del Cauca,Riofrío,Salud,3is_salud,"Puntos de salud afectados (3iS, oficial)",Número,3iS-Sheets,1.0,2026-09-04
76,municipal,Valle del Cauca,Riofrío,Educación,3is_educativos,"Puntos educativos afectados (3iS, oficial)",Número,3iS-Sheets,38.0,2026-09-04
76,municipal,Valle del Cauca,Riofrío,Instituciones,3is_comunitarios,"Puntos comunitarios afectados (3iS, oficial)",Número,3iS-Sheets,14.0,2026-09-04
76,municipal,Valle del Cauca,Riofrío,Infraestructura,3is_vias,"Vías afectadas (3iS, oficial)",Número,3iS-Sheets,2.0,2026-09-04
76,municipal,Valle del Cauca,Riofrío,Infraestructura,3is_aeropuertos,"Aeropuertos afectados (3iS, oficial)",Número,3iS-Sheets,0.0,2026-09-04
76,municipal,Valle del Cauca,Riofrío,Infraestructura,3is_acueductos,"Acueductos afectados (3iS, oficial)",Número,3iS-Sheets,0.0,2026-09-04
76,municipal,Valle del Cauca,Roldanillo,Impacto humano,3is_fallecidos,"Fallecidos (3iS, oficial)",Número,3iS-Sheets,3.0,2026-09-04
76,municipal,Valle del Cauca,Roldanillo,Impacto humano,3is_heridos,"Heridos (3iS, oficial)",Número,3iS-Sheets,14.0,2026-09-04
76,municipal,Valle del Cauca,Roldanillo,Impacto humano,3is_desaparecidos,"Desaparecidos (3iS, oficial)",Número,3iS-Sheets,0.0,2026-09-04
76,municipal,Valle del Cauca,Roldanillo,Impacto humano,3is_rescatados,"Rescatados (3iS, oficial)",Número,3iS-Sheets,0.0,2026-09-04
76,municipal,Valle del Cauca,Roldanillo,Impacto humano,3is_familias,"Familias afectadas (3iS, oficial)",Número,3iS-Sheets,0.0,2026-09-04
76,municipal,Valle del Cauca,Roldanillo,Vivienda,3is_vivaveriadas,"Viviendas averiadas (3iS, oficial)",Número,3iS-Sheets,2537.0,2026-09-04
76,municipal,Valle del Cauca,Roldanillo,Vivienda,3is_vivdestruidas,"Viviendas destruidas (3iS, oficial)",Número,3iS-Sheets,2535.0,2026-09-04
76,municipal,Valle del Cauca,Roldanillo,Vivienda,3is_colapsos,"Colapsos (3iS, oficial)",Número,3iS-Sheets,0.0,2026-09-04
76,municipal,Valle del Cauca,Roldanillo,Salud,3is_salud,"Puntos de salud afectados (3iS, oficial)",Número,3iS-Sheets,4.0,2026-09-04
76,municipal,Valle del Cauca,Roldanillo,Educación,3is_educativos,"Puntos educativos afectados (3iS, oficial)",Número,3iS-Sheets,41.0,2026-09-04
76,municipal,Valle del Cauca,Roldanillo,Instituciones,3is_comunitarios,"Puntos comunitarios afectados (3iS, oficial)",Número,3iS-Sheets,434.0,2026-09-04
76,municipal,Valle del Cauca,Roldanillo,Infraestructura,3is_vias,"Vías afectadas (3iS, oficial)",Número,3iS-Sheets,2.0,2026-09-04
76,municipal,Valle del Cauca,Roldanillo,Infraestructura,3is_aeropuertos,"Aeropuertos afectados (3iS, oficial)",Número,3iS-Sheets,0.0,2026-09-04
76,municipal,Valle del Cauca,Roldanillo,Infraestructura,3is_acueductos,"Acueductos afectados (3iS, oficial)",Número,3iS-Sheets,0.0,2026-09-04
76,municipal,Valle del Cauca,San Pedro,Impacto humano,3is_fallecidos,"Fallecidos (3iS, oficial)",Número,3iS-Sheets,0.0,2026-09-04
76,municipal,Valle del Cauca,San Pedro,Impacto humano,3is_heridos,"Heridos (3iS, oficial)",Número,3iS-Sheets,0.0,2026-09-04
76,municipal,Valle del Cauca,San Pedro,Impacto humano,3is_desaparecidos,"Desaparecidos (3iS, oficial)",Número,3iS-Sheets,0.0,2026-09-04
76,municipal,Valle del Cauca,San Pedro,Impacto humano,3is_rescatados,"Rescatados (3iS, oficial)",Número,3iS-Sheets,0.0,2026-09-04
76,municipal,Valle del Cauca,San Pedro,Impacto humano,3is_familias,"Familias afectadas (3iS, oficial)",Número,3iS-Sheets,1252.0,2026-09-04
76,municipal,Valle del Cauca,San Pedro,Vivienda,3is_vivaveriadas,"Viviendas averiadas (3iS, oficial)",Número,3iS-Sheets,72.0,2026-09-04
76,municipal,Valle del Cauca,San Pedro,Vivienda,3is_vivdestruidas,"Viviendas destruidas (3iS, oficial)",Número,3iS-Sheets,4.0,2026-09-04
76,municipal,Valle del Cauca,San Pedro,Vivienda,3is_colapsos,"Colapsos (3iS, oficial)",Número,3iS-Sheets,0.0,2026-09-04
76,municipal,Valle del Cauca,San Pedro,Salud,3is_salud,"Puntos de salud afectados (3iS, oficial)",Número,3iS-Sheets,0.0,2026-09-04
76,municipal,Valle del Cauca,San Pedro,Educación,3is_educativos,"Puntos educativos afectados (3iS, oficial)",Número,3iS-Sheets,10.0,2026-09-04
76,municipal,Valle del Cauca,San Pedro,Instituciones,3is_comunitarios,"Puntos comunitarios afectados (3iS, oficial)",Número,3iS-Sheets,85.0,2026-09-04
76,municipal,Valle del Cauca,San Pedro,Infraestructura,3is_vias,"Vías afectadas (3iS, oficial)",Número,3iS-Sheets,0.0,2026-09-04
76,municipal,Valle del Cauca,San Pedro,Infraestructura,3is_aeropuertos,"Aeropuertos afectados (3iS, oficial)",Número,3iS-Sheets,0.0,2026-09-04
76,municipal,Valle del Cauca,San Pedro,Infraestructura,3is_acueductos,"Acueductos afectados (3iS, oficial)",Número,3iS-Sheets,0.0,2026-09-04
76,municipal,Valle del Cauca,Sevilla,Impacto humano,3is_fallecidos,"Fallecidos (3iS, oficial)",Número,3iS-Sheets,3.0,2026-09-04
76,municipal,Valle del Cauca,Sevilla,Impacto humano,3is_heridos,"Heridos (3iS, oficial)",Número,3iS-Sheets,58.0,2026-09-04
76,municipal,Valle del Cauca,Sevilla,Impacto humano,3is_desaparecidos,"Desaparecidos (3iS, oficial)",Número,3iS-Sheets,0.0,2026-09-04
76,municipal,Valle del Cauca,Sevilla,Impacto humano,3is_rescatados,"Rescatados (3iS, oficial)",Número,3iS-Sheets,0.0,2026-09-04
76,municipal,Valle del Cauca,Sevilla,Impacto humano,3is_familias,"Familias afectadas (3iS, oficial)",Número,3iS-Sheets,250.0,2026-09-04
76,municipal,Valle del Cauca,Sevilla,Vivienda,3is_vivaveriadas,"Viviendas averiadas (3iS, oficial)",Número,3iS-Sheets,2210.0,2026-09-04
76,municipal,Valle del Cauca,Sevilla,Vivienda,3is_vivdestruidas,"Viviendas destruidas (3iS, oficial)",Número,3iS-Sheets,623.0,2026-09-04
76,municipal,Valle del Cauca,Sevilla,Vivienda,3is_colapsos,"Colapsos (3iS, oficial)",Número,3iS-Sheets,0.0,2026-09-04
76,municipal,Valle del Cauca,Sevilla,Salud,3is_salud,"Puntos de salud afectados (3iS, oficial)",Número,3iS-Sheets,2.0,2026-09-04
76,municipal,Valle del Cauca,Sevilla,Educación,3is_educativos,"Puntos educativos afectados (3iS, oficial)",Número,3iS-Sheets,15.0,2026-09-04
76,municipal,Valle del Cauca,Sevilla,Instituciones,3is_comunitarios,"Puntos comunitarios afectados (3iS, oficial)",Número,3iS-Sheets,404.0,2026-09-04
76,municipal,Valle del Cauca,Sevilla,Infraestructura,3is_vias,"Vías afectadas (3iS, oficial)",Número,3iS-Sheets,7.0,2026-09-04
76,municipal,Valle del Cauca,Sevilla,Infraestructura,3is_aeropuertos,"Aeropuertos afectados (3iS, oficial)",Número,3iS-Sheets,0.0,2026-09-04
76,municipal,Valle del Cauca,Sevilla,Infraestructura,3is_acueductos,"Acueductos afectados (3iS, oficial)",Número,3iS-Sheets,0.0,2026-09-04
76,municipal,Valle del Cauca,Toro,Impacto humano,3is_fallecidos,"Fallecidos (3iS, oficial)",Número,3iS-Sheets,1.0,2026-09-04
76,municipal,Valle del Cauca,Toro,Impacto humano,3is_heridos,"Heridos (3iS, oficial)",Número,3iS-Sheets,31.0,2026-09-04
76,municipal,Valle del Cauca,Toro,Impacto humano,3is_desaparecidos,"Desaparecidos (3iS, oficial)",Número,3iS-Sheets,0.0,2026-09-04
76,municipal,Valle del Cauca,Toro,Impacto humano,3is_rescatados,"Rescatados (3iS, oficial)",Número,3iS-Sheets,0.0,2026-09-04
76,municipal,Valle del Cauca,Toro,Impacto humano,3is_familias,"Familias afectadas (3iS, oficial)",Número,3iS-Sheets,0.0,2026-09-04
76,municipal,Valle del Cauca,Toro,Vivienda,3is_vivaveriadas,"Viviendas averiadas (3iS, oficial)",Número,3iS-Sheets,1590.0,2026-09-04
76,municipal,Valle del Cauca,Toro,Vivienda,3is_vivdestruidas,"Viviendas destruidas (3iS, oficial)",Número,3iS-Sheets,700.0,2026-09-04
76,municipal,Valle del Cauca,Toro,Vivienda,3is_colapsos,"Colapsos (3iS, oficial)",Número,3iS-Sheets,0.0,2026-09-04
76,municipal,Valle del Cauca,Toro,Salud,3is_salud,"Puntos de salud afectados (3iS, oficial)",Número,3iS-Sheets,2.0,2026-09-04
76,municipal,Valle del Cauca,Toro,Educación,3is_educativos,"Puntos educativos afectados (3iS, oficial)",Número,3iS-Sheets,14.0,2026-09-04
76,municipal,Valle del Cauca,Toro,Instituciones,3is_comunitarios,"Puntos comunitarios afectados (3iS, oficial)",Número,3iS-Sheets,73.0,2026-09-04
76,municipal,Valle del Cauca,Toro,Infraestructura,3is_vias,"Vías afectadas (3iS, oficial)",Número,3iS-Sheets,1.0,2026-09-04
76,municipal,Valle del Cauca,Toro,Infraestructura,3is_aeropuertos,"Aeropuertos afectados (3iS, oficial)",Número,3iS-Sheets,0.0,2026-09-04
76,municipal,Valle del Cauca,Toro,Infraestructura,3is_acueductos,"Acueductos afectados (3iS, oficial)",Número,3iS-Sheets,0.0,2026-09-04
76,municipal,Valle del Cauca,Trujillo,Impacto humano,3is_fallecidos,"Fallecidos (3iS, oficial)",Número,3iS-Sheets,1.0,2026-09-04
76,municipal,Valle del Cauca,Trujillo,Impacto humano,3is_heridos,"Heridos (3iS, oficial)",Número,3iS-Sheets,36.0,2026-09-04
76,municipal,Valle del Cauca,Trujillo,Impacto humano,3is_desaparecidos,"Desaparecidos (3iS, oficial)",Número,3iS-Sheets,0.0,2026-09-04
76,municipal,Valle del Cauca,Trujillo,Impacto humano,3is_rescatados,"Rescatados (3iS, oficial)",Número,3iS-Sheets,0.0,2026-09-04
76,municipal,Valle del Cauca,Trujillo,Impacto humano,3is_familias,"Familias afectadas (3iS, oficial)",Número,3iS-Sheets,536.0,2026-09-04
76,municipal,Valle del Cauca,Trujillo,Vivienda,3is_vivaveriadas,"Viviendas averiadas (3iS, oficial)",Número,3iS-Sheets,1389.0,2026-09-04
76,municipal,Valle del Cauca,Trujillo,Vivienda,3is_vivdestruidas,"Viviendas destruidas (3iS, oficial)",Número,3iS-Sheets,1157.0,2026-09-04
76,municipal,Valle del Cauca,Trujillo,Vivienda,3is_colapsos,"Colapsos (3iS, oficial)",Número,3iS-Sheets,0.0,2026-09-04
76,municipal,Valle del Cauca,Trujillo,Salud,3is_salud,"Puntos de salud afectados (3iS, oficial)",Número,3iS-Sheets,16.0,2026-09-04
76,municipal,Valle del Cauca,Trujillo,Educación,3is_educativos,"Puntos educativos afectados (3iS, oficial)",Número,3iS-Sheets,15.0,2026-09-04
76,municipal,Valle del Cauca,Trujillo,Instituciones,3is_comunitarios,"Puntos comunitarios afectados (3iS, oficial)",Número,3iS-Sheets,71.0,2026-09-04
76,municipal,Valle del Cauca,Trujillo,Infraestructura,3is_vias,"Vías afectadas (3iS, oficial)",Número,3iS-Sheets,4.0,2026-09-04
76,municipal,Valle del Cauca,Trujillo,Infraestructura,3is_aeropuertos,"Aeropuertos afectados (3iS, oficial)",Número,3iS-Sheets,0.0,2026-09-04
76,municipal,Valle del Cauca,Trujillo,Infraestructura,3is_acueductos,"Acueductos afectados (3iS, oficial)",Número,3iS-Sheets,0.0,2026-09-04
76,municipal,Valle del Cauca,Tuluá,Impacto humano,3is_fallecidos,"Fallecidos (3iS, oficial)",Número,3iS-Sheets,2.0,2026-09-04
76,municipal,Valle del Cauca,Tuluá,Impacto humano,3is_heridos,"Heridos (3iS, oficial)",Número,3iS-Sheets,67.0,2026-09-04
76,municipal,Valle del Cauca,Tuluá,Impacto humano,3is_desaparecidos,"Desaparecidos (3iS, oficial)",Número,3iS-Sheets,0.0,2026-09-04
76,municipal,Valle del Cauca,Tuluá,Impacto humano,3is_rescatados,"Rescatados (3iS, oficial)",Número,3iS-Sheets,0.0,2026-09-04
76,municipal,Valle del Cauca,Tuluá,Impacto humano,3is_familias,"Familias afectadas (3iS, oficial)",Número,3iS-Sheets,0.0,2026-09-04
76,municipal,Valle del Cauca,Tuluá,Vivienda,3is_vivaveriadas,"Viviendas averiadas (3iS, oficial)",Número,3iS-Sheets,3999.0,2026-09-04
76,municipal,Valle del Cauca,Tuluá,Vivienda,3is_vivdestruidas,"Viviendas destruidas (3iS, oficial)",Número,3iS-Sheets,27.0,2026-09-04
76,municipal,Valle del Cauca,Tuluá,Vivienda,3is_colapsos,"Colapsos (3iS, oficial)",Número,3iS-Sheets,0.0,2026-09-04
76,municipal,Valle del Cauca,Tuluá,Salud,3is_salud,"Puntos de salud afectados (3iS, oficial)",Número,3iS-Sheets,0.0,2026-09-04
76,municipal,Valle del Cauca,Tuluá,Educación,3is_educativos,"Puntos educativos afectados (3iS, oficial)",Número,3iS-Sheets,55.0,2026-09-04
76,municipal,Valle del Cauca,Tuluá,Instituciones,3is_comunitarios,"Puntos comunitarios afectados (3iS, oficial)",Número,3iS-Sheets,76.0,2026-09-04
76,municipal,Valle del Cauca,Tuluá,Infraestructura,3is_vias,"Vías afectadas (3iS, oficial)",Número,3iS-Sheets,1.0,2026-09-04
76,municipal,Valle del Cauca,Tuluá,Infraestructura,3is_aeropuertos,"Aeropuertos afectados (3iS, oficial)",Número,3iS-Sheets,0.0,2026-09-04
76,municipal,Valle del Cauca,Tuluá,Infraestructura,3is_acueductos,"Acueductos afectados (3iS, oficial)",Número,3iS-Sheets,0.0,2026-09-04
76,municipal,Valle del Cauca,Ulloa,Impacto humano,3is_fallecidos,"Fallecidos (3iS, oficial)",Número,3iS-Sheets,0.0,2026-09-04
76,municipal,Valle del Cauca,Ulloa,Impacto humano,3is_heridos,"Heridos (3iS, oficial)",Número,3iS-Sheets,2.0,2026-09-04
76,municipal,Valle del Cauca,Ulloa,Impacto humano,3is_desaparecidos,"Desaparecidos (3iS, oficial)",Número,3iS-Sheets,0.0,2026-09-04
76,municipal,Valle del Cauca,Ulloa,Impacto humano,3is_rescatados,"Rescatados (3iS, oficial)",Número,3iS-Sheets,0.0,2026-09-04
76,municipal,Valle del Cauca,Ulloa,Impacto humano,3is_familias,"Familias afectadas (3iS, oficial)",Número,3iS-Sheets,0.0,2026-09-04
76,municipal,Valle del Cauca,Ulloa,Vivienda,3is_vivaveriadas,"Viviendas averiadas (3iS, oficial)",Número,3iS-Sheets,722.0,2026-09-04
76,municipal,Valle del Cauca,Ulloa,Vivienda,3is_vivdestruidas,"Viviendas destruidas (3iS, oficial)",Número,3iS-Sheets,69.0,2026-09-04
76,municipal,Valle del Cauca,Ulloa,Vivienda,3is_colapsos,"Colapsos (3iS, oficial)",Número,3iS-Sheets,0.0,2026-09-04
76,municipal,Valle del Cauca,Ulloa,Salud,3is_salud,"Puntos de salud afectados (3iS, oficial)",Número,3iS-Sheets,1.0,2026-09-04
76,municipal,Valle del Cauca,Ulloa,Educación,3is_educativos,"Puntos educativos afectados (3iS, oficial)",Número,3iS-Sheets,6.0,2026-09-04
76,municipal,Valle del Cauca,Ulloa,Instituciones,3is_comunitarios,"Puntos comunitarios afectados (3iS, oficial)",Número,3iS-Sheets,26.0,2026-09-04
76,municipal,Valle del Cauca,Ulloa,Infraestructura,3is_vias,"Vías afectadas (3iS, oficial)",Número,3iS-Sheets,9.0,2026-09-04
76,municipal,Valle del Cauca,Ulloa,Infraestructura,3is_aeropuertos,"Aeropuertos afectados (3iS, oficial)",Número,3iS-Sheets,0.0,2026-09-04
76,municipal,Valle del Cauca,Ulloa,Infraestructura,3is_acueductos,"Acueductos afectados (3iS, oficial)",Número,3iS-Sheets,0.0,2026-09-04
76,municipal,Valle del Cauca,Versalles,Impacto humano,3is_fallecidos,"Fallecidos (3iS, oficial)",Número,3iS-Sheets,0.0,2026-09-04
76,municipal,Valle del Cauca,Versalles,Impacto humano,3is_heridos,"Heridos (3iS, oficial)",Número,3iS-Sheets,18.0,2026-09-04
76,municipal,Valle del Cauca,Versalles,Impacto humano,3is_desaparecidos,"Desaparecidos (3iS, oficial)",Número,3iS-Sheets,0.0,2026-09-04
76,municipal,Valle del Cauca,Versalles,Impacto humano,3is_rescatados,"Rescatados (3iS, oficial)",Número,3iS-Sheets,0.0,2026-09-04
76,municipal,Valle del Cauca,Versalles,Impacto humano,3is_familias,"Familias afectadas (3iS, oficial)",Número,3iS-Sheets,1224.0,2026-09-04
76,municipal,Valle del Cauca,Versalles,Vivienda,3is_vivaveriadas,"Viviendas averiadas (3iS, oficial)",Número,3iS-Sheets,346.0,2026-09-04
76,municipal,Valle del Cauca,Versalles,Vivienda,3is_vivdestruidas,"Viviendas destruidas (3iS, oficial)",Número,3iS-Sheets,145.0,2026-09-04
76,municipal,Valle del Cauca,Versalles,Vivienda,3is_colapsos,"Colapsos (3iS, oficial)",Número,3iS-Sheets,0.0,2026-09-04
76,municipal,Valle del Cauca,Versalles,Salud,3is_salud,"Puntos de salud afectados (3iS, oficial)",Número,3iS-Sheets,2.0,2026-09-04
76,municipal,Valle del Cauca,Versalles,Educación,3is_educativos,"Puntos educativos afectados (3iS, oficial)",Número,3iS-Sheets,14.0,2026-09-04
76,municipal,Valle del Cauca,Versalles,Instituciones,3is_comunitarios,"Puntos comunitarios afectados (3iS, oficial)",Número,3iS-Sheets,52.0,2026-09-04
76,municipal,Valle del Cauca,Versalles,Infraestructura,3is_vias,"Vías afectadas (3iS, oficial)",Número,3iS-Sheets,1.0,2026-09-04
76,municipal,Valle del Cauca,Versalles,Infraestructura,3is_aeropuertos,"Aeropuertos afectados (3iS, oficial)",Número,3iS-Sheets,0.0,2026-09-04
76,municipal,Valle del Cauca,Versalles,Infraestructura,3is_acueductos,"Acueductos afectados (3iS, oficial)",Número,3iS-Sheets,0.0,2026-09-04
76,municipal,Valle del Cauca,Vijes,Impacto humano,3is_fallecidos,"Fallecidos (3iS, oficial)",Número,3iS-Sheets,0.0,2026-09-04
76,municipal,Valle del Cauca,Vijes,Impacto humano,3is_heridos,"Heridos (3iS, oficial)",Número,3iS-Sheets,12.0,2026-09-04
76,municipal,Valle del Cauca,Vijes,Impacto humano,3is_desaparecidos,"Desaparecidos (3iS, oficial)",Número,3iS-Sheets,0.0,2026-09-04
76,municipal,Valle del Cauca,Vijes,Impacto humano,3is_rescatados,"Rescatados (3iS, oficial)",Número,3iS-Sheets,0.0,2026-09-04
76,municipal,Valle del Cauca,Vijes,Impacto humano,3is_familias,"Familias afectadas (3iS, oficial)",Número,3iS-Sheets,726.0,2026-09-04
76,municipal,Valle del Cauca,Vijes,Vivienda,3is_vivaveriadas,"Viviendas averiadas (3iS, oficial)",Número,3iS-Sheets,220.0,2026-09-04
76,municipal,Valle del Cauca,Vijes,Vivienda,3is_vivdestruidas,"Viviendas destruidas (3iS, oficial)",Número,3iS-Sheets,31.0,2026-09-04
76,municipal,Valle del Cauca,Vijes,Vivienda,3is_colapsos,"Colapsos (3iS, oficial)",Número,3iS-Sheets,0.0,2026-09-04
76,municipal,Valle del Cauca,Vijes,Salud,3is_salud,"Puntos de salud afectados (3iS, oficial)",Número,3iS-Sheets,0.0,2026-09-04
76,municipal,Valle del Cauca,Vijes,Educación,3is_educativos,"Puntos educativos afectados (3iS, oficial)",Número,3iS-Sheets,2.0,2026-09-04
76,municipal,Valle del Cauca,Vijes,Instituciones,3is_comunitarios,"Puntos comunitarios afectados (3iS, oficial)",Número,3iS-Sheets,35.0,2026-09-04
76,municipal,Valle del Cauca,Vijes,Infraestructura,3is_vias,"Vías afectadas (3iS, oficial)",Número,3iS-Sheets,2.0,2026-09-04
76,municipal,Valle del Cauca,Vijes,Infraestructura,3is_aeropuertos,"Aeropuertos afectados (3iS, oficial)",Número,3iS-Sheets,0.0,2026-09-04
76,municipal,Valle del Cauca,Vijes,Infraestructura,3is_acueductos,"Acueductos afectados (3iS, oficial)",Número,3iS-Sheets,0.0,2026-09-04
76,municipal,Valle del Cauca,Yotoco,Impacto humano,3is_fallecidos,"Fallecidos (3iS, oficial)",Número,3iS-Sheets,0.0,2026-09-04
76,municipal,Valle del Cauca,Yotoco,Impacto humano,3is_heridos,"Heridos (3iS, oficial)",Número,3iS-Sheets,14.0,2026-09-04
76,municipal,Valle del Cauca,Yotoco,Impacto humano,3is_desaparecidos,"Desaparecidos (3iS, oficial)",Número,3iS-Sheets,0.0,2026-09-04
76,municipal,Valle del Cauca,Yotoco,Impacto humano,3is_rescatados,"Rescatados (3iS, oficial)",Número,3iS-Sheets,0.0,2026-09-04
76,municipal,Valle del Cauca,Yotoco,Impacto humano,3is_familias,"Familias afectadas (3iS, oficial)",Número,3iS-Sheets,0.0,2026-09-04
76,municipal,Valle del Cauca,Yotoco,Vivienda,3is_vivaveriadas,"Viviendas averiadas (3iS, oficial)",Número,3iS-Sheets,1202.0,2026-09-04
76,municipal,Valle del Cauca,Yotoco,Vivienda,3is_vivdestruidas,"Viviendas destruidas (3iS, oficial)",Número,3iS-Sheets,808.0,2026-09-04
76,municipal,Valle del Cauca,Yotoco,Vivienda,3is_colapsos,"Colapsos (3iS, oficial)",Número,3iS-Sheets,0.0,2026-09-04
76,municipal,Valle del Cauca,Yotoco,Salud,3is_salud,"Puntos de salud afectados (3iS, oficial)",Número,3iS-Sheets,3.0,2026-09-04
76,municipal,Valle del Cauca,Yotoco,Educación,3is_educativos,"Puntos educativos afectados (3iS, oficial)",Número,3iS-Sheets,23.0,2026-09-04
76,municipal,Valle del Cauca,Yotoco,Instituciones,3is_comunitarios,"Puntos comunitarios afectados (3iS, oficial)",Número,3iS-Sheets,50.0,2026-09-04
76,municipal,Valle del Cauca,Yotoco,Infraestructura,3is_vias,"Vías afectadas (3iS, oficial)",Número,3iS-Sheets,4.0,2026-09-04
76,municipal,Valle del Cauca,Yotoco,Infraestructura,3is_aeropuertos,"Aeropuertos afectados (3iS, oficial)",Número,3iS-Sheets,0.0,2026-09-04
76,municipal,Valle del Cauca,Yotoco,Infraestructura,3is_acueductos,"Acueductos afectados (3iS, oficial)",Número,3iS-Sheets,0.0,2026-09-04
76,municipal,Valle del Cauca,Yumbo,Impacto humano,3is_fallecidos,"Fallecidos (3iS, oficial)",Número,3iS-Sheets,6.0,2026-09-04
76,municipal,Valle del Cauca,Yumbo,Impacto humano,3is_heridos,"Heridos (3iS, oficial)",Número,3iS-Sheets,28.0,2026-09-04
76,municipal,Valle del Cauca,Yumbo,Impacto humano,3is_desaparecidos,"Desaparecidos (3iS, oficial)",Número,3iS-Sheets,0.0,2026-09-04
76,municipal,Valle del Cauca,Yumbo,Impacto humano,3is_rescatados,"Rescatados (3iS, oficial)",Número,3iS-Sheets,0.0,2026-09-04
76,municipal,Valle del Cauca,Yumbo,Impacto humano,3is_familias,"Familias afectadas (3iS, oficial)",Número,3iS-Sheets,100.0,2026-09-04
76,municipal,Valle del Cauca,Yumbo,Vivienda,3is_vivaveriadas,"Viviendas averiadas (3iS, oficial)",Número,3iS-Sheets,650.0,2026-09-04
76,municipal,Valle del Cauca,Yumbo,Vivienda,3is_vivdestruidas,"Viviendas destruidas (3iS, oficial)",Número,3iS-Sheets,54.0,2026-09-04
76,municipal,Valle del Cauca,Yumbo,Vivienda,3is_colapsos,"Colapsos (3iS, oficial)",Número,3iS-Sheets,0.0,2026-09-04
76,municipal,Valle del Cauca,Yumbo,Salud,3is_salud,"Puntos de salud afectados (3iS, oficial)",Número,3iS-Sheets,0.0,2026-09-04
76,municipal,Valle del Cauca,Yumbo,Educación,3is_educativos,"Puntos educativos afectados (3iS, oficial)",Número,3iS-Sheets,44.0,2026-09-04
76,municipal,Valle del Cauca,Yumbo,Instituciones,3is_comunitarios,"Puntos comunitarios afectados (3iS, oficial)",Número,3iS-Sheets,37.0,2026-09-04
76,municipal,Valle del Cauca,Yumbo,Infraestructura,3is_vias,"Vías afectadas (3iS, oficial)",Número,3iS-Sheets,0.0,2026-09-04
76,municipal,Valle del Cauca,Yumbo,Infraestructura,3is_aeropuertos,"Aeropuertos afectados (3iS, oficial)",Número,3iS-Sheets,0.0,2026-09-04
76,municipal,Valle del Cauca,Yumbo,Infraestructura,3is_acueductos,"Acueductos afectados (3iS, oficial)",Número,3iS-Sheets,0.0,2026-09-04
76,municipal,Valle del Cauca,Zarzal,Impacto humano,3is_fallecidos,"Fallecidos (3iS, oficial)",Número,3iS-Sheets,2.0,2026-09-04
76,municipal,Valle del Cauca,Zarzal,Impacto humano,3is_heridos,"Heridos (3iS, oficial)",Número,3iS-Sheets,75.0,2026-09-04
76,municipal,Valle del Cauca,Zarzal,Impacto humano,3is_desaparecidos,"Desaparecidos (3iS, oficial)",Número,3iS-Sheets,0.0,2026-09-04
76,municipal,Valle del Cauca,Zarzal,Impacto humano,3is_rescatados,"Rescatados (3iS, oficial)",Número,3iS-Sheets,0.0,2026-09-04
76,municipal,Valle del Cauca,Zarzal,Impacto humano,3is_familias,"Familias afectadas (3iS, oficial)",Número,3iS-Sheets,100.0,2026-09-04
76,municipal,Valle del Cauca,Zarzal,Vivienda,3is_vivaveriadas,"Viviendas averiadas (3iS, oficial)",Número,3iS-Sheets,1032.0,2026-09-04
76,municipal,Valle del Cauca,Zarzal,Vivienda,3is_vivdestruidas,"Viviendas destruidas (3iS, oficial)",Número,3iS-Sheets,143.0,2026-09-04
76,municipal,Valle del Cauca,Zarzal,Vivienda,3is_colapsos,"Colapsos (3iS, oficial)",Número,3iS-Sheets,0.0,2026-09-04
76,municipal,Valle del Cauca,Zarzal,Salud,3is_salud,"Puntos de salud afectados (3iS, oficial)",Número,3iS-Sheets,2.0,2026-09-04
76,municipal,Valle del Cauca,Zarzal,Educación,3is_educativos,"Puntos educativos afectados (3iS, oficial)",Número,3iS-Sheets,13.0,2026-09-04
76,municipal,Valle del Cauca,Zarzal,Instituciones,3is_comunitarios,"Puntos comunitarios afectados (3iS, oficial)",Número,3iS-Sheets,59.0,2026-09-04
76,municipal,Valle del Cauca,Zarzal,Infraestructura,3is_vias,"Vías afectadas (3iS, oficial)",Número,3iS-Sheets,1.0,2026-09-04
76,municipal,Valle del Cauca,Zarzal,Infraestructura,3is_aeropuertos,"Aeropuertos afectados (3iS, oficial)",Número,3iS-Sheets,0.0,2026-09-04
76,municipal,Valle del Cauca,Zarzal,Infraestructura,3is_acueductos,"Acueductos afectados (3iS, oficial)",Número,3iS-Sheets,0.0,2026-09-04
66,municipal,Risaralda,Apía,Impacto humano,3is_fallecidos,"Fallecidos (3iS, oficial)",Número,3iS-Sheets,0.0,2026-09-04
66,municipal,Risaralda,Apía,Impacto humano,3is_heridos,"Heridos (3iS, oficial)",Número,3iS-Sheets,0.0,2026-09-04
66,municipal,Risaralda,Apía,Impacto humano,3is_desaparecidos,"Desaparecidos (3iS, oficial)",Número,3iS-Sheets,0.0,2026-09-04
66,municipal,Risaralda,Apía,Impacto humano,3is_rescatados,"Rescatados (3iS, oficial)",Número,3iS-Sheets,0.0,2026-09-04
66,municipal,Risaralda,Apía,Impacto humano,3is_familias,"Familias afectadas (3iS, oficial)",Número,3iS-Sheets,798.0,2026-09-04
66,municipal,Risaralda,Apía,Vivienda,3is_vivaveriadas,"Viviendas averiadas (3iS, oficial)",Número,3iS-Sheets,720.0,2026-09-04
66,municipal,Risaralda,Apía,Vivienda,3is_vivdestruidas,"Viviendas destruidas (3iS, oficial)",Número,3iS-Sheets,78.0,2026-09-04
66,municipal,Risaralda,Apía,Vivienda,3is_colapsos,"Colapsos (3iS, oficial)",Número,3iS-Sheets,0.0,2026-09-04
66,municipal,Risaralda,Apía,Salud,3is_salud,"Puntos de salud afectados (3iS, oficial)",Número,3iS-Sheets,0.0,2026-09-04
66,municipal,Risaralda,Apía,Educación,3is_educativos,"Puntos educativos afectados (3iS, oficial)",Número,3iS-Sheets,9.0,2026-09-04
66,municipal,Risaralda,Apía,Instituciones,3is_comunitarios,"Puntos comunitarios afectados (3iS, oficial)",Número,3iS-Sheets,3.0,2026-09-04
66,municipal,Risaralda,Apía,Infraestructura,3is_vias,"Vías afectadas (3iS, oficial)",Número,3iS-Sheets,1.0,2026-09-04
66,municipal,Risaralda,Apía,Infraestructura,3is_aeropuertos,"Aeropuertos afectados (3iS, oficial)",Número,3iS-Sheets,0.0,2026-09-04
66,municipal,Risaralda,Apía,Infraestructura,3is_acueductos,"Acueductos afectados (3iS, oficial)",Número,3iS-Sheets,1.0,2026-09-04
66,municipal,Risaralda,Balboa,Impacto humano,3is_fallecidos,"Fallecidos (3iS, oficial)",Número,3iS-Sheets,0.0,2026-09-04
66,municipal,Risaralda,Balboa,Impacto humano,3is_heridos,"Heridos (3iS, oficial)",Número,3iS-Sheets,5.0,2026-09-04
66,municipal,Risaralda,Balboa,Impacto humano,3is_desaparecidos,"Desaparecidos (3iS, oficial)",Número,3iS-Sheets,0.0,2026-09-04
66,municipal,Risaralda,Balboa,Impacto humano,3is_rescatados,"Rescatados (3iS, oficial)",Número,3iS-Sheets,5.0,2026-09-04
66,municipal,Risaralda,Balboa,Impacto humano,3is_familias,"Familias afectadas (3iS, oficial)",Número,3iS-Sheets,724.0,2026-09-04
66,municipal,Risaralda,Balboa,Vivienda,3is_vivaveriadas,"Viviendas averiadas (3iS, oficial)",Número,3iS-Sheets,669.0,2026-09-04
66,municipal,Risaralda,Balboa,Vivienda,3is_vivdestruidas,"Viviendas destruidas (3iS, oficial)",Número,3iS-Sheets,66.0,2026-09-04
66,municipal,Risaralda,Balboa,Vivienda,3is_colapsos,"Colapsos (3iS, oficial)",Número,3iS-Sheets,0.0,2026-09-04
66,municipal,Risaralda,Balboa,Salud,3is_salud,"Puntos de salud afectados (3iS, oficial)",Número,3iS-Sheets,1.0,2026-09-04
66,municipal,Risaralda,Balboa,Educación,3is_educativos,"Puntos educativos afectados (3iS, oficial)",Número,3iS-Sheets,5.0,2026-09-04
66,municipal,Risaralda,Balboa,Instituciones,3is_comunitarios,"Puntos comunitarios afectados (3iS, oficial)",Número,3iS-Sheets,2.0,2026-09-04
66,municipal,Risaralda,Balboa,Infraestructura,3is_vias,"Vías afectadas (3iS, oficial)",Número,3iS-Sheets,7.0,2026-09-04
66,municipal,Risaralda,Balboa,Infraestructura,3is_aeropuertos,"Aeropuertos afectados (3iS, oficial)",Número,3iS-Sheets,0.0,2026-09-04
66,municipal,Risaralda,Balboa,Infraestructura,3is_acueductos,"Acueductos afectados (3iS, oficial)",Número,3iS-Sheets,1.0,2026-09-04
66,municipal,Risaralda,Belén de Umbría,Impacto humano,3is_fallecidos,"Fallecidos (3iS, oficial)",Número,3iS-Sheets,0.0,2026-09-04
66,municipal,Risaralda,Belén de Umbría,Impacto humano,3is_heridos,"Heridos (3iS, oficial)",Número,3iS-Sheets,6.0,2026-09-04
66,municipal,Risaralda,Belén de Umbría,Impacto humano,3is_desaparecidos,"Desaparecidos (3iS, oficial)",Número,3iS-Sheets,1.0,2026-09-04
66,municipal,Risaralda,Belén de Umbría,Impacto humano,3is_rescatados,"Rescatados (3iS, oficial)",Número,3iS-Sheets,0.0,2026-09-04
66,municipal,Risaralda,Belén de Umbría,Impacto humano,3is_familias,"Familias afectadas (3iS, oficial)",Número,3iS-Sheets,1276.0,2026-09-04
66,municipal,Risaralda,Belén de Umbría,Vivienda,3is_vivaveriadas,"Viviendas averiadas (3iS, oficial)",Número,3iS-Sheets,855.0,2026-09-04
66,municipal,Risaralda,Belén de Umbría,Vivienda,3is_vivdestruidas,"Viviendas destruidas (3iS, oficial)",Número,3iS-Sheets,230.0,2026-09-04
66,municipal,Risaralda,Belén de Umbría,Vivienda,3is_colapsos,"Colapsos (3iS, oficial)",Número,3iS-Sheets,0.0,2026-09-04
66,municipal,Risaralda,Belén de Umbría,Salud,3is_salud,"Puntos de salud afectados (3iS, oficial)",Número,3iS-Sheets,1.0,2026-09-04
66,municipal,Risaralda,Belén de Umbría,Educación,3is_educativos,"Puntos educativos afectados (3iS, oficial)",Número,3iS-Sheets,14.0,2026-09-04
66,municipal,Risaralda,Belén de Umbría,Instituciones,3is_comunitarios,"Puntos comunitarios afectados (3iS, oficial)",Número,3iS-Sheets,14.0,2026-09-04
66,municipal,Risaralda,Belén de Umbría,Infraestructura,3is_vias,"Vías afectadas (3iS, oficial)",Número,3iS-Sheets,3.0,2026-09-04
66,municipal,Risaralda,Belén de Umbría,Infraestructura,3is_aeropuertos,"Aeropuertos afectados (3iS, oficial)",Número,3iS-Sheets,0.0,2026-09-04
66,municipal,Risaralda,Belén de Umbría,Infraestructura,3is_acueductos,"Acueductos afectados (3iS, oficial)",Número,3iS-Sheets,3.0,2026-09-04
66,municipal,Risaralda,Dosquebradas,Impacto humano,3is_fallecidos,"Fallecidos (3iS, oficial)",Número,3iS-Sheets,11.0,2026-09-04
66,municipal,Risaralda,Dosquebradas,Impacto humano,3is_heridos,"Heridos (3iS, oficial)",Número,3iS-Sheets,230.0,2026-09-04
66,municipal,Risaralda,Dosquebradas,Impacto humano,3is_desaparecidos,"Desaparecidos (3iS, oficial)",Número,3iS-Sheets,1.0,2026-09-04
66,municipal,Risaralda,Dosquebradas,Impacto humano,3is_rescatados,"Rescatados (3iS, oficial)",Número,3iS-Sheets,5.0,2026-09-04
66,municipal,Risaralda,Dosquebradas,Impacto humano,3is_familias,"Familias afectadas (3iS, oficial)",Número,3iS-Sheets,4730.0,2026-09-04
66,municipal,Risaralda,Dosquebradas,Vivienda,3is_vivaveriadas,"Viviendas averiadas (3iS, oficial)",Número,3iS-Sheets,14891.0,2026-09-04
66,municipal,Risaralda,Dosquebradas,Vivienda,3is_vivdestruidas,"Viviendas destruidas (3iS, oficial)",Número,3iS-Sheets,1932.0,2026-09-04
66,municipal,Risaralda,Dosquebradas,Vivienda,3is_colapsos,"Colapsos (3iS, oficial)",Número,3iS-Sheets,43.0,2026-09-04
66,municipal,Risaralda,Dosquebradas,Salud,3is_salud,"Puntos de salud afectados (3iS, oficial)",Número,3iS-Sheets,0.0,2026-09-04
66,municipal,Risaralda,Dosquebradas,Educación,3is_educativos,"Puntos educativos afectados (3iS, oficial)",Número,3iS-Sheets,54.0,2026-09-04
66,municipal,Risaralda,Dosquebradas,Instituciones,3is_comunitarios,"Puntos comunitarios afectados (3iS, oficial)",Número,3iS-Sheets,2.0,2026-09-04
66,municipal,Risaralda,Dosquebradas,Infraestructura,3is_vias,"Vías afectadas (3iS, oficial)",Número,3iS-Sheets,90.0,2026-09-04
66,municipal,Risaralda,Dosquebradas,Infraestructura,3is_aeropuertos,"Aeropuertos afectados (3iS, oficial)",Número,3iS-Sheets,0.0,2026-09-04
66,municipal,Risaralda,Dosquebradas,Infraestructura,3is_acueductos,"Acueductos afectados (3iS, oficial)",Número,3iS-Sheets,2.0,2026-09-04
66,municipal,Risaralda,Guática,Impacto humano,3is_fallecidos,"Fallecidos (3iS, oficial)",Número,3iS-Sheets,0.0,2026-09-04
66,municipal,Risaralda,Guática,Impacto humano,3is_heridos,"Heridos (3iS, oficial)",Número,3iS-Sheets,0.0,2026-09-04
66,municipal,Risaralda,Guática,Impacto humano,3is_desaparecidos,"Desaparecidos (3iS, oficial)",Número,3iS-Sheets,0.0,2026-09-04
66,municipal,Risaralda,Guática,Impacto humano,3is_rescatados,"Rescatados (3iS, oficial)",Número,3iS-Sheets,0.0,2026-09-04
66,municipal,Risaralda,Guática,Impacto humano,3is_familias,"Familias afectadas (3iS, oficial)",Número,3iS-Sheets,710.0,2026-09-04
66,municipal,Risaralda,Guática,Vivienda,3is_vivaveriadas,"Viviendas averiadas (3iS, oficial)",Número,3iS-Sheets,460.0,2026-09-04
66,municipal,Risaralda,Guática,Vivienda,3is_vivdestruidas,"Viviendas destruidas (3iS, oficial)",Número,3iS-Sheets,50.0,2026-09-04
66,municipal,Risaralda,Guática,Vivienda,3is_colapsos,"Colapsos (3iS, oficial)",Número,3iS-Sheets,0.0,2026-09-04
66,municipal,Risaralda,Guática,Salud,3is_salud,"Puntos de salud afectados (3iS, oficial)",Número,3iS-Sheets,1.0,2026-09-04
66,municipal,Risaralda,Guática,Educación,3is_educativos,"Puntos educativos afectados (3iS, oficial)",Número,3iS-Sheets,11.0,2026-09-04
66,municipal,Risaralda,Guática,Instituciones,3is_comunitarios,"Puntos comunitarios afectados (3iS, oficial)",Número,3iS-Sheets,2.0,2026-09-04
66,municipal,Risaralda,Guática,Infraestructura,3is_vias,"Vías afectadas (3iS, oficial)",Número,3iS-Sheets,1.0,2026-09-04
66,municipal,Risaralda,Guática,Infraestructura,3is_aeropuertos,"Aeropuertos afectados (3iS, oficial)",Número,3iS-Sheets,0.0,2026-09-04
66,municipal,Risaralda,Guática,Infraestructura,3is_acueductos,"Acueductos afectados (3iS, oficial)",Número,3iS-Sheets,0.0,2026-09-04
66,municipal,Risaralda,La Celia,Impacto humano,3is_fallecidos,"Fallecidos (3iS, oficial)",Número,3iS-Sheets,0.0,2026-09-04
66,municipal,Risaralda,La Celia,Impacto humano,3is_heridos,"Heridos (3iS, oficial)",Número,3iS-Sheets,0.0,2026-09-04
66,municipal,Risaralda,La Celia,Impacto humano,3is_desaparecidos,"Desaparecidos (3iS, oficial)",Número,3iS-Sheets,0.0,2026-09-04
66,municipal,Risaralda,La Celia,Impacto humano,3is_rescatados,"Rescatados (3iS, oficial)",Número,3iS-Sheets,0.0,2026-09-04
66,municipal,Risaralda,La Celia,Impacto humano,3is_familias,"Familias afectadas (3iS, oficial)",Número,3iS-Sheets,444.0,2026-09-04
66,municipal,Risaralda,La Celia,Vivienda,3is_vivaveriadas,"Viviendas averiadas (3iS, oficial)",Número,3iS-Sheets,160.0,2026-09-04
66,municipal,Risaralda,La Celia,Vivienda,3is_vivdestruidas,"Viviendas destruidas (3iS, oficial)",Número,3iS-Sheets,21.0,2026-09-04
66,municipal,Risaralda,La Celia,Vivienda,3is_colapsos,"Colapsos (3iS, oficial)",Número,3iS-Sheets,0.0,2026-09-04
66,municipal,Risaralda,La Celia,Salud,3is_salud,"Puntos de salud afectados (3iS, oficial)",Número,3iS-Sheets,0.0,2026-09-04
66,municipal,Risaralda,La Celia,Educación,3is_educativos,"Puntos educativos afectados (3iS, oficial)",Número,3iS-Sheets,5.0,2026-09-04
66,municipal,Risaralda,La Celia,Instituciones,3is_comunitarios,"Puntos comunitarios afectados (3iS, oficial)",Número,3iS-Sheets,2.0,2026-09-04
66,municipal,Risaralda,La Celia,Infraestructura,3is_vias,"Vías afectadas (3iS, oficial)",Número,3iS-Sheets,3.0,2026-09-04
66,municipal,Risaralda,La Celia,Infraestructura,3is_aeropuertos,"Aeropuertos afectados (3iS, oficial)",Número,3iS-Sheets,0.0,2026-09-04
66,municipal,Risaralda,La Celia,Infraestructura,3is_acueductos,"Acueductos afectados (3iS, oficial)",Número,3iS-Sheets,4.0,2026-09-04
66,municipal,Risaralda,La Virginia,Impacto humano,3is_fallecidos,"Fallecidos (3iS, oficial)",Número,3iS-Sheets,1.0,2026-09-04
66,municipal,Risaralda,La Virginia,Impacto humano,3is_heridos,"Heridos (3iS, oficial)",Número,3iS-Sheets,54.0,2026-09-04
66,municipal,Risaralda,La Virginia,Impacto humano,3is_desaparecidos,"Desaparecidos (3iS, oficial)",Número,3iS-Sheets,0.0,2026-09-04
66,municipal,Risaralda,La Virginia,Impacto humano,3is_rescatados,"Rescatados (3iS, oficial)",Número,3iS-Sheets,3.0,2026-09-04
66,municipal,Risaralda,La Virginia,Impacto humano,3is_familias,"Familias afectadas (3iS, oficial)",Número,3iS-Sheets,1219.0,2026-09-04
66,municipal,Risaralda,La Virginia,Vivienda,3is_vivaveriadas,"Viviendas averiadas (3iS, oficial)",Número,3iS-Sheets,645.0,2026-09-04
66,municipal,Risaralda,La Virginia,Vivienda,3is_vivdestruidas,"Viviendas destruidas (3iS, oficial)",Número,3iS-Sheets,60.0,2026-09-04
66,municipal,Risaralda,La Virginia,Vivienda,3is_colapsos,"Colapsos (3iS, oficial)",Número,3iS-Sheets,0.0,2026-09-04
66,municipal,Risaralda,La Virginia,Salud,3is_salud,"Puntos de salud afectados (3iS, oficial)",Número,3iS-Sheets,1.0,2026-09-04
66,municipal,Risaralda,La Virginia,Educación,3is_educativos,"Puntos educativos afectados (3iS, oficial)",Número,3iS-Sheets,5.0,2026-09-04
66,municipal,Risaralda,La Virginia,Instituciones,3is_comunitarios,"Puntos comunitarios afectados (3iS, oficial)",Número,3iS-Sheets,1.0,2026-09-04
66,municipal,Risaralda,La Virginia,Infraestructura,3is_vias,"Vías afectadas (3iS, oficial)",Número,3iS-Sheets,0.0,2026-09-04
66,municipal,Risaralda,La Virginia,Infraestructura,3is_aeropuertos,"Aeropuertos afectados (3iS, oficial)",Número,3iS-Sheets,0.0,2026-09-04
66,municipal,Risaralda,La Virginia,Infraestructura,3is_acueductos,"Acueductos afectados (3iS, oficial)",Número,3iS-Sheets,1.0,2026-09-04
66,municipal,Risaralda,Marsella,Impacto humano,3is_fallecidos,"Fallecidos (3iS, oficial)",Número,3iS-Sheets,0.0,2026-09-04
66,municipal,Risaralda,Marsella,Impacto humano,3is_heridos,"Heridos (3iS, oficial)",Número,3iS-Sheets,24.0,2026-09-04
66,municipal,Risaralda,Marsella,Impacto humano,3is_desaparecidos,"Desaparecidos (3iS, oficial)",Número,3iS-Sheets,1.0,2026-09-04
66,municipal,Risaralda,Marsella,Impacto humano,3is_rescatados,"Rescatados (3iS, oficial)",Número,3iS-Sheets,0.0,2026-09-04
66,municipal,Risaralda,Marsella,Impacto humano,3is_familias,"Familias afectadas (3iS, oficial)",Número,3iS-Sheets,1611.0,2026-09-04
66,municipal,Risaralda,Marsella,Vivienda,3is_vivaveriadas,"Viviendas averiadas (3iS, oficial)",Número,3iS-Sheets,1175.0,2026-09-04
66,municipal,Risaralda,Marsella,Vivienda,3is_vivdestruidas,"Viviendas destruidas (3iS, oficial)",Número,3iS-Sheets,22.0,2026-09-04
66,municipal,Risaralda,Marsella,Vivienda,3is_colapsos,"Colapsos (3iS, oficial)",Número,3iS-Sheets,0.0,2026-09-04
66,municipal,Risaralda,Marsella,Salud,3is_salud,"Puntos de salud afectados (3iS, oficial)",Número,3iS-Sheets,1.0,2026-09-04
66,municipal,Risaralda,Marsella,Educación,3is_educativos,"Puntos educativos afectados (3iS, oficial)",Número,3iS-Sheets,9.0,2026-09-04
66,municipal,Risaralda,Marsella,Instituciones,3is_comunitarios,"Puntos comunitarios afectados (3iS, oficial)",Número,3iS-Sheets,2.0,2026-09-04
66,municipal,Risaralda,Marsella,Infraestructura,3is_vias,"Vías afectadas (3iS, oficial)",Número,3iS-Sheets,7.0,2026-09-04
66,municipal,Risaralda,Marsella,Infraestructura,3is_aeropuertos,"Aeropuertos afectados (3iS, oficial)",Número,3iS-Sheets,0.0,2026-09-04
66,municipal,Risaralda,Marsella,Infraestructura,3is_acueductos,"Acueductos afectados (3iS, oficial)",Número,3iS-Sheets,9.0,2026-09-04
66,municipal,Risaralda,Mistrató,Impacto humano,3is_fallecidos,"Fallecidos (3iS, oficial)",Número,3iS-Sheets,0.0,2026-09-04
66,municipal,Risaralda,Mistrató,Impacto humano,3is_heridos,"Heridos (3iS, oficial)",Número,3iS-Sheets,0.0,2026-09-04
66,municipal,Risaralda,Mistrató,Impacto humano,3is_desaparecidos,"Desaparecidos (3iS, oficial)",Número,3iS-Sheets,0.0,2026-09-04
66,municipal,Risaralda,Mistrató,Impacto humano,3is_rescatados,"Rescatados (3iS, oficial)",Número,3iS-Sheets,0.0,2026-09-04
66,municipal,Risaralda,Mistrató,Impacto humano,3is_familias,"Familias afectadas (3iS, oficial)",Número,3iS-Sheets,959.0,2026-09-04
66,municipal,Risaralda,Mistrató,Vivienda,3is_vivaveriadas,"Viviendas averiadas (3iS, oficial)",Número,3iS-Sheets,380.0,2026-09-04
66,municipal,Risaralda,Mistrató,Vivienda,3is_vivdestruidas,"Viviendas destruidas (3iS, oficial)",Número,3iS-Sheets,55.0,2026-09-04
66,municipal,Risaralda,Mistrató,Vivienda,3is_colapsos,"Colapsos (3iS, oficial)",Número,3iS-Sheets,0.0,2026-09-04
66,municipal,Risaralda,Mistrató,Salud,3is_salud,"Puntos de salud afectados (3iS, oficial)",Número,3iS-Sheets,3.0,2026-09-04
66,municipal,Risaralda,Mistrató,Educación,3is_educativos,"Puntos educativos afectados (3iS, oficial)",Número,3iS-Sheets,15.0,2026-09-04
66,municipal,Risaralda,Mistrató,Instituciones,3is_comunitarios,"Puntos comunitarios afectados (3iS, oficial)",Número,3iS-Sheets,1.0,2026-09-04
66,municipal,Risaralda,Mistrató,Infraestructura,3is_vias,"Vías afectadas (3iS, oficial)",Número,3iS-Sheets,0.0,2026-09-04
66,municipal,Risaralda,Mistrató,Infraestructura,3is_aeropuertos,"Aeropuertos afectados (3iS, oficial)",Número,3iS-Sheets,0.0,2026-09-04
66,municipal,Risaralda,Mistrató,Infraestructura,3is_acueductos,"Acueductos afectados (3iS, oficial)",Número,3iS-Sheets,2.0,2026-09-04
66,municipal,Risaralda,Pereira,Impacto humano,3is_fallecidos,"Fallecidos (3iS, oficial)",Número,3iS-Sheets,97.0,2026-09-04
66,municipal,Risaralda,Pereira,Impacto humano,3is_heridos,"Heridos (3iS, oficial)",Número,3iS-Sheets,259.0,2026-09-04
66,municipal,Risaralda,Pereira,Impacto humano,3is_desaparecidos,"Desaparecidos (3iS, oficial)",Número,3iS-Sheets,87.0,2026-09-04
66,municipal,Risaralda,Pereira,Impacto humano,3is_rescatados,"Rescatados (3iS, oficial)",Número,3iS-Sheets,260.0,2026-09-04
66,municipal,Risaralda,Pereira,Impacto humano,3is_familias,"Familias afectadas (3iS, oficial)",Número,3iS-Sheets,42000.0,2026-09-04
66,municipal,Risaralda,Pereira,Vivienda,3is_vivaveriadas,"Viviendas averiadas (3iS, oficial)",Número,3iS-Sheets,29974.0,2026-09-04
66,municipal,Risaralda,Pereira,Vivienda,3is_vivdestruidas,"Viviendas destruidas (3iS, oficial)",Número,3iS-Sheets,9134.0,2026-09-04
66,municipal,Risaralda,Pereira,Vivienda,3is_colapsos,"Colapsos (3iS, oficial)",Número,3iS-Sheets,66.0,2026-09-04
66,municipal,Risaralda,Pereira,Salud,3is_salud,"Puntos de salud afectados (3iS, oficial)",Número,3iS-Sheets,34.0,2026-09-04
66,municipal,Risaralda,Pereira,Educación,3is_educativos,"Puntos educativos afectados (3iS, oficial)",Número,3iS-Sheets,165.0,2026-09-04
66,municipal,Risaralda,Pereira,Instituciones,3is_comunitarios,"Puntos comunitarios afectados (3iS, oficial)",Número,3iS-Sheets,0.0,2026-09-04
66,municipal,Risaralda,Pereira,Infraestructura,3is_vias,"Vías afectadas (3iS, oficial)",Número,3iS-Sheets,0.0,2026-09-04
66,municipal,Risaralda,Pereira,Infraestructura,3is_aeropuertos,"Aeropuertos afectados (3iS, oficial)",Número,3iS-Sheets,1.0,2026-09-04
66,municipal,Risaralda,Pereira,Infraestructura,3is_acueductos,"Acueductos afectados (3iS, oficial)",Número,3iS-Sheets,0.0,2026-09-04
66,municipal,Risaralda,Pueblo Rico,Impacto humano,3is_fallecidos,"Fallecidos (3iS, oficial)",Número,3iS-Sheets,0.0,2026-09-04
66,municipal,Risaralda,Pueblo Rico,Impacto humano,3is_heridos,"Heridos (3iS, oficial)",Número,3iS-Sheets,0.0,2026-09-04
66,municipal,Risaralda,Pueblo Rico,Impacto humano,3is_desaparecidos,"Desaparecidos (3iS, oficial)",Número,3iS-Sheets,0.0,2026-09-04
66,municipal,Risaralda,Pueblo Rico,Impacto humano,3is_rescatados,"Rescatados (3iS, oficial)",Número,3iS-Sheets,0.0,2026-09-04
66,municipal,Risaralda,Pueblo Rico,Impacto humano,3is_familias,"Familias afectadas (3iS, oficial)",Número,3iS-Sheets,986.0,2026-09-04
66,municipal,Risaralda,Pueblo Rico,Vivienda,3is_vivaveriadas,"Viviendas averiadas (3iS, oficial)",Número,3iS-Sheets,879.0,2026-09-04
66,municipal,Risaralda,Pueblo Rico,Vivienda,3is_vivdestruidas,"Viviendas destruidas (3iS, oficial)",Número,3iS-Sheets,80.0,2026-09-04
66,municipal,Risaralda,Pueblo Rico,Vivienda,3is_colapsos,"Colapsos (3iS, oficial)",Número,3iS-Sheets,0.0,2026-09-04
66,municipal,Risaralda,Pueblo Rico,Salud,3is_salud,"Puntos de salud afectados (3iS, oficial)",Número,3iS-Sheets,0.0,2026-09-04
66,municipal,Risaralda,Pueblo Rico,Educación,3is_educativos,"Puntos educativos afectados (3iS, oficial)",Número,3iS-Sheets,49.0,2026-09-04
66,municipal,Risaralda,Pueblo Rico,Instituciones,3is_comunitarios,"Puntos comunitarios afectados (3iS, oficial)",Número,3iS-Sheets,1.0,2026-09-04
66,municipal,Risaralda,Pueblo Rico,Infraestructura,3is_vias,"Vías afectadas (3iS, oficial)",Número,3iS-Sheets,1.0,2026-09-04
66,municipal,Risaralda,Pueblo Rico,Infraestructura,3is_aeropuertos,"Aeropuertos afectados (3iS, oficial)",Número,3iS-Sheets,0.0,2026-09-04
66,municipal,Risaralda,Pueblo Rico,Infraestructura,3is_acueductos,"Acueductos afectados (3iS, oficial)",Número,3iS-Sheets,0.0,2026-09-04
66,municipal,Risaralda,Quinchía,Impacto humano,3is_fallecidos,"Fallecidos (3iS, oficial)",Número,3iS-Sheets,0.0,2026-09-04
66,municipal,Risaralda,Quinchía,Impacto humano,3is_heridos,"Heridos (3iS, oficial)",Número,3iS-Sheets,0.0,2026-09-04
66,municipal,Risaralda,Quinchía,Impacto humano,3is_desaparecidos,"Desaparecidos (3iS, oficial)",Número,3iS-Sheets,0.0,2026-09-04
66,municipal,Risaralda,Quinchía,Impacto humano,3is_rescatados,"Rescatados (3iS, oficial)",Número,3iS-Sheets,0.0,2026-09-04
66,municipal,Risaralda,Quinchía,Impacto humano,3is_familias,"Familias afectadas (3iS, oficial)",Número,3iS-Sheets,921.0,2026-09-04
66,municipal,Risaralda,Quinchía,Vivienda,3is_vivaveriadas,"Viviendas averiadas (3iS, oficial)",Número,3iS-Sheets,421.0,2026-09-04
66,municipal,Risaralda,Quinchía,Vivienda,3is_vivdestruidas,"Viviendas destruidas (3iS, oficial)",Número,3iS-Sheets,51.0,2026-09-04
66,municipal,Risaralda,Quinchía,Vivienda,3is_colapsos,"Colapsos (3iS, oficial)",Número,3iS-Sheets,0.0,2026-09-04
66,municipal,Risaralda,Quinchía,Salud,3is_salud,"Puntos de salud afectados (3iS, oficial)",Número,3iS-Sheets,0.0,2026-09-04
66,municipal,Risaralda,Quinchía,Educación,3is_educativos,"Puntos educativos afectados (3iS, oficial)",Número,3iS-Sheets,43.0,2026-09-04
66,municipal,Risaralda,Quinchía,Instituciones,3is_comunitarios,"Puntos comunitarios afectados (3iS, oficial)",Número,3iS-Sheets,3.0,2026-09-04
66,municipal,Risaralda,Quinchía,Infraestructura,3is_vias,"Vías afectadas (3iS, oficial)",Número,3iS-Sheets,9.0,2026-09-04
66,municipal,Risaralda,Quinchía,Infraestructura,3is_aeropuertos,"Aeropuertos afectados (3iS, oficial)",Número,3iS-Sheets,0.0,2026-09-04
66,municipal,Risaralda,Quinchía,Infraestructura,3is_acueductos,"Acueductos afectados (3iS, oficial)",Número,3iS-Sheets,3.0,2026-09-04
66,municipal,Risaralda,Santa Rosa de Cabal,Impacto humano,3is_fallecidos,"Fallecidos (3iS, oficial)",Número,3iS-Sheets,0.0,2026-09-04
66,municipal,Risaralda,Santa Rosa de Cabal,Impacto humano,3is_heridos,"Heridos (3iS, oficial)",Número,3iS-Sheets,4.0,2026-09-04
66,municipal,Risaralda,Santa Rosa de Cabal,Impacto humano,3is_desaparecidos,"Desaparecidos (3iS, oficial)",Número,3iS-Sheets,1.0,2026-09-04
66,municipal,Risaralda,Santa Rosa de Cabal,Impacto humano,3is_rescatados,"Rescatados (3iS, oficial)",Número,3iS-Sheets,1.0,2026-09-04
66,municipal,Risaralda,Santa Rosa de Cabal,Impacto humano,3is_familias,"Familias afectadas (3iS, oficial)",Número,3iS-Sheets,4620.0,2026-09-04
66,municipal,Risaralda,Santa Rosa de Cabal,Vivienda,3is_vivaveriadas,"Viviendas averiadas (3iS, oficial)",Número,3iS-Sheets,4360.0,2026-09-04
66,municipal,Risaralda,Santa Rosa de Cabal,Vivienda,3is_vivdestruidas,"Viviendas destruidas (3iS, oficial)",Número,3iS-Sheets,65.0,2026-09-04
66,municipal,Risaralda,Santa Rosa de Cabal,Vivienda,3is_colapsos,"Colapsos (3iS, oficial)",Número,3iS-Sheets,0.0,2026-09-04
66,municipal,Risaralda,Santa Rosa de Cabal,Salud,3is_salud,"Puntos de salud afectados (3iS, oficial)",Número,3iS-Sheets,1.0,2026-09-04
66,municipal,Risaralda,Santa Rosa de Cabal,Educación,3is_educativos,"Puntos educativos afectados (3iS, oficial)",Número,3iS-Sheets,0.0,2026-09-04
66,municipal,Risaralda,Santa Rosa de Cabal,Instituciones,3is_comunitarios,"Puntos comunitarios afectados (3iS, oficial)",Número,3iS-Sheets,1.0,2026-09-04
66,municipal,Risaralda,Santa Rosa de Cabal,Infraestructura,3is_vias,"Vías afectadas (3iS, oficial)",Número,3iS-Sheets,1.0,2026-09-04
66,municipal,Risaralda,Santa Rosa de Cabal,Infraestructura,3is_aeropuertos,"Aeropuertos afectados (3iS, oficial)",Número,3iS-Sheets,0.0,2026-09-04
66,municipal,Risaralda,Santa Rosa de Cabal,Infraestructura,3is_acueductos,"Acueductos afectados (3iS, oficial)",Número,3iS-Sheets,3.0,2026-09-04
66,municipal,Risaralda,Santuario,Impacto humano,3is_fallecidos,"Fallecidos (3iS, oficial)",Número,3iS-Sheets,1.0,2026-09-04
66,municipal,Risaralda,Santuario,Impacto humano,3is_heridos,"Heridos (3iS, oficial)",Número,3iS-Sheets,6.0,2026-09-04
66,municipal,Risaralda,Santuario,Impacto humano,3is_desaparecidos,"Desaparecidos (3iS, oficial)",Número,3iS-Sheets,0.0,2026-09-04
66,municipal,Risaralda,Santuario,Impacto humano,3is_rescatados,"Rescatados (3iS, oficial)",Número,3iS-Sheets,0.0,2026-09-04
66,municipal,Risaralda,Santuario,Impacto humano,3is_familias,"Familias afectadas (3iS, oficial)",Número,3iS-Sheets,823.0,2026-09-04
66,municipal,Risaralda,Santuario,Vivienda,3is_vivaveriadas,"Viviendas averiadas (3iS, oficial)",Número,3iS-Sheets,490.0,2026-09-04
66,municipal,Risaralda,Santuario,Vivienda,3is_vivdestruidas,"Viviendas destruidas (3iS, oficial)",Número,3iS-Sheets,142.0,2026-09-04
66,municipal,Risaralda,Santuario,Vivienda,3is_colapsos,"Colapsos (3iS, oficial)",Número,3iS-Sheets,0.0,2026-09-04
66,municipal,Risaralda,Santuario,Salud,3is_salud,"Puntos de salud afectados (3iS, oficial)",Número,3iS-Sheets,1.0,2026-09-04
66,municipal,Risaralda,Santuario,Educación,3is_educativos,"Puntos educativos afectados (3iS, oficial)",Número,3iS-Sheets,5.0,2026-09-04
66,municipal,Risaralda,Santuario,Instituciones,3is_comunitarios,"Puntos comunitarios afectados (3iS, oficial)",Número,3iS-Sheets,5.0,2026-09-04
66,municipal,Risaralda,Santuario,Infraestructura,3is_vias,"Vías afectadas (3iS, oficial)",Número,3iS-Sheets,6.0,2026-09-04
66,municipal,Risaralda,Santuario,Infraestructura,3is_aeropuertos,"Aeropuertos afectados (3iS, oficial)",Número,3iS-Sheets,0.0,2026-09-04
66,municipal,Risaralda,Santuario,Infraestructura,3is_acueductos,"Acueductos afectados (3iS, oficial)",Número,3iS-Sheets,0.0,2026-09-04
63,municipal,Quindío,Armenia,Impacto humano,3is_fallecidos,"Fallecidos (3iS, oficial)",Número,3iS-Sheets,1.0,2026-09-04
63,municipal,Quindío,Armenia,Impacto humano,3is_heridos,"Heridos (3iS, oficial)",Número,3iS-Sheets,161.0,2026-09-04
63,municipal,Quindío,Armenia,Impacto humano,3is_desaparecidos,"Desaparecidos (3iS, oficial)",Número,3iS-Sheets,0.0,2026-09-04
63,municipal,Quindío,Armenia,Impacto humano,3is_rescatados,"Rescatados (3iS, oficial)",Número,3iS-Sheets,1.0,2026-09-04
63,municipal,Quindío,Armenia,Impacto humano,3is_familias,"Familias afectadas (3iS, oficial)",Número,3iS-Sheets,12098.0,2026-09-04
63,municipal,Quindío,Armenia,Vivienda,3is_vivaveriadas,"Viviendas averiadas (3iS, oficial)",Número,3iS-Sheets,15809.0,2026-09-04
63,municipal,Quindío,Armenia,Vivienda,3is_vivdestruidas,"Viviendas destruidas (3iS, oficial)",Número,3iS-Sheets,847.0,2026-09-04
63,municipal,Quindío,Armenia,Vivienda,3is_colapsos,"Colapsos (3iS, oficial)",Número,3iS-Sheets,115.0,2026-09-04
63,municipal,Quindío,Armenia,Salud,3is_salud,"Puntos de salud afectados (3iS, oficial)",Número,3iS-Sheets,9.0,2026-09-04
63,municipal,Quindío,Armenia,Educación,3is_educativos,"Puntos educativos afectados (3iS, oficial)",Número,3iS-Sheets,42.0,2026-09-04
63,municipal,Quindío,Armenia,Instituciones,3is_comunitarios,"Puntos comunitarios afectados (3iS, oficial)",Número,3iS-Sheets,190.0,2026-09-04
63,municipal,Quindío,Armenia,Infraestructura,3is_vias,"Vías afectadas (3iS, oficial)",Número,3iS-Sheets,3.0,2026-09-04
63,municipal,Quindío,Armenia,Infraestructura,3is_aeropuertos,"Aeropuertos afectados (3iS, oficial)",Número,3iS-Sheets,1.0,2026-09-04
63,municipal,Quindío,Armenia,Infraestructura,3is_acueductos,"Acueductos afectados (3iS, oficial)",Número,3iS-Sheets,0.0,2026-09-04
63,municipal,Quindío,Buenavista,Impacto humano,3is_fallecidos,"Fallecidos (3iS, oficial)",Número,3iS-Sheets,0.0,2026-09-04
63,municipal,Quindío,Buenavista,Impacto humano,3is_heridos,"Heridos (3iS, oficial)",Número,3iS-Sheets,0.0,2026-09-04
63,municipal,Quindío,Buenavista,Impacto humano,3is_desaparecidos,"Desaparecidos (3iS, oficial)",Número,3iS-Sheets,0.0,2026-09-04
63,municipal,Quindío,Buenavista,Impacto humano,3is_rescatados,"Rescatados (3iS, oficial)",Número,3iS-Sheets,0.0,2026-09-04
63,municipal,Quindío,Buenavista,Impacto humano,3is_familias,"Familias afectadas (3iS, oficial)",Número,3iS-Sheets,497.0,2026-09-04
63,municipal,Quindío,Buenavista,Vivienda,3is_vivaveriadas,"Viviendas averiadas (3iS, oficial)",Número,3iS-Sheets,497.0,2026-09-04
63,municipal,Quindío,Buenavista,Vivienda,3is_vivdestruidas,"Viviendas destruidas (3iS, oficial)",Número,3iS-Sheets,29.0,2026-09-04
63,municipal,Quindío,Buenavista,Vivienda,3is_colapsos,"Colapsos (3iS, oficial)",Número,3iS-Sheets,0.0,2026-09-04
63,municipal,Quindío,Buenavista,Salud,3is_salud,"Puntos de salud afectados (3iS, oficial)",Número,3iS-Sheets,0.0,2026-09-04
63,municipal,Quindío,Buenavista,Educación,3is_educativos,"Puntos educativos afectados (3iS, oficial)",Número,3iS-Sheets,12.0,2026-09-04
63,municipal,Quindío,Buenavista,Instituciones,3is_comunitarios,"Puntos comunitarios afectados (3iS, oficial)",Número,3iS-Sheets,22.0,2026-09-04
63,municipal,Quindío,Buenavista,Infraestructura,3is_vias,"Vías afectadas (3iS, oficial)",Número,3iS-Sheets,1.0,2026-09-04
63,municipal,Quindío,Buenavista,Infraestructura,3is_aeropuertos,"Aeropuertos afectados (3iS, oficial)",Número,3iS-Sheets,0.0,2026-09-04
63,municipal,Quindío,Buenavista,Infraestructura,3is_acueductos,"Acueductos afectados (3iS, oficial)",Número,3iS-Sheets,0.0,2026-09-04
63,municipal,Quindío,Calarcá,Impacto humano,3is_fallecidos,"Fallecidos (3iS, oficial)",Número,3iS-Sheets,0.0,2026-09-04
63,municipal,Quindío,Calarcá,Impacto humano,3is_heridos,"Heridos (3iS, oficial)",Número,3iS-Sheets,14.0,2026-09-04
63,municipal,Quindío,Calarcá,Impacto humano,3is_desaparecidos,"Desaparecidos (3iS, oficial)",Número,3iS-Sheets,0.0,2026-09-04
63,municipal,Quindío,Calarcá,Impacto humano,3is_rescatados,"Rescatados (3iS, oficial)",Número,3iS-Sheets,0.0,2026-09-04
63,municipal,Quindío,Calarcá,Impacto humano,3is_familias,"Familias afectadas (3iS, oficial)",Número,3iS-Sheets,6033.0,2026-09-04
63,municipal,Quindío,Calarcá,Vivienda,3is_vivaveriadas,"Viviendas averiadas (3iS, oficial)",Número,3iS-Sheets,4497.0,2026-09-04
63,municipal,Quindío,Calarcá,Vivienda,3is_vivdestruidas,"Viviendas destruidas (3iS, oficial)",Número,3iS-Sheets,313.0,2026-09-04
63,municipal,Quindío,Calarcá,Vivienda,3is_colapsos,"Colapsos (3iS, oficial)",Número,3iS-Sheets,0.0,2026-09-04
63,municipal,Quindío,Calarcá,Salud,3is_salud,"Puntos de salud afectados (3iS, oficial)",Número,3iS-Sheets,6.0,2026-09-04
63,municipal,Quindío,Calarcá,Educación,3is_educativos,"Puntos educativos afectados (3iS, oficial)",Número,3iS-Sheets,15.0,2026-09-04
63,municipal,Quindío,Calarcá,Instituciones,3is_comunitarios,"Puntos comunitarios afectados (3iS, oficial)",Número,3iS-Sheets,86.0,2026-09-04
63,municipal,Quindío,Calarcá,Infraestructura,3is_vias,"Vías afectadas (3iS, oficial)",Número,3iS-Sheets,6.0,2026-09-04
63,municipal,Quindío,Calarcá,Infraestructura,3is_aeropuertos,"Aeropuertos afectados (3iS, oficial)",Número,3iS-Sheets,0.0,2026-09-04
63,municipal,Quindío,Calarcá,Infraestructura,3is_acueductos,"Acueductos afectados (3iS, oficial)",Número,3iS-Sheets,1.0,2026-09-04
63,municipal,Quindío,Circasia,Impacto humano,3is_fallecidos,"Fallecidos (3iS, oficial)",Número,3iS-Sheets,1.0,2026-09-04
63,municipal,Quindío,Circasia,Impacto humano,3is_heridos,"Heridos (3iS, oficial)",Número,3iS-Sheets,25.0,2026-09-04
63,municipal,Quindío,Circasia,Impacto humano,3is_desaparecidos,"Desaparecidos (3iS, oficial)",Número,3iS-Sheets,0.0,2026-09-04
63,municipal,Quindío,Circasia,Impacto humano,3is_rescatados,"Rescatados (3iS, oficial)",Número,3iS-Sheets,0.0,2026-09-04
63,municipal,Quindío,Circasia,Impacto humano,3is_familias,"Familias afectadas (3iS, oficial)",Número,3iS-Sheets,1975.0,2026-09-04
63,municipal,Quindío,Circasia,Vivienda,3is_vivaveriadas,"Viviendas averiadas (3iS, oficial)",Número,3iS-Sheets,653.0,2026-09-04
63,municipal,Quindío,Circasia,Vivienda,3is_vivdestruidas,"Viviendas destruidas (3iS, oficial)",Número,3iS-Sheets,282.0,2026-09-04
63,municipal,Quindío,Circasia,Vivienda,3is_colapsos,"Colapsos (3iS, oficial)",Número,3iS-Sheets,0.0,2026-09-04
63,municipal,Quindío,Circasia,Salud,3is_salud,"Puntos de salud afectados (3iS, oficial)",Número,3iS-Sheets,1.0,2026-09-04
63,municipal,Quindío,Circasia,Educación,3is_educativos,"Puntos educativos afectados (3iS, oficial)",Número,3iS-Sheets,7.0,2026-09-04
63,municipal,Quindío,Circasia,Instituciones,3is_comunitarios,"Puntos comunitarios afectados (3iS, oficial)",Número,3iS-Sheets,94.0,2026-09-04
63,municipal,Quindío,Circasia,Infraestructura,3is_vias,"Vías afectadas (3iS, oficial)",Número,3iS-Sheets,0.0,2026-09-04
63,municipal,Quindío,Circasia,Infraestructura,3is_aeropuertos,"Aeropuertos afectados (3iS, oficial)",Número,3iS-Sheets,0.0,2026-09-04
63,municipal,Quindío,Circasia,Infraestructura,3is_acueductos,"Acueductos afectados (3iS, oficial)",Número,3iS-Sheets,0.0,2026-09-04
63,municipal,Quindío,Córdoba,Impacto humano,3is_fallecidos,"Fallecidos (3iS, oficial)",Número,3iS-Sheets,0.0,2026-09-04
63,municipal,Quindío,Córdoba,Impacto humano,3is_heridos,"Heridos (3iS, oficial)",Número,3iS-Sheets,0.0,2026-09-04
63,municipal,Quindío,Córdoba,Impacto humano,3is_desaparecidos,"Desaparecidos (3iS, oficial)",Número,3iS-Sheets,0.0,2026-09-04
63,municipal,Quindío,Córdoba,Impacto humano,3is_rescatados,"Rescatados (3iS, oficial)",Número,3iS-Sheets,0.0,2026-09-04
63,municipal,Quindío,Córdoba,Impacto humano,3is_familias,"Familias afectadas (3iS, oficial)",Número,3iS-Sheets,1021.0,2026-09-04
63,municipal,Quindío,Córdoba,Vivienda,3is_vivaveriadas,"Viviendas averiadas (3iS, oficial)",Número,3iS-Sheets,990.0,2026-09-04
63,municipal,Quindío,Córdoba,Vivienda,3is_vivdestruidas,"Viviendas destruidas (3iS, oficial)",Número,3iS-Sheets,31.0,2026-09-04
63,municipal,Quindío,Córdoba,Vivienda,3is_colapsos,"Colapsos (3iS, oficial)",Número,3iS-Sheets,0.0,2026-09-04
63,municipal,Quindío,Córdoba,Salud,3is_salud,"Puntos de salud afectados (3iS, oficial)",Número,3iS-Sheets,1.0,2026-09-04
63,municipal,Quindío,Córdoba,Educación,3is_educativos,"Puntos educativos afectados (3iS, oficial)",Número,3iS-Sheets,5.0,2026-09-04
63,municipal,Quindío,Córdoba,Instituciones,3is_comunitarios,"Puntos comunitarios afectados (3iS, oficial)",Número,3iS-Sheets,28.0,2026-09-04
63,municipal,Quindío,Córdoba,Infraestructura,3is_vias,"Vías afectadas (3iS, oficial)",Número,3iS-Sheets,7.0,2026-09-04
63,municipal,Quindío,Córdoba,Infraestructura,3is_aeropuertos,"Aeropuertos afectados (3iS, oficial)",Número,3iS-Sheets,0.0,2026-09-04
63,municipal,Quindío,Córdoba,Infraestructura,3is_acueductos,"Acueductos afectados (3iS, oficial)",Número,3iS-Sheets,2.0,2026-09-04
63,municipal,Quindío,Filandia,Impacto humano,3is_fallecidos,"Fallecidos (3iS, oficial)",Número,3iS-Sheets,0.0,2026-09-04
63,municipal,Quindío,Filandia,Impacto humano,3is_heridos,"Heridos (3iS, oficial)",Número,3iS-Sheets,1.0,2026-09-04
63,municipal,Quindío,Filandia,Impacto humano,3is_desaparecidos,"Desaparecidos (3iS, oficial)",Número,3iS-Sheets,0.0,2026-09-04
63,municipal,Quindío,Filandia,Impacto humano,3is_rescatados,"Rescatados (3iS, oficial)",Número,3iS-Sheets,0.0,2026-09-04
63,municipal,Quindío,Filandia,Impacto humano,3is_familias,"Familias afectadas (3iS, oficial)",Número,3iS-Sheets,1412.0,2026-09-04
63,municipal,Quindío,Filandia,Vivienda,3is_vivaveriadas,"Viviendas averiadas (3iS, oficial)",Número,3iS-Sheets,1301.0,2026-09-04
63,municipal,Quindío,Filandia,Vivienda,3is_vivdestruidas,"Viviendas destruidas (3iS, oficial)",Número,3iS-Sheets,111.0,2026-09-04
63,municipal,Quindío,Filandia,Vivienda,3is_colapsos,"Colapsos (3iS, oficial)",Número,3iS-Sheets,0.0,2026-09-04
63,municipal,Quindío,Filandia,Salud,3is_salud,"Puntos de salud afectados (3iS, oficial)",Número,3iS-Sheets,2.0,2026-09-04
63,municipal,Quindío,Filandia,Educación,3is_educativos,"Puntos educativos afectados (3iS, oficial)",Número,3iS-Sheets,19.0,2026-09-04
63,municipal,Quindío,Filandia,Instituciones,3is_comunitarios,"Puntos comunitarios afectados (3iS, oficial)",Número,3iS-Sheets,127.0,2026-09-04
63,municipal,Quindío,Filandia,Infraestructura,3is_vias,"Vías afectadas (3iS, oficial)",Número,3iS-Sheets,12.0,2026-09-04
63,municipal,Quindío,Filandia,Infraestructura,3is_aeropuertos,"Aeropuertos afectados (3iS, oficial)",Número,3iS-Sheets,0.0,2026-09-04
63,municipal,Quindío,Filandia,Infraestructura,3is_acueductos,"Acueductos afectados (3iS, oficial)",Número,3iS-Sheets,0.0,2026-09-04
63,municipal,Quindío,Génova,Impacto humano,3is_fallecidos,"Fallecidos (3iS, oficial)",Número,3iS-Sheets,0.0,2026-09-04
63,municipal,Quindío,Génova,Impacto humano,3is_heridos,"Heridos (3iS, oficial)",Número,3iS-Sheets,2.0,2026-09-04
63,municipal,Quindío,Génova,Impacto humano,3is_desaparecidos,"Desaparecidos (3iS, oficial)",Número,3iS-Sheets,0.0,2026-09-04
63,municipal,Quindío,Génova,Impacto humano,3is_rescatados,"Rescatados (3iS, oficial)",Número,3iS-Sheets,0.0,2026-09-04
63,municipal,Quindío,Génova,Impacto humano,3is_familias,"Familias afectadas (3iS, oficial)",Número,3iS-Sheets,1406.0,2026-09-04
63,municipal,Quindío,Génova,Vivienda,3is_vivaveriadas,"Viviendas averiadas (3iS, oficial)",Número,3iS-Sheets,1406.0,2026-09-04
63,municipal,Quindío,Génova,Vivienda,3is_vivdestruidas,"Viviendas destruidas (3iS, oficial)",Número,3iS-Sheets,7.0,2026-09-04
63,municipal,Quindío,Génova,Vivienda,3is_colapsos,"Colapsos (3iS, oficial)",Número,3iS-Sheets,0.0,2026-09-04
63,municipal,Quindío,Génova,Salud,3is_salud,"Puntos de salud afectados (3iS, oficial)",Número,3iS-Sheets,1.0,2026-09-04
63,municipal,Quindío,Génova,Educación,3is_educativos,"Puntos educativos afectados (3iS, oficial)",Número,3iS-Sheets,20.0,2026-09-04
63,municipal,Quindío,Génova,Instituciones,3is_comunitarios,"Puntos comunitarios afectados (3iS, oficial)",Número,3iS-Sheets,24.0,2026-09-04
63,municipal,Quindío,Génova,Infraestructura,3is_vias,"Vías afectadas (3iS, oficial)",Número,3iS-Sheets,1.0,2026-09-04
63,municipal,Quindío,Génova,Infraestructura,3is_aeropuertos,"Aeropuertos afectados (3iS, oficial)",Número,3iS-Sheets,0.0,2026-09-04
63,municipal,Quindío,Génova,Infraestructura,3is_acueductos,"Acueductos afectados (3iS, oficial)",Número,3iS-Sheets,1.0,2026-09-04
63,municipal,Quindío,La Tebaida,Impacto humano,3is_fallecidos,"Fallecidos (3iS, oficial)",Número,3iS-Sheets,0.0,2026-09-04
63,municipal,Quindío,La Tebaida,Impacto humano,3is_heridos,"Heridos (3iS, oficial)",Número,3iS-Sheets,25.0,2026-09-04
63,municipal,Quindío,La Tebaida,Impacto humano,3is_desaparecidos,"Desaparecidos (3iS, oficial)",Número,3iS-Sheets,0.0,2026-09-04
63,municipal,Quindío,La Tebaida,Impacto humano,3is_rescatados,"Rescatados (3iS, oficial)",Número,3iS-Sheets,0.0,2026-09-04
63,municipal,Quindío,La Tebaida,Impacto humano,3is_familias,"Familias afectadas (3iS, oficial)",Número,3iS-Sheets,1203.0,2026-09-04
63,municipal,Quindío,La Tebaida,Vivienda,3is_vivaveriadas,"Viviendas averiadas (3iS, oficial)",Número,3iS-Sheets,727.0,2026-09-04
63,municipal,Quindío,La Tebaida,Vivienda,3is_vivdestruidas,"Viviendas destruidas (3iS, oficial)",Número,3iS-Sheets,28.0,2026-09-04
63,municipal,Quindío,La Tebaida,Vivienda,3is_colapsos,"Colapsos (3iS, oficial)",Número,3iS-Sheets,0.0,2026-09-04
63,municipal,Quindío,La Tebaida,Salud,3is_salud,"Puntos de salud afectados (3iS, oficial)",Número,3iS-Sheets,3.0,2026-09-04
63,municipal,Quindío,La Tebaida,Educación,3is_educativos,"Puntos educativos afectados (3iS, oficial)",Número,3iS-Sheets,14.0,2026-09-04
63,municipal,Quindío,La Tebaida,Instituciones,3is_comunitarios,"Puntos comunitarios afectados (3iS, oficial)",Número,3iS-Sheets,106.0,2026-09-04
63,municipal,Quindío,La Tebaida,Infraestructura,3is_vias,"Vías afectadas (3iS, oficial)",Número,3iS-Sheets,1.0,2026-09-04
63,municipal,Quindío,La Tebaida,Infraestructura,3is_aeropuertos,"Aeropuertos afectados (3iS, oficial)",Número,3iS-Sheets,0.0,2026-09-04
63,municipal,Quindío,La Tebaida,Infraestructura,3is_acueductos,"Acueductos afectados (3iS, oficial)",Número,3iS-Sheets,1.0,2026-09-04
63,municipal,Quindío,Montenegro,Impacto humano,3is_fallecidos,"Fallecidos (3iS, oficial)",Número,3iS-Sheets,0.0,2026-09-04
63,municipal,Quindío,Montenegro,Impacto humano,3is_heridos,"Heridos (3iS, oficial)",Número,3iS-Sheets,25.0,2026-09-04
63,municipal,Quindío,Montenegro,Impacto humano,3is_desaparecidos,"Desaparecidos (3iS, oficial)",Número,3iS-Sheets,0.0,2026-09-04
63,municipal,Quindío,Montenegro,Impacto humano,3is_rescatados,"Rescatados (3iS, oficial)",Número,3iS-Sheets,0.0,2026-09-04
63,municipal,Quindío,Montenegro,Impacto humano,3is_familias,"Familias afectadas (3iS, oficial)",Número,3iS-Sheets,4106.0,2026-09-04
63,municipal,Quindío,Montenegro,Vivienda,3is_vivaveriadas,"Viviendas averiadas (3iS, oficial)",Número,3iS-Sheets,3774.0,2026-09-04
63,municipal,Quindío,Montenegro,Vivienda,3is_vivdestruidas,"Viviendas destruidas (3iS, oficial)",Número,3iS-Sheets,732.0,2026-09-04
63,municipal,Quindío,Montenegro,Vivienda,3is_colapsos,"Colapsos (3iS, oficial)",Número,3iS-Sheets,0.0,2026-09-04
63,municipal,Quindío,Montenegro,Salud,3is_salud,"Puntos de salud afectados (3iS, oficial)",Número,3iS-Sheets,4.0,2026-09-04
63,municipal,Quindío,Montenegro,Educación,3is_educativos,"Puntos educativos afectados (3iS, oficial)",Número,3iS-Sheets,29.0,2026-09-04
63,municipal,Quindío,Montenegro,Instituciones,3is_comunitarios,"Puntos comunitarios afectados (3iS, oficial)",Número,3iS-Sheets,203.0,2026-09-04
63,municipal,Quindío,Montenegro,Infraestructura,3is_vias,"Vías afectadas (3iS, oficial)",Número,3iS-Sheets,7.0,2026-09-04
63,municipal,Quindío,Montenegro,Infraestructura,3is_aeropuertos,"Aeropuertos afectados (3iS, oficial)",Número,3iS-Sheets,0.0,2026-09-04
63,municipal,Quindío,Montenegro,Infraestructura,3is_acueductos,"Acueductos afectados (3iS, oficial)",Número,3iS-Sheets,1.0,2026-09-04
63,municipal,Quindío,Pijao,Impacto humano,3is_fallecidos,"Fallecidos (3iS, oficial)",Número,3iS-Sheets,0.0,2026-09-04
63,municipal,Quindío,Pijao,Impacto humano,3is_heridos,"Heridos (3iS, oficial)",Número,3iS-Sheets,0.0,2026-09-04
63,municipal,Quindío,Pijao,Impacto humano,3is_desaparecidos,"Desaparecidos (3iS, oficial)",Número,3iS-Sheets,0.0,2026-09-04
63,municipal,Quindío,Pijao,Impacto humano,3is_rescatados,"Rescatados (3iS, oficial)",Número,3iS-Sheets,0.0,2026-09-04
63,municipal,Quindío,Pijao,Impacto humano,3is_familias,"Familias afectadas (3iS, oficial)",Número,3iS-Sheets,764.0,2026-09-04
63,municipal,Quindío,Pijao,Vivienda,3is_vivaveriadas,"Viviendas averiadas (3iS, oficial)",Número,3iS-Sheets,743.0,2026-09-04
63,municipal,Quindío,Pijao,Vivienda,3is_vivdestruidas,"Viviendas destruidas (3iS, oficial)",Número,3iS-Sheets,19.0,2026-09-04
63,municipal,Quindío,Pijao,Vivienda,3is_colapsos,"Colapsos (3iS, oficial)",Número,3iS-Sheets,0.0,2026-09-04
63,municipal,Quindío,Pijao,Salud,3is_salud,"Puntos de salud afectados (3iS, oficial)",Número,3iS-Sheets,0.0,2026-09-04
63,municipal,Quindío,Pijao,Educación,3is_educativos,"Puntos educativos afectados (3iS, oficial)",Número,3iS-Sheets,4.0,2026-09-04
63,municipal,Quindío,Pijao,Instituciones,3is_comunitarios,"Puntos comunitarios afectados (3iS, oficial)",Número,3iS-Sheets,5.0,2026-09-04
63,municipal,Quindío,Pijao,Infraestructura,3is_vias,"Vías afectadas (3iS, oficial)",Número,3iS-Sheets,3.0,2026-09-04
63,municipal,Quindío,Pijao,Infraestructura,3is_aeropuertos,"Aeropuertos afectados (3iS, oficial)",Número,3iS-Sheets,0.0,2026-09-04
63,municipal,Quindío,Pijao,Infraestructura,3is_acueductos,"Acueductos afectados (3iS, oficial)",Número,3iS-Sheets,2.0,2026-09-04
63,municipal,Quindío,Quimbaya,Impacto humano,3is_fallecidos,"Fallecidos (3iS, oficial)",Número,3iS-Sheets,1.0,2026-09-04
63,municipal,Quindío,Quimbaya,Impacto humano,3is_heridos,"Heridos (3iS, oficial)",Número,3iS-Sheets,59.0,2026-09-04
63,municipal,Quindío,Quimbaya,Impacto humano,3is_desaparecidos,"Desaparecidos (3iS, oficial)",Número,3iS-Sheets,0.0,2026-09-04
63,municipal,Quindío,Quimbaya,Impacto humano,3is_rescatados,"Rescatados (3iS, oficial)",Número,3iS-Sheets,0.0,2026-09-04
63,municipal,Quindío,Quimbaya,Impacto humano,3is_familias,"Familias afectadas (3iS, oficial)",Número,3iS-Sheets,5056.0,2026-09-04
63,municipal,Quindío,Quimbaya,Vivienda,3is_vivaveriadas,"Viviendas averiadas (3iS, oficial)",Número,3iS-Sheets,1822.0,2026-09-04
63,municipal,Quindío,Quimbaya,Vivienda,3is_vivdestruidas,"Viviendas destruidas (3iS, oficial)",Número,3iS-Sheets,1794.0,2026-09-04
63,municipal,Quindío,Quimbaya,Vivienda,3is_colapsos,"Colapsos (3iS, oficial)",Número,3iS-Sheets,0.0,2026-09-04
63,municipal,Quindío,Quimbaya,Salud,3is_salud,"Puntos de salud afectados (3iS, oficial)",Número,3iS-Sheets,1.0,2026-09-04
63,municipal,Quindío,Quimbaya,Educación,3is_educativos,"Puntos educativos afectados (3iS, oficial)",Número,3iS-Sheets,28.0,2026-09-04
63,municipal,Quindío,Quimbaya,Instituciones,3is_comunitarios,"Puntos comunitarios afectados (3iS, oficial)",Número,3iS-Sheets,310.0,2026-09-04
63,municipal,Quindío,Quimbaya,Infraestructura,3is_vias,"Vías afectadas (3iS, oficial)",Número,3iS-Sheets,4.0,2026-09-04
63,municipal,Quindío,Quimbaya,Infraestructura,3is_aeropuertos,"Aeropuertos afectados (3iS, oficial)",Número,3iS-Sheets,0.0,2026-09-04
63,municipal,Quindío,Quimbaya,Infraestructura,3is_acueductos,"Acueductos afectados (3iS, oficial)",Número,3iS-Sheets,0.0,2026-09-04
63,municipal,Quindío,Salento,Impacto humano,3is_fallecidos,"Fallecidos (3iS, oficial)",Número,3iS-Sheets,0.0,2026-09-04
63,municipal,Quindío,Salento,Impacto humano,3is_heridos,"Heridos (3iS, oficial)",Número,3iS-Sheets,3.0,2026-09-04
63,municipal,Quindío,Salento,Impacto humano,3is_desaparecidos,"Desaparecidos (3iS, oficial)",Número,3iS-Sheets,0.0,2026-09-04
63,municipal,Quindío,Salento,Impacto humano,3is_rescatados,"Rescatados (3iS, oficial)",Número,3iS-Sheets,0.0,2026-09-04
63,municipal,Quindío,Salento,Impacto humano,3is_familias,"Familias afectadas (3iS, oficial)",Número,3iS-Sheets,486.0,2026-09-04
63,municipal,Quindío,Salento,Vivienda,3is_vivaveriadas,"Viviendas averiadas (3iS, oficial)",Número,3iS-Sheets,385.0,2026-09-04
63,municipal,Quindío,Salento,Vivienda,3is_vivdestruidas,"Viviendas destruidas (3iS, oficial)",Número,3iS-Sheets,101.0,2026-09-04
63,municipal,Quindío,Salento,Vivienda,3is_colapsos,"Colapsos (3iS, oficial)",Número,3iS-Sheets,0.0,2026-09-04
63,municipal,Quindío,Salento,Salud,3is_salud,"Puntos de salud afectados (3iS, oficial)",Número,3iS-Sheets,1.0,2026-09-04
63,municipal,Quindío,Salento,Educación,3is_educativos,"Puntos educativos afectados (3iS, oficial)",Número,3iS-Sheets,10.0,2026-09-04
63,municipal,Quindío,Salento,Instituciones,3is_comunitarios,"Puntos comunitarios afectados (3iS, oficial)",Número,3iS-Sheets,122.0,2026-09-04
63,municipal,Quindío,Salento,Infraestructura,3is_vias,"Vías afectadas (3iS, oficial)",Número,3iS-Sheets,0.0,2026-09-04
63,municipal,Quindío,Salento,Infraestructura,3is_aeropuertos,"Aeropuertos afectados (3iS, oficial)",Número,3iS-Sheets,0.0,2026-09-04
63,municipal,Quindío,Salento,Infraestructura,3is_acueductos,"Acueductos afectados (3iS, oficial)",Número,3iS-Sheets,0.0,2026-09-04
17,municipal,Caldas,Aguadas,Impacto humano,3is_fallecidos,"Fallecidos (3iS, oficial)",Número,3iS-Sheets,0.0,2026-09-04
17,municipal,Caldas,Aguadas,Impacto humano,3is_heridos,"Heridos (3iS, oficial)",Número,3iS-Sheets,0.0,2026-09-04
17,municipal,Caldas,Aguadas,Impacto humano,3is_desaparecidos,"Desaparecidos (3iS, oficial)",Número,3iS-Sheets,0.0,2026-09-04
17,municipal,Caldas,Aguadas,Impacto humano,3is_rescatados,"Rescatados (3iS, oficial)",Número,3iS-Sheets,0.0,2026-09-04
17,municipal,Caldas,Aguadas,Impacto humano,3is_familias,"Familias afectadas (3iS, oficial)",Número,3iS-Sheets,472.0,2026-09-04
17,municipal,Caldas,Aguadas,Vivienda,3is_vivaveriadas,"Viviendas averiadas (3iS, oficial)",Número,3iS-Sheets,472.0,2026-09-04
17,municipal,Caldas,Aguadas,Vivienda,3is_vivdestruidas,"Viviendas destruidas (3iS, oficial)",Número,3iS-Sheets,78.0,2026-09-04
17,municipal,Caldas,Aguadas,Vivienda,3is_colapsos,"Colapsos (3iS, oficial)",Número,3iS-Sheets,0.0,2026-09-04
17,municipal,Caldas,Aguadas,Salud,3is_salud,"Puntos de salud afectados (3iS, oficial)",Número,3iS-Sheets,0.0,2026-09-04
17,municipal,Caldas,Aguadas,Educación,3is_educativos,"Puntos educativos afectados (3iS, oficial)",Número,3iS-Sheets,26.0,2026-09-04
17,municipal,Caldas,Aguadas,Instituciones,3is_comunitarios,"Puntos comunitarios afectados (3iS, oficial)",Número,3iS-Sheets,2.0,2026-09-04
17,municipal,Caldas,Aguadas,Infraestructura,3is_vias,"Vías afectadas (3iS, oficial)",Número,3iS-Sheets,0.0,2026-09-04
17,municipal,Caldas,Aguadas,Infraestructura,3is_aeropuertos,"Aeropuertos afectados (3iS, oficial)",Número,3iS-Sheets,0.0,2026-09-04
17,municipal,Caldas,Aguadas,Infraestructura,3is_acueductos,"Acueductos afectados (3iS, oficial)",Número,3iS-Sheets,4.0,2026-09-04
17,municipal,Caldas,Anserma,Impacto humano,3is_fallecidos,"Fallecidos (3iS, oficial)",Número,3iS-Sheets,0.0,2026-09-04
17,municipal,Caldas,Anserma,Impacto humano,3is_heridos,"Heridos (3iS, oficial)",Número,3iS-Sheets,0.0,2026-09-04
17,municipal,Caldas,Anserma,Impacto humano,3is_desaparecidos,"Desaparecidos (3iS, oficial)",Número,3iS-Sheets,0.0,2026-09-04
17,municipal,Caldas,Anserma,Impacto humano,3is_rescatados,"Rescatados (3iS, oficial)",Número,3iS-Sheets,0.0,2026-09-04
17,municipal,Caldas,Anserma,Impacto humano,3is_familias,"Familias afectadas (3iS, oficial)",Número,3iS-Sheets,1053.0,2026-09-04
17,municipal,Caldas,Anserma,Vivienda,3is_vivaveriadas,"Viviendas averiadas (3iS, oficial)",Número,3iS-Sheets,943.0,2026-09-04
17,municipal,Caldas,Anserma,Vivienda,3is_vivdestruidas,"Viviendas destruidas (3iS, oficial)",Número,3iS-Sheets,110.0,2026-09-04
17,municipal,Caldas,Anserma,Vivienda,3is_colapsos,"Colapsos (3iS, oficial)",Número,3iS-Sheets,0.0,2026-09-04
17,municipal,Caldas,Anserma,Salud,3is_salud,"Puntos de salud afectados (3iS, oficial)",Número,3iS-Sheets,1.0,2026-09-04
17,municipal,Caldas,Anserma,Educación,3is_educativos,"Puntos educativos afectados (3iS, oficial)",Número,3iS-Sheets,28.0,2026-09-04
17,municipal,Caldas,Anserma,Instituciones,3is_comunitarios,"Puntos comunitarios afectados (3iS, oficial)",Número,3iS-Sheets,4.0,2026-09-04
17,municipal,Caldas,Anserma,Infraestructura,3is_vias,"Vías afectadas (3iS, oficial)",Número,3iS-Sheets,5.0,2026-09-04
17,municipal,Caldas,Anserma,Infraestructura,3is_aeropuertos,"Aeropuertos afectados (3iS, oficial)",Número,3iS-Sheets,0.0,2026-09-04
17,municipal,Caldas,Anserma,Infraestructura,3is_acueductos,"Acueductos afectados (3iS, oficial)",Número,3iS-Sheets,3.0,2026-09-04
17,municipal,Caldas,Aránzazu,Impacto humano,3is_fallecidos,"Fallecidos (3iS, oficial)",Número,3iS-Sheets,0.0,2026-09-04
17,municipal,Caldas,Aránzazu,Impacto humano,3is_heridos,"Heridos (3iS, oficial)",Número,3iS-Sheets,6.0,2026-09-04
17,municipal,Caldas,Aránzazu,Impacto humano,3is_desaparecidos,"Desaparecidos (3iS, oficial)",Número,3iS-Sheets,0.0,2026-09-04
17,municipal,Caldas,Aránzazu,Impacto humano,3is_rescatados,"Rescatados (3iS, oficial)",Número,3iS-Sheets,0.0,2026-09-04
17,municipal,Caldas,Aránzazu,Impacto humano,3is_familias,"Familias afectadas (3iS, oficial)",Número,3iS-Sheets,414.0,2026-09-04
17,municipal,Caldas,Aránzazu,Vivienda,3is_vivaveriadas,"Viviendas averiadas (3iS, oficial)",Número,3iS-Sheets,400.0,2026-09-04
17,municipal,Caldas,Aránzazu,Vivienda,3is_vivdestruidas,"Viviendas destruidas (3iS, oficial)",Número,3iS-Sheets,14.0,2026-09-04
17,municipal,Caldas,Aránzazu,Vivienda,3is_colapsos,"Colapsos (3iS, oficial)",Número,3iS-Sheets,0.0,2026-09-04
17,municipal,Caldas,Aránzazu,Salud,3is_salud,"Puntos de salud afectados (3iS, oficial)",Número,3iS-Sheets,0.0,2026-09-04
17,municipal,Caldas,Aránzazu,Educación,3is_educativos,"Puntos educativos afectados (3iS, oficial)",Número,3iS-Sheets,20.0,2026-09-04
17,municipal,Caldas,Aránzazu,Instituciones,3is_comunitarios,"Puntos comunitarios afectados (3iS, oficial)",Número,3iS-Sheets,2.0,2026-09-04
17,municipal,Caldas,Aránzazu,Infraestructura,3is_vias,"Vías afectadas (3iS, oficial)",Número,3iS-Sheets,0.0,2026-09-04
17,municipal,Caldas,Aránzazu,Infraestructura,3is_aeropuertos,"Aeropuertos afectados (3iS, oficial)",Número,3iS-Sheets,0.0,2026-09-04
17,municipal,Caldas,Aránzazu,Infraestructura,3is_acueductos,"Acueductos afectados (3iS, oficial)",Número,3iS-Sheets,1.0,2026-09-04
17,municipal,Caldas,Belalcázar,Impacto humano,3is_fallecidos,"Fallecidos (3iS, oficial)",Número,3iS-Sheets,0.0,2026-09-04
17,municipal,Caldas,Belalcázar,Impacto humano,3is_heridos,"Heridos (3iS, oficial)",Número,3iS-Sheets,6.0,2026-09-04
17,municipal,Caldas,Belalcázar,Impacto humano,3is_desaparecidos,"Desaparecidos (3iS, oficial)",Número,3iS-Sheets,0.0,2026-09-04
17,municipal,Caldas,Belalcázar,Impacto humano,3is_rescatados,"Rescatados (3iS, oficial)",Número,3iS-Sheets,0.0,2026-09-04
17,municipal,Caldas,Belalcázar,Impacto humano,3is_familias,"Familias afectadas (3iS, oficial)",Número,3iS-Sheets,648.0,2026-09-04
17,municipal,Caldas,Belalcázar,Vivienda,3is_vivaveriadas,"Viviendas averiadas (3iS, oficial)",Número,3iS-Sheets,563.0,2026-09-04
17,municipal,Caldas,Belalcázar,Vivienda,3is_vivdestruidas,"Viviendas destruidas (3iS, oficial)",Número,3iS-Sheets,112.0,2026-09-04
17,municipal,Caldas,Belalcázar,Vivienda,3is_colapsos,"Colapsos (3iS, oficial)",Número,3iS-Sheets,0.0,2026-09-04
17,municipal,Caldas,Belalcázar,Salud,3is_salud,"Puntos de salud afectados (3iS, oficial)",Número,3iS-Sheets,0.0,2026-09-04
17,municipal,Caldas,Belalcázar,Educación,3is_educativos,"Puntos educativos afectados (3iS, oficial)",Número,3iS-Sheets,12.0,2026-09-04
17,municipal,Caldas,Belalcázar,Instituciones,3is_comunitarios,"Puntos comunitarios afectados (3iS, oficial)",Número,3iS-Sheets,1.0,2026-09-04
17,municipal,Caldas,Belalcázar,Infraestructura,3is_vias,"Vías afectadas (3iS, oficial)",Número,3iS-Sheets,0.0,2026-09-04
17,municipal,Caldas,Belalcázar,Infraestructura,3is_aeropuertos,"Aeropuertos afectados (3iS, oficial)",Número,3iS-Sheets,0.0,2026-09-04
17,municipal,Caldas,Belalcázar,Infraestructura,3is_acueductos,"Acueductos afectados (3iS, oficial)",Número,3iS-Sheets,1.0,2026-09-04
17,municipal,Caldas,Chinchiná,Impacto humano,3is_fallecidos,"Fallecidos (3iS, oficial)",Número,3iS-Sheets,0.0,2026-09-04
17,municipal,Caldas,Chinchiná,Impacto humano,3is_heridos,"Heridos (3iS, oficial)",Número,3iS-Sheets,28.0,2026-09-04
17,municipal,Caldas,Chinchiná,Impacto humano,3is_desaparecidos,"Desaparecidos (3iS, oficial)",Número,3iS-Sheets,0.0,2026-09-04
17,municipal,Caldas,Chinchiná,Impacto humano,3is_rescatados,"Rescatados (3iS, oficial)",Número,3iS-Sheets,0.0,2026-09-04
17,municipal,Caldas,Chinchiná,Impacto humano,3is_familias,"Familias afectadas (3iS, oficial)",Número,3iS-Sheets,540.0,2026-09-04
17,municipal,Caldas,Chinchiná,Vivienda,3is_vivaveriadas,"Viviendas averiadas (3iS, oficial)",Número,3iS-Sheets,471.0,2026-09-04
17,municipal,Caldas,Chinchiná,Vivienda,3is_vivdestruidas,"Viviendas destruidas (3iS, oficial)",Número,3iS-Sheets,69.0,2026-09-04
17,municipal,Caldas,Chinchiná,Vivienda,3is_colapsos,"Colapsos (3iS, oficial)",Número,3iS-Sheets,0.0,2026-09-04
17,municipal,Caldas,Chinchiná,Salud,3is_salud,"Puntos de salud afectados (3iS, oficial)",Número,3iS-Sheets,1.0,2026-09-04
17,municipal,Caldas,Chinchiná,Educación,3is_educativos,"Puntos educativos afectados (3iS, oficial)",Número,3iS-Sheets,4.0,2026-09-04
17,municipal,Caldas,Chinchiná,Instituciones,3is_comunitarios,"Puntos comunitarios afectados (3iS, oficial)",Número,3iS-Sheets,3.0,2026-09-04
17,municipal,Caldas,Chinchiná,Infraestructura,3is_vias,"Vías afectadas (3iS, oficial)",Número,3iS-Sheets,1.0,2026-09-04
17,municipal,Caldas,Chinchiná,Infraestructura,3is_aeropuertos,"Aeropuertos afectados (3iS, oficial)",Número,3iS-Sheets,0.0,2026-09-04
17,municipal,Caldas,Chinchiná,Infraestructura,3is_acueductos,"Acueductos afectados (3iS, oficial)",Número,3iS-Sheets,0.0,2026-09-04
17,municipal,Caldas,Filadelfia,Impacto humano,3is_fallecidos,"Fallecidos (3iS, oficial)",Número,3iS-Sheets,0.0,2026-09-04
17,municipal,Caldas,Filadelfia,Impacto humano,3is_heridos,"Heridos (3iS, oficial)",Número,3iS-Sheets,0.0,2026-09-04
17,municipal,Caldas,Filadelfia,Impacto humano,3is_desaparecidos,"Desaparecidos (3iS, oficial)",Número,3iS-Sheets,0.0,2026-09-04
17,municipal,Caldas,Filadelfia,Impacto humano,3is_rescatados,"Rescatados (3iS, oficial)",Número,3iS-Sheets,0.0,2026-09-04
17,municipal,Caldas,Filadelfia,Impacto humano,3is_familias,"Familias afectadas (3iS, oficial)",Número,3iS-Sheets,132.0,2026-09-04
17,municipal,Caldas,Filadelfia,Vivienda,3is_vivaveriadas,"Viviendas averiadas (3iS, oficial)",Número,3iS-Sheets,127.0,2026-09-04
17,municipal,Caldas,Filadelfia,Vivienda,3is_vivdestruidas,"Viviendas destruidas (3iS, oficial)",Número,3iS-Sheets,5.0,2026-09-04
17,municipal,Caldas,Filadelfia,Vivienda,3is_colapsos,"Colapsos (3iS, oficial)",Número,3iS-Sheets,0.0,2026-09-04
17,municipal,Caldas,Filadelfia,Salud,3is_salud,"Puntos de salud afectados (3iS, oficial)",Número,3iS-Sheets,1.0,2026-09-04
17,municipal,Caldas,Filadelfia,Educación,3is_educativos,"Puntos educativos afectados (3iS, oficial)",Número,3iS-Sheets,14.0,2026-09-04
17,municipal,Caldas,Filadelfia,Instituciones,3is_comunitarios,"Puntos comunitarios afectados (3iS, oficial)",Número,3iS-Sheets,1.0,2026-09-04
17,municipal,Caldas,Filadelfia,Infraestructura,3is_vias,"Vías afectadas (3iS, oficial)",Número,3iS-Sheets,3.0,2026-09-04
17,municipal,Caldas,Filadelfia,Infraestructura,3is_aeropuertos,"Aeropuertos afectados (3iS, oficial)",Número,3iS-Sheets,0.0,2026-09-04
17,municipal,Caldas,Filadelfia,Infraestructura,3is_acueductos,"Acueductos afectados (3iS, oficial)",Número,3iS-Sheets,1.0,2026-09-04
17,municipal,Caldas,La Dorada,Impacto humano,3is_fallecidos,"Fallecidos (3iS, oficial)",Número,3iS-Sheets,0.0,2026-09-04
17,municipal,Caldas,La Dorada,Impacto humano,3is_heridos,"Heridos (3iS, oficial)",Número,3iS-Sheets,0.0,2026-09-04
17,municipal,Caldas,La Dorada,Impacto humano,3is_desaparecidos,"Desaparecidos (3iS, oficial)",Número,3iS-Sheets,0.0,2026-09-04
17,municipal,Caldas,La Dorada,Impacto humano,3is_rescatados,"Rescatados (3iS, oficial)",Número,3iS-Sheets,0.0,2026-09-04
17,municipal,Caldas,La Dorada,Impacto humano,3is_familias,"Familias afectadas (3iS, oficial)",Número,3iS-Sheets,80.0,2026-09-04
17,municipal,Caldas,La Dorada,Vivienda,3is_vivaveriadas,"Viviendas averiadas (3iS, oficial)",Número,3iS-Sheets,80.0,2026-09-04
17,municipal,Caldas,La Dorada,Vivienda,3is_vivdestruidas,"Viviendas destruidas (3iS, oficial)",Número,3iS-Sheets,3.0,2026-09-04
17,municipal,Caldas,La Dorada,Vivienda,3is_colapsos,"Colapsos (3iS, oficial)",Número,3iS-Sheets,0.0,2026-09-04
17,municipal,Caldas,La Dorada,Salud,3is_salud,"Puntos de salud afectados (3iS, oficial)",Número,3iS-Sheets,1.0,2026-09-04
17,municipal,Caldas,La Dorada,Educación,3is_educativos,"Puntos educativos afectados (3iS, oficial)",Número,3iS-Sheets,1.0,2026-09-04
17,municipal,Caldas,La Dorada,Instituciones,3is_comunitarios,"Puntos comunitarios afectados (3iS, oficial)",Número,3iS-Sheets,0.0,2026-09-04
17,municipal,Caldas,La Dorada,Infraestructura,3is_vias,"Vías afectadas (3iS, oficial)",Número,3iS-Sheets,0.0,2026-09-04
17,municipal,Caldas,La Dorada,Infraestructura,3is_aeropuertos,"Aeropuertos afectados (3iS, oficial)",Número,3iS-Sheets,0.0,2026-09-04
17,municipal,Caldas,La Dorada,Infraestructura,3is_acueductos,"Acueductos afectados (3iS, oficial)",Número,3iS-Sheets,1.0,2026-09-04
17,municipal,Caldas,La Merced,Impacto humano,3is_fallecidos,"Fallecidos (3iS, oficial)",Número,3iS-Sheets,0.0,2026-09-04
17,municipal,Caldas,La Merced,Impacto humano,3is_heridos,"Heridos (3iS, oficial)",Número,3iS-Sheets,0.0,2026-09-04
17,municipal,Caldas,La Merced,Impacto humano,3is_desaparecidos,"Desaparecidos (3iS, oficial)",Número,3iS-Sheets,0.0,2026-09-04
17,municipal,Caldas,La Merced,Impacto humano,3is_rescatados,"Rescatados (3iS, oficial)",Número,3iS-Sheets,0.0,2026-09-04
17,municipal,Caldas,La Merced,Impacto humano,3is_familias,"Familias afectadas (3iS, oficial)",Número,3iS-Sheets,63.0,2026-09-04
17,municipal,Caldas,La Merced,Vivienda,3is_vivaveriadas,"Viviendas averiadas (3iS, oficial)",Número,3iS-Sheets,60.0,2026-09-04
17,municipal,Caldas,La Merced,Vivienda,3is_vivdestruidas,"Viviendas destruidas (3iS, oficial)",Número,3iS-Sheets,3.0,2026-09-04
17,municipal,Caldas,La Merced,Vivienda,3is_colapsos,"Colapsos (3iS, oficial)",Número,3iS-Sheets,0.0,2026-09-04
17,municipal,Caldas,La Merced,Salud,3is_salud,"Puntos de salud afectados (3iS, oficial)",Número,3iS-Sheets,1.0,2026-09-04
17,municipal,Caldas,La Merced,Educación,3is_educativos,"Puntos educativos afectados (3iS, oficial)",Número,3iS-Sheets,10.0,2026-09-04
17,municipal,Caldas,La Merced,Instituciones,3is_comunitarios,"Puntos comunitarios afectados (3iS, oficial)",Número,3iS-Sheets,0.0,2026-09-04
17,municipal,Caldas,La Merced,Infraestructura,3is_vias,"Vías afectadas (3iS, oficial)",Número,3iS-Sheets,0.0,2026-09-04
17,municipal,Caldas,La Merced,Infraestructura,3is_aeropuertos,"Aeropuertos afectados (3iS, oficial)",Número,3iS-Sheets,0.0,2026-09-04
17,municipal,Caldas,La Merced,Infraestructura,3is_acueductos,"Acueductos afectados (3iS, oficial)",Número,3iS-Sheets,0.0,2026-09-04
17,municipal,Caldas,Manizales,Impacto humano,3is_fallecidos,"Fallecidos (3iS, oficial)",Número,3iS-Sheets,5.0,2026-09-04
17,municipal,Caldas,Manizales,Impacto humano,3is_heridos,"Heridos (3iS, oficial)",Número,3iS-Sheets,211.0,2026-09-04
17,municipal,Caldas,Manizales,Impacto humano,3is_desaparecidos,"Desaparecidos (3iS, oficial)",Número,3iS-Sheets,0.0,2026-09-04
17,municipal,Caldas,Manizales,Impacto humano,3is_rescatados,"Rescatados (3iS, oficial)",Número,3iS-Sheets,0.0,2026-09-04
17,municipal,Caldas,Manizales,Impacto humano,3is_familias,"Familias afectadas (3iS, oficial)",Número,3iS-Sheets,4000.0,2026-09-04
17,municipal,Caldas,Manizales,Vivienda,3is_vivaveriadas,"Viviendas averiadas (3iS, oficial)",Número,3iS-Sheets,10000.0,2026-09-04
17,municipal,Caldas,Manizales,Vivienda,3is_vivdestruidas,"Viviendas destruidas (3iS, oficial)",Número,3iS-Sheets,1500.0,2026-09-04
17,municipal,Caldas,Manizales,Vivienda,3is_colapsos,"Colapsos (3iS, oficial)",Número,3iS-Sheets,0.0,2026-09-04
17,municipal,Caldas,Manizales,Salud,3is_salud,"Puntos de salud afectados (3iS, oficial)",Número,3iS-Sheets,10.0,2026-09-04
17,municipal,Caldas,Manizales,Educación,3is_educativos,"Puntos educativos afectados (3iS, oficial)",Número,3iS-Sheets,33.0,2026-09-04
17,municipal,Caldas,Manizales,Instituciones,3is_comunitarios,"Puntos comunitarios afectados (3iS, oficial)",Número,3iS-Sheets,4.0,2026-09-04
17,municipal,Caldas,Manizales,Infraestructura,3is_vias,"Vías afectadas (3iS, oficial)",Número,3iS-Sheets,2.0,2026-09-04
17,municipal,Caldas,Manizales,Infraestructura,3is_aeropuertos,"Aeropuertos afectados (3iS, oficial)",Número,3iS-Sheets,1.0,2026-09-04
17,municipal,Caldas,Manizales,Infraestructura,3is_acueductos,"Acueductos afectados (3iS, oficial)",Número,3iS-Sheets,1.0,2026-09-04
17,municipal,Caldas,Manzanares,Impacto humano,3is_fallecidos,"Fallecidos (3iS, oficial)",Número,3iS-Sheets,0.0,2026-09-04
17,municipal,Caldas,Manzanares,Impacto humano,3is_heridos,"Heridos (3iS, oficial)",Número,3iS-Sheets,0.0,2026-09-04
17,municipal,Caldas,Manzanares,Impacto humano,3is_desaparecidos,"Desaparecidos (3iS, oficial)",Número,3iS-Sheets,0.0,2026-09-04
17,municipal,Caldas,Manzanares,Impacto humano,3is_rescatados,"Rescatados (3iS, oficial)",Número,3iS-Sheets,0.0,2026-09-04
17,municipal,Caldas,Manzanares,Impacto humano,3is_familias,"Familias afectadas (3iS, oficial)",Número,3iS-Sheets,88.0,2026-09-04
17,municipal,Caldas,Manzanares,Vivienda,3is_vivaveriadas,"Viviendas averiadas (3iS, oficial)",Número,3iS-Sheets,88.0,2026-09-04
17,municipal,Caldas,Manzanares,Vivienda,3is_vivdestruidas,"Viviendas destruidas (3iS, oficial)",Número,3iS-Sheets,1.0,2026-09-04
17,municipal,Caldas,Manzanares,Vivienda,3is_colapsos,"Colapsos (3iS, oficial)",Número,3iS-Sheets,0.0,2026-09-04
17,municipal,Caldas,Manzanares,Salud,3is_salud,"Puntos de salud afectados (3iS, oficial)",Número,3iS-Sheets,0.0,2026-09-04
17,municipal,Caldas,Manzanares,Educación,3is_educativos,"Puntos educativos afectados (3iS, oficial)",Número,3iS-Sheets,4.0,2026-09-04
17,municipal,Caldas,Manzanares,Instituciones,3is_comunitarios,"Puntos comunitarios afectados (3iS, oficial)",Número,3iS-Sheets,1.0,2026-09-04
17,municipal,Caldas,Manzanares,Infraestructura,3is_vias,"Vías afectadas (3iS, oficial)",Número,3iS-Sheets,1.0,2026-09-04
17,municipal,Caldas,Manzanares,Infraestructura,3is_aeropuertos,"Aeropuertos afectados (3iS, oficial)",Número,3iS-Sheets,0.0,2026-09-04
17,municipal,Caldas,Manzanares,Infraestructura,3is_acueductos,"Acueductos afectados (3iS, oficial)",Número,3iS-Sheets,0.0,2026-09-04
17,municipal,Caldas,Marmato,Impacto humano,3is_fallecidos,"Fallecidos (3iS, oficial)",Número,3iS-Sheets,0.0,2026-09-04
17,municipal,Caldas,Marmato,Impacto humano,3is_heridos,"Heridos (3iS, oficial)",Número,3iS-Sheets,0.0,2026-09-04
17,municipal,Caldas,Marmato,Impacto humano,3is_desaparecidos,"Desaparecidos (3iS, oficial)",Número,3iS-Sheets,0.0,2026-09-04
17,municipal,Caldas,Marmato,Impacto humano,3is_rescatados,"Rescatados (3iS, oficial)",Número,3iS-Sheets,0.0,2026-09-04
17,municipal,Caldas,Marmato,Impacto humano,3is_familias,"Familias afectadas (3iS, oficial)",Número,3iS-Sheets,96.0,2026-09-04
17,municipal,Caldas,Marmato,Vivienda,3is_vivaveriadas,"Viviendas averiadas (3iS, oficial)",Número,3iS-Sheets,86.0,2026-09-04
17,municipal,Caldas,Marmato,Vivienda,3is_vivdestruidas,"Viviendas destruidas (3iS, oficial)",Número,3iS-Sheets,10.0,2026-09-04
17,municipal,Caldas,Marmato,Vivienda,3is_colapsos,"Colapsos (3iS, oficial)",Número,3iS-Sheets,0.0,2026-09-04
17,municipal,Caldas,Marmato,Salud,3is_salud,"Puntos de salud afectados (3iS, oficial)",Número,3iS-Sheets,1.0,2026-09-04
17,municipal,Caldas,Marmato,Educación,3is_educativos,"Puntos educativos afectados (3iS, oficial)",Número,3iS-Sheets,6.0,2026-09-04
17,municipal,Caldas,Marmato,Instituciones,3is_comunitarios,"Puntos comunitarios afectados (3iS, oficial)",Número,3iS-Sheets,3.0,2026-09-04
17,municipal,Caldas,Marmato,Infraestructura,3is_vias,"Vías afectadas (3iS, oficial)",Número,3iS-Sheets,0.0,2026-09-04
17,municipal,Caldas,Marmato,Infraestructura,3is_aeropuertos,"Aeropuertos afectados (3iS, oficial)",Número,3iS-Sheets,0.0,2026-09-04
17,municipal,Caldas,Marmato,Infraestructura,3is_acueductos,"Acueductos afectados (3iS, oficial)",Número,3iS-Sheets,1.0,2026-09-04
17,municipal,Caldas,Marquetalia,Impacto humano,3is_fallecidos,"Fallecidos (3iS, oficial)",Número,3iS-Sheets,0.0,2026-09-04
17,municipal,Caldas,Marquetalia,Impacto humano,3is_heridos,"Heridos (3iS, oficial)",Número,3iS-Sheets,0.0,2026-09-04
17,municipal,Caldas,Marquetalia,Impacto humano,3is_desaparecidos,"Desaparecidos (3iS, oficial)",Número,3iS-Sheets,0.0,2026-09-04
17,municipal,Caldas,Marquetalia,Impacto humano,3is_rescatados,"Rescatados (3iS, oficial)",Número,3iS-Sheets,0.0,2026-09-04
17,municipal,Caldas,Marquetalia,Impacto humano,3is_familias,"Familias afectadas (3iS, oficial)",Número,3iS-Sheets,15.0,2026-09-04
17,municipal,Caldas,Marquetalia,Vivienda,3is_vivaveriadas,"Viviendas averiadas (3iS, oficial)",Número,3iS-Sheets,12.0,2026-09-04
17,municipal,Caldas,Marquetalia,Vivienda,3is_vivdestruidas,"Viviendas destruidas (3iS, oficial)",Número,3iS-Sheets,3.0,2026-09-04
17,municipal,Caldas,Marquetalia,Vivienda,3is_colapsos,"Colapsos (3iS, oficial)",Número,3iS-Sheets,0.0,2026-09-04
17,municipal,Caldas,Marquetalia,Salud,3is_salud,"Puntos de salud afectados (3iS, oficial)",Número,3iS-Sheets,0.0,2026-09-04
17,municipal,Caldas,Marquetalia,Educación,3is_educativos,"Puntos educativos afectados (3iS, oficial)",Número,3iS-Sheets,18.0,2026-09-04
17,municipal,Caldas,Marquetalia,Instituciones,3is_comunitarios,"Puntos comunitarios afectados (3iS, oficial)",Número,3iS-Sheets,1.0,2026-09-04
17,municipal,Caldas,Marquetalia,Infraestructura,3is_vias,"Vías afectadas (3iS, oficial)",Número,3iS-Sheets,0.0,2026-09-04
17,municipal,Caldas,Marquetalia,Infraestructura,3is_aeropuertos,"Aeropuertos afectados (3iS, oficial)",Número,3iS-Sheets,0.0,2026-09-04
17,municipal,Caldas,Marquetalia,Infraestructura,3is_acueductos,"Acueductos afectados (3iS, oficial)",Número,3iS-Sheets,0.0,2026-09-04
17,municipal,Caldas,Marulanda,Impacto humano,3is_fallecidos,"Fallecidos (3iS, oficial)",Número,3iS-Sheets,0.0,2026-09-04
17,municipal,Caldas,Marulanda,Impacto humano,3is_heridos,"Heridos (3iS, oficial)",Número,3iS-Sheets,0.0,2026-09-04
17,municipal,Caldas,Marulanda,Impacto humano,3is_desaparecidos,"Desaparecidos (3iS, oficial)",Número,3iS-Sheets,0.0,2026-09-04
17,municipal,Caldas,Marulanda,Impacto humano,3is_rescatados,"Rescatados (3iS, oficial)",Número,3iS-Sheets,0.0,2026-09-04
17,municipal,Caldas,Marulanda,Impacto humano,3is_familias,"Familias afectadas (3iS, oficial)",Número,3iS-Sheets,88.0,2026-09-04
17,municipal,Caldas,Marulanda,Vivienda,3is_vivaveriadas,"Viviendas averiadas (3iS, oficial)",Número,3iS-Sheets,88.0,2026-09-04
17,municipal,Caldas,Marulanda,Vivienda,3is_vivdestruidas,"Viviendas destruidas (3iS, oficial)",Número,3iS-Sheets,0.0,2026-09-04
17,municipal,Caldas,Marulanda,Vivienda,3is_colapsos,"Colapsos (3iS, oficial)",Número,3iS-Sheets,0.0,2026-09-04
17,municipal,Caldas,Marulanda,Salud,3is_salud,"Puntos de salud afectados (3iS, oficial)",Número,3iS-Sheets,0.0,2026-09-04
17,municipal,Caldas,Marulanda,Educación,3is_educativos,"Puntos educativos afectados (3iS, oficial)",Número,3iS-Sheets,6.0,2026-09-04
17,municipal,Caldas,Marulanda,Instituciones,3is_comunitarios,"Puntos comunitarios afectados (3iS, oficial)",Número,3iS-Sheets,1.0,2026-09-04
17,municipal,Caldas,Marulanda,Infraestructura,3is_vias,"Vías afectadas (3iS, oficial)",Número,3iS-Sheets,0.0,2026-09-04
17,municipal,Caldas,Marulanda,Infraestructura,3is_aeropuertos,"Aeropuertos afectados (3iS, oficial)",Número,3iS-Sheets,0.0,2026-09-04
17,municipal,Caldas,Marulanda,Infraestructura,3is_acueductos,"Acueductos afectados (3iS, oficial)",Número,3iS-Sheets,0.0,2026-09-04
17,municipal,Caldas,Neira,Impacto humano,3is_fallecidos,"Fallecidos (3iS, oficial)",Número,3iS-Sheets,0.0,2026-09-04
17,municipal,Caldas,Neira,Impacto humano,3is_heridos,"Heridos (3iS, oficial)",Número,3iS-Sheets,0.0,2026-09-04
17,municipal,Caldas,Neira,Impacto humano,3is_desaparecidos,"Desaparecidos (3iS, oficial)",Número,3iS-Sheets,0.0,2026-09-04
17,municipal,Caldas,Neira,Impacto humano,3is_rescatados,"Rescatados (3iS, oficial)",Número,3iS-Sheets,0.0,2026-09-04
17,municipal,Caldas,Neira,Impacto humano,3is_familias,"Familias afectadas (3iS, oficial)",Número,3iS-Sheets,72.0,2026-09-04
17,municipal,Caldas,Neira,Vivienda,3is_vivaveriadas,"Viviendas averiadas (3iS, oficial)",Número,3iS-Sheets,72.0,2026-09-04
17,municipal,Caldas,Neira,Vivienda,3is_vivdestruidas,"Viviendas destruidas (3iS, oficial)",Número,3iS-Sheets,0.0,2026-09-04
17,municipal,Caldas,Neira,Vivienda,3is_colapsos,"Colapsos (3iS, oficial)",Número,3iS-Sheets,0.0,2026-09-04
17,municipal,Caldas,Neira,Salud,3is_salud,"Puntos de salud afectados (3iS, oficial)",Número,3iS-Sheets,1.0,2026-09-04
17,municipal,Caldas,Neira,Educación,3is_educativos,"Puntos educativos afectados (3iS, oficial)",Número,3iS-Sheets,12.0,2026-09-04
17,municipal,Caldas,Neira,Instituciones,3is_comunitarios,"Puntos comunitarios afectados (3iS, oficial)",Número,3iS-Sheets,1.0,2026-09-04
17,municipal,Caldas,Neira,Infraestructura,3is_vias,"Vías afectadas (3iS, oficial)",Número,3iS-Sheets,0.0,2026-09-04
17,municipal,Caldas,Neira,Infraestructura,3is_aeropuertos,"Aeropuertos afectados (3iS, oficial)",Número,3iS-Sheets,0.0,2026-09-04
17,municipal,Caldas,Neira,Infraestructura,3is_acueductos,"Acueductos afectados (3iS, oficial)",Número,3iS-Sheets,0.0,2026-09-04
17,municipal,Caldas,Norcasia,Impacto humano,3is_fallecidos,"Fallecidos (3iS, oficial)",Número,3iS-Sheets,0.0,2026-09-04
17,municipal,Caldas,Norcasia,Impacto humano,3is_heridos,"Heridos (3iS, oficial)",Número,3iS-Sheets,0.0,2026-09-04
17,municipal,Caldas,Norcasia,Impacto humano,3is_desaparecidos,"Desaparecidos (3iS, oficial)",Número,3iS-Sheets,0.0,2026-09-04
17,municipal,Caldas,Norcasia,Impacto humano,3is_rescatados,"Rescatados (3iS, oficial)",Número,3iS-Sheets,0.0,2026-09-04
17,municipal,Caldas,Norcasia,Impacto humano,3is_familias,"Familias afectadas (3iS, oficial)",Número,3iS-Sheets,21.0,2026-09-04
17,municipal,Caldas,Norcasia,Vivienda,3is_vivaveriadas,"Viviendas averiadas (3iS, oficial)",Número,3iS-Sheets,20.0,2026-09-04
17,municipal,Caldas,Norcasia,Vivienda,3is_vivdestruidas,"Viviendas destruidas (3iS, oficial)",Número,3iS-Sheets,0.0,2026-09-04
17,municipal,Caldas,Norcasia,Vivienda,3is_colapsos,"Colapsos (3iS, oficial)",Número,3iS-Sheets,0.0,2026-09-04
17,municipal,Caldas,Norcasia,Salud,3is_salud,"Puntos de salud afectados (3iS, oficial)",Número,3iS-Sheets,0.0,2026-09-04
17,municipal,Caldas,Norcasia,Educación,3is_educativos,"Puntos educativos afectados (3iS, oficial)",Número,3iS-Sheets,16.0,2026-09-04
17,municipal,Caldas,Norcasia,Instituciones,3is_comunitarios,"Puntos comunitarios afectados (3iS, oficial)",Número,3iS-Sheets,0.0,2026-09-04
17,municipal,Caldas,Norcasia,Infraestructura,3is_vias,"Vías afectadas (3iS, oficial)",Número,3iS-Sheets,0.0,2026-09-04
17,municipal,Caldas,Norcasia,Infraestructura,3is_aeropuertos,"Aeropuertos afectados (3iS, oficial)",Número,3iS-Sheets,0.0,2026-09-04
17,municipal,Caldas,Norcasia,Infraestructura,3is_acueductos,"Acueductos afectados (3iS, oficial)",Número,3iS-Sheets,0.0,2026-09-04
17,municipal,Caldas,Pácora,Impacto humano,3is_fallecidos,"Fallecidos (3iS, oficial)",Número,3iS-Sheets,0.0,2026-09-04
17,municipal,Caldas,Pácora,Impacto humano,3is_heridos,"Heridos (3iS, oficial)",Número,3iS-Sheets,0.0,2026-09-04
17,municipal,Caldas,Pácora,Impacto humano,3is_desaparecidos,"Desaparecidos (3iS, oficial)",Número,3iS-Sheets,0.0,2026-09-04
17,municipal,Caldas,Pácora,Impacto humano,3is_rescatados,"Rescatados (3iS, oficial)",Número,3iS-Sheets,0.0,2026-09-04
17,municipal,Caldas,Pácora,Impacto humano,3is_familias,"Familias afectadas (3iS, oficial)",Número,3iS-Sheets,156.0,2026-09-04
17,municipal,Caldas,Pácora,Vivienda,3is_vivaveriadas,"Viviendas averiadas (3iS, oficial)",Número,3iS-Sheets,150.0,2026-09-04
17,municipal,Caldas,Pácora,Vivienda,3is_vivdestruidas,"Viviendas destruidas (3iS, oficial)",Número,3iS-Sheets,6.0,2026-09-04
17,municipal,Caldas,Pácora,Vivienda,3is_colapsos,"Colapsos (3iS, oficial)",Número,3iS-Sheets,0.0,2026-09-04
17,municipal,Caldas,Pácora,Salud,3is_salud,"Puntos de salud afectados (3iS, oficial)",Número,3iS-Sheets,0.0,2026-09-04
17,municipal,Caldas,Pácora,Educación,3is_educativos,"Puntos educativos afectados (3iS, oficial)",Número,3iS-Sheets,12.0,2026-09-04
17,municipal,Caldas,Pácora,Instituciones,3is_comunitarios,"Puntos comunitarios afectados (3iS, oficial)",Número,3iS-Sheets,2.0,2026-09-04
17,municipal,Caldas,Pácora,Infraestructura,3is_vias,"Vías afectadas (3iS, oficial)",Número,3iS-Sheets,0.0,2026-09-04
17,municipal,Caldas,Pácora,Infraestructura,3is_aeropuertos,"Aeropuertos afectados (3iS, oficial)",Número,3iS-Sheets,0.0,2026-09-04
17,municipal,Caldas,Pácora,Infraestructura,3is_acueductos,"Acueductos afectados (3iS, oficial)",Número,3iS-Sheets,5.0,2026-09-04
17,municipal,Caldas,Palestina,Impacto humano,3is_fallecidos,"Fallecidos (3iS, oficial)",Número,3iS-Sheets,0.0,2026-09-04
17,municipal,Caldas,Palestina,Impacto humano,3is_heridos,"Heridos (3iS, oficial)",Número,3iS-Sheets,2.0,2026-09-04
17,municipal,Caldas,Palestina,Impacto humano,3is_desaparecidos,"Desaparecidos (3iS, oficial)",Número,3iS-Sheets,0.0,2026-09-04
17,municipal,Caldas,Palestina,Impacto humano,3is_rescatados,"Rescatados (3iS, oficial)",Número,3iS-Sheets,0.0,2026-09-04
17,municipal,Caldas,Palestina,Impacto humano,3is_familias,"Familias afectadas (3iS, oficial)",Número,3iS-Sheets,250.0,2026-09-04
17,municipal,Caldas,Palestina,Vivienda,3is_vivaveriadas,"Viviendas averiadas (3iS, oficial)",Número,3iS-Sheets,250.0,2026-09-04
17,municipal,Caldas,Palestina,Vivienda,3is_vivdestruidas,"Viviendas destruidas (3iS, oficial)",Número,3iS-Sheets,25.0,2026-09-04
17,municipal,Caldas,Palestina,Vivienda,3is_colapsos,"Colapsos (3iS, oficial)",Número,3iS-Sheets,0.0,2026-09-04
17,municipal,Caldas,Palestina,Salud,3is_salud,"Puntos de salud afectados (3iS, oficial)",Número,3iS-Sheets,0.0,2026-09-04
17,municipal,Caldas,Palestina,Educación,3is_educativos,"Puntos educativos afectados (3iS, oficial)",Número,3iS-Sheets,9.0,2026-09-04
17,municipal,Caldas,Palestina,Instituciones,3is_comunitarios,"Puntos comunitarios afectados (3iS, oficial)",Número,3iS-Sheets,1.0,2026-09-04
17,municipal,Caldas,Palestina,Infraestructura,3is_vias,"Vías afectadas (3iS, oficial)",Número,3iS-Sheets,1.0,2026-09-04
17,municipal,Caldas,Palestina,Infraestructura,3is_aeropuertos,"Aeropuertos afectados (3iS, oficial)",Número,3iS-Sheets,0.0,2026-09-04
17,municipal,Caldas,Palestina,Infraestructura,3is_acueductos,"Acueductos afectados (3iS, oficial)",Número,3iS-Sheets,0.0,2026-09-04
17,municipal,Caldas,Pensilvania,Impacto humano,3is_fallecidos,"Fallecidos (3iS, oficial)",Número,3iS-Sheets,0.0,2026-09-04
17,municipal,Caldas,Pensilvania,Impacto humano,3is_heridos,"Heridos (3iS, oficial)",Número,3iS-Sheets,0.0,2026-09-04
17,municipal,Caldas,Pensilvania,Impacto humano,3is_desaparecidos,"Desaparecidos (3iS, oficial)",Número,3iS-Sheets,0.0,2026-09-04
17,municipal,Caldas,Pensilvania,Impacto humano,3is_rescatados,"Rescatados (3iS, oficial)",Número,3iS-Sheets,0.0,2026-09-04
17,municipal,Caldas,Pensilvania,Impacto humano,3is_familias,"Familias afectadas (3iS, oficial)",Número,3iS-Sheets,179.0,2026-09-04
17,municipal,Caldas,Pensilvania,Vivienda,3is_vivaveriadas,"Viviendas averiadas (3iS, oficial)",Número,3iS-Sheets,179.0,2026-09-04
17,municipal,Caldas,Pensilvania,Vivienda,3is_vivdestruidas,"Viviendas destruidas (3iS, oficial)",Número,3iS-Sheets,14.0,2026-09-04
17,municipal,Caldas,Pensilvania,Vivienda,3is_colapsos,"Colapsos (3iS, oficial)",Número,3iS-Sheets,0.0,2026-09-04
17,municipal,Caldas,Pensilvania,Salud,3is_salud,"Puntos de salud afectados (3iS, oficial)",Número,3iS-Sheets,3.0,2026-09-04
17,municipal,Caldas,Pensilvania,Educación,3is_educativos,"Puntos educativos afectados (3iS, oficial)",Número,3iS-Sheets,48.0,2026-09-04
17,municipal,Caldas,Pensilvania,Instituciones,3is_comunitarios,"Puntos comunitarios afectados (3iS, oficial)",Número,3iS-Sheets,3.0,2026-09-04
17,municipal,Caldas,Pensilvania,Infraestructura,3is_vias,"Vías afectadas (3iS, oficial)",Número,3iS-Sheets,0.0,2026-09-04
17,municipal,Caldas,Pensilvania,Infraestructura,3is_aeropuertos,"Aeropuertos afectados (3iS, oficial)",Número,3iS-Sheets,0.0,2026-09-04
17,municipal,Caldas,Pensilvania,Infraestructura,3is_acueductos,"Acueductos afectados (3iS, oficial)",Número,3iS-Sheets,2.0,2026-09-04
17,municipal,Caldas,Riosucio,Impacto humano,3is_fallecidos,"Fallecidos (3iS, oficial)",Número,3iS-Sheets,0.0,2026-09-04
17,municipal,Caldas,Riosucio,Impacto humano,3is_heridos,"Heridos (3iS, oficial)",Número,3iS-Sheets,5.0,2026-09-04
17,municipal,Caldas,Riosucio,Impacto humano,3is_desaparecidos,"Desaparecidos (3iS, oficial)",Número,3iS-Sheets,0.0,2026-09-04
17,municipal,Caldas,Riosucio,Impacto humano,3is_rescatados,"Rescatados (3iS, oficial)",Número,3iS-Sheets,0.0,2026-09-04
17,municipal,Caldas,Riosucio,Impacto humano,3is_familias,"Familias afectadas (3iS, oficial)",Número,3iS-Sheets,1140.0,2026-09-04
17,municipal,Caldas,Riosucio,Vivienda,3is_vivaveriadas,"Viviendas averiadas (3iS, oficial)",Número,3iS-Sheets,1140.0,2026-09-04
17,municipal,Caldas,Riosucio,Vivienda,3is_vivdestruidas,"Viviendas destruidas (3iS, oficial)",Número,3iS-Sheets,45.0,2026-09-04
17,municipal,Caldas,Riosucio,Vivienda,3is_colapsos,"Colapsos (3iS, oficial)",Número,3iS-Sheets,0.0,2026-09-04
17,municipal,Caldas,Riosucio,Salud,3is_salud,"Puntos de salud afectados (3iS, oficial)",Número,3iS-Sheets,1.0,2026-09-04
17,municipal,Caldas,Riosucio,Educación,3is_educativos,"Puntos educativos afectados (3iS, oficial)",Número,3iS-Sheets,82.0,2026-09-04
17,municipal,Caldas,Riosucio,Instituciones,3is_comunitarios,"Puntos comunitarios afectados (3iS, oficial)",Número,3iS-Sheets,6.0,2026-09-04
17,municipal,Caldas,Riosucio,Infraestructura,3is_vias,"Vías afectadas (3iS, oficial)",Número,3iS-Sheets,0.0,2026-09-04
17,municipal,Caldas,Riosucio,Infraestructura,3is_aeropuertos,"Aeropuertos afectados (3iS, oficial)",Número,3iS-Sheets,0.0,2026-09-04
17,municipal,Caldas,Riosucio,Infraestructura,3is_acueductos,"Acueductos afectados (3iS, oficial)",Número,3iS-Sheets,0.0,2026-09-04
17,municipal,Caldas,Risaralda,Impacto humano,3is_fallecidos,"Fallecidos (3iS, oficial)",Número,3iS-Sheets,0.0,2026-09-04
17,municipal,Caldas,Risaralda,Impacto humano,3is_heridos,"Heridos (3iS, oficial)",Número,3iS-Sheets,0.0,2026-09-04
17,municipal,Caldas,Risaralda,Impacto humano,3is_desaparecidos,"Desaparecidos (3iS, oficial)",Número,3iS-Sheets,0.0,2026-09-04
17,municipal,Caldas,Risaralda,Impacto humano,3is_rescatados,"Rescatados (3iS, oficial)",Número,3iS-Sheets,0.0,2026-09-04
17,municipal,Caldas,Risaralda,Impacto humano,3is_familias,"Familias afectadas (3iS, oficial)",Número,3iS-Sheets,328.0,2026-09-04
17,municipal,Caldas,Risaralda,Vivienda,3is_vivaveriadas,"Viviendas averiadas (3iS, oficial)",Número,3iS-Sheets,328.0,2026-09-04
17,municipal,Caldas,Risaralda,Vivienda,3is_vivdestruidas,"Viviendas destruidas (3iS, oficial)",Número,3iS-Sheets,13.0,2026-09-04
17,municipal,Caldas,Risaralda,Vivienda,3is_colapsos,"Colapsos (3iS, oficial)",Número,3iS-Sheets,0.0,2026-09-04
17,municipal,Caldas,Risaralda,Salud,3is_salud,"Puntos de salud afectados (3iS, oficial)",Número,3iS-Sheets,0.0,2026-09-04
17,municipal,Caldas,Risaralda,Educación,3is_educativos,"Puntos educativos afectados (3iS, oficial)",Número,3iS-Sheets,29.0,2026-09-04
17,municipal,Caldas,Risaralda,Instituciones,3is_comunitarios,"Puntos comunitarios afectados (3iS, oficial)",Número,3iS-Sheets,0.0,2026-09-04
17,municipal,Caldas,Risaralda,Infraestructura,3is_vias,"Vías afectadas (3iS, oficial)",Número,3iS-Sheets,0.0,2026-09-04
17,municipal,Caldas,Risaralda,Infraestructura,3is_aeropuertos,"Aeropuertos afectados (3iS, oficial)",Número,3iS-Sheets,0.0,2026-09-04
17,municipal,Caldas,Risaralda,Infraestructura,3is_acueductos,"Acueductos afectados (3iS, oficial)",Número,3iS-Sheets,0.0,2026-09-04
17,municipal,Caldas,Salamina,Impacto humano,3is_fallecidos,"Fallecidos (3iS, oficial)",Número,3iS-Sheets,0.0,2026-09-04
17,municipal,Caldas,Salamina,Impacto humano,3is_heridos,"Heridos (3iS, oficial)",Número,3iS-Sheets,0.0,2026-09-04
17,municipal,Caldas,Salamina,Impacto humano,3is_desaparecidos,"Desaparecidos (3iS, oficial)",Número,3iS-Sheets,0.0,2026-09-04
17,municipal,Caldas,Salamina,Impacto humano,3is_rescatados,"Rescatados (3iS, oficial)",Número,3iS-Sheets,0.0,2026-09-04
17,municipal,Caldas,Salamina,Impacto humano,3is_familias,"Familias afectadas (3iS, oficial)",Número,3iS-Sheets,358.0,2026-09-04
17,municipal,Caldas,Salamina,Vivienda,3is_vivaveriadas,"Viviendas averiadas (3iS, oficial)",Número,3iS-Sheets,319.0,2026-09-04
17,municipal,Caldas,Salamina,Vivienda,3is_vivdestruidas,"Viviendas destruidas (3iS, oficial)",Número,3iS-Sheets,39.0,2026-09-04
17,municipal,Caldas,Salamina,Vivienda,3is_colapsos,"Colapsos (3iS, oficial)",Número,3iS-Sheets,0.0,2026-09-04
17,municipal,Caldas,Salamina,Salud,3is_salud,"Puntos de salud afectados (3iS, oficial)",Número,3iS-Sheets,0.0,2026-09-04
17,municipal,Caldas,Salamina,Educación,3is_educativos,"Puntos educativos afectados (3iS, oficial)",Número,3iS-Sheets,26.0,2026-09-04
17,municipal,Caldas,Salamina,Instituciones,3is_comunitarios,"Puntos comunitarios afectados (3iS, oficial)",Número,3iS-Sheets,3.0,2026-09-04
17,municipal,Caldas,Salamina,Infraestructura,3is_vias,"Vías afectadas (3iS, oficial)",Número,3iS-Sheets,0.0,2026-09-04
17,municipal,Caldas,Salamina,Infraestructura,3is_aeropuertos,"Aeropuertos afectados (3iS, oficial)",Número,3iS-Sheets,0.0,2026-09-04
17,municipal,Caldas,Salamina,Infraestructura,3is_acueductos,"Acueductos afectados (3iS, oficial)",Número,3iS-Sheets,1.0,2026-09-04
17,municipal,Caldas,Samaná,Impacto humano,3is_fallecidos,"Fallecidos (3iS, oficial)",Número,3iS-Sheets,0.0,2026-09-04
17,municipal,Caldas,Samaná,Impacto humano,3is_heridos,"Heridos (3iS, oficial)",Número,3iS-Sheets,1.0,2026-09-04
17,municipal,Caldas,Samaná,Impacto humano,3is_desaparecidos,"Desaparecidos (3iS, oficial)",Número,3iS-Sheets,0.0,2026-09-04
17,municipal,Caldas,Samaná,Impacto humano,3is_rescatados,"Rescatados (3iS, oficial)",Número,3iS-Sheets,0.0,2026-09-04
17,municipal,Caldas,Samaná,Impacto humano,3is_familias,"Familias afectadas (3iS, oficial)",Número,3iS-Sheets,154.0,2026-09-04
17,municipal,Caldas,Samaná,Vivienda,3is_vivaveriadas,"Viviendas averiadas (3iS, oficial)",Número,3iS-Sheets,149.0,2026-09-04
17,municipal,Caldas,Samaná,Vivienda,3is_vivdestruidas,"Viviendas destruidas (3iS, oficial)",Número,3iS-Sheets,6.0,2026-09-04
17,municipal,Caldas,Samaná,Vivienda,3is_colapsos,"Colapsos (3iS, oficial)",Número,3iS-Sheets,0.0,2026-09-04
17,municipal,Caldas,Samaná,Salud,3is_salud,"Puntos de salud afectados (3iS, oficial)",Número,3iS-Sheets,1.0,2026-09-04
17,municipal,Caldas,Samaná,Educación,3is_educativos,"Puntos educativos afectados (3iS, oficial)",Número,3iS-Sheets,38.0,2026-09-04
17,municipal,Caldas,Samaná,Instituciones,3is_comunitarios,"Puntos comunitarios afectados (3iS, oficial)",Número,3iS-Sheets,0.0,2026-09-04
17,municipal,Caldas,Samaná,Infraestructura,3is_vias,"Vías afectadas (3iS, oficial)",Número,3iS-Sheets,0.0,2026-09-04
17,municipal,Caldas,Samaná,Infraestructura,3is_aeropuertos,"Aeropuertos afectados (3iS, oficial)",Número,3iS-Sheets,0.0,2026-09-04
17,municipal,Caldas,Samaná,Infraestructura,3is_acueductos,"Acueductos afectados (3iS, oficial)",Número,3iS-Sheets,1.0,2026-09-04
17,municipal,Caldas,San José,Impacto humano,3is_fallecidos,"Fallecidos (3iS, oficial)",Número,3iS-Sheets,0.0,2026-09-04
17,municipal,Caldas,San José,Impacto humano,3is_heridos,"Heridos (3iS, oficial)",Número,3iS-Sheets,0.0,2026-09-04
17,municipal,Caldas,San José,Impacto humano,3is_desaparecidos,"Desaparecidos (3iS, oficial)",Número,3iS-Sheets,0.0,2026-09-04
17,municipal,Caldas,San José,Impacto humano,3is_rescatados,"Rescatados (3iS, oficial)",Número,3iS-Sheets,0.0,2026-09-04
17,municipal,Caldas,San José,Impacto humano,3is_familias,"Familias afectadas (3iS, oficial)",Número,3iS-Sheets,440.0,2026-09-04
17,municipal,Caldas,San José,Vivienda,3is_vivaveriadas,"Viviendas averiadas (3iS, oficial)",Número,3iS-Sheets,440.0,2026-09-04
17,municipal,Caldas,San José,Vivienda,3is_vivdestruidas,"Viviendas destruidas (3iS, oficial)",Número,3iS-Sheets,50.0,2026-09-04
17,municipal,Caldas,San José,Vivienda,3is_colapsos,"Colapsos (3iS, oficial)",Número,3iS-Sheets,0.0,2026-09-04
17,municipal,Caldas,San José,Salud,3is_salud,"Puntos de salud afectados (3iS, oficial)",Número,3iS-Sheets,1.0,2026-09-04
17,municipal,Caldas,San José,Educación,3is_educativos,"Puntos educativos afectados (3iS, oficial)",Número,3iS-Sheets,4.0,2026-09-04
17,municipal,Caldas,San José,Instituciones,3is_comunitarios,"Puntos comunitarios afectados (3iS, oficial)",Número,3iS-Sheets,2.0,2026-09-04
17,municipal,Caldas,San José,Infraestructura,3is_vias,"Vías afectadas (3iS, oficial)",Número,3iS-Sheets,0.0,2026-09-04
17,municipal,Caldas,San José,Infraestructura,3is_aeropuertos,"Aeropuertos afectados (3iS, oficial)",Número,3iS-Sheets,0.0,2026-09-04
17,municipal,Caldas,San José,Infraestructura,3is_acueductos,"Acueductos afectados (3iS, oficial)",Número,3iS-Sheets,1.0,2026-09-04
17,municipal,Caldas,Supía,Impacto humano,3is_fallecidos,"Fallecidos (3iS, oficial)",Número,3iS-Sheets,0.0,2026-09-04
17,municipal,Caldas,Supía,Impacto humano,3is_heridos,"Heridos (3iS, oficial)",Número,3iS-Sheets,0.0,2026-09-04
17,municipal,Caldas,Supía,Impacto humano,3is_desaparecidos,"Desaparecidos (3iS, oficial)",Número,3iS-Sheets,0.0,2026-09-04
17,municipal,Caldas,Supía,Impacto humano,3is_rescatados,"Rescatados (3iS, oficial)",Número,3iS-Sheets,0.0,2026-09-04
17,municipal,Caldas,Supía,Impacto humano,3is_familias,"Familias afectadas (3iS, oficial)",Número,3iS-Sheets,216.0,2026-09-04
17,municipal,Caldas,Supía,Vivienda,3is_vivaveriadas,"Viviendas averiadas (3iS, oficial)",Número,3iS-Sheets,216.0,2026-09-04
17,municipal,Caldas,Supía,Vivienda,3is_vivdestruidas,"Viviendas destruidas (3iS, oficial)",Número,3iS-Sheets,6.0,2026-09-04
17,municipal,Caldas,Supía,Vivienda,3is_colapsos,"Colapsos (3iS, oficial)",Número,3iS-Sheets,0.0,2026-09-04
17,municipal,Caldas,Supía,Salud,3is_salud,"Puntos de salud afectados (3iS, oficial)",Número,3iS-Sheets,0.0,2026-09-04
17,municipal,Caldas,Supía,Educación,3is_educativos,"Puntos educativos afectados (3iS, oficial)",Número,3iS-Sheets,4.0,2026-09-04
17,municipal,Caldas,Supía,Instituciones,3is_comunitarios,"Puntos comunitarios afectados (3iS, oficial)",Número,3iS-Sheets,3.0,2026-09-04
17,municipal,Caldas,Supía,Infraestructura,3is_vias,"Vías afectadas (3iS, oficial)",Número,3iS-Sheets,0.0,2026-09-04
17,municipal,Caldas,Supía,Infraestructura,3is_aeropuertos,"Aeropuertos afectados (3iS, oficial)",Número,3iS-Sheets,0.0,2026-09-04
17,municipal,Caldas,Supía,Infraestructura,3is_acueductos,"Acueductos afectados (3iS, oficial)",Número,3iS-Sheets,0.0,2026-09-04
17,municipal,Caldas,Victoria,Impacto humano,3is_fallecidos,"Fallecidos (3iS, oficial)",Número,3iS-Sheets,0.0,2026-09-04
17,municipal,Caldas,Victoria,Impacto humano,3is_heridos,"Heridos (3iS, oficial)",Número,3iS-Sheets,0.0,2026-09-04
17,municipal,Caldas,Victoria,Impacto humano,3is_desaparecidos,"Desaparecidos (3iS, oficial)",Número,3iS-Sheets,0.0,2026-09-04
17,municipal,Caldas,Victoria,Impacto humano,3is_rescatados,"Rescatados (3iS, oficial)",Número,3iS-Sheets,0.0,2026-09-04
17,municipal,Caldas,Victoria,Impacto humano,3is_familias,"Familias afectadas (3iS, oficial)",Número,3iS-Sheets,85.0,2026-09-04
17,municipal,Caldas,Victoria,Vivienda,3is_vivaveriadas,"Viviendas averiadas (3iS, oficial)",Número,3iS-Sheets,86.0,2026-09-04
17,municipal,Caldas,Victoria,Vivienda,3is_vivdestruidas,"Viviendas destruidas (3iS, oficial)",Número,3iS-Sheets,2.0,2026-09-04
17,municipal,Caldas,Victoria,Vivienda,3is_colapsos,"Colapsos (3iS, oficial)",Número,3iS-Sheets,0.0,2026-09-04
17,municipal,Caldas,Victoria,Salud,3is_salud,"Puntos de salud afectados (3iS, oficial)",Número,3iS-Sheets,1.0,2026-09-04
17,municipal,Caldas,Victoria,Educación,3is_educativos,"Puntos educativos afectados (3iS, oficial)",Número,3iS-Sheets,5.0,2026-09-04
17,municipal,Caldas,Victoria,Instituciones,3is_comunitarios,"Puntos comunitarios afectados (3iS, oficial)",Número,3iS-Sheets,1.0,2026-09-04
17,municipal,Caldas,Victoria,Infraestructura,3is_vias,"Vías afectadas (3iS, oficial)",Número,3iS-Sheets,0.0,2026-09-04
17,municipal,Caldas,Victoria,Infraestructura,3is_aeropuertos,"Aeropuertos afectados (3iS, oficial)",Número,3iS-Sheets,0.0,2026-09-04
17,municipal,Caldas,Victoria,Infraestructura,3is_acueductos,"Acueductos afectados (3iS, oficial)",Número,3iS-Sheets,0.0,2026-09-04
17,municipal,Caldas,Villamaría,Impacto humano,3is_fallecidos,"Fallecidos (3iS, oficial)",Número,3iS-Sheets,0.0,2026-09-04
17,municipal,Caldas,Villamaría,Impacto humano,3is_heridos,"Heridos (3iS, oficial)",Número,3iS-Sheets,48.0,2026-09-04
17,municipal,Caldas,Villamaría,Impacto humano,3is_desaparecidos,"Desaparecidos (3iS, oficial)",Número,3iS-Sheets,0.0,2026-09-04
17,municipal,Caldas,Villamaría,Impacto humano,3is_rescatados,"Rescatados (3iS, oficial)",Número,3iS-Sheets,0.0,2026-09-04
17,municipal,Caldas,Villamaría,Impacto humano,3is_familias,"Familias afectadas (3iS, oficial)",Número,3iS-Sheets,285.0,2026-09-04
17,municipal,Caldas,Villamaría,Vivienda,3is_vivaveriadas,"Viviendas averiadas (3iS, oficial)",Número,3iS-Sheets,158.0,2026-09-04
17,municipal,Caldas,Villamaría,Vivienda,3is_vivdestruidas,"Viviendas destruidas (3iS, oficial)",Número,3iS-Sheets,127.0,2026-09-04
17,municipal,Caldas,Villamaría,Vivienda,3is_colapsos,"Colapsos (3iS, oficial)",Número,3iS-Sheets,0.0,2026-09-04
17,municipal,Caldas,Villamaría,Salud,3is_salud,"Puntos de salud afectados (3iS, oficial)",Número,3iS-Sheets,0.0,2026-09-04
17,municipal,Caldas,Villamaría,Educación,3is_educativos,"Puntos educativos afectados (3iS, oficial)",Número,3iS-Sheets,5.0,2026-09-04
17,municipal,Caldas,Villamaría,Instituciones,3is_comunitarios,"Puntos comunitarios afectados (3iS, oficial)",Número,3iS-Sheets,2.0,2026-09-04
17,municipal,Caldas,Villamaría,Infraestructura,3is_vias,"Vías afectadas (3iS, oficial)",Número,3iS-Sheets,3.0,2026-09-04
17,municipal,Caldas,Villamaría,Infraestructura,3is_aeropuertos,"Aeropuertos afectados (3iS, oficial)",Número,3iS-Sheets,0.0,2026-09-04
17,municipal,Caldas,Villamaría,Infraestructura,3is_acueductos,"Acueductos afectados (3iS, oficial)",Número,3iS-Sheets,1.0,2026-09-04
17,municipal,Caldas,Viterbo,Impacto humano,3is_fallecidos,"Fallecidos (3iS, oficial)",Número,3iS-Sheets,0.0,2026-09-04
17,municipal,Caldas,Viterbo,Impacto humano,3is_heridos,"Heridos (3iS, oficial)",Número,3iS-Sheets,22.0,2026-09-04
17,municipal,Caldas,Viterbo,Impacto humano,3is_desaparecidos,"Desaparecidos (3iS, oficial)",Número,3iS-Sheets,0.0,2026-09-04
17,municipal,Caldas,Viterbo,Impacto humano,3is_rescatados,"Rescatados (3iS, oficial)",Número,3iS-Sheets,0.0,2026-09-04
17,municipal,Caldas,Viterbo,Impacto humano,3is_familias,"Familias afectadas (3iS, oficial)",Número,3iS-Sheets,387.0,2026-09-04
17,municipal,Caldas,Viterbo,Vivienda,3is_vivaveriadas,"Viviendas averiadas (3iS, oficial)",Número,3iS-Sheets,280.0,2026-09-04
17,municipal,Caldas,Viterbo,Vivienda,3is_vivdestruidas,"Viviendas destruidas (3iS, oficial)",Número,3iS-Sheets,107.0,2026-09-04
17,municipal,Caldas,Viterbo,Vivienda,3is_colapsos,"Colapsos (3iS, oficial)",Número,3iS-Sheets,0.0,2026-09-04
17,municipal,Caldas,Viterbo,Salud,3is_salud,"Puntos de salud afectados (3iS, oficial)",Número,3iS-Sheets,1.0,2026-09-04
17,municipal,Caldas,Viterbo,Educación,3is_educativos,"Puntos educativos afectados (3iS, oficial)",Número,3iS-Sheets,5.0,2026-09-04
17,municipal,Caldas,Viterbo,Instituciones,3is_comunitarios,"Puntos comunitarios afectados (3iS, oficial)",Número,3iS-Sheets,2.0,2026-09-04
17,municipal,Caldas,Viterbo,Infraestructura,3is_vias,"Vías afectadas (3iS, oficial)",Número,3iS-Sheets,0.0,2026-09-04
17,municipal,Caldas,Viterbo,Infraestructura,3is_aeropuertos,"Aeropuertos afectados (3iS, oficial)",Número,3iS-Sheets,0.0,2026-09-04
17,municipal,Caldas,Viterbo,Infraestructura,3is_acueductos,"Acueductos afectados (3iS, oficial)",Número,3iS-Sheets,1.0,2026-09-04
