ambito,gravedad,codigo,municipio,departamento,puesto_consulta_externa,puntaje_consulta_externa,puesto_urgencias_observado,puntaje_urgencias_observado,puesto_urgencias_ml,puntaje_urgencias_ml,salud_urgencias_ml,usa_base_ml,cambio_puesto_vs_urgencias,cambio_puntaje_vs_urgencias
decree,total,76828,Trujillo,Valle del Cauca,5,15.147691306537704,1,23.201395010241406,1,23.201395010241406,100,false,0,0
decree,total,27073,Bagadó,Chocó,3,18.918147134464643,3,13.573702690020198,2,16.5799526900202,18.75,true,1,3.0062500000000014
decree,total,27050,Atrato,Chocó,1,22.551943127114427,20,7.1686097937810915,3,15.82173479378109,56.25,true,17,8.653125
decree,total,27787,Tadó,Chocó,10,11.404885068058006,2,15.059954512502449,4,15.059954512502449,31.25,false,-2,0
decree,total,27745,Sipí,Chocó,4,18.55552950528127,4,13.554094320096084,5,13.554094320096084,12.5,false,-1,0
decree,total,27810,Unión Panamericana,Chocó,6,15.140165178196133,6,11.752017030047988,6,12.704933696714653,6.25,true,0,0.9529166666666651
decree,total,76054,Argelia,Valle del Cauca,8,14.637684990539517,5,12.517268323872852,7,12.517268323872852,18.75,false,-2,0
decree,total,66001,Pereira,Risaralda,11,10.920467580530755,7,11.51952861559964,8,11.51952861559964,5.059523809523809,false,-1,0
decree,total,76497,Obando,Valle del Cauca,2,20.626745855823003,8,11.443782892860039,9,11.443782892860039,25,false,-1,0
decree,total,76823,Toro,Valle del Cauca,12,10.358652351251743,9,10.191947104338162,10,10.191947104338162,6.25,false,-1,0
decree,total,76243,El Águila,Valle del Cauca,13,9.94690921481944,10,10.049571251856477,11,10.049571251856477,6.25,false,-1,0
decree,total,76246,El Cairo,Valle del Cauca,14,9.759635599373294,11,9.759635599373294,12,9.759635599373294,0,false,-1,0
decree,total,76606,Restrepo,Valle del Cauca,19,8.513758601635228,12,9.57416498023605,13,9.57416498023605,12.5,false,-1,0
decree,total,76126,Calima,Valle del Cauca,15,9.285472844575509,13,9.442243677908843,14,9.442243677908843,3.125,false,-1,0
decree,total,27491,Nóvita,Chocó,17,9.097779767090973,14,9.204284396720603,15,9.204284396720603,6.25,false,-1,0
decree,total,76863,Versalles,Valle del Cauca,18,9.062400991612353,15,8.896274448402476,16,8.896274448402476,6.25,false,-1,0
decree,total,27430,Medio Baudó,Chocó,7,15.12261882616209,16,8.808878085421352,17,8.808878085421352,5,false,-1,0
decree,total,76622,Roldanillo,Valle del Cauca,20,8.10164583903397,17,8.79795499541257,18,8.79795499541257,6.25,false,-1,0
decree,total,27001,Quibdó,Chocó,30,6.497981928353961,18,8.321593039465073,19,8.321593039465073,15.340909090909092,false,-1,0
decree,total,63594,Quimbaya,Quindío,22,7.724899302789067,22,7.099714117603883,20,7.587302352973009,3.466267076083835,true,2,0.48758823536912654
decree,total,76100,Bolívar,Valle del Cauca,37,5.654207790738819,19,7.189987420368449,21,7.189987420368449,12.5,false,-2,0
decree,total,63302,Génova,Quindío,25,7.132466121966708,21,7.132466121966708,22,7.132466121966708,0,false,-1,0
decree,total,76250,El Dovio,Valle del Cauca,16,9.109724890876937,23,6.782039705691751,23,6.782039705691751,6.25,false,0,0
decree,total,66440,Marsella,Risaralda,35,6.075957703164322,24,6.657703073534693,24,6.657703073534693,6.25,false,0,0
decree,total,63470,Montenegro,Quindío,28,6.8472115845404975,25,6.600799547503461,25,6.600799547503461,9.375,false,0,0
decree,total,63111,Buenavista,Quindío,31,6.410546771052395,26,6.410546771052395,26,6.410546771052395,0,false,0,0
decree,total,66075,Balboa,Risaralda,34,6.272847368822289,27,6.372754776229696,27,6.372754776229696,6.25,false,0,0
decree,total,76890,Yotoco,Valle del Cauca,38,5.5663256553909495,28,6.2968812109465055,28,6.2968812109465055,9.375,false,0,0
decree,total,63212,Córdoba,Quindío,36,5.902993117207771,29,5.73682799375098,29,5.73682799375098,6.25,false,0,0
decree,total,63272,Filandia,Quindío,44,4.705810962951126,30,5.673635037025201,30,5.673635037025201,12.5,false,0,0
decree,total,27006,Acandí,Chocó,27,7.0352202750965755,170,0.34781286768916797,31,5.51753642681127,34.357932382291324,true,139,5.169723559122102
decree,total,76736,Sevilla,Valle del Cauca,43,4.718289032114271,31,5.484551740901489,32,5.484551740901489,6.25,false,-1,0
decree,total,27250,El Litoral Del San Juán,Chocó,29,6.786603807079715,32,5.221001955227863,33,5.221001955227863,12.5,false,-1,0
decree,total,76403,La Victoria,Valle del Cauca,41,4.745522502493477,33,5.179050941646916,34,5.179050941646916,6.25,false,-1,0
decree,total,27660,San José Del Palmar,Chocó,23,7.528585149432966,34,5.084302742025559,35,5.084302742025559,6.25,false,-1,0
decree,total,76845,Ulloa,Valle del Cauca,24,7.458176016558627,35,4.757828794336405,36,4.757828794336405,3.125,false,-1,0
decree,total,76400,La Unión,Valle del Cauca,46,4.418646876894316,36,4.746978556788497,37,4.746978556788497,3.125,false,-1,0
decree,total,76020,Alcalá,Valle del Cauca,42,4.722331227104232,37,4.722331227104232,38,4.722331227104232,0,false,-1,0
decree,total,17665,San José,Caldas,40,4.786126765991718,38,4.616412259818879,39,4.616412259818879,6.25,false,-1,0
decree,total,76616,Riofrío,Valle del Cauca,50,4.064141894190923,39,4.553956709005738,40,4.553956709005738,6.25,false,-1,0
decree,total,17877,Viterbo,Caldas,52,3.893622206654544,40,4.4942535197858575,41,4.4942535197858575,6.25,false,-1,0
decree,total,27600,Rio Quito,Chocó,21,7.806961030533695,41,4.475248067570732,42,4.475248067570732,15.625,false,-1,0
decree,total,66170,Dosquebradas,Risaralda,47,4.400879088498138,42,4.400879088498138,43,4.400879088498138,0,false,-1,0
decree,total,27361,Istmina,Chocó,49,4.135648815909407,43,4.350395076593168,44,4.350395076593168,3.125,false,-1,0
decree,total,63548,Pijao,Quindío,48,4.261231549712772,44,4.261231549712772,45,4.261231549712772,0,false,-1,0
decree,total,76895,Zarzal,Valle del Cauca,61,3.424005833020003,45,4.169557684871855,46,4.169557684871855,6.25,false,-1,0
decree,total,27495,Nuquí,Chocó,26,7.06597836931217,221,0.06005244338624287,47,4.000885776719576,25,true,174,3.940833333333333
decree,total,66687,Santuario,Risaralda,51,3.9861780529955686,46,3.995435207877724,48,3.995435207877724,2.083333333333333,false,-2,0
decree,total,76041,Ansermanuevo,Valle del Cauca,54,3.7297213993621563,47,3.9893001030658604,49,3.9893001030658604,6.25,false,-2,0
decree,total,27205,Condoto,Chocó,32,6.3689834044874205,48,3.9561130341170503,50,3.9561130341170503,6.25,false,-2,0
decree,total,27450,Medio San Juan,Chocó,9,11.449234442796882,104,1.0114566650191064,51,3.9470816650191063,18.75,true,53,2.935625
decree,total,76377,La Cumbre,Valle del Cauca,33,6.339804547163704,49,3.9113940533365428,52,3.9113940533365428,12.5,false,-3,0
decree,total,76122,Caicedonia,Valle del Cauca,68,3.1938419821885544,50,3.8687463031762084,53,3.8687463031762084,6.25,false,-3,0
decree,total,17088,Belalcázar,Caldas,53,3.8654311934644356,51,3.8654311934644356,54,3.8654311934644356,0,false,-3,0
decree,total,76109,Buenaventura,Valle del Cauca,64,3.340255483732792,52,3.797813466472813,55,3.797813466472813,3.4722222222222223,false,-3,0
decree,total,66400,La Virginia,Risaralda,60,3.4348253927492243,56,3.359125302414988,56,3.611476414193887,1.80680986953866,true,0,0.252351111778899
decree,total,66456,Mistrató,Risaralda,70,3.161684169963743,53,3.4668577810748538,57,3.4668577810748538,9.375,false,-4,0
decree,total,27025,Alto Baudó,Chocó,45,4.4581882239791355,54,3.403657800698712,58,3.403657800698712,6.25,false,-4,0
decree,total,76113,Bugalagrande,Valle del Cauca,73,3.045749541200083,55,3.393713205622081,59,3.393713205622081,3.125,false,-4,0
decree,total,76233,Dagua,Valle del Cauca,72,3.06972802327243,57,3.3176446899390966,60,3.3176446899390966,3.125,false,-3,0
decree,total,27077,Bajo Baudó,Chocó,56,3.6409641835050666,58,3.262871590912474,61,3.262871590912474,2.083333333333333,false,-3,0
decree,total,63190,Circasia,Quindío,74,2.921503616628653,59,3.1844627215669243,62,3.1844627215669243,3.125,false,-3,0
decree,total,63130,Calarcá,Quindío,76,2.7372039198050184,60,3.0716480808027513,63,3.0716480808027513,3.75,false,-3,0
decree,total,63690,Salento,Quindío,39,5.2146940442515985,61,2.980180155362709,64,2.980180155362709,6.25,false,-3,0
decree,total,66572,Pueblo Rico,Risaralda,75,2.813982018050892,62,2.813982018050892,65,2.813982018050892,0,false,-3,0
decree,total,63001,Armenia,Quindío,77,2.500698382598952,63,2.71409641918976,66,2.71409641918976,1.7361111111111112,false,-3,0
decree,total,66682,Santa Rosa De Cabal,Risaralda,78,2.484461418982284,64,2.6518364189822843,67,2.6518364189822843,1.5625,false,-3,0
decree,total,19743,Silvia,Cauca,119,0.8153093090615776,65,2.613110234987503,68,2.613110234987503,15.625,false,-3,0
decree,total,66318,Guática,Risaralda,80,2.324569921774035,66,2.5872782551073685,69,2.5872782551073685,6.25,false,-3,0
decree,total,66088,Belén De Umbría,Risaralda,79,2.471494631000402,67,2.572327964333735,70,2.572327964333735,2.083333333333333,false,-3,0
decree,total,63401,La Tebaida,Quindío,83,2.0523444835007423,68,2.384484033765293,71,2.384484033765293,3.125,false,-3,0
decree,total,19364,Jambaló,Cauca,108,1.0322460011078216,69,2.231181186293007,72,2.231181186293007,12.5,false,-3,0
decree,total,66045,Apía,Risaralda,81,2.1959435709938973,70,2.1959435709938973,73,2.1959435709938973,0,false,-3,0
decree,total,17050,Aranzazu,Caldas,85,1.9708220991314245,71,1.9708220991314245,74,1.9708220991314245,0,false,-3,0
decree,total,76001,Santiago de Cali,Valle del Cauca,87,1.75078599090418,72,1.7924556697051077,75,1.7924556697051077,0.34916201117318435,false,-3,0
decree,total,17001,Manizales,Caldas,91,1.5309770626068773,73,1.7423469558203775,76,1.7423469558203775,1.7857142857142856,false,-3,0
decree,total,76036,Andalucía,Valle del Cauca,94,1.4982294765297994,74,1.6468006044759271,77,1.6468006044759271,2.083333333333333,false,-3,0
decree,total,17042,Anserma,Caldas,100,1.2447384429128545,75,1.5847867347391638,78,1.5847867347391638,3.125,false,-3,0
decree,total,76869,Vijes,Valle del Cauca,90,1.5419215506533466,76,1.5419215506533466,79,1.5419215506533466,0,false,-3,0
decree,total,27075,Bahía Solano,Chocó,93,1.5145750696051645,77,1.5145750696051645,80,1.5145750696051645,0,true,-3,0
decree,total,17614,Riosucio,Caldas,99,1.2539584923459046,78,1.412654283162231,81,1.412654283162231,1.5625,false,-3,0
decree,total,19137,Caldono,Cauca,139,0.576979734367592,79,1.4063448137326717,82,1.4063448137326717,6.25,false,-3,0
decree,total,27135,El Cantón Del San Pablo,Chocó,95,1.3888952899284273,80,1.3888952899284273,83,1.3888952899284273,0,false,-3,0
decree,total,27160,Cértegui,Chocó,96,1.3701597051046854,81,1.3701597051046854,84,1.3701597051046854,0,false,-3,0
decree,total,17616,Risaralda,Caldas,98,1.3087125068843066,82,1.3087125068843066,85,1.3087125068843066,0,false,-3,0
decree,total,05091,Betania,Antioquia,55,3.6866303380782917,83,1.2716303380782918,86,1.2716303380782918,6.25,false,-3,0
decree,total,76130,Candelaria,Valle del Cauca,141,0.5437433128085363,84,1.2662158580281746,87,1.2662158580281746,6.25,false,-3,0
decree,total,76318,Guacarí,Valle del Cauca,137,0.6026362879160776,85,1.2638708558173124,88,1.2638708558173124,6.25,false,-3,0
decree,total,17388,La Merced,Caldas,109,1.0012700611326353,86,1.262774690762265,89,1.262774690762265,6.25,false,-3,0
decree,total,05353,Hispania,Antioquia,57,3.5645858925080574,87,1.2384979295450944,90,1.2384979295450944,6.25,false,-3,0
decree,total,27425,Medio Atrato,Chocó,101,1.2173882763528856,88,1.2173882763528856,91,1.2173882763528856,0,false,-3,0
decree,total,17174,Chinchiná,Caldas,102,1.1146981557276336,89,1.2090824149868928,92,1.2090824149868928,1.0416666666666665,false,-3,0
decree,total,17867,Victoria,Caldas,123,0.7323637690553396,90,1.178193795510366,93,1.178193795510366,6.25,false,-3,0
decree,total,19110,Buenos Aires,Cauca,149,0.4981078657405277,91,1.1678461136037757,94,1.1678461136037757,6.25,false,-3,0
decree,total,73347,Herveo,Tolima,97,1.335851216226723,92,1.1606968952390688,95,1.1606968952390688,6.25,false,-3,0
decree,total,41078,Baraya,Huila,59,3.509102780414074,93,1.1164638915251854,96,1.1164638915251854,6.25,false,-3,0
decree,total,17446,Marulanda,Caldas,104,1.1060171613985736,94,1.1060171613985736,97,1.1060171613985736,0,false,-3,0
decree,total,41206,Colombia,Huila,58,3.5432109788359787,95,1.085085978835979,98,1.085085978835979,6.25,false,-3,0
decree,total,27245,El Carmen,Chocó,112,0.9589396436501488,194,0.11819890290940797,99,1.0640322362427415,6.25,true,95,0.9458333333333335
decree,total,05093,Betulia,Antioquia,165,0.336584962905785,96,1.0567902098193653,100,1.0567902098193653,6.25,false,-4,0
decree,total,05789,Támesis,Antioquia,155,0.43602717259952356,97,1.0516037719261226,101,1.0516037719261226,6.25,false,-4,0
decree,total,05364,Jardín,Antioquia,148,0.5069633509518449,98,1.0469967871658368,102,1.0469967871658368,6.25,false,-4,0
decree,total,76111,Buga,Valle del Cauca,136,0.6323473657261951,99,1.0428635997549838,103,1.0428635997549838,3.4722222222222223,false,-4,0
decree,total,76834,Tuluá,Valle del Cauca,106,1.0400857482471622,100,1.0400857482471622,104,1.0400857482471622,0,false,-4,0
decree,total,76892,Yumbo,Valle del Cauca,107,1.0389349187730548,101,1.0389349187730548,105,1.0389349187730548,0,false,-4,0
decree,total,05792,Tarso,Antioquia,133,0.6611265654463301,102,1.0367901456932438,106,1.0367901456932438,6.25,false,-4,0
decree,total,05483,Nariño,Antioquia,86,1.7564224194608808,103,1.0243390861275476,107,1.0243390861275476,6.25,false,-4,0
decree,total,05576,Pueblorrico,Antioquia,62,3.3740966289935903,105,1.001156814178776,108,1.001156814178776,6.25,false,-3,0
decree,total,25288,Fúquene,Cundinamarca,147,0.508294903204112,195,0.1160726809818898,109,0.9985726809818898,6.25,true,86,0.8825
decree,total,19450,Mercaderes,Cauca,157,0.38720089823145676,106,0.9868027500833086,110,0.9868027500833086,6.25,false,-4,0
decree,total,19701,Santa Rosa,Cauca,138,0.5899289128741391,107,0.9855384807753736,111,0.9855384807753736,6.25,false,-4,0
decree,total,27413,Lloró,Chocó,110,0.9846175539067291,108,0.9846175539067291,112,0.9846175539067291,0,true,-4,0
decree,total,41244,Elías,Huila,124,0.7228903227620335,211,0.08244587831758884,113,0.983070878317589,6.25,true,98,0.9006250000000001
decree,total,73563,Prado,Tolima,65,3.304083868563157,109,0.9795931278224164,114,0.9795931278224164,6.25,false,-5,0
decree,total,17873,Villamaria,Caldas,111,0.9792394486802583,110,0.9792394486802583,115,0.9792394486802583,0,false,-5,0
decree,total,19532,Patía,Cauca,194,0.13050707127295363,111,0.9589615919701215,116,0.9589615919701215,6.25,false,-5,0
decree,total,05642,Salgar,Antioquia,163,0.3531104042369749,112,0.9568742931258637,117,0.9568742931258637,6.25,false,-5,0
decree,total,41885,Yaguará,Huila,143,0.5188223550800644,113,0.9532734132811227,118,0.9532734132811227,6.25,false,-5,0
decree,total,19517,Páez,Cauca,173,0.2622417007241701,114,0.9528667007241699,119,0.9528667007241699,6.25,false,-5,0
decree,total,41013,Agrado,Huila,63,3.3461556233250165,115,0.950322289991683,120,0.950322289991683,6.25,false,-5,0
decree,total,05467,Montebello,Antioquia,116,0.8482741971862753,116,0.9500103082973865,121,0.9500103082973865,6.25,false,-5,0
decree,total,73024,Alpujarra,Tolima,128,0.6900248789304959,117,0.9493628418934588,122,0.9493628418934588,6.25,false,-5,0
decree,total,05660,San Luis,Antioquia,160,0.363991053713152,118,0.944528090750189,123,0.944528090750189,6.25,false,-5,0
decree,total,17524,Palestina,Caldas,113,0.9430370172451678,119,0.9430370172451678,124,0.9430370172451678,0,false,-5,0
decree,total,73226,Cunday,Tolima,117,0.8388178932561514,120,0.9408549302931885,125,0.9408549302931885,6.25,false,-5,0
decree,total,73870,Villahermosa,Tolima,103,1.1143209876543207,121,0.9402083333333333,126,0.9402083333333333,6.25,false,-5,0
decree,total,41518,Paicol,Huila,88,1.6465907188807694,122,0.9350860892511401,127,0.9350860892511401,6.25,false,-5,0
decree,total,05861,Venecia,Antioquia,129,0.6738669600255296,123,0.9301354785440481,128,0.9301354785440481,6.25,false,-5,0
decree,total,73520,Palocabildo,Tolima,66,3.3020092812006316,124,0.930134281200632,129,0.930134281200632,6.25,false,-5,0
decree,total,05400,La Unión,Antioquia,176,0.22887106374302854,125,0.9258073382528327,130,0.9258073382528327,6.25,false,-5,0
decree,total,41319,Guadalupe,Huila,171,0.2735802469135803,126,0.9233333333333335,131,0.9233333333333335,6.25,false,-5,0
decree,total,05036,Angelópolis,Antioquia,132,0.6614542090506,127,0.9206718016431926,132,0.9206718016431926,6.25,false,-5,0
decree,total,05856,Valparaiso,Antioquia,105,1.083407506969335,128,0.9190942353643969,133,0.9190942353643969,6.25,false,-5,0
decree,total,73873,Villarrica,Tolima,118,0.8171684038020322,129,0.9186498852835138,134,0.9186498852835138,6.25,false,-5,0
decree,total,41799,Tello,Huila,131,0.6696244855967077,192,0.12085905349794239,135,0.9106295794572385,5.3302847646296705,true,57,0.7897705259592962
decree,total,41797,Tesalia,Huila,89,1.6151851851851853,130,0.9085416666666667,136,0.9085416666666667,6.25,false,-6,0
decree,total,73030,Ambalema,Tolima,67,3.206666666666666,131,0.9018750000000001,137,0.9018750000000001,6.25,false,-6,0
decree,total,25324,Guataquí,Cundinamarca,120,0.8016666666666665,377,0,137,0.9018750000000001,6.25,true,240,0.9018750000000001
decree,total,17442,Marmato,Caldas,82,2.066056463952127,132,0.9011490565447193,139,0.9011490565447193,3.125,false,-7,0
decree,total,73055,Armero,Tolima,135,0.6405557743156614,133,0.8977270706119576,140,0.8977270706119576,6.25,false,-7,0
decree,total,05761,Sopetrán,Antioquia,162,0.3565603575217563,134,0.8968458513489168,141,0.8968458513489168,6.25,false,-7,0
decree,total,17272,Filadelfia,Caldas,84,2.050641206274177,135,0.8894606507186215,142,0.8894606507186215,3.125,false,-7,0
decree,total,25317,Guachetá,Cundinamarca,153,0.45047619047619036,136,0.8868750000000001,143,0.8868750000000001,6.25,false,-7,0
decree,total,25718,Sasaima,Cundinamarca,142,0.5220987654320988,137,0.8810416666666667,144,0.8810416666666667,6.25,false,-7,0
decree,total,17013,Aguadas,Caldas,114,0.8694419968772895,138,0.8694419968772895,145,0.8694419968772895,0,false,-7,0
decree,total,66383,La Celia,Risaralda,115,0.8662631453799781,139,0.8662631453799781,146,0.8662631453799781,0,false,-7,0
decree,total,05212,Copacabana,Antioquia,205,0.09768959837830989,140,0.8599118206005321,147,0.8599118206005321,6.25,false,-7,0
decree,total,17541,Pensilvania,Caldas,92,1.5188559495281317,141,0.8507587273059096,148,0.8507587273059096,3.75,false,-7,0
decree,total,25612,Ricaurte,Cundinamarca,145,0.5154320987654321,377,0,149,0.8103639425194071,5.8229744372652,true,228,0.8103639425194071
decree,total,76364,Jamundí,Valle del Cauca,127,0.691060970251492,142,0.8079258301334977,150,0.8079258301334977,1.0416666666666665,false,-8,0
decree,total,76248,El Cerrito,Valle del Cauca,164,0.35306471040203136,143,0.804198497250104,151,0.804198497250104,4.166666666666666,false,-8,0
decree,total,66594,Quinchía,Risaralda,122,0.7612793778951502,144,0.7612793778951502,152,0.7612793778951502,0,false,-8,0
decree,total,17486,Neira,Caldas,140,0.5757705720592811,145,0.7588068374913799,153,0.7588068374913799,3.125,false,-8,0
decree,total,41615,Rivera,Huila,69,3.165925925925926,377,0,154,0.7272804738911429,5.104916756372084,true,223,0.7272804738911429
decree,total,19418,López,Cauca,126,0.7123380525006163,146,0.7123380525006163,155,0.7123380525006163,0,false,-9,0
decree,total,17662,Samaná,Caldas,125,0.7185593848195784,147,0.6619878827619652,156,0.6619878827619652,2.083333333333333,false,-9,0
decree,total,17653,Salamina,Caldas,134,0.6446506857352687,148,0.6446506857352687,157,0.6446506857352687,0,false,-9,0
decree,total,76306,Ginebra,Valle del Cauca,150,0.4884792612632739,149,0.6411991686706813,158,0.6411991686706813,3.125,false,-9,0
decree,total,27615,Riosucio,Chocó,121,0.7810182713809211,209,0.08338864175129139,159,0.6190481164473252,3.4125683246721197,true,50,0.5356594746960338
decree,total,76147,Cartago,Valle del Cauca,154,0.4465908431642571,150,0.5901061154811351,160,0.5901061154811351,1.3392857142857142,false,-10,0
decree,total,05034,Andes,Antioquia,174,0.24014907044175335,151,0.5355865704417535,161,0.5355865704417535,3.125,false,-10,0
decree,total,17513,Pácora,Caldas,144,0.5157015258584822,152,0.5157015258584822,162,0.5157015258584822,0,false,-10,0
decree,total,27150,Carmen Del Darién,Chocó,146,0.5093847567456773,153,0.5093847567456773,163,0.5093847567456773,0,true,-10,0
decree,total,41020,Algeciras,Huila,172,0.2676929258415591,154,0.49588737028600355,164,0.49588737028600355,3.125,false,-10,0
decree,total,05679,Santa Bárbara,Antioquia,159,0.3651339392631276,155,0.49396032815201646,165,0.49396032815201646,3.125,false,-10,0
decree,total,05585,Puerto Nare,Antioquia,130,0.673767569654398,156,0.4832837733581017,166,0.4832837733581017,3.125,false,-10,0
decree,total,05665,San Pedro de Urabá,Antioquia,190,0.1488888888888889,157,0.48156250000000006,167,0.48156250000000006,3.125,false,-10,0
decree,total,73319,Guamo,Tolima,179,0.21468026591029016,158,0.46479600665103094,168,0.46479600665103094,3.125,false,-10,0
decree,total,05282,Fredonia,Antioquia,178,0.22516953971018908,159,0.4616170705743866,169,0.4616170705743866,3.125,false,-10,0
decree,total,73148,Carmen De Apicalá,Tolima,71,3.1339735698494895,160,0.4559064402198601,170,0.4559064402198601,3.125,false,-10,0
decree,total,73067,Ataco,Tolima,151,0.47665390932915963,161,0.45517242784767803,171,0.45517242784767803,2.083333333333333,false,-10,0
decree,total,41306,Gigante,Huila,166,0.3236296296296296,162,0.45510416666666664,172,0.45510416666666664,3.125,false,-10,0
decree,total,05308,Girardota,Antioquia,191,0.13909329277735058,163,0.4424922125304371,173,0.4424922125304371,3.125,false,-10,0
decree,total,05148,Carmen De Viboral,Antioquia,195,0.1277903154740923,164,0.43972781547409234,174,0.43972781547409234,3.125,false,-10,0
decree,total,19130,Cajibío,Cauca,156,0.4163084127297543,165,0.4163084127297543,175,0.4163084127297543,0,false,-10,0
decree,total,76563,Pradera,Valle del Cauca,188,0.17285309058372839,166,0.4022975350281728,176,0.4022975350281728,2.083333333333333,false,-10,0
decree,total,19698,Santander De Quilichao,Cauca,198,0.11685158851491176,167,0.3742246821968289,177,0.3742246821968289,2.083333333333333,false,-10,0
decree,total,19809,Timbiquí,Cauca,158,0.36603721138867035,168,0.36603721138867035,178,0.36603721138867035,0,false,-10,0
decree,total,17777,Supia,Caldas,161,0.36052166517662904,169,0.36052166517662904,179,0.36052166517662904,0,false,-10,0
decree,total,76670,San Pedro,Valle del Cauca,168,0.3139933765009931,171,0.3139933765009931,180,0.3139933765009931,0,false,-9,0
decree,total,41524,Palermo,Huila,152,0.46602834399147347,172,0.3086672328803623,181,0.3086672328803623,2.083333333333333,false,-9,0
decree,total,05129,Caldas,Antioquia,228,0.04340114762649975,173,0.28888888888888886,182,0.28888888888888886,2.083333333333333,false,-9,0
decree,total,19300,Guachené,Cauca,169,0.2879761247503235,174,0.2879761247503235,183,0.2879761247503235,0,false,-9,0
decree,total,27800,Unguía,Chocó,170,0.28618507976667373,175,0.28618507976667373,184,0.28618507976667373,0,false,-9,0
decree,total,05380,La Estrella,Antioquia,192,0.13178743961352654,377,0,185,0.264917308946034,1.9422090098682843,true,192,0.264917308946034
decree,total,05361,Ituango,Antioquia,167,0.3141890630033315,176,0.24437424818851666,186,0.24437424818851666,1.5625,false,-10,0
decree,total,19142,Caloto,Cauca,175,0.23543593206045615,177,0.23543593206045615,187,0.23543593206045615,0,false,-10,0
decree,total,05055,Argelia,Antioquia,177,0.22531253830662817,178,0.22531253830662817,188,0.22531253830662817,0,false,-10,0
decree,total,05101,Ciudad Bolívar,Antioquia,180,0.20982589469206064,179,0.20982589469206064,189,0.20982589469206064,0,false,-10,0
decree,total,05145,Caramanta,Antioquia,181,0.20141275085658344,180,0.20141275085658344,190,0.20141275085658344,0,false,-10,0
decree,total,17380,La Dorada,Caldas,214,0.07237771912655912,181,0.1940050922980499,191,0.1940050922980499,1.0416666666666665,false,-10,0
decree,total,76275,Florida,Valle del Cauca,182,0.19352735531740992,182,0.19352735531740992,192,0.19352735531740992,0,false,-10,0
decree,total,05002,Abejorral,Antioquia,183,0.19289804998106774,183,0.19289804998106774,193,0.19289804998106774,0,false,-10,0
decree,total,17433,Manzanares,Caldas,184,0.1858721297708461,184,0.1858721297708461,194,0.1858721297708461,0,false,-10,0
decree,total,19845,Villa Rica,Cauca,185,0.18327728955379935,185,0.18327728955379935,195,0.18327728955379935,0,false,-10,0
decree,total,73624,Rovira,Tolima,186,0.18212593211990788,186,0.18212593211990788,196,0.18212593211990788,0,false,-10,0
decree,total,19807,Timbío,Cauca,187,0.17891542509254915,187,0.17891542509254915,197,0.17891542509254915,0,false,-10,0
decree,total,17444,Marquetalia,Caldas,189,0.16328071691178386,188,0.16328071691178386,198,0.16328071691178386,0,false,-10,0
decree,total,76520,Palmira,Valle del Cauca,211,0.08242484117637353,189,0.14470575289467041,199,0.14470575289467041,0.5434782608695652,false,-10,0
decree,total,19075,Balboa,Cauca,193,0.13177253878939058,190,0.13177253878939058,200,0.13177253878939058,0,false,-10,0
decree,total,19780,Suárez,Cauca,196,0.1258158832169694,191,0.1258158832169694,201,0.1258158832169694,0,false,-10,0
decree,total,17495,Norcasia,Caldas,197,0.1189985238983167,193,0.1189985238983167,202,0.1189985238983167,0,false,-9,0
decree,total,19455,Miranda,Cauca,199,0.11591064907090913,196,0.11591064907090913,203,0.11591064907090913,0,false,-7,0
decree,total,05756,Sonsón,Antioquia,200,0.11118914425580351,197,0.11118914425580351,204,0.11118914425580351,0,true,-7,0
decree,total,19256,El Tambo,Cauca,201,0.11088090135498829,198,0.11088090135498829,205,0.11088090135498829,0,false,-7,0
decree,total,19001,Popayán,Cauca,255,0.022759574208426205,199,0.10980197013971102,206,0.10980197013971102,0.7575757575757576,false,-7,0
decree,total,19693,San Sebastián,Cauca,202,0.10314034723663282,200,0.10314034723663282,207,0.10314034723663282,0,false,-7,0
decree,total,19821,Toribío,Cauca,203,0.10101885588801784,201,0.10101885588801784,208,0.10101885588801784,0,false,-7,0
decree,total,19318,Guapi,Cauca,204,0.09883175368584415,202,0.09883175368584415,209,0.09883175368584415,0,false,-7,0
decree,total,41872,Villavieja,Huila,206,0.09764403463877763,203,0.09764403463877763,210,0.09764403463877763,0,false,-7,0
decree,total,19622,Rosas,Cauca,207,0.09493466147948644,204,0.09493466147948644,211,0.09493466147948644,0,false,-7,0
decree,total,05873,Vigía Del Fuerte,Antioquia,208,0.09123985650740671,205,0.09123985650740671,212,0.09123985650740671,0,false,-7,0
decree,total,19473,Morales,Cauca,209,0.0905469195507785,206,0.0905469195507785,213,0.0905469195507785,0,false,-7,0
decree,total,41551,Pitalito,Huila,257,0.0221424862285392,207,0.09049259404183194,214,0.09049259404183194,0.625,false,-7,0
decree,total,73504,Ortega,Tolima,210,0.08655060385617122,208,0.08655060385617122,215,0.08655060385617122,0,false,-7,0
decree,total,41298,Garzón,Huila,231,0.041519091285888335,210,0.08283094399014612,216,0.08283094399014612,0.5681818181818182,false,-6,0
decree,total,05390,La Pintada,Antioquia,212,0.08017689331122167,212,0.08017689331122167,217,0.08017689331122167,0,false,-5,0
decree,total,41676,Santa María,Huila,213,0.07697215010337036,213,0.07697215010337036,218,0.07697215010337036,0,false,-5,0
decree,total,05125,Caicedo,Antioquia,215,0.07068787936611784,214,0.07068787936611784,219,0.07068787936611784,0,false,-5,0
decree,total,05021,Alejandría,Antioquia,216,0.06863414077865453,215,0.06863414077865453,220,0.06863414077865453,0,false,-5,0
decree,total,19573,Puerto Tejada,Cauca,217,0.06787869865116745,216,0.06787869865116745,221,0.06787869865116745,0,false,-5,0
decree,total,73236,Dolores,Tolima,218,0.06753544708452475,217,0.06753544708452475,222,0.06753544708452475,0,false,-5,0
decree,total,27580,Rio Iró,Chocó,219,0.06185976775851552,218,0.06185976775851552,223,0.06185976775851552,0,false,-5,0
decree,total,73675,San Antonio,Tolima,220,0.06163677887439785,219,0.06163677887439785,224,0.06163677887439785,0,false,-5,0
decree,total,05615,Rionegro,Antioquia,297,0.006710914454277286,220,0.0609375,225,0.0609375,0.4464285714285714,false,-5,0
decree,total,73622,Roncesvalles,Tolima,221,0.058940918468139106,222,0.058940918468139106,226,0.058940918468139106,0,false,-4,0
decree,total,05197,Cocorná,Antioquia,222,0.0574107798427506,223,0.0574107798427506,227,0.0574107798427506,0,false,-4,0
decree,total,05809,Titiribí,Antioquia,223,0.05031317153330807,224,0.05031317153330807,228,0.05031317153330807,0,false,-4,0
decree,total,41349,Hobo,Huila,224,0.04748120683166,225,0.04748120683166,229,0.04748120683166,0,false,-4,0
decree,total,05209,Concordia,Antioquia,225,0.046497643155317014,226,0.046497643155317014,230,0.046497643155317014,0,false,-4,0
decree,total,05059,Armenia,Antioquia,226,0.04623415553271669,227,0.04623415553271669,231,0.04623415553271669,0,false,-4,0
decree,total,19548,Piendamó Tunia,Cauca,227,0.04575014799615789,228,0.04575014799615789,232,0.04575014799615789,0,false,-4,0
decree,total,05306,Giraldo,Antioquia,229,0.043400995994370466,229,0.043400995994370466,233,0.043400995994370466,0,false,-4,0
decree,total,41801,Teruel,Huila,230,0.04330646019582801,230,0.04330646019582801,234,0.04330646019582801,0,false,-4,0
decree,total,73168,Chaparral,Tolima,232,0.03965491678385143,231,0.03965491678385143,235,0.03965491678385143,0,false,-4,0
decree,total,05044,Anzá,Antioquia,233,0.03759362785201345,232,0.03759362785201345,236,0.03759362785201345,0,false,-4,0
decree,total,73124,Cajamarca,Tolima,234,0.03698188297172912,233,0.03698188297172912,237,0.03698188297172912,0,false,-4,0
decree,total,05674,San Vicente,Antioquia,235,0.03689285191783062,234,0.03689285191783062,238,0.03689285191783062,0,false,-4,0
decree,total,05240,Ebéjico,Antioquia,236,0.03574721395067703,235,0.03574721395067703,239,0.03574721395067703,0,false,-4,0
decree,total,05649,San Carlos,Antioquia,237,0.03293468413885427,236,0.03293468413885427,240,0.03293468413885427,0,false,-4,0
decree,total,05206,Concepción,Antioquia,238,0.0327557477433271,237,0.0327557477433271,241,0.0327557477433271,0,true,-4,0
decree,total,05607,El Retiro,Antioquia,239,0.031831498616648704,238,0.031831498616648704,242,0.031831498616648704,0,false,-4,0
decree,total,19824,Totoró,Cauca,240,0.03151623992928766,239,0.03151623992928766,243,0.03151623992928766,0,false,-4,0
decree,total,05347,Heliconia,Antioquia,241,0.02907807498856882,240,0.02907807498856882,244,0.02907807498856882,0,false,-4,0
decree,total,05858,Vegachí,Antioquia,242,0.028303917701965425,241,0.028303917701965425,245,0.028303917701965425,0,false,-4,0
decree,total,19050,Argelia,Cauca,243,0.028275589241024284,242,0.028275589241024284,246,0.028275589241024284,0,false,-4,0
decree,total,05893,Yondó,Antioquia,244,0.028037727519695736,243,0.028037727519695736,247,0.028037727519695736,0,false,-4,0
decree,total,73585,Purificación,Tolima,245,0.0280061570763818,244,0.0280061570763818,248,0.0280061570763818,0,false,-4,0
decree,total,05376,La Ceja,Antioquia,246,0.02798688094534632,245,0.02798688094534632,249,0.02798688094534632,0,false,-4,0
decree,total,41357,Íquira,Huila,247,0.027207306222850263,246,0.027207306222850263,250,0.027207306222850263,0,false,-4,0
decree,total,41016,Aipe,Huila,248,0.026800086506629406,247,0.026800086506629406,251,0.026800086506629406,0,false,-4,0
decree,total,05591,Puerto Triunfo,Antioquia,249,0.026485316525834607,248,0.026485316525834607,252,0.026485316525834607,0,false,-4,0
decree,total,19100,Bolívar,Cauca,250,0.024984581761571163,249,0.024984581761571163,253,0.024984581761571163,0,false,-4,0
decree,total,73270,Falan,Tolima,251,0.02426011408536321,250,0.02426011408536321,254,0.02426011408536321,0,false,-4,0
decree,total,73483,Natagaima,Tolima,252,0.02375927062651248,251,0.02375927062651248,255,0.02375927062651248,0,false,-4,0
decree,total,05667,San Rafael,Antioquia,253,0.023755686932827293,252,0.023755686932827293,256,0.023755686932827293,0,false,-4,0
decree,total,05368,Jericó,Antioquia,254,0.023662864548466278,253,0.023662864548466278,257,0.023662864548466278,0,true,-4,0
decree,total,05266,Envigado,Antioquia,256,0.02241181737001031,254,0.02241181737001031,258,0.02241181737001031,0,false,-4,0
decree,total,05631,Sabaneta,Antioquia,258,0.022022780849830906,255,0.022022780849830906,259,0.022022780849830906,0,false,-4,0
decree,total,19290,Florencia,Cauca,259,0.02166277509393451,256,0.02166277509393451,260,0.02166277509393451,0,false,-4,0
decree,total,05313,Granada,Antioquia,260,0.021240273993339387,257,0.021240273993339387,261,0.021240273993339387,0,false,-4,0
decree,total,05690,Santo Domingo,Antioquia,261,0.020734013657248748,258,0.020734013657248748,262,0.020734013657248748,0,false,-4,0
decree,total,05042,Santa Fe De Antioquia,Antioquia,262,0.020581584530706878,259,0.020581584530706878,263,0.020581584530706878,0,false,-4,0
decree,total,41001,Neiva,Huila,313,0.004372967362199254,260,0.0189596705141198,264,0.0189596705141198,0.1358695652173913,false,-4,0
decree,total,54418,Lourdes,Norte de Santander,263,0.018336115562678064,261,0.018336115562678064,265,0.018336115562678064,0,false,-4,0
decree,total,05697,Santuario,Antioquia,264,0.01810570746074816,262,0.01810570746074816,266,0.01810570746074816,0,false,-4,0
decree,total,27099,Bojayá,Chocó,265,0.017684709323876217,263,0.017684709323876217,267,0.017684709323876217,0,false,-4,0
decree,total,05541,Peñol,Antioquia,266,0.017580503774038646,264,0.017580503774038646,268,0.017580503774038646,0,false,-4,0
decree,total,05284,Frontino,Antioquia,267,0.01749004943857885,265,0.01749004943857885,269,0.01749004943857885,0,false,-4,0
decree,total,05360,Itagüí,Antioquia,268,0.017219575553643424,266,0.017219575553643424,270,0.017219575553643424,0,false,-4,0
decree,total,19513,Padilla,Cauca,269,0.01717847838332629,267,0.01717847838332629,271,0.01717847838332629,0,false,-4,0
decree,total,05686,Santa Rosa De Osos,Antioquia,270,0.016783388073329433,268,0.016783388073329433,272,0.016783388073329433,0,false,-4,0
decree,total,73026,Alvarado,Tolima,271,0.01606085786641342,269,0.01606085786641342,273,0.01606085786641342,0,true,-4,0
decree,total,05842,Uramita,Antioquia,272,0.015800391540070693,270,0.015800391540070693,274,0.015800391540070693,0,false,-4,0
decree,total,05113,Buriticá,Antioquia,273,0.014476782494104593,271,0.014476782494104593,275,0.014476782494104593,0,false,-4,0
decree,total,05628,Sabanalarga,Antioquia,274,0.01359084684825004,272,0.01359084684825004,276,0.01359084684825004,0,false,-4,0
decree,total,05819,Toledo,Antioquia,275,0.013341841197143902,273,0.013341841197143902,277,0.013341841197143902,0,false,-4,0
decree,total,05411,Liborina,Antioquia,276,0.013044871794871796,274,0.013044871794871796,278,0.013044871794871796,0,false,-4,0
decree,total,73547,Piedras,Tolima,277,0.013005529225908374,275,0.013005529225908374,279,0.013005529225908374,0,false,-4,0
decree,total,05658,San José De La Montaña,Antioquia,278,0.01257911888199536,276,0.01257911888199536,280,0.01257911888199536,0,false,-4,0
decree,total,25398,La Peña,Cundinamarca,279,0.012310041848423593,277,0.012310041848423593,281,0.012310041848423593,0,true,-4,0
decree,total,05425,Maceo,Antioquia,280,0.011949629629629633,278,0.011949629629629633,282,0.011949629629629633,0,false,-4,0
decree,total,05001,Medellín,Antioquia,350,0.0013693586107379212,279,0.011621621621621623,283,0.011621621621621623,0.08445945945945946,false,-4,0
decree,total,73283,Fresno,Tolima,281,0.011435819478196264,280,0.011435819478196264,284,0.011435819478196264,0,false,-4,0
decree,total,05264,Entrerrios,Antioquia,282,0.01097489501615945,281,0.01097489501615945,285,0.01097489501615945,0,false,-4,0
decree,total,05134,Campamento,Antioquia,283,0.010583318386990705,282,0.010583318386990705,286,0.010583318386990705,0,false,-4,0
decree,total,05079,Barbosa,Antioquia,284,0.010480985626598271,283,0.010480985626598271,287,0.010480985626598271,0,false,-4,0
decree,total,05890,Yolombó,Antioquia,285,0.01028095447719489,284,0.01028095447719489,288,0.01028095447719489,0,false,-4,0
decree,total,54660,Salazar,Norte de Santander,286,0.010064731980507672,285,0.010064731980507672,289,0.010064731980507672,0,false,-4,0
decree,total,54743,Silos,Norte de Santander,287,0.010026333673122664,286,0.010026333673122664,290,0.010026333673122664,0,false,-4,0
decree,total,05652,San Francisco,Antioquia,288,0.009396825396825398,287,0.009396825396825398,291,0.009396825396825398,0,false,-4,0
decree,total,05310,Gómez Plata,Antioquia,289,0.008963631058301285,288,0.008963631058301285,292,0.008963631058301285,0,false,-4,0
decree,total,73861,Venadillo,Tolima,290,0.008737713258855112,289,0.008737713258855112,293,0.008737713258855112,0,false,-4,0
decree,total,41483,Nátaga,Huila,291,0.00836028192371476,290,0.00836028192371476,294,0.00836028192371476,0,true,-4,0
decree,total,73770,Suárez,Tolima,292,0.00806438823647496,291,0.00806438823647496,295,0.00806438823647496,0,false,-4,0
decree,total,73461,Murillo,Tolima,293,0.008011614937887004,292,0.008011614937887004,296,0.008011614937887004,0,false,-4,0
decree,total,05543,Peque,Antioquia,294,0.00788258451246782,293,0.00788258451246782,297,0.00788258451246782,0,true,-4,0
decree,total,19392,La Sierra,Cauca,295,0.007370168366137064,294,0.007370168366137064,298,0.007370168366137064,0,false,-4,0
decree,total,05031,Amalfi,Antioquia,296,0.0072979959777172655,295,0.0072979959777172655,299,0.0072979959777172655,0,false,-4,0
decree,total,19785,Sucre,Cauca,298,0.006705657702158802,296,0.006705657702158802,300,0.006705657702158802,0,false,-4,0
decree,total,54128,Cáchira,Norte de Santander,299,0.00652176263855096,297,0.00652176263855096,301,0.00652176263855096,0,false,-4,0
decree,total,25491,Nocaima,Cundinamarca,300,0.0064626569620668175,298,0.0064626569620668175,302,0.0064626569620668175,0,true,-4,0
decree,total,05854,Valdivia,Antioquia,301,0.006157175527382133,299,0.006157175527382133,303,0.006157175527382133,0,false,-4,0
decree,total,19355,Inzá,Cauca,302,0.006099013741134752,300,0.006099013741134752,304,0.006099013741134752,0,false,-4,0
decree,total,05142,Caracolí,Antioquia,303,0.006007084115491195,301,0.006007084115491195,305,0.006007084115491195,0,false,-4,0
decree,total,25151,Cáqueza,Cundinamarca,304,0.0055498796733293495,302,0.0055498796733293495,306,0.0055498796733293495,0,false,-4,0
decree,total,73411,Líbano,Tolima,305,0.0054534633801284135,303,0.0054534633801284135,307,0.0054534633801284135,0,false,-4,0
decree,total,73152,Casabianca,Tolima,306,0.005022880495295428,304,0.005022880495295428,308,0.005022880495295428,0,false,-4,0
decree,total,41132,Campoalegre,Huila,307,0.004886003363383234,305,0.004886003363383234,309,0.004886003363383234,0,false,-4,0
decree,total,25095,Bituima,Cundinamarca,308,0.0047938396349413315,306,0.0047938396349413315,310,0.0047938396349413315,0,true,-4,0
decree,total,05190,Cisneros,Antioquia,309,0.00474699602661688,307,0.00474699602661688,311,0.00474699602661688,0,false,-4,0
decree,total,54223,Cucutilla,Norte de Santander,310,0.00464580801296403,308,0.00464580801296403,312,0.00464580801296403,0,false,-4,0
decree,total,05038,Angostura,Antioquia,311,0.0045124376504987965,309,0.0045124376504987965,313,0.0045124376504987965,0,false,-4,0
decree,total,54673,San Cayetano,Norte de Santander,312,0.004448620727552479,310,0.004448620727552479,314,0.004448620727552479,0,false,-4,0
decree,total,19585,Puracé,Cauca,314,0.004286471183652813,311,0.004286471183652813,315,0.004286471183652813,0,false,-4,0
decree,total,54871,Villa Caro,Norte de Santander,315,0.0042553991725557735,312,0.0042553991725557735,316,0.0042553991725557735,0,false,-4,0
decree,total,73671,Saldaña,Tolima,316,0.0037733039754665465,313,0.0037733039754665465,317,0.0037733039754665465,0,false,-4,0
decree,total,25489,Nimaima,Cundinamarca,317,0.0034875374664773626,314,0.0034875374664773626,318,0.0034875374664773626,0,true,-4,0
decree,total,25580,Pulí,Cundinamarca,318,0.0034274629048070054,315,0.0034274629048070054,319,0.0034274629048070054,0,true,-4,0
decree,total,25898,Zipacón,Cundinamarca,319,0.0034153671215074732,316,0.0034153671215074732,320,0.0034153671215074732,0,true,-4,0
decree,total,73686,Santa Isabel,Tolima,320,0.0032603419164204312,317,0.0032603419164204312,321,0.0032603419164204312,0,false,-4,0
decree,total,54520,Pamplonita,Norte de Santander,321,0.003125219912188107,318,0.003125219912188107,322,0.003125219912188107,0,false,-4,0
decree,total,41359,Isnos,Huila,322,0.003101497145321847,319,0.003101497145321847,323,0.003101497145321847,0,false,-4,0
decree,total,25599,Apulo,Cundinamarca,323,0.0028794715845922437,320,0.0028794715845922437,324,0.0028794715845922437,0,false,-4,0
decree,total,25805,Tibacuy,Cundinamarca,324,0.0028365764059293695,321,0.0028365764059293695,325,0.0028365764059293695,0,true,-4,0
decree,total,05315,Guadalupe,Antioquia,325,0.0026577135524550226,322,0.0026577135524550226,326,0.0026577135524550226,0,false,-4,0
decree,total,73275,Flandes,Tolima,326,0.0026242319553194137,323,0.0026242319553194137,327,0.0026242319553194137,0,false,-4,0
decree,total,41548,Pital,Huila,327,0.0026202076473441057,324,0.0026202076473441057,328,0.0026202076473441057,0,false,-4,0
decree,total,54003,Ábrego,Norte de Santander,328,0.0025840427553153024,325,0.0025840427553153024,329,0.0025840427553153024,0,false,-4,0
decree,total,25885,Yacopí,Cundinamarca,329,0.002559890517157577,326,0.002559890517157577,330,0.002559890517157577,0,false,-4,0
decree,total,73352,Icononzo,Tolima,330,0.0024116605649636,327,0.0024116605649636,331,0.0024116605649636,0,false,-4,0
decree,total,25326,Guatavita,Cundinamarca,331,0.002379359394673699,328,0.002379359394673699,332,0.002379359394673699,0,false,-4,0
decree,total,25312,Granada,Cundinamarca,332,0.0023714907621106103,329,0.0023714907621106103,333,0.0023714907621106103,0,true,-4,0
decree,total,05885,Yalí,Antioquia,333,0.0023131251689645855,330,0.0023131251689645855,334,0.0023131251689645855,0,false,-4,0
decree,total,25862,Vergara,Cundinamarca,334,0.0022499513524031913,331,0.0022499513524031913,335,0.0022499513524031913,0,false,-4,0
decree,total,25758,Sopó,Cundinamarca,335,0.002237697555075287,332,0.002237697555075287,336,0.002237697555075287,0,false,-4,0
decree,total,25224,Cucunubá,Cundinamarca,336,0.0021842462023980175,333,0.0021842462023980175,337,0.0021842462023980175,0,true,-4,0
decree,total,25019,Albán,Cundinamarca,337,0.0019999441448577725,334,0.0019999441448577725,338,0.0019999441448577725,0,true,-4,0
decree,total,19533,Piamonte,Cauca,338,0.0019586802872921857,335,0.0019586802872921857,339,0.0019586802872921857,0,false,-4,0
decree,total,25535,Pasca,Cundinamarca,339,0.0018942009549354182,336,0.0018942009549354182,340,0.0018942009549354182,0,true,-4,0
decree,total,73408,Lérida,Tolima,340,0.0018868376288291382,337,0.0018868376288291382,341,0.0018868376288291382,0,false,-4,0
decree,total,54874,Villa del Rosario,Norte de Santander,341,0.0018707769758253793,338,0.0018707769758253793,342,0.0018707769758253793,0,false,-4,0
decree,total,25839,Ubalá,Cundinamarca,342,0.0018459364620165009,339,0.0018459364620165009,343,0.0018459364620165009,0,true,-4,0
decree,total,05847,Urrao,Antioquia,343,0.0017980065359477124,340,0.0017980065359477124,344,0.0017980065359477124,0,false,-4,0
decree,total,25099,Bojacá,Cundinamarca,344,0.0017199782292531035,341,0.0017199782292531035,345,0.0017199782292531035,0,true,-4,0
decree,total,05604,Remedios,Antioquia,345,0.0016909070986735474,342,0.0016909070986735474,346,0.0016909070986735474,0,false,-4,0
decree,total,25438,Medina,Cundinamarca,346,0.0016902211054438776,343,0.0016902211054438776,347,0.0016902211054438776,0,false,-4,0
decree,total,41396,La Plata,Huila,347,0.0016163129288449146,344,0.0016163129288449146,348,0.0016163129288449146,0,false,-4,0
decree,total,54250,El Tarra,Norte de Santander,348,0.0015909099204654542,345,0.0015909099204654542,349,0.0015909099204654542,0,false,-4,0
decree,total,25488,Nilo,Cundinamarca,349,0.0015670603958965472,346,0.0015670603958965472,350,0.0015670603958965472,0,true,-4,0
decree,total,05670,San Roque,Antioquia,351,0.0012702061974498684,347,0.0012702061974498684,351,0.0012702061974498684,0,false,-4,0
decree,total,54800,Teorama,Norte de Santander,352,0.001234570282363833,348,0.001234570282363833,352,0.001234570282363833,0,false,-4,0
decree,total,54405,Los Patios,Norte de Santander,353,0.0011849024829162717,349,0.0011849024829162717,353,0.0011849024829162717,0,false,-4,0
decree,total,54820,Toledo,Norte de Santander,354,0.0011772860431052523,350,0.0011772860431052523,354,0.0011772860431052523,0,false,-4,0
decree,total,41791,Tarqui,Huila,355,0.001038884618476317,351,0.001038884618476317,355,0.001038884618476317,0,false,-4,0
decree,total,25875,Villeta,Cundinamarca,356,0.0009453866639327656,352,0.0009453866639327656,356,0.0009453866639327656,0,false,-4,0
decree,total,05040,Anorí,Antioquia,357,0.0008595152879246305,353,0.0008595152879246305,357,0.0008595152879246305,0,false,-4,0
decree,total,25214,Cota,Cundinamarca,358,0.000826961581505963,354,0.000826961581505963,358,0.000826961581505963,0,true,-4,0
decree,total,73449,Melgar,Tolima,359,0.0008237059527446787,355,0.0008237059527446787,359,0.0008237059527446787,0,false,-4,0
decree,total,25200,Cogua,Cundinamarca,360,0.0007954625982200547,356,0.0007954625982200547,360,0.0007954625982200547,0,true,-4,0
decree,total,05147,Carepa,Antioquia,361,0.0007764097570024115,357,0.0007764097570024115,361,0.0007764097570024115,0,false,-4,0
decree,total,41006,Acevedo,Huila,362,0.0007752597052647227,358,0.0007752597052647227,362,0.0007752597052647227,0,false,-4,0
decree,total,54172,Chinácota,Norte de Santander,363,0.0007474021121100822,359,0.0007474021121100822,363,0.0007474021121100822,0,false,-4,0
decree,total,54001,San José de Cúcuta,Norte de Santander,364,0.0007275064877993741,360,0.0007275064877993741,364,0.0007275064877993741,0,false,-4,0
decree,total,05172,Chigorodó,Antioquia,365,0.0007148437706906505,361,0.0007148437706906505,365,0.0007148437706906505,0,false,-4,0
decree,total,54518,Pamplona,Norte de Santander,366,0.000710601219282717,362,0.000710601219282717,366,0.000710601219282717,0,false,-4,0
decree,total,41770,Suaza,Huila,367,0.0007000874080929611,363,0.0007000874080929611,367,0.0007000874080929611,0,false,-4,0
decree,total,25815,Tocaima,Cundinamarca,368,0.0006414731152223431,364,0.0006414731152223431,368,0.0006414731152223431,0,false,-4,0
decree,total,05490,Necoclí,Antioquia,369,0.0005278641111974445,365,0.0005278641111974445,369,0.0005278641111974445,0,false,-4,0
decree,total,25320,Guaduas,Cundinamarca,370,0.0005146840468264017,366,0.0005146840468264017,370,0.0005146840468264017,0,false,-4,0
decree,total,25430,Madrid,Cundinamarca,371,0.0005094202898550725,367,0.0005094202898550725,371,0.0005094202898550725,0,false,-4,0
decree,total,05030,Amagá,Antioquia,372,0.0005069363450224193,368,0.0005069363450224193,372,0.0005069363450224193,0,false,-4,0
decree,total,05045,Apartadó,Antioquia,373,0.0004931047539333792,369,0.0004931047539333792,373,0.0004931047539333792,0,false,-4,0
decree,total,05318,Guarne,Antioquia,374,0.0004806092888515092,370,0.0004806092888515092,374,0.0004806092888515092,0,false,-4,0
decree,total,73443,Mariquita,Tolima,375,0.00043081290865709665,371,0.00043081290865709665,375,0.00043081290865709665,0,false,-4,0
decree,total,25286,Funza,Cundinamarca,376,0.0001551807833602791,372,0.0001551807833602791,376,0.0001551807833602791,0,false,-4,0
decree,total,25307,Girardot,Cundinamarca,377,0.0001483137621767036,373,0.0001483137621767036,377,0.0001483137621767036,0,false,-4,0
decree,total,54498,Ocaña,Norte de Santander,378,0.00014683414910926984,374,0.00014683414910926984,378,0.00014683414910926984,0,false,-4,0
decree,total,05088,Bello,Antioquia,379,0.00006392205658395431,375,0.00006392205658395431,379,0.00006392205658395431,0,false,-4,0
decree,total,25754,Soacha,Cundinamarca,380,0.00002066022872596627,376,0.00002066022872596627,380,0.00002066022872596627,0,false,-4,0
decree,total,25001,Agua De Dios,Cundinamarca,381,0,377,0,381,0,0,false,-4,0
decree,total,19022,Almaguer,Cauca,381,0,377,0,381,0,0,false,-4,0
decree,total,25035,Anapoima,Cundinamarca,381,0,377,0,381,0,0,true,-4,0
decree,total,25040,Anolaima,Cundinamarca,381,0,377,0,381,0,0,false,-4,0
decree,total,73043,Anzoátegui,Tolima,381,0,377,0,381,0,0,true,-4,0
decree,total,25053,Arbeláez,Cundinamarca,381,0,377,0,381,0,0,false,-4,0
decree,total,25086,Beltrán,Cundinamarca,381,0,377,0,381,0,0,true,-4,0
decree,total,25120,Cabrera,Cundinamarca,381,0,377,0,381,0,0,true,-4,0
decree,total,25126,Cajicá,Cundinamarca,381,0,377,0,381,0,0,false,-4,0
decree,total,05138,Cañasgordas,Antioquia,381,0,377,0,381,0,0,false,-4,0
decree,total,25148,Caparrapí,Cundinamarca,381,0,377,0,381,0,0,true,-4,0
decree,total,25154,Carmen De Carupa,Cundinamarca,381,0,377,0,381,0,0,false,-4,0
decree,total,05150,Carolina,Antioquia,381,0,377,0,381,0,0,false,-4,0
decree,total,25175,Chía,Cundinamarca,381,0,377,0,381,0,0,false,-4,0
decree,total,25178,Chipaque,Cundinamarca,381,0,377,0,381,0,0,true,-4,0
decree,total,25181,Choachí,Cundinamarca,381,0,377,0,381,0,0,true,-4,0
decree,total,25183,Chocontá,Cundinamarca,381,0,377,0,381,0,0,false,-4,0
decree,total,73200,Coello,Tolima,381,0,377,0,381,0,0,false,-4,0
decree,total,19212,Corinto,Cauca,381,0,377,0,381,0,0,false,-4,0
decree,total,73217,Coyaima,Tolima,381,0,377,0,381,0,0,false,-4,0
decree,total,05237,Donmatías,Antioquia,381,0,377,0,381,0,0,false,-4,0
decree,total,05250,El Bagre,Antioquia,381,0,377,0,381,0,0,false,-4,0
decree,total,25260,El Rosal,Cundinamarca,381,0,377,0,381,0,0,true,-4,0
decree,total,54261,El Zulia,Norte de Santander,381,0,377,0,381,0,0,false,-4,0
decree,total,73268,Espinal,Tolima,381,0,377,0,381,0,0,false,-4,0
decree,total,25281,Fosca,Cundinamarca,381,0,377,0,381,0,0,false,-4,0
decree,total,25290,Fusagasugá,Cundinamarca,381,0,377,0,381,0,0,false,-4,0
decree,total,25322,Guasca,Cundinamarca,381,0,377,0,381,0,0,false,-4,0
decree,total,05321,Guatapé,Antioquia,381,0,377,0,381,0,0,false,-4,0
decree,total,25328,Guayabal De Síquima,Cundinamarca,381,0,377,0,381,0,0,true,-4,0
decree,total,25335,Guayabetal,Cundinamarca,381,0,377,0,381,0,0,true,-4,0
decree,total,25339,Gutiérrez,Cundinamarca,381,0,377,0,381,0,0,true,-4,0
decree,total,73349,Honda,Tolima,381,0,377,0,381,0,0,false,-4,0
decree,total,73001,Ibagué,Tolima,381,0,377,0,381,0,0,false,-4,0
decree,total,25372,Junín,Cundinamarca,381,0,377,0,381,0,0,false,-4,0
decree,total,25377,La Calera,Cundinamarca,381,0,377,0,381,0,0,false,-4,0
decree,total,25386,La Mesa,Cundinamarca,381,0,377,0,381,0,0,false,-4,0
decree,total,25394,La Palma,Cundinamarca,381,0,377,0,381,0,0,false,-4,0
decree,total,19397,La Vega,Cauca,381,0,377,0,381,0,0,false,-4,0
decree,total,25426,Machetá,Cundinamarca,381,0,377,0,381,0,0,true,-4,0
decree,total,25436,Manta,Cundinamarca,381,0,377,0,381,0,0,true,-4,0
decree,total,05440,Marinilla,Antioquia,381,0,377,0,381,0,0,false,-4,0
decree,total,86001,Mocoa,Putumayo,381,0,377,0,381,0,0,false,-4,0
decree,total,25473,Mosquera,Cundinamarca,381,0,377,0,381,0,0,false,-4,0
decree,total,05480,Mutatá,Antioquia,381,0,377,0,381,0,0,false,-4,0
decree,total,25483,Nariño,Cundinamarca,381,0,377,0,381,0,0,true,-4,0
decree,total,25513,Pacho,Cundinamarca,381,0,377,0,381,0,0,false,-4,0
decree,total,41530,Palestina,Huila,381,0,377,0,381,0,0,false,-4,0
decree,total,25524,Pandi,Cundinamarca,381,0,377,0,381,0,0,true,-4,0
decree,total,25530,Paratebueno,Cundinamarca,381,0,377,0,381,0,0,false,-4,0
decree,total,73555,Planadas,Tolima,381,0,377,0,381,0,0,false,-4,0
decree,total,25572,Puerto Salgar,Cundinamarca,381,0,377,0,381,0,0,false,-4,0
decree,total,25592,Quebradanegra,Cundinamarca,381,0,377,0,381,0,0,true,-4,0
decree,total,25596,Quipile,Cundinamarca,381,0,377,0,381,0,0,true,-4,0
decree,total,73616,Rioblanco,Tolima,381,0,377,0,381,0,0,false,-4,0
decree,total,41660,Saladoblanco,Huila,381,0,377,0,381,0,0,false,-4,0
decree,total,41668,San Agustín,Huila,381,0,377,0,381,0,0,false,-4,0
decree,total,25645,San Antonio del Tequendama,Cundinamarca,381,0,377,0,381,0,0,false,-4,0
decree,total,25658,San Francisco,Cundinamarca,381,0,377,0,381,0,0,false,-4,0
decree,total,25662,San Juan De Rioseco,Cundinamarca,381,0,377,0,381,0,0,false,-4,0
decree,total,73678,San Luis,Tolima,381,0,377,0,381,0,0,false,-4,0
decree,total,25736,Sesquilé,Cundinamarca,381,0,377,0,381,0,0,false,-4,0
decree,total,25740,Sibaté,Cundinamarca,381,0,377,0,381,0,0,false,-4,0
decree,total,25743,Silvania,Cundinamarca,381,0,377,0,381,0,0,false,-4,0
decree,total,25769,Subachoque,Cundinamarca,381,0,377,0,381,0,0,true,-4,0
decree,total,25772,Suesca,Cundinamarca,381,0,377,0,381,0,0,false,-4,0
decree,total,25777,Supatá,Cundinamarca,381,0,377,0,381,0,0,true,-4,0
decree,total,25781,Sutatausa,Cundinamarca,381,0,377,0,381,0,0,true,-4,0
decree,total,25785,Tabio,Cundinamarca,381,0,377,0,381,0,0,false,-4,0
decree,total,25793,Tausa,Cundinamarca,381,0,377,0,381,0,0,false,-4,0
decree,total,25797,Tena,Cundinamarca,381,0,377,0,381,0,0,true,-4,0
decree,total,25807,Tibirita,Cundinamarca,381,0,377,0,381,0,0,true,-4,0
decree,total,54810,Tibú,Norte de Santander,381,0,377,0,381,0,0,false,-4,0
decree,total,41807,Timaná,Huila,381,0,377,0,381,0,0,false,-4,0
decree,total,25823,Topaipí,Cundinamarca,381,0,377,0,381,0,0,true,-4,0
decree,total,05837,Turbo,Antioquia,381,0,377,0,381,0,0,false,-4,0
decree,total,25841,Ubaque,Cundinamarca,381,0,377,0,381,0,0,true,-4,0
decree,total,25851,Útica,Cundinamarca,381,0,377,0,381,0,0,true,-4,0
decree,total,73854,Valle De San Juan,Tolima,381,0,377,0,381,0,0,false,-4,0
decree,total,25506,Venecia,Cundinamarca,381,0,377,0,381,0,0,true,-4,0
decree,total,25867,Vianí,Cundinamarca,381,0,377,0,381,0,0,false,-4,0
decree,total,25843,Villa de San Diego de Ubaté,Cundinamarca,381,0,377,0,381,0,0,true,-4,0
decree,total,86885,Villagarzón,Putumayo,381,0,377,0,381,0,0,false,-4,0
decree,total,25871,Villagómez,Cundinamarca,381,0,377,0,381,0,0,true,-4,0
decree,total,25873,Villapinzón,Cundinamarca,381,0,377,0,381,0,0,false,-4,0
decree,total,05887,Yarumal,Antioquia,381,0,377,0,381,0,0,false,-4,0
decree,total,05895,Zaragoza,Antioquia,381,0,377,0,381,0,0,false,-4,0
decree,total,25899,Zipaquirá,Cundinamarca,381,0,377,0,381,0,0,false,-4,0
decree,grave,76828,Trujillo,Valle del Cauca,6,15.055762573108913,1,23.109466276812622,1,23.109466276812622,100,false,0,0
decree,grave,27810,Unión Panamericana,Chocó,1,21.321140416367335,2,17.932992268219188,2,18.885908934885855,6.25,true,0,0.9529166666666669
decree,grave,76054,Argelia,Valle del Cauca,3,15.884399347550708,3,13.763982680884045,3,13.763982680884045,18.75,false,0,0
decree,grave,66001,Pereira,Risaralda,7,12.983749006068404,4,13.58281004113729,4,13.58281004113729,5.059523809523809,false,0,0
decree,grave,27050,Atrato,Chocó,2,19.545326747529586,21,4.161993414196252,5,12.815118414196252,56.25,true,16,8.653125
decree,grave,76622,Roldanillo,Valle del Cauca,10,10.526881877123426,5,11.223191033502028,6,11.223191033502028,6.25,false,-1,0
decree,grave,27745,Sipí,Chocó,5,15.653294343240352,6,10.651859158055165,7,10.651859158055165,12.5,false,-1,0
decree,grave,76243,El Águila,Valle del Cauca,11,8.976717187714133,7,9.079379224751168,8,9.079379224751168,6.25,false,-1,0
decree,grave,76246,El Cairo,Valle del Cauca,12,8.679624814038437,8,8.679624814038437,9,8.679624814038437,0,false,-1,0
decree,grave,27787,Tadó,Chocó,27,4.572217167884048,9,8.227286612328491,10,8.227286612328491,31.25,false,-1,0
decree,grave,76863,Versalles,Valle del Cauca,14,8.055833870526902,10,7.889707327317025,11,7.889707327317025,6.25,false,-1,0
decree,grave,76126,Calima,Valle del Cauca,16,7.613139418292785,11,7.769910251626118,12,7.769910251626118,3.125,false,-1,0
decree,grave,76823,Toro,Valle del Cauca,15,7.9249882547824715,12,7.75828300786889,13,7.75828300786889,6.25,false,-1,0
decree,grave,27001,Quibdó,Chocó,25,4.922767375108225,13,6.746378486219337,14,6.746378486219337,15.340909090909092,false,-1,0
decree,grave,27430,Medio Baudó,Chocó,8,12.93269721645638,14,6.6189564757156365,15,6.6189564757156365,5,false,-1,0
decree,grave,76497,Obando,Valle del Cauca,4,15.66933959239704,15,6.486376629434075,16,6.486376629434075,25,false,-1,0
decree,grave,76250,El Dovio,Valle del Cauca,13,8.597134848526515,16,6.269449663341331,17,6.269449663341331,6.25,false,-1,0
decree,grave,76606,Restrepo,Valle del Cauca,23,5.143124630310756,17,6.203531008911579,18,6.203531008911579,12.5,false,-1,0
decree,grave,76890,Yotoco,Valle del Cauca,22,5.19435331651843,18,5.924908872073985,19,5.924908872073985,9.375,false,-1,0
decree,grave,76616,Riofrío,Valle del Cauca,26,4.754602848422046,19,5.244417663236861,20,5.244417663236861,6.25,false,-1,0
decree,grave,27006,Acandí,Chocó,18,6.687407407407408,211,0,21,5.169723559122101,34.357932382291324,true,190,5.169723559122101
decree,grave,27250,El Litoral Del San Juán,Chocó,21,5.7634921097931535,20,4.197890257941301,22,4.197890257941301,12.5,false,-2,0
decree,grave,27495,Nuquí,Chocó,17,7.020668551456029,198,0.014742625530103104,23,3.9555759588634367,25,true,175,3.9408333333333334
decree,grave,76736,Sevilla,Valle del Cauca,44,3.1813141480067006,22,3.947576856793919,24,3.947576856793919,6.25,false,-2,0
decree,grave,63594,Quimbaya,Quindío,31,4.068896421325276,24,3.4437112361400906,25,3.9312994715092167,3.466267076083835,true,-1,0.4875882353691261
decree,grave,27450,Medio San Juan,Chocó,9,11.411301077054938,65,0.9735232992771625,26,3.909148299277163,18.75,true,39,2.935625000000001
decree,grave,27073,Bagadó,Chocó,20,6.081965264600273,116,0.7375208201558292,27,3.7437708201558295,18.75,true,89,3.0062500000000005
decree,grave,66440,Marsella,Risaralda,46,3.1212383143664897,23,3.7029836847368607,28,3.7029836847368607,6.25,false,-5,0
decree,grave,66687,Santuario,Risaralda,34,3.3653461330964007,25,3.374603287978556,29,3.374603287978556,2.083333333333333,false,-4,0
decree,grave,63470,Montenegro,Quindío,32,3.439784961918562,26,3.1933729248815252,30,3.1933729248815252,9.375,false,-4,0
decree,grave,76041,Ansermanuevo,Valle del Cauca,48,2.812782555680639,27,3.0723612593843432,31,3.0723612593843432,6.25,false,-4,0
decree,grave,76400,La Unión,Valle del Cauca,49,2.742741292268935,28,3.071072972163115,32,3.071072972163115,3.125,false,-4,0
decree,grave,63272,Filandia,Quindío,56,1.9083308540814712,29,2.876154928155546,33,2.876154928155546,12.5,false,-4,0
decree,grave,27600,Rio Quito,Chocó,19,6.082958492800449,30,2.7512455298374867,34,2.7512455298374867,15.625,false,-4,0
decree,grave,76233,Dagua,Valle del Cauca,52,2.4134249587047707,31,2.6613416253714375,35,2.6613416253714375,3.125,false,-4,0
decree,grave,76377,La Cumbre,Valle del Cauca,24,4.951491973779246,32,2.5230814799520864,36,2.5230814799520864,12.5,false,-4,0
decree,grave,66075,Balboa,Risaralda,53,2.4025911912000444,33,2.5024985986074517,37,2.5024985986074517,6.25,false,-4,0
decree,grave,17665,San José,Caldas,50,2.5351422116235285,34,2.3654277054506894,38,2.3654277054506894,6.25,false,-4,0
decree,grave,63190,Circasia,Quindío,55,2.073467407358281,35,2.336426512296552,39,2.336426512296552,3.125,false,-4,0
decree,grave,17877,Viterbo,Caldas,62,1.7310069632310099,36,2.331638276362323,40,2.331638276362323,6.25,false,-4,0
decree,grave,19743,Silvia,Cauca,112,0.5136574074074074,37,2.3114583333333334,41,2.3114583333333334,15.625,false,-4,0
decree,grave,63690,Salento,Quindío,30,4.393351846041543,38,2.1588379571526537,42,2.1588379571526537,6.25,false,-4,0
decree,grave,76100,Bolívar,Valle del Cauca,104,0.5844423042634604,39,2.1202219338930903,43,2.1202219338930903,12.5,false,-4,0
decree,grave,66170,Dosquebradas,Risaralda,54,2.118146969179339,40,2.118146969179339,44,2.118146969179339,0,false,-4,0
decree,grave,76895,Zarzal,Valle del Cauca,72,1.342993779033728,41,2.08854563088558,45,2.08854563088558,6.25,false,-4,0
decree,grave,66456,Mistrató,Risaralda,61,1.779964052487872,42,2.085137663598983,46,2.085137663598983,9.375,false,-4,0
decree,grave,27660,San José Del Palmar,Chocó,29,4.489782457507603,43,2.0455000501001956,47,2.0455000501001956,6.25,false,-4,0
decree,grave,27491,Nóvita,Chocó,58,1.8298739440636491,44,1.936378573693279,48,1.936378573693279,6.25,false,-4,0
decree,grave,19364,Jambaló,Cauca,96,0.6802308571602008,45,1.8791660423453862,49,1.8791660423453862,12.5,false,-4,0
decree,grave,27361,Istmina,Chocó,65,1.6549074202104936,46,1.8696536808942548,50,1.8696536808942548,3.125,false,-4,0
decree,grave,76845,Ulloa,Valle del Cauca,28,4.505209182116905,47,1.804861959894684,51,1.804861959894684,3.125,false,-4,0
decree,grave,17088,Belalcázar,Caldas,59,1.7975967680953944,48,1.7975967680953944,52,1.7975967680953944,0,false,-4,0
decree,grave,63212,Córdoba,Quindío,57,1.9008346727652135,49,1.7346695493084237,53,1.7346695493084237,6.25,false,-4,0
decree,grave,76001,Santiago de Cali,Valle del Cauca,68,1.6122813077517784,50,1.6539509865527058,54,1.6539509865527058,0.34916201117318435,false,-4,0
decree,grave,76122,Caicedonia,Valle del Cauca,82,0.9756946386678287,51,1.650598959655483,55,1.650598959655483,6.25,false,-4,0
decree,grave,66088,Belén De Umbría,Risaralda,69,1.505415251577616,52,1.6062485849109494,56,1.6062485849109494,2.083333333333333,false,-4,0
decree,grave,76109,Buenaventura,Valle del Cauca,77,1.1095725213991179,53,1.5671305041391395,57,1.5671305041391395,3.4722222222222223,false,-4,0
decree,grave,66318,Guática,Risaralda,74,1.2700335873415154,54,1.532741920674849,58,1.532741920674849,6.25,false,-4,0
decree,grave,76403,La Victoria,Valle del Cauca,78,1.0695009477576858,55,1.5030293869111249,59,1.5030293869111249,6.25,false,-4,0
decree,grave,63111,Buenavista,Quindío,71,1.3988582888687562,56,1.3988582888687562,60,1.3988582888687562,0,false,-4,0
decree,grave,27025,Alto Baudó,Chocó,51,2.4381158979527737,57,1.3835854746723508,61,1.3835854746723508,6.25,false,-4,0
decree,grave,76113,Bugalagrande,Valle del Cauca,85,0.89008550570022,58,1.2380491701222176,62,1.2380491701222176,3.125,false,-4,0
decree,grave,63130,Calarcá,Quindío,87,0.8560896792304282,59,1.1905338402281604,63,1.1905338402281604,3.75,false,-4,0
decree,grave,19137,Caldono,Cauca,131,0.3341693201938252,60,1.163534399558905,64,1.163534399558905,6.25,false,-4,0
decree,grave,66400,La Virginia,Risaralda,81,0.9853087879264919,91,0.9096086975922552,65,1.161959809371155,1.80680986953866,true,26,0.2523511117788998
decree,grave,27245,El Carmen,Chocó,83,0.9510274354484457,164,0.11028669470770484,66,1.0561200280410383,6.25,true,98,0.9458333333333335
decree,grave,76020,Alcalá,Valle del Cauca,79,1.0521148097021729,61,1.0521148097021729,67,1.0521148097021729,0,false,-6,0
decree,grave,27077,Bajo Baudó,Chocó,70,1.406460458344927,62,1.028367865752334,68,1.028367865752334,2.083333333333333,false,-6,0
decree,grave,73347,Herveo,Tolima,75,1.1962738090132052,63,1.0211194880255512,69,1.0211194880255512,6.25,false,-6,0
decree,grave,76318,Guacarí,Valle del Cauca,128,0.3476976161552176,64,1.0089321840564522,70,1.0089321840564522,6.25,false,-6,0
decree,grave,19701,Santa Rosa,Cauca,105,0.575432098765432,66,0.9710416666666667,71,0.9710416666666667,6.25,false,-5,0
decree,grave,17388,La Merced,Caldas,94,0.7077927632223788,67,0.9692973928520084,72,0.9692973928520084,6.25,false,-5,0
decree,grave,41206,Colombia,Huila,33,3.4200000000000004,68,0.961875,73,0.961875,6.25,false,-5,0
decree,grave,05642,Salgar,Antioquia,126,0.3511405143478298,69,0.9549044032367187,74,0.9549044032367187,6.25,false,-5,0
decree,grave,19517,Páez,Cauca,144,0.26,70,0.9506249999999999,75,0.9506249999999999,6.25,false,-5,0
decree,grave,05483,Nariño,Antioquia,63,1.6821047259274118,71,0.9500213925940784,76,0.9500213925940784,6.25,false,-5,0
decree,grave,19110,Buenos Aires,Cauca,142,0.2772228939400208,72,0.9469611418032688,77,0.9469611418032688,6.25,false,-5,0
decree,grave,05091,Betania,Antioquia,35,3.3599999999999994,73,0.945,78,0.945,6.25,false,-5,0
decree,grave,27205,Condoto,Chocó,36,3.357037037037037,74,0.9441666666666668,79,0.9441666666666668,6.25,false,-5,0
decree,grave,05093,Betulia,Antioquia,150,0.22375308641975308,75,0.9439583333333333,80,0.9439583333333333,6.25,false,-5,0
decree,grave,73870,Villahermosa,Tolima,76,1.1143209876543207,76,0.9402083333333333,81,0.9402083333333333,6.25,false,-5,0
decree,grave,19450,Mercaderes,Cauca,130,0.3395139222873681,77,0.9391157741392201,82,0.9391157741392201,6.25,false,-5,0
decree,grave,41013,Agrado,Huila,37,3.3333333333333335,78,0.9375,83,0.9375,6.25,false,-5,0
decree,grave,41078,Baraya,Huila,38,3.3288888888888883,79,0.93625,84,0.93625,6.25,false,-5,0
decree,grave,17867,Victoria,Caldas,115,0.4855429293857708,80,0.9313729558407975,85,0.9313729558407975,6.25,false,-5,0
decree,grave,05576,Pueblorrico,Antioquia,39,3.3014814814814812,81,0.9285416666666666,86,0.9285416666666666,6.25,false,-5,0
decree,grave,73520,Palocabildo,Tolima,40,3.3,82,0.928125,87,0.928125,6.25,false,-5,0
decree,grave,19532,Patía,Cauca,168,0.09675381263616559,83,0.9252083333333333,88,0.9252083333333333,6.25,false,-5,0
decree,grave,41319,Guadalupe,Huila,143,0.2735802469135803,84,0.9233333333333335,89,0.9233333333333335,6.25,false,-5,0
decree,grave,05792,Tarso,Antioquia,108,0.5464197530864198,85,0.9220833333333335,90,0.9220833333333335,6.25,false,-5,0
decree,grave,73226,Cunday,Tolima,88,0.8162962962962963,86,0.9183333333333336,91,0.9183333333333336,6.25,false,-5,0
decree,grave,05467,Montebello,Antioquia,89,0.8138888888888888,87,0.915625,92,0.915625,6.25,false,-5,0
decree,grave,41518,Paicol,Huila,66,1.6262962962962964,88,0.9147916666666667,93,0.9147916666666667,6.25,false,-5,0
decree,grave,73873,Villarrica,Tolima,91,0.8118518518518518,89,0.9133333333333334,94,0.9133333333333334,6.25,false,-5,0
decree,grave,05353,Hispania,Antioquia,41,3.2362962962962962,90,0.9102083333333333,95,0.9102083333333333,6.25,false,-5,0
decree,grave,73563,Prado,Tolima,42,3.234074074074074,92,0.9095833333333333,96,0.9095833333333333,6.25,false,-4,0
decree,grave,05789,Támesis,Antioquia,140,0.294006734006734,92,0.9095833333333333,96,0.9095833333333333,6.25,false,-4,0
decree,grave,76892,Yumbo,Valle del Cauca,84,0.9087522498362981,94,0.9087522498362981,98,0.9087522498362981,0,false,-4,0
decree,grave,41797,Tesalia,Huila,67,1.6151851851851853,95,0.9085416666666667,99,0.9085416666666667,6.25,false,-4,0
decree,grave,73030,Ambalema,Tolima,43,3.206666666666666,96,0.9018750000000001,100,0.9018750000000001,6.25,false,-4,0
decree,grave,25324,Guataquí,Cundinamarca,92,0.8016666666666665,211,0,100,0.9018750000000001,6.25,true,111,0.9018750000000001
decree,grave,05660,San Luis,Antioquia,135,0.3202962962962963,97,0.9008333333333333,102,0.9008333333333333,6.25,false,-5,0
decree,grave,41244,Elías,Huila,99,0.6404444444444446,211,0,103,0.9006250000000001,6.25,true,108,0.9006250000000001
decree,grave,73024,Alpujarra,Tolima,100,0.6383703703703705,98,0.8977083333333334,104,0.8977083333333334,6.25,false,-6,0
decree,grave,05036,Angelópolis,Antioquia,101,0.6380740740740742,99,0.8972916666666668,105,0.8972916666666668,6.25,false,-6,0
decree,grave,05861,Venecia,Antioquia,102,0.6378157323258538,100,0.8940842508443725,106,0.8940842508443725,6.25,false,-6,0
decree,grave,05761,Sopetrán,Antioquia,124,0.35283950617283943,101,0.8931250000000001,107,0.8931250000000001,6.25,false,-6,0
decree,grave,17042,Anserma,Caldas,106,0.5526823376641095,102,0.8927306294904186,108,0.8927306294904186,3.125,false,-6,0
decree,grave,05364,Jardín,Antioquia,125,0.3526748971193415,103,0.8927083333333334,109,0.8927083333333334,6.25,false,-6,0
decree,grave,73055,Armero,Tolima,103,0.6330370370370371,104,0.8902083333333334,110,0.8902083333333334,6.25,false,-6,0
decree,grave,17001,Manizales,Caldas,97,0.6785631178052418,105,0.8899330110187424,111,0.8899330110187424,1.7857142857142856,false,-6,0
decree,grave,05856,Valparaiso,Antioquia,80,1.051604938271605,106,0.8872916666666668,112,0.8872916666666668,6.25,false,-6,0
decree,grave,25317,Guachetá,Cundinamarca,117,0.45047619047619036,107,0.8868750000000001,113,0.8868750000000001,6.25,false,-6,0
decree,grave,41885,Yaguará,Huila,118,0.4484656084656085,108,0.8829166666666668,114,0.8829166666666668,6.25,false,-6,0
decree,grave,25288,Fúquene,Cundinamarca,120,0.3922222222222222,211,0,115,0.8825,6.25,true,96,0.8825
decree,grave,05400,La Unión,Antioquia,154,0.18431372549019612,109,0.8812500000000002,116,0.8812500000000002,6.25,false,-7,0
decree,grave,25718,Sasaima,Cundinamarca,109,0.5220987654320988,110,0.8810416666666667,117,0.8810416666666667,6.25,false,-7,0
decree,grave,76130,Candelaria,Valle del Cauca,159,0.15558823893643942,111,0.8780607841560777,118,0.8780607841560777,6.25,false,-7,0
decree,grave,66682,Santa Rosa De Cabal,Risaralda,95,0.6978261716516609,112,0.865201171651661,119,0.865201171651661,1.5625,false,-7,0
decree,grave,05212,Copacabana,Antioquia,169,0.09527777777777777,113,0.8574999999999999,120,0.8574999999999999,6.25,false,-7,0
decree,grave,66572,Pueblo Rico,Risaralda,86,0.8565935285341052,114,0.8565935285341052,121,0.8565935285341052,0,false,-7,0
decree,grave,66045,Apía,Risaralda,90,0.81361124146365,115,0.81361124146365,122,0.81361124146365,0,false,-7,0
decree,grave,25612,Ricaurte,Cundinamarca,111,0.5154320987654321,211,0,123,0.8103639425194071,5.8229744372652,true,88,0.8103639425194071
decree,grave,41799,Tello,Huila,107,0.5487654320987654,211,0,124,0.7897705259592962,5.3302847646296705,true,87,0.7897705259592962
decree,grave,41615,Rivera,Huila,45,3.165925925925926,211,0,125,0.7272804738911429,5.104916756372084,true,86,0.7272804738911429
decree,grave,76111,Buga,Valle del Cauca,147,0.24025579234266492,117,0.6507720263714536,126,0.6507720263714536,3.4722222222222223,false,-9,0
decree,grave,17541,Pensilvania,Caldas,73,1.2938480743256286,118,0.6257508521034065,127,0.6257508521034065,3.75,false,-9,0
decree,grave,17442,Marmato,Caldas,60,1.7869177670713843,119,0.6220103596639769,128,0.6220103596639769,3.125,false,-9,0
decree,grave,63401,La Tebaida,Quindío,145,0.2560427701108171,120,0.5881823203753673,129,0.5881823203753673,3.125,false,-9,0
decree,grave,76248,El Cerrito,Valle del Cauca,161,0.13391556923274678,121,0.5850493560808192,130,0.5850493560808192,4.166666666666666,false,-9,0
decree,grave,27615,Riosucio,Chocó,93,0.7237821608835497,190,0.026152531253920114,131,0.5618120059499538,3.4125683246721197,true,59,0.5356594746960337
decree,grave,63001,Armenia,Quindío,132,0.3333826928764462,122,0.5467807294672539,132,0.5467807294672539,1.7361111111111112,false,-10,0
decree,grave,17486,Neira,Caldas,122,0.35815530670384915,123,0.541191572135948,133,0.541191572135948,3.125,false,-10,0
decree,grave,63548,Pijao,Quindío,110,0.5165998817104738,124,0.5165998817104738,134,0.5165998817104738,0,false,-10,0
decree,grave,17272,Filadelfia,Caldas,64,1.6775711891617935,125,0.5163906336062378,135,0.5163906336062378,3.125,false,-10,0
decree,grave,76306,Ginebra,Valle del Cauca,123,0.35686275961655756,126,0.5095826670239649,136,0.5095826670239649,3.125,false,-10,0
decree,grave,17614,Riosucio,Caldas,127,0.350708521021282,127,0.5094043118376086,137,0.5094043118376086,1.5625,false,-10,0
decree,grave,17013,Aguadas,Caldas,113,0.5005589626213285,128,0.5005589626213285,138,0.5005589626213285,0,false,-10,0
decree,grave,27425,Medio Atrato,Chocó,114,0.4933552033372076,129,0.4933552033372076,139,0.4933552033372076,0,false,-10,0
decree,grave,05665,San Pedro de Urabá,Antioquia,160,0.1488888888888889,130,0.48156250000000006,140,0.48156250000000006,3.125,false,-10,0
decree,grave,76036,Andalucía,Valle del Cauca,133,0.33143677715001274,131,0.48000790509614066,141,0.48000790509614066,2.083333333333333,false,-10,0
decree,grave,41020,Algeciras,Huila,148,0.23555555555555552,132,0.46375,142,0.46375,3.125,false,-10,0
decree,grave,05034,Andes,Antioquia,156,0.163,133,0.45843750000000005,143,0.45843750000000005,3.125,false,-10,0
decree,grave,41306,Gigante,Huila,134,0.3236296296296296,134,0.45510416666666664,144,0.45510416666666664,3.125,false,-10,0
decree,grave,73319,Guamo,Tolima,152,0.20301810337769224,135,0.45313384411843305,145,0.45313384411843305,3.125,false,-10,0
decree,grave,05585,Puerto Nare,Antioquia,98,0.6416296296296298,136,0.45114583333333347,146,0.45114583333333347,3.125,false,-10,0
decree,grave,05282,Fredonia,Antioquia,151,0.2131358024691358,137,0.44958333333333333,147,0.44958333333333333,3.125,false,-10,0
decree,grave,05679,Santa Bárbara,Antioquia,136,0.3202522399339262,138,0.4490786288228151,148,0.4490786288228151,3.125,false,-10,0
decree,grave,73148,Carmen De Apicalá,Tolima,47,3.116296296296296,139,0.4382291666666667,149,0.4382291666666667,3.125,false,-10,0
decree,grave,05148,Carmen De Viboral,Antioquia,165,0.12399999999999997,140,0.4359375,150,0.4359375,3.125,false,-10,0
decree,grave,05308,Girardota,Antioquia,163,0.12774691358024692,141,0.43114583333333345,151,0.43114583333333345,3.125,false,-10,0
decree,grave,17174,Chinchiná,Caldas,141,0.2846488583360801,142,0.3790331175953393,152,0.3790331175953393,1.0416666666666665,false,-10,0
decree,grave,66383,La Celia,Risaralda,121,0.37418692619006155,143,0.37418692619006155,153,0.37418692619006155,0,false,-10,0
decree,grave,19698,Santander De Quilichao,Cauca,167,0.11248261220639737,144,0.36985570588831457,154,0.36985570588831457,2.083333333333333,false,-10,0
decree,grave,17662,Samaná,Caldas,119,0.3967502387714902,145,0.340178736713877,155,0.340178736713877,2.083333333333333,false,-10,0
decree,grave,73067,Ataco,Tolima,129,0.34370370370370373,146,0.32222222222222213,156,0.32222222222222213,2.083333333333333,false,-10,0
decree,grave,76563,Pradera,Valle del Cauca,173,0.07988426960344652,147,0.3093287140478909,157,0.3093287140478909,2.083333333333333,false,-10,0
decree,grave,66594,Quinchía,Risaralda,137,0.30864368426916555,148,0.30864368426916555,158,0.30864368426916555,0,false,-10,0
decree,grave,76869,Vijes,Valle del Cauca,139,0.306120552485341,149,0.306120552485341,159,0.306120552485341,0,false,-10,0
decree,grave,41524,Palermo,Huila,116,0.45777777777777773,150,0.3004166666666666,160,0.3004166666666666,2.083333333333333,false,-10,0
decree,grave,05129,Caldas,Antioquia,180,0.04340114762649975,151,0.28888888888888886,161,0.28888888888888886,2.083333333333333,false,-10,0
decree,grave,05380,La Estrella,Antioquia,162,0.13178743961352654,211,0,162,0.264917308946034,1.9422090098682843,true,49,0.264917308946034
decree,grave,17873,Villamaria,Caldas,146,0.2493670916636322,152,0.2493670916636322,163,0.2493670916636322,0,false,-11,0
decree,grave,05361,Ituango,Antioquia,138,0.30814814814814817,153,0.23833333333333337,164,0.23833333333333337,1.5625,false,-11,0
decree,grave,17616,Risaralda,Caldas,149,0.22529285753533337,154,0.22529285753533337,165,0.22529285753533337,0,false,-11,0
decree,grave,76147,Cartago,Valle del Cauca,174,0.07447347958341718,155,0.21798875190029504,166,0.21798875190029504,1.3392857142857142,false,-11,0
decree,grave,17524,Palestina,Caldas,153,0.19569859287931218,156,0.19569859287931218,167,0.19569859287931218,0,false,-11,0
decree,grave,17653,Salamina,Caldas,155,0.17464726377078185,157,0.17464726377078185,168,0.17464726377078185,0,false,-11,0
decree,grave,17050,Aranzazu,Caldas,157,0.1595478192636266,158,0.1595478192636266,169,0.1595478192636266,0,false,-11,0
decree,grave,76834,Tuluá,Valle del Cauca,158,0.15744147051168325,159,0.15744147051168325,170,0.15744147051168325,0,false,-11,0
decree,grave,76364,Jamundí,Valle del Cauca,184,0.03887657520953909,160,0.15574143509154498,171,0.15574143509154498,1.0416666666666665,false,-11,0
decree,grave,17380,La Dorada,Caldas,190,0.03271759157519184,161,0.15434496474668263,172,0.15434496474668263,1.0416666666666665,false,-11,0
decree,grave,63302,Génova,Quindío,164,0.1274309198758512,162,0.1274309198758512,173,0.1274309198758512,0,false,-11,0
decree,grave,27580,Rio Iró,Chocó,166,0.12371953551703103,163,0.12371953551703103,174,0.12371953551703103,0,false,-11,0
decree,grave,19001,Popayán,Cauca,200,0.018614169725280842,165,0.10565656565656567,175,0.10565656565656567,0.7575757575757576,false,-10,0
decree,grave,41551,Pitalito,Huila,197,0.02200405885337392,166,0.09035416666666667,176,0.09035416666666667,0.625,false,-10,0
decree,grave,19130,Cajibío,Cauca,170,0.08998634791452428,167,0.08998634791452428,177,0.08998634791452428,0,false,-10,0
decree,grave,27135,El Cantón Del San Pablo,Chocó,171,0.08754146169106933,168,0.08754146169106933,178,0.08754146169106933,0,false,-10,0
decree,grave,05873,Vigía Del Fuerte,Antioquia,172,0.08529500596416797,169,0.08529500596416797,179,0.08529500596416797,0,false,-10,0
decree,grave,41298,Garzón,Huila,183,0.04050632911392406,170,0.08181818181818183,180,0.08181818181818183,0.5681818181818182,false,-10,0
decree,grave,76520,Palmira,Valle del Cauca,208,0.012777069037911832,171,0.07505798075620873,181,0.07505798075620873,0.5434782608695652,false,-10,0
decree,grave,19300,Guachené,Cauca,175,0.06734071965536939,172,0.06734071965536939,182,0.06734071965536939,0,false,-10,0
decree,grave,19809,Timbiquí,Cauca,176,0.06717206919222833,173,0.06717206919222833,183,0.06717206919222833,0,false,-10,0
decree,grave,05615,Rionegro,Antioquia,213,0.006710914454277286,174,0.0609375,184,0.0609375,0.4464285714285714,false,-10,0
decree,grave,19780,Suárez,Cauca,177,0.052938315807417854,175,0.052938315807417854,185,0.052938315807417854,0,false,-10,0
decree,grave,17513,Pácora,Caldas,178,0.052459259461119165,176,0.052459259461119165,186,0.052459259461119165,0,false,-10,0
decree,grave,05101,Ciudad Bolívar,Antioquia,179,0.05100266000760002,177,0.05100266000760002,187,0.05100266000760002,0,false,-10,0
decree,grave,27160,Cértegui,Chocó,181,0.04145618855322994,178,0.04145618855322994,188,0.04145618855322994,0,false,-10,0
decree,grave,19573,Puerto Tejada,Cauca,182,0.04108743299527641,179,0.04108743299527641,189,0.04108743299527641,0,false,-10,0
decree,grave,73622,Roncesvalles,Tolima,185,0.037303161658462515,180,0.037303161658462515,190,0.037303161658462515,0,false,-10,0
decree,grave,19845,Villa Rica,Cauca,186,0.036909411176300456,181,0.036909411176300456,191,0.036909411176300456,0,false,-10,0
decree,grave,17777,Supia,Caldas,187,0.03497479948601153,182,0.03497479948601153,192,0.03497479948601153,0,false,-10,0
decree,grave,19473,Morales,Cauca,188,0.03387610280292382,183,0.03387610280292382,193,0.03387610280292382,0,false,-10,0
decree,grave,17495,Norcasia,Caldas,189,0.03372187581414433,184,0.03372187581414433,194,0.03372187581414433,0,false,-10,0
decree,grave,19418,López,Cauca,191,0.03217052062307974,185,0.03217052062307974,195,0.03217052062307974,0,false,-10,0
decree,grave,19548,Piendamó Tunia,Cauca,192,0.03184727671064495,186,0.03184727671064495,196,0.03184727671064495,0,false,-10,0
decree,grave,17444,Marquetalia,Caldas,193,0.031251011221478414,187,0.031251011221478414,197,0.031251011221478414,0,false,-10,0
decree,grave,19256,El Tambo,Cauca,194,0.028751931622396715,188,0.028751931622396715,198,0.028751931622396715,0,false,-10,0
decree,grave,19455,Miranda,Cauca,195,0.028174556026556545,189,0.028174556026556545,199,0.028174556026556545,0,false,-10,0
decree,grave,05756,Sonsón,Antioquia,196,0.022676449915507477,191,0.022676449915507477,200,0.022676449915507477,0,true,-9,0
decree,grave,19142,Caloto,Cauca,198,0.021336045061576648,192,0.021336045061576648,201,0.021336045061576648,0,false,-9,0
decree,grave,73124,Cajamarca,Tolima,199,0.01962235180204411,193,0.01962235180204411,202,0.01962235180204411,0,false,-9,0
decree,grave,41001,Neiva,Huila,217,0.004326340326340326,194,0.018913043478260873,203,0.018913043478260873,0.1358695652173913,false,-9,0
decree,grave,27075,Bahía Solano,Chocó,201,0.018381662718861602,195,0.018381662718861602,204,0.018381662718861602,0,true,-9,0
decree,grave,73168,Chaparral,Tolima,202,0.018345017928477085,196,0.018345017928477085,205,0.018345017928477085,0,false,-9,0
decree,grave,19807,Timbío,Cauca,203,0.015380202886656166,197,0.015380202886656166,206,0.015380202886656166,0,false,-9,0
decree,grave,05842,Uramita,Antioquia,204,0.013566677339507626,199,0.013566677339507626,207,0.013566677339507626,0,false,-8,0
decree,grave,05240,Ebéjico,Antioquia,205,0.013438281358492362,200,0.013438281358492362,208,0.013438281358492362,0,false,-8,0
decree,grave,19075,Balboa,Cauca,206,0.013363749299695058,201,0.013363749299695058,209,0.013363749299695058,0,false,-8,0
decree,grave,73504,Ortega,Tolima,207,0.01335281614074644,202,0.01335281614074644,210,0.01335281614074644,0,false,-8,0
decree,grave,76275,Florida,Valle del Cauca,209,0.011895541010147396,203,0.011895541010147396,211,0.011895541010147396,0,false,-8,0
decree,grave,05001,Medellín,Antioquia,218,0.0013693586107379212,204,0.011621621621621623,212,0.011621621621621623,0.08445945945945946,false,-8,0
decree,grave,73283,Fresno,Tolima,210,0.010851235319222424,205,0.010851235319222424,213,0.010851235319222424,0,false,-8,0
decree,grave,76670,San Pedro,Valle del Cauca,211,0.010788093401171537,206,0.010788093401171537,214,0.010788093401171537,0,false,-8,0
decree,grave,17433,Manzanares,Caldas,212,0.007423818156354023,207,0.007423818156354023,215,0.007423818156354023,0,false,-8,0
decree,grave,05042,Santa Fe De Antioquia,Antioquia,214,0.00589576150612439,208,0.00589576150612439,216,0.00589576150612439,0,false,-8,0
decree,grave,73624,Rovira,Tolima,215,0.00534647433895071,209,0.00534647433895071,217,0.00534647433895071,0,false,-8,0
decree,grave,05197,Cocorná,Antioquia,216,0.004732441234546095,210,0.004732441234546095,218,0.004732441234546095,0,false,-8,0
decree,grave,05002,Abejorral,Antioquia,219,0,211,0,219,0,0,false,-8,0
decree,grave,54003,Ábrego,Norte de Santander,219,0,211,0,219,0,0,false,-8,0
decree,grave,41006,Acevedo,Huila,219,0,211,0,219,0,0,false,-8,0
decree,grave,25001,Agua De Dios,Cundinamarca,219,0,211,0,219,0,0,false,-8,0
decree,grave,41016,Aipe,Huila,219,0,211,0,219,0,0,false,-8,0
decree,grave,25019,Albán,Cundinamarca,219,0,211,0,219,0,0,true,-8,0
decree,grave,05021,Alejandría,Antioquia,219,0,211,0,219,0,0,false,-8,0
decree,grave,19022,Almaguer,Cauca,219,0,211,0,219,0,0,false,-8,0
decree,grave,73026,Alvarado,Tolima,219,0,211,0,219,0,0,true,-8,0
decree,grave,05030,Amagá,Antioquia,219,0,211,0,219,0,0,false,-8,0
decree,grave,05031,Amalfi,Antioquia,219,0,211,0,219,0,0,false,-8,0
decree,grave,25035,Anapoima,Cundinamarca,219,0,211,0,219,0,0,true,-8,0
decree,grave,05038,Angostura,Antioquia,219,0,211,0,219,0,0,false,-8,0
decree,grave,25040,Anolaima,Cundinamarca,219,0,211,0,219,0,0,false,-8,0
decree,grave,05040,Anorí,Antioquia,219,0,211,0,219,0,0,false,-8,0
decree,grave,05044,Anzá,Antioquia,219,0,211,0,219,0,0,false,-8,0
decree,grave,73043,Anzoátegui,Tolima,219,0,211,0,219,0,0,true,-8,0
decree,grave,05045,Apartadó,Antioquia,219,0,211,0,219,0,0,false,-8,0
decree,grave,25599,Apulo,Cundinamarca,219,0,211,0,219,0,0,false,-8,0
decree,grave,25053,Arbeláez,Cundinamarca,219,0,211,0,219,0,0,false,-8,0
decree,grave,05055,Argelia,Antioquia,219,0,211,0,219,0,0,false,-8,0
decree,grave,19050,Argelia,Cauca,219,0,211,0,219,0,0,false,-8,0
decree,grave,05059,Armenia,Antioquia,219,0,211,0,219,0,0,false,-8,0
decree,grave,05079,Barbosa,Antioquia,219,0,211,0,219,0,0,false,-8,0
decree,grave,05088,Bello,Antioquia,219,0,211,0,219,0,0,false,-8,0
decree,grave,25086,Beltrán,Cundinamarca,219,0,211,0,219,0,0,true,-8,0
decree,grave,25095,Bituima,Cundinamarca,219,0,211,0,219,0,0,true,-8,0
decree,grave,25099,Bojacá,Cundinamarca,219,0,211,0,219,0,0,true,-8,0
decree,grave,27099,Bojayá,Chocó,219,0,211,0,219,0,0,false,-8,0
decree,grave,19100,Bolívar,Cauca,219,0,211,0,219,0,0,false,-8,0
decree,grave,05113,Buriticá,Antioquia,219,0,211,0,219,0,0,false,-8,0
decree,grave,25120,Cabrera,Cundinamarca,219,0,211,0,219,0,0,true,-8,0
decree,grave,54128,Cáchira,Norte de Santander,219,0,211,0,219,0,0,false,-8,0
decree,grave,05125,Caicedo,Antioquia,219,0,211,0,219,0,0,false,-8,0
decree,grave,25126,Cajicá,Cundinamarca,219,0,211,0,219,0,0,false,-8,0
decree,grave,05134,Campamento,Antioquia,219,0,211,0,219,0,0,false,-8,0
decree,grave,41132,Campoalegre,Huila,219,0,211,0,219,0,0,false,-8,0
decree,grave,05138,Cañasgordas,Antioquia,219,0,211,0,219,0,0,false,-8,0
decree,grave,25148,Caparrapí,Cundinamarca,219,0,211,0,219,0,0,true,-8,0
decree,grave,25151,Cáqueza,Cundinamarca,219,0,211,0,219,0,0,false,-8,0
decree,grave,05142,Caracolí,Antioquia,219,0,211,0,219,0,0,false,-8,0
decree,grave,05145,Caramanta,Antioquia,219,0,211,0,219,0,0,false,-8,0
decree,grave,05147,Carepa,Antioquia,219,0,211,0,219,0,0,false,-8,0
decree,grave,25154,Carmen De Carupa,Cundinamarca,219,0,211,0,219,0,0,false,-8,0
decree,grave,27150,Carmen Del Darién,Chocó,219,0,211,0,219,0,0,true,-8,0
decree,grave,05150,Carolina,Antioquia,219,0,211,0,219,0,0,false,-8,0
decree,grave,73152,Casabianca,Tolima,219,0,211,0,219,0,0,false,-8,0
decree,grave,25175,Chía,Cundinamarca,219,0,211,0,219,0,0,false,-8,0
decree,grave,05172,Chigorodó,Antioquia,219,0,211,0,219,0,0,false,-8,0
decree,grave,54172,Chinácota,Norte de Santander,219,0,211,0,219,0,0,false,-8,0
decree,grave,25178,Chipaque,Cundinamarca,219,0,211,0,219,0,0,true,-8,0
decree,grave,25181,Choachí,Cundinamarca,219,0,211,0,219,0,0,true,-8,0
decree,grave,25183,Chocontá,Cundinamarca,219,0,211,0,219,0,0,false,-8,0
decree,grave,05190,Cisneros,Antioquia,219,0,211,0,219,0,0,false,-8,0
decree,grave,73200,Coello,Tolima,219,0,211,0,219,0,0,false,-8,0
decree,grave,25200,Cogua,Cundinamarca,219,0,211,0,219,0,0,true,-8,0
decree,grave,05206,Concepción,Antioquia,219,0,211,0,219,0,0,true,-8,0
decree,grave,05209,Concordia,Antioquia,219,0,211,0,219,0,0,false,-8,0
decree,grave,19212,Corinto,Cauca,219,0,211,0,219,0,0,false,-8,0
decree,grave,25214,Cota,Cundinamarca,219,0,211,0,219,0,0,true,-8,0
decree,grave,73217,Coyaima,Tolima,219,0,211,0,219,0,0,false,-8,0
decree,grave,25224,Cucunubá,Cundinamarca,219,0,211,0,219,0,0,true,-8,0
decree,grave,54223,Cucutilla,Norte de Santander,219,0,211,0,219,0,0,false,-8,0
decree,grave,73236,Dolores,Tolima,219,0,211,0,219,0,0,false,-8,0
decree,grave,05237,Donmatías,Antioquia,219,0,211,0,219,0,0,false,-8,0
decree,grave,05250,El Bagre,Antioquia,219,0,211,0,219,0,0,false,-8,0
decree,grave,05607,El Retiro,Antioquia,219,0,211,0,219,0,0,false,-8,0
decree,grave,25260,El Rosal,Cundinamarca,219,0,211,0,219,0,0,true,-8,0
decree,grave,54250,El Tarra,Norte de Santander,219,0,211,0,219,0,0,false,-8,0
decree,grave,54261,El Zulia,Norte de Santander,219,0,211,0,219,0,0,false,-8,0
decree,grave,05264,Entrerrios,Antioquia,219,0,211,0,219,0,0,false,-8,0
decree,grave,05266,Envigado,Antioquia,219,0,211,0,219,0,0,false,-8,0
decree,grave,73268,Espinal,Tolima,219,0,211,0,219,0,0,false,-8,0
decree,grave,73270,Falan,Tolima,219,0,211,0,219,0,0,false,-8,0
decree,grave,73275,Flandes,Tolima,219,0,211,0,219,0,0,false,-8,0
decree,grave,19290,Florencia,Cauca,219,0,211,0,219,0,0,false,-8,0
decree,grave,25281,Fosca,Cundinamarca,219,0,211,0,219,0,0,false,-8,0
decree,grave,05284,Frontino,Antioquia,219,0,211,0,219,0,0,false,-8,0
decree,grave,25286,Funza,Cundinamarca,219,0,211,0,219,0,0,false,-8,0
decree,grave,25290,Fusagasugá,Cundinamarca,219,0,211,0,219,0,0,false,-8,0
decree,grave,05306,Giraldo,Antioquia,219,0,211,0,219,0,0,false,-8,0
decree,grave,25307,Girardot,Cundinamarca,219,0,211,0,219,0,0,false,-8,0
decree,grave,05310,Gómez Plata,Antioquia,219,0,211,0,219,0,0,false,-8,0
decree,grave,05313,Granada,Antioquia,219,0,211,0,219,0,0,false,-8,0
decree,grave,25312,Granada,Cundinamarca,219,0,211,0,219,0,0,true,-8,0
decree,grave,05315,Guadalupe,Antioquia,219,0,211,0,219,0,0,false,-8,0
decree,grave,25320,Guaduas,Cundinamarca,219,0,211,0,219,0,0,false,-8,0
decree,grave,19318,Guapi,Cauca,219,0,211,0,219,0,0,false,-8,0
decree,grave,05318,Guarne,Antioquia,219,0,211,0,219,0,0,false,-8,0
decree,grave,25322,Guasca,Cundinamarca,219,0,211,0,219,0,0,false,-8,0
decree,grave,05321,Guatapé,Antioquia,219,0,211,0,219,0,0,false,-8,0
decree,grave,25326,Guatavita,Cundinamarca,219,0,211,0,219,0,0,false,-8,0
decree,grave,25328,Guayabal De Síquima,Cundinamarca,219,0,211,0,219,0,0,true,-8,0
decree,grave,25335,Guayabetal,Cundinamarca,219,0,211,0,219,0,0,true,-8,0
decree,grave,25339,Gutiérrez,Cundinamarca,219,0,211,0,219,0,0,true,-8,0
decree,grave,05347,Heliconia,Antioquia,219,0,211,0,219,0,0,false,-8,0
decree,grave,41349,Hobo,Huila,219,0,211,0,219,0,0,false,-8,0
decree,grave,73349,Honda,Tolima,219,0,211,0,219,0,0,false,-8,0
decree,grave,73001,Ibagué,Tolima,219,0,211,0,219,0,0,false,-8,0
decree,grave,73352,Icononzo,Tolima,219,0,211,0,219,0,0,false,-8,0
decree,grave,19355,Inzá,Cauca,219,0,211,0,219,0,0,false,-8,0
decree,grave,41357,Íquira,Huila,219,0,211,0,219,0,0,false,-8,0
decree,grave,41359,Isnos,Huila,219,0,211,0,219,0,0,false,-8,0
decree,grave,05360,Itagüí,Antioquia,219,0,211,0,219,0,0,false,-8,0
decree,grave,05368,Jericó,Antioquia,219,0,211,0,219,0,0,true,-8,0
decree,grave,25372,Junín,Cundinamarca,219,0,211,0,219,0,0,false,-8,0
decree,grave,25377,La Calera,Cundinamarca,219,0,211,0,219,0,0,false,-8,0
decree,grave,05376,La Ceja,Antioquia,219,0,211,0,219,0,0,false,-8,0
decree,grave,25386,La Mesa,Cundinamarca,219,0,211,0,219,0,0,false,-8,0
decree,grave,25394,La Palma,Cundinamarca,219,0,211,0,219,0,0,false,-8,0
decree,grave,25398,La Peña,Cundinamarca,219,0,211,0,219,0,0,true,-8,0
decree,grave,05390,La Pintada,Antioquia,219,0,211,0,219,0,0,false,-8,0
decree,grave,41396,La Plata,Huila,219,0,211,0,219,0,0,false,-8,0
decree,grave,19392,La Sierra,Cauca,219,0,211,0,219,0,0,false,-8,0
decree,grave,19397,La Vega,Cauca,219,0,211,0,219,0,0,false,-8,0
decree,grave,73408,Lérida,Tolima,219,0,211,0,219,0,0,false,-8,0
decree,grave,73411,Líbano,Tolima,219,0,211,0,219,0,0,false,-8,0
decree,grave,05411,Liborina,Antioquia,219,0,211,0,219,0,0,false,-8,0
decree,grave,27413,Lloró,Chocó,219,0,211,0,219,0,0,true,-8,0
decree,grave,54405,Los Patios,Norte de Santander,219,0,211,0,219,0,0,false,-8,0
decree,grave,54418,Lourdes,Norte de Santander,219,0,211,0,219,0,0,false,-8,0
decree,grave,05425,Maceo,Antioquia,219,0,211,0,219,0,0,false,-8,0
decree,grave,25426,Machetá,Cundinamarca,219,0,211,0,219,0,0,true,-8,0
decree,grave,25430,Madrid,Cundinamarca,219,0,211,0,219,0,0,false,-8,0
decree,grave,25436,Manta,Cundinamarca,219,0,211,0,219,0,0,true,-8,0
decree,grave,05440,Marinilla,Antioquia,219,0,211,0,219,0,0,false,-8,0
decree,grave,73443,Mariquita,Tolima,219,0,211,0,219,0,0,false,-8,0
decree,grave,17446,Marulanda,Caldas,219,0,211,0,219,0,0,false,-8,0
decree,grave,25438,Medina,Cundinamarca,219,0,211,0,219,0,0,false,-8,0
decree,grave,73449,Melgar,Tolima,219,0,211,0,219,0,0,false,-8,0
decree,grave,86001,Mocoa,Putumayo,219,0,211,0,219,0,0,false,-8,0
decree,grave,25473,Mosquera,Cundinamarca,219,0,211,0,219,0,0,false,-8,0
decree,grave,73461,Murillo,Tolima,219,0,211,0,219,0,0,false,-8,0
decree,grave,05480,Mutatá,Antioquia,219,0,211,0,219,0,0,false,-8,0
decree,grave,25483,Nariño,Cundinamarca,219,0,211,0,219,0,0,true,-8,0
decree,grave,41483,Nátaga,Huila,219,0,211,0,219,0,0,true,-8,0
decree,grave,73483,Natagaima,Tolima,219,0,211,0,219,0,0,false,-8,0
decree,grave,05490,Necoclí,Antioquia,219,0,211,0,219,0,0,false,-8,0
decree,grave,25488,Nilo,Cundinamarca,219,0,211,0,219,0,0,true,-8,0
decree,grave,25489,Nimaima,Cundinamarca,219,0,211,0,219,0,0,true,-8,0
decree,grave,25491,Nocaima,Cundinamarca,219,0,211,0,219,0,0,true,-8,0
decree,grave,54498,Ocaña,Norte de Santander,219,0,211,0,219,0,0,false,-8,0
decree,grave,25513,Pacho,Cundinamarca,219,0,211,0,219,0,0,false,-8,0
decree,grave,19513,Padilla,Cauca,219,0,211,0,219,0,0,false,-8,0
decree,grave,41530,Palestina,Huila,219,0,211,0,219,0,0,false,-8,0
decree,grave,54518,Pamplona,Norte de Santander,219,0,211,0,219,0,0,false,-8,0
decree,grave,54520,Pamplonita,Norte de Santander,219,0,211,0,219,0,0,false,-8,0
decree,grave,25524,Pandi,Cundinamarca,219,0,211,0,219,0,0,true,-8,0
decree,grave,25530,Paratebueno,Cundinamarca,219,0,211,0,219,0,0,false,-8,0
decree,grave,25535,Pasca,Cundinamarca,219,0,211,0,219,0,0,true,-8,0
decree,grave,05541,Peñol,Antioquia,219,0,211,0,219,0,0,false,-8,0
decree,grave,05543,Peque,Antioquia,219,0,211,0,219,0,0,true,-8,0
decree,grave,19533,Piamonte,Cauca,219,0,211,0,219,0,0,false,-8,0
decree,grave,73547,Piedras,Tolima,219,0,211,0,219,0,0,false,-8,0
decree,grave,41548,Pital,Huila,219,0,211,0,219,0,0,false,-8,0
decree,grave,73555,Planadas,Tolima,219,0,211,0,219,0,0,false,-8,0
decree,grave,25572,Puerto Salgar,Cundinamarca,219,0,211,0,219,0,0,false,-8,0
decree,grave,05591,Puerto Triunfo,Antioquia,219,0,211,0,219,0,0,false,-8,0
decree,grave,25580,Pulí,Cundinamarca,219,0,211,0,219,0,0,true,-8,0
decree,grave,19585,Puracé,Cauca,219,0,211,0,219,0,0,false,-8,0
decree,grave,73585,Purificación,Tolima,219,0,211,0,219,0,0,false,-8,0
decree,grave,25592,Quebradanegra,Cundinamarca,219,0,211,0,219,0,0,true,-8,0
decree,grave,25596,Quipile,Cundinamarca,219,0,211,0,219,0,0,true,-8,0
decree,grave,05604,Remedios,Antioquia,219,0,211,0,219,0,0,false,-8,0
decree,grave,73616,Rioblanco,Tolima,219,0,211,0,219,0,0,false,-8,0
decree,grave,19622,Rosas,Cauca,219,0,211,0,219,0,0,false,-8,0
decree,grave,05628,Sabanalarga,Antioquia,219,0,211,0,219,0,0,false,-8,0
decree,grave,05631,Sabaneta,Antioquia,219,0,211,0,219,0,0,false,-8,0
decree,grave,41660,Saladoblanco,Huila,219,0,211,0,219,0,0,false,-8,0
decree,grave,54660,Salazar,Norte de Santander,219,0,211,0,219,0,0,false,-8,0
decree,grave,73671,Saldaña,Tolima,219,0,211,0,219,0,0,false,-8,0
decree,grave,41668,San Agustín,Huila,219,0,211,0,219,0,0,false,-8,0
decree,grave,25645,San Antonio del Tequendama,Cundinamarca,219,0,211,0,219,0,0,false,-8,0
decree,grave,73675,San Antonio,Tolima,219,0,211,0,219,0,0,false,-8,0
decree,grave,05649,San Carlos,Antioquia,219,0,211,0,219,0,0,false,-8,0
decree,grave,54673,San Cayetano,Norte de Santander,219,0,211,0,219,0,0,false,-8,0
decree,grave,05652,San Francisco,Antioquia,219,0,211,0,219,0,0,false,-8,0
decree,grave,25658,San Francisco,Cundinamarca,219,0,211,0,219,0,0,false,-8,0
decree,grave,54001,San José de Cúcuta,Norte de Santander,219,0,211,0,219,0,0,false,-8,0
decree,grave,05658,San José De La Montaña,Antioquia,219,0,211,0,219,0,0,false,-8,0
decree,grave,25662,San Juan De Rioseco,Cundinamarca,219,0,211,0,219,0,0,false,-8,0
decree,grave,73678,San Luis,Tolima,219,0,211,0,219,0,0,false,-8,0
decree,grave,05667,San Rafael,Antioquia,219,0,211,0,219,0,0,false,-8,0
decree,grave,05670,San Roque,Antioquia,219,0,211,0,219,0,0,false,-8,0
decree,grave,19693,San Sebastián,Cauca,219,0,211,0,219,0,0,false,-8,0
decree,grave,05674,San Vicente,Antioquia,219,0,211,0,219,0,0,false,-8,0
decree,grave,73686,Santa Isabel,Tolima,219,0,211,0,219,0,0,false,-8,0
decree,grave,41676,Santa María,Huila,219,0,211,0,219,0,0,false,-8,0
decree,grave,05686,Santa Rosa De Osos,Antioquia,219,0,211,0,219,0,0,false,-8,0
decree,grave,05690,Santo Domingo,Antioquia,219,0,211,0,219,0,0,false,-8,0
decree,grave,05697,Santuario,Antioquia,219,0,211,0,219,0,0,false,-8,0
decree,grave,25736,Sesquilé,Cundinamarca,219,0,211,0,219,0,0,false,-8,0
decree,grave,25740,Sibaté,Cundinamarca,219,0,211,0,219,0,0,false,-8,0
decree,grave,54743,Silos,Norte de Santander,219,0,211,0,219,0,0,false,-8,0
decree,grave,25743,Silvania,Cundinamarca,219,0,211,0,219,0,0,false,-8,0
decree,grave,25754,Soacha,Cundinamarca,219,0,211,0,219,0,0,false,-8,0
decree,grave,25758,Sopó,Cundinamarca,219,0,211,0,219,0,0,false,-8,0
decree,grave,73770,Suárez,Tolima,219,0,211,0,219,0,0,false,-8,0
decree,grave,41770,Suaza,Huila,219,0,211,0,219,0,0,false,-8,0
decree,grave,25769,Subachoque,Cundinamarca,219,0,211,0,219,0,0,true,-8,0
decree,grave,19785,Sucre,Cauca,219,0,211,0,219,0,0,false,-8,0
decree,grave,25772,Suesca,Cundinamarca,219,0,211,0,219,0,0,false,-8,0
decree,grave,25777,Supatá,Cundinamarca,219,0,211,0,219,0,0,true,-8,0
decree,grave,25781,Sutatausa,Cundinamarca,219,0,211,0,219,0,0,true,-8,0
decree,grave,25785,Tabio,Cundinamarca,219,0,211,0,219,0,0,false,-8,0
decree,grave,41791,Tarqui,Huila,219,0,211,0,219,0,0,false,-8,0
decree,grave,25793,Tausa,Cundinamarca,219,0,211,0,219,0,0,false,-8,0
decree,grave,25797,Tena,Cundinamarca,219,0,211,0,219,0,0,true,-8,0
decree,grave,54800,Teorama,Norte de Santander,219,0,211,0,219,0,0,false,-8,0
decree,grave,41801,Teruel,Huila,219,0,211,0,219,0,0,false,-8,0
decree,grave,25805,Tibacuy,Cundinamarca,219,0,211,0,219,0,0,true,-8,0
decree,grave,25807,Tibirita,Cundinamarca,219,0,211,0,219,0,0,true,-8,0
decree,grave,54810,Tibú,Norte de Santander,219,0,211,0,219,0,0,false,-8,0
decree,grave,41807,Timaná,Huila,219,0,211,0,219,0,0,false,-8,0
decree,grave,05809,Titiribí,Antioquia,219,0,211,0,219,0,0,false,-8,0
decree,grave,25815,Tocaima,Cundinamarca,219,0,211,0,219,0,0,false,-8,0
decree,grave,05819,Toledo,Antioquia,219,0,211,0,219,0,0,false,-8,0
decree,grave,54820,Toledo,Norte de Santander,219,0,211,0,219,0,0,false,-8,0
decree,grave,25823,Topaipí,Cundinamarca,219,0,211,0,219,0,0,true,-8,0
decree,grave,19821,Toribío,Cauca,219,0,211,0,219,0,0,false,-8,0
decree,grave,19824,Totoró,Cauca,219,0,211,0,219,0,0,false,-8,0
decree,grave,05837,Turbo,Antioquia,219,0,211,0,219,0,0,false,-8,0
decree,grave,25839,Ubalá,Cundinamarca,219,0,211,0,219,0,0,true,-8,0
decree,grave,25841,Ubaque,Cundinamarca,219,0,211,0,219,0,0,true,-8,0
decree,grave,27800,Unguía,Chocó,219,0,211,0,219,0,0,false,-8,0
decree,grave,05847,Urrao,Antioquia,219,0,211,0,219,0,0,false,-8,0
decree,grave,25851,Útica,Cundinamarca,219,0,211,0,219,0,0,true,-8,0
decree,grave,05854,Valdivia,Antioquia,219,0,211,0,219,0,0,false,-8,0
decree,grave,73854,Valle De San Juan,Tolima,219,0,211,0,219,0,0,false,-8,0
decree,grave,05858,Vegachí,Antioquia,219,0,211,0,219,0,0,false,-8,0
decree,grave,73861,Venadillo,Tolima,219,0,211,0,219,0,0,false,-8,0
decree,grave,25506,Venecia,Cundinamarca,219,0,211,0,219,0,0,true,-8,0
decree,grave,25862,Vergara,Cundinamarca,219,0,211,0,219,0,0,false,-8,0
decree,grave,25867,Vianí,Cundinamarca,219,0,211,0,219,0,0,false,-8,0
decree,grave,54871,Villa Caro,Norte de Santander,219,0,211,0,219,0,0,false,-8,0
decree,grave,25843,Villa de San Diego de Ubaté,Cundinamarca,219,0,211,0,219,0,0,true,-8,0
decree,grave,54874,Villa del Rosario,Norte de Santander,219,0,211,0,219,0,0,false,-8,0
decree,grave,86885,Villagarzón,Putumayo,219,0,211,0,219,0,0,false,-8,0
decree,grave,25871,Villagómez,Cundinamarca,219,0,211,0,219,0,0,true,-8,0
decree,grave,25873,Villapinzón,Cundinamarca,219,0,211,0,219,0,0,false,-8,0
decree,grave,41872,Villavieja,Huila,219,0,211,0,219,0,0,false,-8,0
decree,grave,25875,Villeta,Cundinamarca,219,0,211,0,219,0,0,false,-8,0
decree,grave,25885,Yacopí,Cundinamarca,219,0,211,0,219,0,0,false,-8,0
decree,grave,05885,Yalí,Antioquia,219,0,211,0,219,0,0,false,-8,0
decree,grave,05887,Yarumal,Antioquia,219,0,211,0,219,0,0,false,-8,0
decree,grave,05890,Yolombó,Antioquia,219,0,211,0,219,0,0,false,-8,0
decree,grave,05893,Yondó,Antioquia,219,0,211,0,219,0,0,false,-8,0
decree,grave,05895,Zaragoza,Antioquia,219,0,211,0,219,0,0,false,-8,0
decree,grave,25898,Zipacón,Cundinamarca,219,0,211,0,219,0,0,true,-8,0
decree,grave,25899,Zipaquirá,Cundinamarca,219,0,211,0,219,0,0,false,-8,0
all,total,76828,Trujillo,Valle del Cauca,5,15.147691306537704,1,23.201395010241406,1,23.201395010241406,100,false,0,0
all,total,27073,Bagadó,Chocó,3,18.918147134464643,3,13.573702690020198,2,16.5799526900202,18.75,true,1,3.0062500000000014
all,total,27050,Atrato,Chocó,1,22.551943127114427,20,7.1686097937810915,3,15.82173479378109,56.25,true,17,8.653125
all,total,27787,Tadó,Chocó,10,11.404885068058006,2,15.059954512502449,4,15.059954512502449,31.25,false,-2,0
all,total,27745,Sipí,Chocó,4,18.55552950528127,4,13.554094320096084,5,13.554094320096084,12.5,false,-1,0
all,total,27810,Unión Panamericana,Chocó,6,15.140165178196133,6,11.752017030047988,6,12.704933696714653,6.25,true,0,0.9529166666666651
all,total,76054,Argelia,Valle del Cauca,8,14.637684990539517,5,12.517268323872852,7,12.517268323872852,18.75,false,-2,0
all,total,66001,Pereira,Risaralda,11,10.920467580530755,7,11.51952861559964,8,11.51952861559964,5.059523809523809,false,-1,0
all,total,76497,Obando,Valle del Cauca,2,20.626745855823003,8,11.443782892860039,9,11.443782892860039,25,false,-1,0
all,total,76823,Toro,Valle del Cauca,12,10.358652351251743,9,10.191947104338162,10,10.191947104338162,6.25,false,-1,0
all,total,76243,El Águila,Valle del Cauca,13,9.94690921481944,10,10.049571251856477,11,10.049571251856477,6.25,false,-1,0
all,total,76246,El Cairo,Valle del Cauca,14,9.759635599373294,11,9.759635599373294,12,9.759635599373294,0,false,-1,0
all,total,76606,Restrepo,Valle del Cauca,19,8.513758601635228,12,9.57416498023605,13,9.57416498023605,12.5,false,-1,0
all,total,76126,Calima,Valle del Cauca,15,9.285472844575509,13,9.442243677908843,14,9.442243677908843,3.125,false,-1,0
all,total,27491,Nóvita,Chocó,17,9.097779767090973,14,9.204284396720603,15,9.204284396720603,6.25,false,-1,0
all,total,76863,Versalles,Valle del Cauca,18,9.062400991612353,15,8.896274448402476,16,8.896274448402476,6.25,false,-1,0
all,total,27430,Medio Baudó,Chocó,7,15.12261882616209,16,8.808878085421352,17,8.808878085421352,5,false,-1,0
all,total,76622,Roldanillo,Valle del Cauca,20,8.10164583903397,17,8.79795499541257,18,8.79795499541257,6.25,false,-1,0
all,total,27001,Quibdó,Chocó,30,6.497981928353961,18,8.321593039465073,19,8.321593039465073,15.340909090909092,false,-1,0
all,total,63594,Quimbaya,Quindío,22,7.724899302789067,22,7.099714117603883,20,7.587302352973009,3.466267076083835,true,2,0.48758823536912654
all,total,76100,Bolívar,Valle del Cauca,37,5.654207790738819,19,7.189987420368449,21,7.189987420368449,12.5,false,-2,0
all,total,63302,Génova,Quindío,25,7.132466121966708,21,7.132466121966708,22,7.132466121966708,0,false,-1,0
all,total,76250,El Dovio,Valle del Cauca,16,9.109724890876937,23,6.782039705691751,23,6.782039705691751,6.25,false,0,0
all,total,66440,Marsella,Risaralda,35,6.075957703164322,24,6.657703073534693,24,6.657703073534693,6.25,false,0,0
all,total,63470,Montenegro,Quindío,28,6.8472115845404975,25,6.600799547503461,25,6.600799547503461,9.375,false,0,0
all,total,63111,Buenavista,Quindío,31,6.410546771052395,26,6.410546771052395,26,6.410546771052395,0,false,0,0
all,total,66075,Balboa,Risaralda,34,6.272847368822289,27,6.372754776229696,27,6.372754776229696,6.25,false,0,0
all,total,76890,Yotoco,Valle del Cauca,38,5.5663256553909495,28,6.2968812109465055,28,6.2968812109465055,9.375,false,0,0
all,total,63212,Córdoba,Quindío,36,5.902993117207771,29,5.73682799375098,29,5.73682799375098,6.25,false,0,0
all,total,63272,Filandia,Quindío,44,4.705810962951126,30,5.673635037025201,30,5.673635037025201,12.5,false,0,0
all,total,27006,Acandí,Chocó,27,7.0352202750965755,180,0.34781286768916797,31,5.51753642681127,34.357932382291324,true,149,5.169723559122102
all,total,76736,Sevilla,Valle del Cauca,43,4.718289032114271,31,5.484551740901489,32,5.484551740901489,6.25,false,-1,0
all,total,27250,El Litoral Del San Juán,Chocó,29,6.786603807079715,32,5.221001955227863,33,5.221001955227863,12.5,false,-1,0
all,total,76403,La Victoria,Valle del Cauca,41,4.745522502493477,33,5.179050941646916,34,5.179050941646916,6.25,false,-1,0
all,total,27660,San José Del Palmar,Chocó,23,7.528585149432966,34,5.084302742025559,35,5.084302742025559,6.25,false,-1,0
all,total,76845,Ulloa,Valle del Cauca,24,7.458176016558627,35,4.757828794336405,36,4.757828794336405,3.125,false,-1,0
all,total,76400,La Unión,Valle del Cauca,46,4.418646876894316,36,4.746978556788497,37,4.746978556788497,3.125,false,-1,0
all,total,76020,Alcalá,Valle del Cauca,42,4.722331227104232,37,4.722331227104232,38,4.722331227104232,0,false,-1,0
all,total,17665,San José,Caldas,40,4.786126765991718,38,4.616412259818879,39,4.616412259818879,6.25,false,-1,0
all,total,76616,Riofrío,Valle del Cauca,50,4.064141894190923,39,4.553956709005738,40,4.553956709005738,6.25,false,-1,0
all,total,17877,Viterbo,Caldas,52,3.893622206654544,40,4.4942535197858575,41,4.4942535197858575,6.25,false,-1,0
all,total,27600,Rio Quito,Chocó,21,7.806961030533695,41,4.475248067570732,42,4.475248067570732,15.625,false,-1,0
all,total,66170,Dosquebradas,Risaralda,47,4.400879088498138,42,4.400879088498138,43,4.400879088498138,0,false,-1,0
all,total,27361,Istmina,Chocó,49,4.135648815909407,43,4.350395076593168,44,4.350395076593168,3.125,false,-1,0
all,total,63548,Pijao,Quindío,48,4.261231549712772,44,4.261231549712772,45,4.261231549712772,0,false,-1,0
all,total,76895,Zarzal,Valle del Cauca,61,3.424005833020003,45,4.169557684871855,46,4.169557684871855,6.25,false,-1,0
all,total,27495,Nuquí,Chocó,26,7.06597836931217,235,0.06005244338624287,47,4.000885776719576,25,true,188,3.940833333333333
all,total,66687,Santuario,Risaralda,51,3.9861780529955686,46,3.995435207877724,48,3.995435207877724,2.083333333333333,false,-2,0
all,total,76041,Ansermanuevo,Valle del Cauca,54,3.7297213993621563,47,3.9893001030658604,49,3.9893001030658604,6.25,false,-2,0
all,total,27205,Condoto,Chocó,32,6.3689834044874205,48,3.9561130341170503,50,3.9561130341170503,6.25,false,-2,0
all,total,27450,Medio San Juan,Chocó,9,11.449234442796882,106,1.0114566650191064,51,3.9470816650191063,18.75,true,55,2.935625
all,total,76377,La Cumbre,Valle del Cauca,33,6.339804547163704,49,3.9113940533365428,52,3.9113940533365428,12.5,false,-3,0
all,total,76122,Caicedonia,Valle del Cauca,68,3.1938419821885544,50,3.8687463031762084,53,3.8687463031762084,6.25,false,-3,0
all,total,17088,Belalcázar,Caldas,53,3.8654311934644356,51,3.8654311934644356,54,3.8654311934644356,0,false,-3,0
all,total,76109,Buenaventura,Valle del Cauca,64,3.340255483732792,52,3.797813466472813,55,3.797813466472813,3.4722222222222223,false,-3,0
all,total,66400,La Virginia,Risaralda,60,3.4348253927492243,56,3.359125302414988,56,3.611476414193887,1.80680986953866,true,0,0.252351111778899
all,total,66456,Mistrató,Risaralda,70,3.161684169963743,53,3.4668577810748538,57,3.4668577810748538,9.375,false,-4,0
all,total,27025,Alto Baudó,Chocó,45,4.4581882239791355,54,3.403657800698712,58,3.403657800698712,6.25,false,-4,0
all,total,76113,Bugalagrande,Valle del Cauca,73,3.045749541200083,55,3.393713205622081,59,3.393713205622081,3.125,false,-4,0
all,total,76233,Dagua,Valle del Cauca,72,3.06972802327243,57,3.3176446899390966,60,3.3176446899390966,3.125,false,-3,0
all,total,27077,Bajo Baudó,Chocó,56,3.6409641835050666,58,3.262871590912474,61,3.262871590912474,2.083333333333333,false,-3,0
all,total,63190,Circasia,Quindío,74,2.921503616628653,59,3.1844627215669243,62,3.1844627215669243,3.125,false,-3,0
all,total,63130,Calarcá,Quindío,76,2.7372039198050184,60,3.0716480808027513,63,3.0716480808027513,3.75,false,-3,0
all,total,63690,Salento,Quindío,39,5.2146940442515985,61,2.980180155362709,64,2.980180155362709,6.25,false,-3,0
all,total,66572,Pueblo Rico,Risaralda,75,2.813982018050892,62,2.813982018050892,65,2.813982018050892,0,false,-3,0
all,total,63001,Armenia,Quindío,77,2.500698382598952,63,2.71409641918976,66,2.71409641918976,1.7361111111111112,false,-3,0
all,total,66682,Santa Rosa De Cabal,Risaralda,78,2.484461418982284,64,2.6518364189822843,67,2.6518364189822843,1.5625,false,-3,0
all,total,19743,Silvia,Cauca,121,0.8153093090615776,65,2.613110234987503,68,2.613110234987503,15.625,false,-3,0
all,total,66318,Guática,Risaralda,80,2.324569921774035,66,2.5872782551073685,69,2.5872782551073685,6.25,false,-3,0
all,total,66088,Belén De Umbría,Risaralda,79,2.471494631000402,67,2.572327964333735,70,2.572327964333735,2.083333333333333,false,-3,0
all,total,63401,La Tebaida,Quindío,83,2.0523444835007423,68,2.384484033765293,71,2.384484033765293,3.125,false,-3,0
all,total,19364,Jambaló,Cauca,109,1.0322460011078216,69,2.231181186293007,72,2.231181186293007,12.5,false,-3,0
all,total,66045,Apía,Risaralda,81,2.1959435709938973,70,2.1959435709938973,73,2.1959435709938973,0,false,-3,0
all,total,17050,Aranzazu,Caldas,85,1.9708220991314245,71,1.9708220991314245,74,1.9708220991314245,0,false,-3,0
all,total,18860,Valparaíso,Caquetá,104,1.1111111111111112,72,1.875,75,1.875,12.5,false,-3,0
all,total,52378,La Cruz,Nariño,173,0.3485265374354959,73,1.797459285973508,76,1.797459285973508,12.5,false,-3,0
all,total,76001,Santiago de Cali,Valle del Cauca,87,1.75078599090418,74,1.7924556697051077,77,1.7924556697051077,0.34916201117318435,false,-3,0
all,total,17001,Manizales,Caldas,91,1.5309770626068773,75,1.7423469558203775,78,1.7423469558203775,1.7857142857142856,false,-3,0
all,total,76036,Andalucía,Valle del Cauca,94,1.4982294765297994,76,1.6468006044759271,79,1.6468006044759271,2.083333333333333,false,-3,0
all,total,17042,Anserma,Caldas,100,1.2447384429128545,77,1.5847867347391638,80,1.5847867347391638,3.125,false,-3,0
all,total,76869,Vijes,Valle del Cauca,90,1.5419215506533466,78,1.5419215506533466,81,1.5419215506533466,0,false,-3,0
all,total,27075,Bahía Solano,Chocó,93,1.5145750696051645,79,1.5145750696051645,82,1.5145750696051645,0,true,-3,0
all,total,17614,Riosucio,Caldas,99,1.2539584923459046,80,1.412654283162231,83,1.412654283162231,1.5625,false,-3,0
all,total,19137,Caldono,Cauca,143,0.576979734367592,81,1.4063448137326717,84,1.4063448137326717,6.25,false,-3,0
all,total,27135,El Cantón Del San Pablo,Chocó,95,1.3888952899284273,82,1.3888952899284273,85,1.3888952899284273,0,false,-3,0
all,total,27160,Cértegui,Chocó,96,1.3701597051046854,83,1.3701597051046854,86,1.3701597051046854,0,false,-3,0
all,total,17616,Risaralda,Caldas,98,1.3087125068843066,84,1.3087125068843066,87,1.3087125068843066,0,false,-3,0
all,total,05091,Betania,Antioquia,55,3.6866303380782917,85,1.2716303380782918,88,1.2716303380782918,6.25,false,-3,0
all,total,76130,Candelaria,Valle del Cauca,146,0.5437433128085363,86,1.2662158580281746,89,1.2662158580281746,6.25,false,-3,0
all,total,76318,Guacarí,Valle del Cauca,140,0.6026362879160776,87,1.2638708558173124,90,1.2638708558173124,6.25,false,-3,0
all,total,17388,La Merced,Caldas,110,1.0012700611326353,88,1.262774690762265,91,1.262774690762265,6.25,false,-3,0
all,total,05353,Hispania,Antioquia,57,3.5645858925080574,89,1.2384979295450944,92,1.2384979295450944,6.25,false,-3,0
all,total,27425,Medio Atrato,Chocó,101,1.2173882763528856,90,1.2173882763528856,93,1.2173882763528856,0,false,-3,0
all,total,17174,Chinchiná,Caldas,102,1.1146981557276336,91,1.2090824149868928,94,1.2090824149868928,1.0416666666666665,false,-3,0
all,total,17867,Victoria,Caldas,125,0.7323637690553396,92,1.178193795510366,95,1.178193795510366,6.25,false,-3,0
all,total,19110,Buenos Aires,Cauca,154,0.4981078657405277,93,1.1678461136037757,96,1.1678461136037757,6.25,false,-3,0
all,total,73347,Herveo,Tolima,97,1.335851216226723,94,1.1606968952390688,97,1.1606968952390688,6.25,false,-3,0
all,total,41078,Baraya,Huila,59,3.509102780414074,95,1.1164638915251854,98,1.1164638915251854,6.25,false,-3,0
all,total,17446,Marulanda,Caldas,105,1.1060171613985736,96,1.1060171613985736,99,1.1060171613985736,0,false,-3,0
all,total,41206,Colombia,Huila,58,3.5432109788359787,97,1.085085978835979,100,1.085085978835979,6.25,false,-3,0
all,total,27245,El Carmen,Chocó,114,0.9589396436501488,208,0.11819890290940797,101,1.0640322362427415,6.25,true,107,0.9458333333333335
all,total,05093,Betulia,Antioquia,174,0.336584962905785,98,1.0567902098193653,102,1.0567902098193653,6.25,false,-4,0
all,total,05789,Támesis,Antioquia,160,0.43602717259952356,99,1.0516037719261226,103,1.0516037719261226,6.25,false,-4,0
all,total,05364,Jardín,Antioquia,153,0.5069633509518449,100,1.0469967871658368,104,1.0469967871658368,6.25,false,-4,0
all,total,76111,Buga,Valle del Cauca,139,0.6323473657261951,101,1.0428635997549838,105,1.0428635997549838,3.4722222222222223,false,-4,0
all,total,76834,Tuluá,Valle del Cauca,107,1.0400857482471622,102,1.0400857482471622,106,1.0400857482471622,0,false,-4,0
all,total,76892,Yumbo,Valle del Cauca,108,1.0389349187730548,103,1.0389349187730548,107,1.0389349187730548,0,false,-4,0
all,total,05792,Tarso,Antioquia,136,0.6611265654463301,104,1.0367901456932438,108,1.0367901456932438,6.25,false,-4,0
all,total,05483,Nariño,Antioquia,86,1.7564224194608808,105,1.0243390861275476,109,1.0243390861275476,6.25,false,-4,0
all,total,05576,Pueblorrico,Antioquia,62,3.3740966289935903,107,1.001156814178776,110,1.001156814178776,6.25,false,-3,0
all,total,25288,Fúquene,Cundinamarca,152,0.508294903204112,209,0.1160726809818898,111,0.9985726809818898,6.25,true,98,0.8825
all,total,19450,Mercaderes,Cauca,162,0.38720089823145676,108,0.9868027500833086,112,0.9868027500833086,6.25,false,-4,0
all,total,19701,Santa Rosa,Cauca,141,0.5899289128741391,109,0.9855384807753736,113,0.9855384807753736,6.25,false,-4,0
all,total,27413,Lloró,Chocó,111,0.9846175539067291,110,0.9846175539067291,114,0.9846175539067291,0,true,-4,0
all,total,18756,Solano,Caquetá,142,0.5825925925925926,111,0.983125,115,0.983125,6.25,false,-4,0
all,total,41244,Elías,Huila,126,0.7228903227620335,225,0.08244587831758884,116,0.983070878317589,6.25,true,109,0.9006250000000001
all,total,73563,Prado,Tolima,65,3.304083868563157,112,0.9795931278224164,117,0.9795931278224164,6.25,false,-5,0
all,total,17873,Villamaria,Caldas,113,0.9792394486802583,113,0.9792394486802583,118,0.9792394486802583,0,false,-5,0
all,total,18460,Milán,Caquetá,163,0.3823868312757201,114,0.9679166666666668,119,0.9679166666666668,6.25,false,-5,0
all,total,13650,San Fernando,Bolívar,112,0.9826455026455025,115,0.9672916666666668,120,0.9672916666666668,6.25,false,-5,0
all,total,19532,Patía,Cauca,207,0.13050707127295363,116,0.9589615919701215,121,0.9589615919701215,6.25,false,-5,0
all,total,05642,Salgar,Antioquia,171,0.3531104042369749,117,0.9568742931258637,122,0.9568742931258637,6.25,false,-5,0
all,total,18785,Solita,Caquetá,131,0.6786666666666666,118,0.954375,123,0.954375,6.25,false,-5,0
all,total,41885,Yaguará,Huila,148,0.5188223550800644,119,0.9532734132811227,124,0.9532734132811227,6.25,false,-5,0
all,total,19517,Páez,Cauca,183,0.2622417007241701,120,0.9528667007241699,125,0.9528667007241699,6.25,false,-5,0
all,total,41013,Agrado,Huila,63,3.3461556233250165,121,0.950322289991683,126,0.950322289991683,6.25,false,-5,0
all,total,05467,Montebello,Antioquia,118,0.8482741971862753,122,0.9500103082973865,127,0.9500103082973865,6.25,false,-5,0
all,total,73024,Alpujarra,Tolima,130,0.6900248789304959,123,0.9493628418934588,128,0.9493628418934588,6.25,false,-5,0
all,total,05660,San Luis,Antioquia,168,0.363991053713152,124,0.944528090750189,129,0.944528090750189,6.25,false,-5,0
all,total,17524,Palestina,Caldas,115,0.9430370172451678,125,0.9430370172451678,130,0.9430370172451678,0,false,-5,0
all,total,73226,Cunday,Tolima,119,0.8388178932561514,126,0.9408549302931885,131,0.9408549302931885,6.25,false,-5,0
all,total,73870,Villahermosa,Tolima,103,1.1143209876543207,127,0.9402083333333333,132,0.9402083333333333,6.25,false,-5,0
all,total,18094,Belén de los andaquíes,Caquetá,165,0.37037037037037035,128,0.9375,133,0.9375,6.25,false,-5,0
all,total,41518,Paicol,Huila,88,1.6465907188807694,129,0.9350860892511401,134,0.9350860892511401,6.25,false,-5,0
all,total,05861,Venecia,Antioquia,132,0.6738669600255296,130,0.9301354785440481,135,0.9301354785440481,6.25,false,-5,0
all,total,73520,Palocabildo,Tolima,66,3.3020092812006316,131,0.930134281200632,136,0.930134281200632,6.25,false,-5,0
all,total,05400,La Unión,Antioquia,186,0.22887106374302854,132,0.9258073382528327,137,0.9258073382528327,6.25,false,-5,0
all,total,41319,Guadalupe,Huila,181,0.2735802469135803,133,0.9233333333333335,138,0.9233333333333335,6.25,false,-5,0
all,total,05036,Angelópolis,Antioquia,135,0.6614542090506,134,0.9206718016431926,139,0.9206718016431926,6.25,false,-5,0
all,total,05856,Valparaiso,Antioquia,106,1.083407506969335,135,0.9190942353643969,140,0.9190942353643969,6.25,false,-5,0
all,total,73873,Villarrica,Tolima,120,0.8171684038020322,136,0.9186498852835138,141,0.9186498852835138,6.25,false,-5,0
all,total,41799,Tello,Huila,134,0.6696244855967077,206,0.12085905349794239,142,0.9106295794572385,5.3302847646296705,true,64,0.7897705259592962
all,total,41797,Tesalia,Huila,89,1.6151851851851853,137,0.9085416666666667,143,0.9085416666666667,6.25,false,-6,0
all,total,73030,Ambalema,Tolima,67,3.206666666666666,138,0.9018750000000001,144,0.9018750000000001,6.25,false,-6,0
all,total,25324,Guataquí,Cundinamarca,122,0.8016666666666665,411,0,144,0.9018750000000001,6.25,true,267,0.9018750000000001
all,total,17442,Marmato,Caldas,82,2.066056463952127,139,0.9011490565447193,146,0.9011490565447193,3.125,false,-7,0
all,total,73055,Armero,Tolima,138,0.6405557743156614,140,0.8977270706119576,147,0.8977270706119576,6.25,false,-7,0
all,total,05761,Sopetrán,Antioquia,170,0.3565603575217563,141,0.8968458513489168,148,0.8968458513489168,6.25,false,-7,0
all,total,17272,Filadelfia,Caldas,84,2.050641206274177,142,0.8894606507186215,149,0.8894606507186215,3.125,false,-7,0
all,total,25317,Guachetá,Cundinamarca,158,0.45047619047619036,143,0.8868750000000001,150,0.8868750000000001,6.25,false,-7,0
all,total,25718,Sasaima,Cundinamarca,147,0.5220987654320988,144,0.8810416666666667,151,0.8810416666666667,6.25,false,-7,0
all,total,17013,Aguadas,Caldas,116,0.8694419968772895,145,0.8694419968772895,152,0.8694419968772895,0,false,-7,0
all,total,66383,La Celia,Risaralda,117,0.8662631453799781,146,0.8662631453799781,153,0.8662631453799781,0,false,-7,0
all,total,05212,Copacabana,Antioquia,219,0.09768959837830989,147,0.8599118206005321,154,0.8599118206005321,6.25,false,-7,0
all,total,17541,Pensilvania,Caldas,92,1.5188559495281317,148,0.8507587273059096,155,0.8507587273059096,3.75,false,-7,0
all,total,25612,Ricaurte,Cundinamarca,150,0.5154320987654321,411,0,156,0.8103639425194071,5.8229744372652,true,255,0.8103639425194071
all,total,76364,Jamundí,Valle del Cauca,129,0.691060970251492,149,0.8079258301334977,157,0.8079258301334977,1.0416666666666665,false,-8,0
all,total,76248,El Cerrito,Valle del Cauca,172,0.35306471040203136,150,0.804198497250104,158,0.804198497250104,4.166666666666666,false,-8,0
all,total,66594,Quinchía,Risaralda,124,0.7612793778951502,151,0.7612793778951502,159,0.7612793778951502,0,false,-8,0
all,total,17486,Neira,Caldas,144,0.5757705720592811,152,0.7588068374913799,160,0.7588068374913799,3.125,false,-8,0
all,total,41615,Rivera,Huila,69,3.165925925925926,411,0,161,0.7272804738911429,5.104916756372084,true,250,0.7272804738911429
all,total,19418,López,Cauca,128,0.7123380525006163,153,0.7123380525006163,162,0.7123380525006163,0,false,-9,0
all,total,17662,Samaná,Caldas,127,0.7185593848195784,154,0.6619878827619652,163,0.6619878827619652,2.083333333333333,false,-9,0
all,total,17653,Salamina,Caldas,137,0.6446506857352687,155,0.6446506857352687,164,0.6446506857352687,0,false,-9,0
all,total,76306,Ginebra,Valle del Cauca,155,0.4884792612632739,156,0.6411991686706813,165,0.6411991686706813,3.125,false,-9,0
all,total,27615,Riosucio,Chocó,123,0.7810182713809211,223,0.08338864175129139,166,0.6190481164473252,3.4125683246721197,true,57,0.5356594746960338
all,total,76147,Cartago,Valle del Cauca,159,0.4465908431642571,157,0.5901061154811351,167,0.5901061154811351,1.3392857142857142,false,-10,0
all,total,05034,Andes,Antioquia,184,0.24014907044175335,158,0.5355865704417535,168,0.5355865704417535,3.125,false,-10,0
all,total,17513,Pácora,Caldas,149,0.5157015258584822,159,0.5157015258584822,169,0.5157015258584822,0,false,-10,0
all,total,27150,Carmen Del Darién,Chocó,151,0.5093847567456773,160,0.5093847567456773,170,0.5093847567456773,0,true,-10,0
all,total,41020,Algeciras,Huila,182,0.2676929258415591,161,0.49588737028600355,171,0.49588737028600355,3.125,false,-10,0
all,total,05679,Santa Bárbara,Antioquia,167,0.3651339392631276,162,0.49396032815201646,172,0.49396032815201646,3.125,false,-10,0
all,total,18753,San Vicente del Caguán,Caquetá,210,0.12077340823970037,163,0.48341924157303373,173,0.48341924157303373,3.125,false,-10,0
all,total,05585,Puerto Nare,Antioquia,133,0.673767569654398,164,0.4832837733581017,174,0.4832837733581017,3.125,false,-10,0
all,total,05665,San Pedro de Urabá,Antioquia,202,0.1488888888888889,165,0.48156250000000006,175,0.48156250000000006,3.125,false,-10,0
all,total,18205,Curillo,Caquetá,164,0.3748148148148148,166,0.47437500000000005,176,0.47437500000000005,3.125,false,-10,0
all,total,73319,Guamo,Tolima,189,0.21468026591029016,167,0.46479600665103094,177,0.46479600665103094,3.125,false,-10,0
all,total,18256,El Paujíl,Caquetá,145,0.55,168,0.4640625,178,0.4640625,3.125,false,-10,0
all,total,05282,Fredonia,Antioquia,188,0.22516953971018908,169,0.4616170705743866,179,0.4616170705743866,3.125,false,-10,0
all,total,73148,Carmen De Apicalá,Tolima,71,3.1339735698494895,170,0.4559064402198601,180,0.4559064402198601,3.125,false,-10,0
all,total,73067,Ataco,Tolima,156,0.47665390932915963,171,0.45517242784767803,181,0.45517242784767803,2.083333333333333,false,-10,0
all,total,41306,Gigante,Huila,175,0.3236296296296296,172,0.45510416666666664,182,0.45510416666666664,3.125,false,-10,0
all,total,05308,Girardota,Antioquia,204,0.13909329277735058,173,0.4424922125304371,183,0.4424922125304371,3.125,false,-10,0
all,total,05148,Carmen De Viboral,Antioquia,208,0.1277903154740923,174,0.43972781547409234,184,0.43972781547409234,3.125,false,-10,0
all,total,19130,Cajibío,Cauca,161,0.4163084127297543,175,0.4163084127297543,185,0.4163084127297543,0,false,-10,0
all,total,76563,Pradera,Valle del Cauca,198,0.17285309058372839,176,0.4022975350281728,186,0.4022975350281728,2.083333333333333,false,-10,0
all,total,19698,Santander De Quilichao,Cauca,212,0.11685158851491176,177,0.3742246821968289,187,0.3742246821968289,2.083333333333333,false,-10,0
all,total,19809,Timbiquí,Cauca,166,0.36603721138867035,178,0.36603721138867035,188,0.36603721138867035,0,false,-10,0
all,total,17777,Supia,Caldas,169,0.36052166517662904,179,0.36052166517662904,189,0.36052166517662904,0,false,-10,0
all,total,18150,Cartagena del Chairá,Caquetá,199,0.1715925925925926,181,0.32173611111111106,190,0.32173611111111106,2.083333333333333,false,-9,0
all,total,18592,Puerto Rico,Caquetá,203,0.14021604938271606,182,0.315486111111111,191,0.315486111111111,2.083333333333333,false,-9,0
all,total,76670,San Pedro,Valle del Cauca,178,0.3139933765009931,183,0.3139933765009931,192,0.3139933765009931,0,false,-9,0
all,total,41524,Palermo,Huila,157,0.46602834399147347,184,0.3086672328803623,193,0.3086672328803623,2.083333333333333,false,-9,0
all,total,18247,El Doncello,Caquetá,200,0.16455555555555557,185,0.3085416666666666,194,0.3085416666666666,2.083333333333333,false,-9,0
all,total,68079,Barichara,Santander,176,0.31740740740740747,186,0.2975694444444444,195,0.2975694444444444,2.083333333333333,false,-9,0
all,total,05129,Caldas,Antioquia,242,0.04340114762649975,187,0.28888888888888886,196,0.28888888888888886,2.083333333333333,false,-9,0
all,total,19300,Guachené,Cauca,179,0.2879761247503235,188,0.2879761247503235,197,0.2879761247503235,0,false,-9,0
all,total,27800,Unguía,Chocó,180,0.28618507976667373,189,0.28618507976667373,198,0.28618507976667373,0,false,-9,0
all,total,05380,La Estrella,Antioquia,205,0.13178743961352654,411,0,199,0.264917308946034,1.9422090098682843,true,212,0.264917308946034
all,total,05361,Ituango,Antioquia,177,0.3141890630033315,190,0.24437424818851666,200,0.24437424818851666,1.5625,false,-10,0
all,total,19142,Caloto,Cauca,185,0.23543593206045615,191,0.23543593206045615,201,0.23543593206045615,0,false,-10,0
all,total,05055,Argelia,Antioquia,187,0.22531253830662817,192,0.22531253830662817,202,0.22531253830662817,0,false,-10,0
all,total,05101,Ciudad Bolívar,Antioquia,190,0.20982589469206064,193,0.20982589469206064,203,0.20982589469206064,0,false,-10,0
all,total,05145,Caramanta,Antioquia,191,0.20141275085658344,194,0.20141275085658344,204,0.20141275085658344,0,false,-10,0
all,total,17380,La Dorada,Caldas,228,0.07237771912655912,195,0.1940050922980499,205,0.1940050922980499,1.0416666666666665,false,-10,0
all,total,76275,Florida,Valle del Cauca,192,0.19352735531740992,196,0.19352735531740992,206,0.19352735531740992,0,false,-10,0
all,total,05002,Abejorral,Antioquia,193,0.19289804998106774,197,0.19289804998106774,207,0.19289804998106774,0,false,-10,0
all,total,17433,Manzanares,Caldas,194,0.1858721297708461,198,0.1858721297708461,208,0.1858721297708461,0,false,-10,0
all,total,19845,Villa Rica,Cauca,195,0.18327728955379935,199,0.18327728955379935,209,0.18327728955379935,0,false,-10,0
all,total,73624,Rovira,Tolima,196,0.18212593211990788,200,0.18212593211990788,210,0.18212593211990788,0,false,-10,0
all,total,19807,Timbío,Cauca,197,0.17891542509254915,201,0.17891542509254915,211,0.17891542509254915,0,false,-10,0
all,total,17444,Marquetalia,Caldas,201,0.16328071691178386,202,0.16328071691178386,212,0.16328071691178386,0,false,-10,0
all,total,76520,Palmira,Valle del Cauca,225,0.08242484117637353,203,0.14470575289467041,213,0.14470575289467041,0.5434782608695652,false,-10,0
all,total,19075,Balboa,Cauca,206,0.13177253878939058,204,0.13177253878939058,214,0.13177253878939058,0,false,-10,0
all,total,19780,Suárez,Cauca,209,0.1258158832169694,205,0.1258158832169694,215,0.1258158832169694,0,false,-10,0
all,total,17495,Norcasia,Caldas,211,0.1189985238983167,207,0.1189985238983167,216,0.1189985238983167,0,false,-9,0
all,total,19455,Miranda,Cauca,213,0.11591064907090913,210,0.11591064907090913,217,0.11591064907090913,0,false,-7,0
all,total,05756,Sonsón,Antioquia,214,0.11118914425580351,211,0.11118914425580351,218,0.11118914425580351,0,true,-7,0
all,total,19256,El Tambo,Cauca,215,0.11088090135498829,212,0.11088090135498829,219,0.11088090135498829,0,false,-7,0
all,total,19001,Popayán,Cauca,270,0.022759574208426205,213,0.10980197013971102,220,0.10980197013971102,0.7575757575757576,false,-7,0
all,total,19693,San Sebastián,Cauca,216,0.10314034723663282,214,0.10314034723663282,221,0.10314034723663282,0,false,-7,0
all,total,19821,Toribío,Cauca,217,0.10101885588801784,215,0.10101885588801784,222,0.10101885588801784,0,false,-7,0
all,total,19318,Guapi,Cauca,218,0.09883175368584415,216,0.09883175368584415,223,0.09883175368584415,0,false,-7,0
all,total,41872,Villavieja,Huila,220,0.09764403463877763,217,0.09764403463877763,224,0.09764403463877763,0,false,-7,0
all,total,19622,Rosas,Cauca,221,0.09493466147948644,218,0.09493466147948644,225,0.09493466147948644,0,false,-7,0
all,total,05873,Vigía Del Fuerte,Antioquia,222,0.09123985650740671,219,0.09123985650740671,226,0.09123985650740671,0,false,-7,0
all,total,19473,Morales,Cauca,223,0.0905469195507785,220,0.0905469195507785,227,0.0905469195507785,0,false,-7,0
all,total,41551,Pitalito,Huila,272,0.0221424862285392,221,0.09049259404183194,228,0.09049259404183194,0.625,false,-7,0
all,total,73504,Ortega,Tolima,224,0.08655060385617122,222,0.08655060385617122,229,0.08655060385617122,0,false,-7,0
all,total,41298,Garzón,Huila,245,0.041519091285888335,224,0.08283094399014612,230,0.08283094399014612,0.5681818181818182,false,-6,0
all,total,05390,La Pintada,Antioquia,226,0.08017689331122167,226,0.08017689331122167,231,0.08017689331122167,0,false,-5,0
all,total,41676,Santa María,Huila,227,0.07697215010337036,227,0.07697215010337036,232,0.07697215010337036,0,false,-5,0
all,total,05125,Caicedo,Antioquia,229,0.07068787936611784,228,0.07068787936611784,233,0.07068787936611784,0,false,-5,0
all,total,05021,Alejandría,Antioquia,230,0.06863414077865453,229,0.06863414077865453,234,0.06863414077865453,0,false,-5,0
all,total,19573,Puerto Tejada,Cauca,231,0.06787869865116745,230,0.06787869865116745,235,0.06787869865116745,0,false,-5,0
all,total,73236,Dolores,Tolima,232,0.06753544708452475,231,0.06753544708452475,236,0.06753544708452475,0,false,-5,0
all,total,27580,Rio Iró,Chocó,233,0.06185976775851552,232,0.06185976775851552,237,0.06185976775851552,0,false,-5,0
all,total,73675,San Antonio,Tolima,234,0.06163677887439785,233,0.06163677887439785,238,0.06163677887439785,0,false,-5,0
all,total,05615,Rionegro,Antioquia,321,0.006710914454277286,234,0.0609375,239,0.0609375,0.4464285714285714,false,-5,0
all,total,73622,Roncesvalles,Tolima,235,0.058940918468139106,236,0.058940918468139106,240,0.058940918468139106,0,false,-4,0
all,total,05197,Cocorná,Antioquia,236,0.0574107798427506,237,0.0574107798427506,241,0.0574107798427506,0,false,-4,0
all,total,05809,Titiribí,Antioquia,237,0.05031317153330807,238,0.05031317153330807,242,0.05031317153330807,0,false,-4,0
all,total,41349,Hobo,Huila,238,0.04748120683166,239,0.04748120683166,243,0.04748120683166,0,false,-4,0
all,total,18001,Florencia,Caquetá,293,0.013483992467043316,240,0.04710526315789474,244,0.04710526315789474,0.3289473684210526,false,-4,0
all,total,05209,Concordia,Antioquia,239,0.046497643155317014,241,0.046497643155317014,245,0.046497643155317014,0,false,-4,0
all,total,05059,Armenia,Antioquia,240,0.04623415553271669,242,0.04623415553271669,246,0.04623415553271669,0,false,-4,0
all,total,19548,Piendamó Tunia,Cauca,241,0.04575014799615789,243,0.04575014799615789,247,0.04575014799615789,0,false,-4,0
all,total,05306,Giraldo,Antioquia,243,0.043400995994370466,244,0.043400995994370466,248,0.043400995994370466,0,false,-4,0
all,total,41801,Teruel,Huila,244,0.04330646019582801,245,0.04330646019582801,249,0.04330646019582801,0,false,-4,0
all,total,73168,Chaparral,Tolima,246,0.03965491678385143,246,0.03965491678385143,250,0.03965491678385143,0,false,-4,0
all,total,05044,Anzá,Antioquia,247,0.03759362785201345,247,0.03759362785201345,251,0.03759362785201345,0,false,-4,0
all,total,73124,Cajamarca,Tolima,248,0.03698188297172912,248,0.03698188297172912,252,0.03698188297172912,0,false,-4,0
all,total,05674,San Vicente,Antioquia,249,0.03689285191783062,249,0.03689285191783062,253,0.03689285191783062,0,false,-4,0
all,total,05240,Ebéjico,Antioquia,250,0.03574721395067703,250,0.03574721395067703,254,0.03574721395067703,0,false,-4,0
all,total,52520,Francisco Pizarro,Nariño,251,0.03312237034237324,251,0.03312237034237324,255,0.03312237034237324,0,false,-4,0
all,total,05649,San Carlos,Antioquia,252,0.03293468413885427,252,0.03293468413885427,256,0.03293468413885427,0,false,-4,0
all,total,05206,Concepción,Antioquia,253,0.0327557477433271,253,0.0327557477433271,257,0.0327557477433271,0,true,-4,0
all,total,05607,El Retiro,Antioquia,254,0.031831498616648704,254,0.031831498616648704,258,0.031831498616648704,0,false,-4,0
all,total,19824,Totoró,Cauca,255,0.03151623992928766,255,0.03151623992928766,259,0.03151623992928766,0,false,-4,0
all,total,05347,Heliconia,Antioquia,256,0.02907807498856882,256,0.02907807498856882,260,0.02907807498856882,0,false,-4,0
all,total,05858,Vegachí,Antioquia,257,0.028303917701965425,257,0.028303917701965425,261,0.028303917701965425,0,false,-4,0
all,total,19050,Argelia,Cauca,258,0.028275589241024284,258,0.028275589241024284,262,0.028275589241024284,0,false,-4,0
all,total,05893,Yondó,Antioquia,259,0.028037727519695736,259,0.028037727519695736,263,0.028037727519695736,0,false,-4,0
all,total,73585,Purificación,Tolima,260,0.0280061570763818,260,0.0280061570763818,264,0.0280061570763818,0,false,-4,0
all,total,05376,La Ceja,Antioquia,261,0.02798688094534632,261,0.02798688094534632,265,0.02798688094534632,0,false,-4,0
all,total,41357,Íquira,Huila,262,0.027207306222850263,262,0.027207306222850263,266,0.027207306222850263,0,false,-4,0
all,total,41016,Aipe,Huila,263,0.026800086506629406,263,0.026800086506629406,267,0.026800086506629406,0,false,-4,0
all,total,05591,Puerto Triunfo,Antioquia,264,0.026485316525834607,264,0.026485316525834607,268,0.026485316525834607,0,false,-4,0
all,total,19100,Bolívar,Cauca,265,0.024984581761571163,265,0.024984581761571163,269,0.024984581761571163,0,false,-4,0
all,total,73270,Falan,Tolima,266,0.02426011408536321,266,0.02426011408536321,270,0.02426011408536321,0,false,-4,0
all,total,73483,Natagaima,Tolima,267,0.02375927062651248,267,0.02375927062651248,271,0.02375927062651248,0,false,-4,0
all,total,05667,San Rafael,Antioquia,268,0.023755686932827293,268,0.023755686932827293,272,0.023755686932827293,0,false,-4,0
all,total,05368,Jericó,Antioquia,269,0.023662864548466278,269,0.023662864548466278,273,0.023662864548466278,0,true,-4,0
all,total,05266,Envigado,Antioquia,271,0.02241181737001031,270,0.02241181737001031,274,0.02241181737001031,0,false,-4,0
all,total,05631,Sabaneta,Antioquia,273,0.022022780849830906,271,0.022022780849830906,275,0.022022780849830906,0,false,-4,0
all,total,19290,Florencia,Cauca,274,0.02166277509393451,272,0.02166277509393451,276,0.02166277509393451,0,false,-4,0
all,total,05313,Granada,Antioquia,275,0.021240273993339387,273,0.021240273993339387,277,0.021240273993339387,0,false,-4,0
all,total,05690,Santo Domingo,Antioquia,276,0.020734013657248748,274,0.020734013657248748,278,0.020734013657248748,0,false,-4,0
all,total,52612,Ricaurte,Nariño,277,0.020626364435371837,275,0.020626364435371837,279,0.020626364435371837,0,false,-4,0
all,total,05042,Santa Fe De Antioquia,Antioquia,278,0.020581584530706878,276,0.020581584530706878,280,0.020581584530706878,0,false,-4,0
all,total,41001,Neiva,Huila,340,0.004372967362199254,277,0.0189596705141198,281,0.0189596705141198,0.1358695652173913,false,-4,0
all,total,13580,Regidor,Bolívar,279,0.01836452923411299,278,0.01836452923411299,282,0.01836452923411299,0,true,-4,0
all,total,54418,Lourdes,Norte de Santander,280,0.018336115562678064,279,0.018336115562678064,283,0.018336115562678064,0,false,-4,0
all,total,05697,Santuario,Antioquia,281,0.01810570746074816,280,0.01810570746074816,284,0.01810570746074816,0,false,-4,0
all,total,27099,Bojayá,Chocó,282,0.017684709323876217,281,0.017684709323876217,285,0.017684709323876217,0,false,-4,0
all,total,05541,Peñol,Antioquia,283,0.017580503774038646,282,0.017580503774038646,286,0.017580503774038646,0,false,-4,0
all,total,05284,Frontino,Antioquia,284,0.01749004943857885,283,0.01749004943857885,287,0.01749004943857885,0,false,-4,0
all,total,05360,Itagüí,Antioquia,285,0.017219575553643424,284,0.017219575553643424,288,0.017219575553643424,0,false,-4,0
all,total,19513,Padilla,Cauca,286,0.01717847838332629,285,0.01717847838332629,289,0.01717847838332629,0,false,-4,0
all,total,05686,Santa Rosa De Osos,Antioquia,287,0.016783388073329433,286,0.016783388073329433,290,0.016783388073329433,0,false,-4,0
all,total,73026,Alvarado,Tolima,288,0.01606085786641342,287,0.01606085786641342,291,0.01606085786641342,0,true,-4,0
all,total,05842,Uramita,Antioquia,289,0.015800391540070693,288,0.015800391540070693,292,0.015800391540070693,0,false,-4,0
all,total,52418,Los Andes,Nariño,290,0.014488540346430078,289,0.014488540346430078,293,0.014488540346430078,0,false,-4,0
all,total,05113,Buriticá,Antioquia,291,0.014476782494104593,290,0.014476782494104593,294,0.014476782494104593,0,false,-4,0
all,total,05628,Sabanalarga,Antioquia,292,0.01359084684825004,291,0.01359084684825004,295,0.01359084684825004,0,false,-4,0
all,total,05819,Toledo,Antioquia,294,0.013341841197143902,292,0.013341841197143902,296,0.013341841197143902,0,false,-4,0
all,total,05411,Liborina,Antioquia,295,0.013044871794871796,293,0.013044871794871796,297,0.013044871794871796,0,false,-4,0
all,total,73547,Piedras,Tolima,296,0.013005529225908374,294,0.013005529225908374,298,0.013005529225908374,0,false,-4,0
all,total,05658,San José De La Montaña,Antioquia,297,0.01257911888199536,295,0.01257911888199536,299,0.01257911888199536,0,false,-4,0
all,total,25398,La Peña,Cundinamarca,298,0.012310041848423593,296,0.012310041848423593,300,0.012310041848423593,0,true,-4,0
all,total,52254,El Peñol,Nariño,299,0.012075789188297143,297,0.012075789188297143,301,0.012075789188297143,0,false,-4,0
all,total,05425,Maceo,Antioquia,300,0.011949629629629633,298,0.011949629629629633,302,0.011949629629629633,0,false,-4,0
all,total,68322,Guapotá,Santander,301,0.01177644975652944,299,0.01177644975652944,303,0.01177644975652944,0,false,-4,0
all,total,05001,Medellín,Antioquia,382,0.0013693586107379212,300,0.011621621621621623,304,0.011621621621621623,0.08445945945945946,false,-4,0
all,total,73283,Fresno,Tolima,302,0.011435819478196264,301,0.011435819478196264,305,0.011435819478196264,0,false,-4,0
all,total,52240,Chachagüí,Nariño,303,0.011143025174482128,302,0.011143025174482128,306,0.011143025174482128,0,false,-4,0
all,total,05264,Entrerrios,Antioquia,304,0.01097489501615945,303,0.01097489501615945,307,0.01097489501615945,0,false,-4,0
all,total,05134,Campamento,Antioquia,305,0.010583318386990705,304,0.010583318386990705,308,0.010583318386990705,0,false,-4,0
all,total,05079,Barbosa,Antioquia,306,0.010480985626598271,305,0.010480985626598271,309,0.010480985626598271,0,false,-4,0
all,total,05890,Yolombó,Antioquia,307,0.01028095447719489,306,0.01028095447719489,310,0.01028095447719489,0,false,-4,0
all,total,54660,Salazar,Norte de Santander,308,0.010064731980507672,307,0.010064731980507672,311,0.010064731980507672,0,false,-4,0
all,total,54743,Silos,Norte de Santander,309,0.010026333673122664,308,0.010026333673122664,312,0.010026333673122664,0,false,-4,0
all,total,05652,San Francisco,Antioquia,310,0.009396825396825398,309,0.009396825396825398,313,0.009396825396825398,0,false,-4,0
all,total,05310,Gómez Plata,Antioquia,311,0.008963631058301285,310,0.008963631058301285,314,0.008963631058301285,0,false,-4,0
all,total,73861,Venadillo,Tolima,312,0.008737713258855112,311,0.008737713258855112,315,0.008737713258855112,0,false,-4,0
all,total,52083,Belén,Nariño,313,0.008616422041972448,312,0.008616422041972448,316,0.008616422041972448,0,false,-4,0
all,total,41483,Nátaga,Huila,314,0.00836028192371476,313,0.00836028192371476,317,0.00836028192371476,0,true,-4,0
all,total,73770,Suárez,Tolima,315,0.00806438823647496,314,0.00806438823647496,318,0.00806438823647496,0,false,-4,0
all,total,73461,Murillo,Tolima,316,0.008011614937887004,315,0.008011614937887004,319,0.008011614937887004,0,false,-4,0
all,total,05543,Peque,Antioquia,317,0.00788258451246782,316,0.00788258451246782,320,0.00788258451246782,0,true,-4,0
all,total,19392,La Sierra,Cauca,318,0.007370168366137064,317,0.007370168366137064,321,0.007370168366137064,0,false,-4,0
all,total,52207,Consacá,Nariño,319,0.007368621093893103,318,0.007368621093893103,322,0.007368621093893103,0,false,-4,0
all,total,05031,Amalfi,Antioquia,320,0.0072979959777172655,319,0.0072979959777172655,323,0.0072979959777172655,0,false,-4,0
all,total,19785,Sucre,Cauca,322,0.006705657702158802,320,0.006705657702158802,324,0.006705657702158802,0,false,-4,0
all,total,54128,Cáchira,Norte de Santander,323,0.00652176263855096,321,0.00652176263855096,325,0.00652176263855096,0,false,-4,0
all,total,25491,Nocaima,Cundinamarca,324,0.0064626569620668175,322,0.0064626569620668175,326,0.0064626569620668175,0,true,-4,0
all,total,52317,Guachucal,Nariño,325,0.006357510140206317,323,0.006357510140206317,327,0.006357510140206317,0,false,-4,0
all,total,05854,Valdivia,Antioquia,326,0.006157175527382133,324,0.006157175527382133,328,0.006157175527382133,0,false,-4,0
all,total,19355,Inzá,Cauca,327,0.006099013741134752,325,0.006099013741134752,329,0.006099013741134752,0,false,-4,0
all,total,05142,Caracolí,Antioquia,328,0.006007084115491195,326,0.006007084115491195,330,0.006007084115491195,0,false,-4,0
all,total,25151,Cáqueza,Cundinamarca,329,0.0055498796733293495,327,0.0055498796733293495,331,0.0055498796733293495,0,false,-4,0
all,total,73411,Líbano,Tolima,330,0.0054534633801284135,328,0.0054534633801284135,332,0.0054534633801284135,0,false,-4,0
all,total,68092,Betulia,Santander,331,0.00526217480456235,329,0.00526217480456235,333,0.00526217480456235,0,false,-4,0
all,total,73152,Casabianca,Tolima,332,0.005022880495295428,330,0.005022880495295428,334,0.005022880495295428,0,false,-4,0
all,total,41132,Campoalegre,Huila,333,0.004886003363383234,331,0.004886003363383234,335,0.004886003363383234,0,false,-4,0
all,total,25095,Bituima,Cundinamarca,334,0.0047938396349413315,332,0.0047938396349413315,336,0.0047938396349413315,0,true,-4,0
all,total,05190,Cisneros,Antioquia,335,0.00474699602661688,333,0.00474699602661688,337,0.00474699602661688,0,false,-4,0
all,total,54223,Cucutilla,Norte de Santander,336,0.00464580801296403,334,0.00464580801296403,338,0.00464580801296403,0,false,-4,0
all,total,70221,Coveñas,Sucre,337,0.00454226945189305,335,0.00454226945189305,339,0.00454226945189305,0,false,-4,0
all,total,05038,Angostura,Antioquia,338,0.0045124376504987965,336,0.0045124376504987965,340,0.0045124376504987965,0,false,-4,0
all,total,54673,San Cayetano,Norte de Santander,339,0.004448620727552479,337,0.004448620727552479,341,0.004448620727552479,0,false,-4,0
all,total,19585,Puracé,Cauca,341,0.004286471183652813,338,0.004286471183652813,342,0.004286471183652813,0,false,-4,0
all,total,54871,Villa Caro,Norte de Santander,342,0.0042553991725557735,339,0.0042553991725557735,343,0.0042553991725557735,0,false,-4,0
all,total,52678,Samaniego,Nariño,343,0.0038027777777777778,340,0.0038027777777777778,344,0.0038027777777777778,0,false,-4,0
all,total,73671,Saldaña,Tolima,344,0.0037733039754665465,341,0.0037733039754665465,345,0.0037733039754665465,0,false,-4,0
all,total,25489,Nimaima,Cundinamarca,345,0.0034875374664773626,342,0.0034875374664773626,346,0.0034875374664773626,0,true,-4,0
all,total,25580,Pulí,Cundinamarca,346,0.0034274629048070054,343,0.0034274629048070054,347,0.0034274629048070054,0,true,-4,0
all,total,25898,Zipacón,Cundinamarca,347,0.0034153671215074732,344,0.0034153671215074732,348,0.0034153671215074732,0,true,-4,0
all,total,73686,Santa Isabel,Tolima,348,0.0032603419164204312,345,0.0032603419164204312,349,0.0032603419164204312,0,false,-4,0
all,total,54520,Pamplonita,Norte de Santander,349,0.003125219912188107,346,0.003125219912188107,350,0.003125219912188107,0,false,-4,0
all,total,41359,Isnos,Huila,350,0.003101497145321847,347,0.003101497145321847,351,0.003101497145321847,0,false,-4,0
all,total,25599,Apulo,Cundinamarca,351,0.0028794715845922437,348,0.0028794715845922437,352,0.0028794715845922437,0,false,-4,0
all,total,25805,Tibacuy,Cundinamarca,352,0.0028365764059293695,349,0.0028365764059293695,353,0.0028365764059293695,0,true,-4,0
all,total,13688,Santa Rosa del Sur,Bolívar,353,0.0027910757405706903,350,0.0027910757405706903,354,0.0027910757405706903,0,false,-4,0
all,total,13670,San Pablo,Bolívar,354,0.0026821354895160726,351,0.0026821354895160726,355,0.0026821354895160726,0,false,-4,0
all,total,05315,Guadalupe,Antioquia,355,0.0026577135524550226,352,0.0026577135524550226,356,0.0026577135524550226,0,false,-4,0
all,total,73275,Flandes,Tolima,356,0.0026242319553194137,353,0.0026242319553194137,357,0.0026242319553194137,0,false,-4,0
all,total,41548,Pital,Huila,357,0.0026202076473441057,354,0.0026202076473441057,358,0.0026202076473441057,0,false,-4,0
all,total,52079,Barbacoas,Nariño,358,0.0026088984858178713,355,0.0026088984858178713,359,0.0026088984858178713,0,false,-4,0
all,total,54003,Ábrego,Norte de Santander,359,0.0025840427553153024,356,0.0025840427553153024,360,0.0025840427553153024,0,false,-4,0
all,total,25885,Yacopí,Cundinamarca,360,0.002559890517157577,357,0.002559890517157577,361,0.002559890517157577,0,false,-4,0
all,total,73352,Icononzo,Tolima,361,0.0024116605649636,358,0.0024116605649636,362,0.0024116605649636,0,false,-4,0
all,total,25326,Guatavita,Cundinamarca,362,0.002379359394673699,359,0.002379359394673699,363,0.002379359394673699,0,false,-4,0
all,total,25312,Granada,Cundinamarca,363,0.0023714907621106103,360,0.0023714907621106103,364,0.0023714907621106103,0,true,-4,0
all,total,05885,Yalí,Antioquia,364,0.0023131251689645855,361,0.0023131251689645855,365,0.0023131251689645855,0,false,-4,0
all,total,52260,El Tambo,Nariño,365,0.0022958221992356986,362,0.0022958221992356986,366,0.0022958221992356986,0,false,-4,0
all,total,25862,Vergara,Cundinamarca,366,0.0022499513524031913,363,0.0022499513524031913,367,0.0022499513524031913,0,false,-4,0
all,total,25758,Sopó,Cundinamarca,367,0.002237697555075287,364,0.002237697555075287,368,0.002237697555075287,0,false,-4,0
all,total,25224,Cucunubá,Cundinamarca,368,0.0021842462023980175,365,0.0021842462023980175,369,0.0021842462023980175,0,true,-4,0
all,total,25019,Albán,Cundinamarca,369,0.0019999441448577725,366,0.0019999441448577725,370,0.0019999441448577725,0,true,-4,0
all,total,19533,Piamonte,Cauca,370,0.0019586802872921857,367,0.0019586802872921857,371,0.0019586802872921857,0,false,-4,0
all,total,25535,Pasca,Cundinamarca,371,0.0018942009549354182,368,0.0018942009549354182,372,0.0018942009549354182,0,true,-4,0
all,total,73408,Lérida,Tolima,372,0.0018868376288291382,369,0.0018868376288291382,373,0.0018868376288291382,0,false,-4,0
all,total,54874,Villa del Rosario,Norte de Santander,373,0.0018707769758253793,370,0.0018707769758253793,374,0.0018707769758253793,0,false,-4,0
all,total,25839,Ubalá,Cundinamarca,374,0.0018459364620165009,371,0.0018459364620165009,375,0.0018459364620165009,0,true,-4,0
all,total,05847,Urrao,Antioquia,375,0.0017980065359477124,372,0.0017980065359477124,376,0.0017980065359477124,0,false,-4,0
all,total,25099,Bojacá,Cundinamarca,376,0.0017199782292531035,373,0.0017199782292531035,377,0.0017199782292531035,0,true,-4,0
all,total,05604,Remedios,Antioquia,377,0.0016909070986735474,374,0.0016909070986735474,378,0.0016909070986735474,0,false,-4,0
all,total,25438,Medina,Cundinamarca,378,0.0016902211054438776,375,0.0016902211054438776,379,0.0016902211054438776,0,false,-4,0
all,total,41396,La Plata,Huila,379,0.0016163129288449146,376,0.0016163129288449146,380,0.0016163129288449146,0,false,-4,0
all,total,54250,El Tarra,Norte de Santander,380,0.0015909099204654542,377,0.0015909099204654542,381,0.0015909099204654542,0,false,-4,0
all,total,25488,Nilo,Cundinamarca,381,0.0015670603958965472,378,0.0015670603958965472,382,0.0015670603958965472,0,true,-4,0
all,total,05670,San Roque,Antioquia,383,0.0012702061974498684,379,0.0012702061974498684,383,0.0012702061974498684,0,false,-4,0
all,total,54800,Teorama,Norte de Santander,384,0.001234570282363833,380,0.001234570282363833,384,0.001234570282363833,0,false,-4,0
all,total,54405,Los Patios,Norte de Santander,385,0.0011849024829162717,381,0.0011849024829162717,385,0.0011849024829162717,0,false,-4,0
all,total,54820,Toledo,Norte de Santander,386,0.0011772860431052523,382,0.0011772860431052523,386,0.0011772860431052523,0,false,-4,0
all,total,70001,Sincelejo,Sucre,387,0.001120284545295942,383,0.001120284545295942,387,0.001120284545295942,0,false,-4,0
all,total,41791,Tarqui,Huila,388,0.001038884618476317,384,0.001038884618476317,388,0.001038884618476317,0,false,-4,0
all,total,25875,Villeta,Cundinamarca,389,0.0009453866639327656,385,0.0009453866639327656,389,0.0009453866639327656,0,false,-4,0
all,total,05040,Anorí,Antioquia,390,0.0008595152879246305,386,0.0008595152879246305,390,0.0008595152879246305,0,false,-4,0
all,total,25214,Cota,Cundinamarca,391,0.000826961581505963,387,0.000826961581505963,391,0.000826961581505963,0,true,-4,0
all,total,73449,Melgar,Tolima,392,0.0008237059527446787,388,0.0008237059527446787,392,0.0008237059527446787,0,false,-4,0
all,total,25200,Cogua,Cundinamarca,393,0.0007954625982200547,389,0.0007954625982200547,393,0.0007954625982200547,0,true,-4,0
all,total,05147,Carepa,Antioquia,394,0.0007764097570024115,390,0.0007764097570024115,394,0.0007764097570024115,0,false,-4,0
all,total,41006,Acevedo,Huila,395,0.0007752597052647227,391,0.0007752597052647227,395,0.0007752597052647227,0,false,-4,0
all,total,54172,Chinácota,Norte de Santander,396,0.0007474021121100822,392,0.0007474021121100822,396,0.0007474021121100822,0,false,-4,0
all,total,52001,Pasto,Nariño,397,0.0007307766611480413,393,0.0007307766611480413,397,0.0007307766611480413,0,false,-4,0
all,total,54001,San José de Cúcuta,Norte de Santander,398,0.0007275064877993741,394,0.0007275064877993741,398,0.0007275064877993741,0,false,-4,0
all,total,05172,Chigorodó,Antioquia,399,0.0007148437706906505,395,0.0007148437706906505,399,0.0007148437706906505,0,false,-4,0
all,total,54518,Pamplona,Norte de Santander,400,0.000710601219282717,396,0.000710601219282717,400,0.000710601219282717,0,false,-4,0
all,total,41770,Suaza,Huila,401,0.0007000874080929611,397,0.0007000874080929611,401,0.0007000874080929611,0,false,-4,0
all,total,25815,Tocaima,Cundinamarca,402,0.0006414731152223431,398,0.0006414731152223431,402,0.0006414731152223431,0,false,-4,0
all,total,05490,Necoclí,Antioquia,403,0.0005278641111974445,399,0.0005278641111974445,403,0.0005278641111974445,0,false,-4,0
all,total,25320,Guaduas,Cundinamarca,404,0.0005146840468264017,400,0.0005146840468264017,404,0.0005146840468264017,0,false,-4,0
all,total,25430,Madrid,Cundinamarca,405,0.0005094202898550725,401,0.0005094202898550725,405,0.0005094202898550725,0,false,-4,0
all,total,05030,Amagá,Antioquia,406,0.0005069363450224193,402,0.0005069363450224193,406,0.0005069363450224193,0,false,-4,0
all,total,05045,Apartadó,Antioquia,407,0.0004931047539333792,403,0.0004931047539333792,407,0.0004931047539333792,0,false,-4,0
all,total,05318,Guarne,Antioquia,408,0.0004806092888515092,404,0.0004806092888515092,408,0.0004806092888515092,0,false,-4,0
all,total,73443,Mariquita,Tolima,409,0.00043081290865709665,405,0.00043081290865709665,409,0.00043081290865709665,0,false,-4,0
all,total,25286,Funza,Cundinamarca,410,0.0001551807833602791,406,0.0001551807833602791,410,0.0001551807833602791,0,false,-4,0
all,total,25307,Girardot,Cundinamarca,411,0.0001483137621767036,407,0.0001483137621767036,411,0.0001483137621767036,0,false,-4,0
all,total,54498,Ocaña,Norte de Santander,412,0.00014683414910926984,408,0.00014683414910926984,412,0.00014683414910926984,0,false,-4,0
all,total,05088,Bello,Antioquia,413,0.00006392205658395431,409,0.00006392205658395431,413,0.00006392205658395431,0,false,-4,0
all,total,25754,Soacha,Cundinamarca,414,0.00002066022872596627,410,0.00002066022872596627,414,0.00002066022872596627,0,false,-4,0
all,total,25001,Agua De Dios,Cundinamarca,415,0,411,0,415,0,0,false,-4,0
all,total,18029,Albania,Caquetá,415,0,411,0,415,0,0,false,-4,0
all,total,19022,Almaguer,Cauca,415,0,411,0,415,0,0,false,-4,0
all,total,25035,Anapoima,Cundinamarca,415,0,411,0,415,0,0,true,-4,0
all,total,25040,Anolaima,Cundinamarca,415,0,411,0,415,0,0,false,-4,0
all,total,73043,Anzoátegui,Tolima,415,0,411,0,415,0,0,true,-4,0
all,total,25053,Arbeláez,Cundinamarca,415,0,411,0,415,0,0,false,-4,0
all,total,25086,Beltrán,Cundinamarca,415,0,411,0,415,0,0,true,-4,0
all,total,25120,Cabrera,Cundinamarca,415,0,411,0,415,0,0,true,-4,0
all,total,25126,Cajicá,Cundinamarca,415,0,411,0,415,0,0,false,-4,0
all,total,13160,Cantagallo,Bolívar,415,0,411,0,415,0,0,false,-4,0
all,total,05138,Cañasgordas,Antioquia,415,0,411,0,415,0,0,false,-4,0
all,total,25148,Caparrapí,Cundinamarca,415,0,411,0,415,0,0,true,-4,0
all,total,25154,Carmen De Carupa,Cundinamarca,415,0,411,0,415,0,0,false,-4,0
all,total,05150,Carolina,Antioquia,415,0,411,0,415,0,0,false,-4,0
all,total,25175,Chía,Cundinamarca,415,0,411,0,415,0,0,false,-4,0
all,total,68176,Chima,Santander,415,0,411,0,415,0,0,false,-4,0
all,total,25178,Chipaque,Cundinamarca,415,0,411,0,415,0,0,true,-4,0
all,total,25181,Choachí,Cundinamarca,415,0,411,0,415,0,0,true,-4,0
all,total,25183,Chocontá,Cundinamarca,415,0,411,0,415,0,0,false,-4,0
all,total,68190,Cimitarra,Santander,415,0,411,0,415,0,0,false,-4,0
all,total,73200,Coello,Tolima,415,0,411,0,415,0,0,false,-4,0
all,total,68209,Confines,Santander,415,0,411,0,415,0,0,false,-4,0
all,total,52215,Córdoba,Nariño,415,0,411,0,415,0,0,false,-4,0
all,total,19212,Corinto,Cauca,415,0,411,0,415,0,0,false,-4,0
all,total,73217,Coyaima,Tolima,415,0,411,0,415,0,0,false,-4,0
all,total,52224,Cuaspud Carlosama,Nariño,415,0,411,0,415,0,0,false,-4,0
all,total,05237,Donmatías,Antioquia,415,0,411,0,415,0,0,false,-4,0
all,total,05250,El Bagre,Antioquia,415,0,411,0,415,0,0,false,-4,0
all,total,25260,El Rosal,Cundinamarca,415,0,411,0,415,0,0,true,-4,0
all,total,54261,El Zulia,Norte de Santander,415,0,411,0,415,0,0,false,-4,0
all,total,73268,Espinal,Tolima,415,0,411,0,415,0,0,false,-4,0
all,total,25281,Fosca,Cundinamarca,415,0,411,0,415,0,0,false,-4,0
all,total,52287,Funes,Nariño,415,0,411,0,415,0,0,false,-4,0
all,total,25290,Fusagasugá,Cundinamarca,415,0,411,0,415,0,0,false,-4,0
all,total,25322,Guasca,Cundinamarca,415,0,411,0,415,0,0,false,-4,0
all,total,05321,Guatapé,Antioquia,415,0,411,0,415,0,0,false,-4,0
all,total,25328,Guayabal De Síquima,Cundinamarca,415,0,411,0,415,0,0,true,-4,0
all,total,25335,Guayabetal,Cundinamarca,415,0,411,0,415,0,0,true,-4,0
all,total,25339,Gutiérrez,Cundinamarca,415,0,411,0,415,0,0,true,-4,0
all,total,73349,Honda,Tolima,415,0,411,0,415,0,0,false,-4,0
all,total,73001,Ibagué,Tolima,415,0,411,0,415,0,0,false,-4,0
all,total,25372,Junín,Cundinamarca,415,0,411,0,415,0,0,false,-4,0
all,total,25377,La Calera,Cundinamarca,415,0,411,0,415,0,0,false,-4,0
all,total,25386,La Mesa,Cundinamarca,415,0,411,0,415,0,0,false,-4,0
all,total,18410,La Montañita,Caquetá,415,0,411,0,415,0,0,false,-4,0
all,total,25394,La Palma,Cundinamarca,415,0,411,0,415,0,0,false,-4,0
all,total,68397,La Paz,Santander,415,0,411,0,415,0,0,false,-4,0
all,total,19397,La Vega,Cauca,415,0,411,0,415,0,0,false,-4,0
all,total,68406,Lebrija,Santander,415,0,411,0,415,0,0,false,-4,0
all,total,68418,Los Santos,Santander,415,0,411,0,415,0,0,false,-4,0
all,total,68425,Macaravita,Santander,415,0,411,0,415,0,0,false,-4,0
all,total,25426,Machetá,Cundinamarca,415,0,411,0,415,0,0,true,-4,0
all,total,25436,Manta,Cundinamarca,415,0,411,0,415,0,0,true,-4,0
all,total,13440,Margarita,Bolívar,415,0,411,0,415,0,0,true,-4,0
all,total,05440,Marinilla,Antioquia,415,0,411,0,415,0,0,false,-4,0
all,total,68444,Matanza,Santander,415,0,411,0,415,0,0,false,-4,0
all,total,86001,Mocoa,Putumayo,415,0,411,0,415,0,0,false,-4,0
all,total,13473,Morales,Bolívar,415,0,411,0,415,0,0,false,-4,0
all,total,25473,Mosquera,Cundinamarca,415,0,411,0,415,0,0,false,-4,0
all,total,05480,Mutatá,Antioquia,415,0,411,0,415,0,0,false,-4,0
all,total,25483,Nariño,Cundinamarca,415,0,411,0,415,0,0,true,-4,0
all,total,68500,Oiba,Santander,415,0,411,0,415,0,0,false,-4,0
all,total,70508,Ovejas,Sucre,415,0,411,0,415,0,0,false,-4,0
all,total,25513,Pacho,Cundinamarca,415,0,411,0,415,0,0,false,-4,0
all,total,41530,Palestina,Huila,415,0,411,0,415,0,0,false,-4,0
all,total,68522,Palmar,Santander,415,0,411,0,415,0,0,false,-4,0
all,total,25524,Pandi,Cundinamarca,415,0,411,0,415,0,0,true,-4,0
all,total,25530,Paratebueno,Cundinamarca,415,0,411,0,415,0,0,false,-4,0
all,total,68549,Pinchote,Santander,415,0,411,0,415,0,0,true,-4,0
all,total,73555,Planadas,Tolima,415,0,411,0,415,0,0,false,-4,0
all,total,25572,Puerto Salgar,Cundinamarca,415,0,411,0,415,0,0,false,-4,0
all,total,52585,Pupiales,Nariño,415,0,411,0,415,0,0,false,-4,0
all,total,25592,Quebradanegra,Cundinamarca,415,0,411,0,415,0,0,true,-4,0
all,total,25596,Quipile,Cundinamarca,415,0,411,0,415,0,0,true,-4,0
all,total,73616,Rioblanco,Tolima,415,0,411,0,415,0,0,false,-4,0
all,total,68615,Rionegro,Santander,415,0,411,0,415,0,0,false,-4,0
all,total,41660,Saladoblanco,Huila,415,0,411,0,415,0,0,false,-4,0
all,total,41668,San Agustín,Huila,415,0,411,0,415,0,0,false,-4,0
all,total,25645,San Antonio del Tequendama,Cundinamarca,415,0,411,0,415,0,0,false,-4,0
all,total,13620,San Cristóbal,Bolívar,415,0,411,0,415,0,0,false,-4,0
all,total,25658,San Francisco,Cundinamarca,415,0,411,0,415,0,0,false,-4,0
all,total,25662,San Juan De Rioseco,Cundinamarca,415,0,411,0,415,0,0,false,-4,0
all,total,73678,San Luis,Tolima,415,0,411,0,415,0,0,false,-4,0
all,total,68689,San Vicente de Chucurí,Santander,415,0,411,0,415,0,0,false,-4,0
all,total,68705,Santa Bárbara,Santander,415,0,411,0,415,0,0,false,-4,0
all,total,68720,Santa Helena del Opón,Santander,415,0,411,0,415,0,0,false,-4,0
all,total,25736,Sesquilé,Cundinamarca,415,0,411,0,415,0,0,false,-4,0
all,total,25740,Sibaté,Cundinamarca,415,0,411,0,415,0,0,false,-4,0
all,total,25743,Silvania,Cundinamarca,415,0,411,0,415,0,0,false,-4,0
all,total,13744,Simití,Bolívar,415,0,411,0,415,0,0,false,-4,0
all,total,25769,Subachoque,Cundinamarca,415,0,411,0,415,0,0,true,-4,0
all,total,25772,Suesca,Cundinamarca,415,0,411,0,415,0,0,false,-4,0
all,total,25777,Supatá,Cundinamarca,415,0,411,0,415,0,0,true,-4,0
all,total,68780,Suratá,Santander,415,0,411,0,415,0,0,false,-4,0
all,total,25781,Sutatausa,Cundinamarca,415,0,411,0,415,0,0,true,-4,0
all,total,25785,Tabio,Cundinamarca,415,0,411,0,415,0,0,false,-4,0
all,total,13780,Talaigua Nuevo,Bolívar,415,0,411,0,415,0,0,false,-4,0
all,total,25793,Tausa,Cundinamarca,415,0,411,0,415,0,0,false,-4,0
all,total,25797,Tena,Cundinamarca,415,0,411,0,415,0,0,true,-4,0
all,total,25807,Tibirita,Cundinamarca,415,0,411,0,415,0,0,true,-4,0
all,total,54810,Tibú,Norte de Santander,415,0,411,0,415,0,0,false,-4,0
all,total,41807,Timaná,Huila,415,0,411,0,415,0,0,false,-4,0
all,total,25823,Topaipí,Cundinamarca,415,0,411,0,415,0,0,true,-4,0
all,total,05837,Turbo,Antioquia,415,0,411,0,415,0,0,false,-4,0
all,total,25841,Ubaque,Cundinamarca,415,0,411,0,415,0,0,true,-4,0
all,total,25851,Útica,Cundinamarca,415,0,411,0,415,0,0,true,-4,0
all,total,73854,Valle De San Juan,Tolima,415,0,411,0,415,0,0,false,-4,0
all,total,25506,Venecia,Cundinamarca,415,0,411,0,415,0,0,true,-4,0
all,total,25867,Vianí,Cundinamarca,415,0,411,0,415,0,0,false,-4,0
all,total,25843,Villa de San Diego de Ubaté,Cundinamarca,415,0,411,0,415,0,0,true,-4,0
all,total,86885,Villagarzón,Putumayo,415,0,411,0,415,0,0,false,-4,0
all,total,25871,Villagómez,Cundinamarca,415,0,411,0,415,0,0,true,-4,0
all,total,25873,Villapinzón,Cundinamarca,415,0,411,0,415,0,0,false,-4,0
all,total,05887,Yarumal,Antioquia,415,0,411,0,415,0,0,false,-4,0
all,total,68895,Zapatoca,Santander,415,0,411,0,415,0,0,false,-4,0
all,total,05895,Zaragoza,Antioquia,415,0,411,0,415,0,0,false,-4,0
all,total,25899,Zipaquirá,Cundinamarca,415,0,411,0,415,0,0,false,-4,0
all,grave,76828,Trujillo,Valle del Cauca,6,15.055762573108913,1,23.109466276812622,1,23.109466276812622,100,false,0,0
all,grave,27810,Unión Panamericana,Chocó,1,21.321140416367335,2,17.932992268219188,2,18.885908934885855,6.25,true,0,0.9529166666666669
all,grave,76054,Argelia,Valle del Cauca,3,15.884399347550708,3,13.763982680884045,3,13.763982680884045,18.75,false,0,0
all,grave,66001,Pereira,Risaralda,7,12.983749006068404,4,13.58281004113729,4,13.58281004113729,5.059523809523809,false,0,0
all,grave,27050,Atrato,Chocó,2,19.545326747529586,21,4.161993414196252,5,12.815118414196252,56.25,true,16,8.653125
all,grave,76622,Roldanillo,Valle del Cauca,10,10.526881877123426,5,11.223191033502028,6,11.223191033502028,6.25,false,-1,0
all,grave,27745,Sipí,Chocó,5,15.653294343240352,6,10.651859158055165,7,10.651859158055165,12.5,false,-1,0
all,grave,76243,El Águila,Valle del Cauca,11,8.976717187714133,7,9.079379224751168,8,9.079379224751168,6.25,false,-1,0
all,grave,76246,El Cairo,Valle del Cauca,12,8.679624814038437,8,8.679624814038437,9,8.679624814038437,0,false,-1,0
all,grave,27787,Tadó,Chocó,27,4.572217167884048,9,8.227286612328491,10,8.227286612328491,31.25,false,-1,0
all,grave,76863,Versalles,Valle del Cauca,14,8.055833870526902,10,7.889707327317025,11,7.889707327317025,6.25,false,-1,0
all,grave,76126,Calima,Valle del Cauca,16,7.613139418292785,11,7.769910251626118,12,7.769910251626118,3.125,false,-1,0
all,grave,76823,Toro,Valle del Cauca,15,7.9249882547824715,12,7.75828300786889,13,7.75828300786889,6.25,false,-1,0
all,grave,27001,Quibdó,Chocó,25,4.922767375108225,13,6.746378486219337,14,6.746378486219337,15.340909090909092,false,-1,0
all,grave,27430,Medio Baudó,Chocó,8,12.93269721645638,14,6.6189564757156365,15,6.6189564757156365,5,false,-1,0
all,grave,76497,Obando,Valle del Cauca,4,15.66933959239704,15,6.486376629434075,16,6.486376629434075,25,false,-1,0
all,grave,76250,El Dovio,Valle del Cauca,13,8.597134848526515,16,6.269449663341331,17,6.269449663341331,6.25,false,-1,0
all,grave,76606,Restrepo,Valle del Cauca,23,5.143124630310756,17,6.203531008911579,18,6.203531008911579,12.5,false,-1,0
all,grave,76890,Yotoco,Valle del Cauca,22,5.19435331651843,18,5.924908872073985,19,5.924908872073985,9.375,false,-1,0
all,grave,76616,Riofrío,Valle del Cauca,26,4.754602848422046,19,5.244417663236861,20,5.244417663236861,6.25,false,-1,0
all,grave,27006,Acandí,Chocó,18,6.687407407407408,227,0,21,5.169723559122101,34.357932382291324,true,206,5.169723559122101
all,grave,27250,El Litoral Del San Juán,Chocó,21,5.7634921097931535,20,4.197890257941301,22,4.197890257941301,12.5,false,-2,0
all,grave,27495,Nuquí,Chocó,17,7.020668551456029,214,0.014742625530103104,23,3.9555759588634367,25,true,191,3.9408333333333334
all,grave,76736,Sevilla,Valle del Cauca,44,3.1813141480067006,22,3.947576856793919,24,3.947576856793919,6.25,false,-2,0
all,grave,63594,Quimbaya,Quindío,31,4.068896421325276,24,3.4437112361400906,25,3.9312994715092167,3.466267076083835,true,-1,0.4875882353691261
all,grave,27450,Medio San Juan,Chocó,9,11.411301077054938,68,0.9735232992771625,26,3.909148299277163,18.75,true,42,2.935625000000001
all,grave,27073,Bagadó,Chocó,20,6.081965264600273,123,0.7375208201558292,27,3.7437708201558295,18.75,true,96,3.0062500000000005
all,grave,66440,Marsella,Risaralda,46,3.1212383143664897,23,3.7029836847368607,28,3.7029836847368607,6.25,false,-5,0
all,grave,66687,Santuario,Risaralda,34,3.3653461330964007,25,3.374603287978556,29,3.374603287978556,2.083333333333333,false,-4,0
all,grave,63470,Montenegro,Quindío,32,3.439784961918562,26,3.1933729248815252,30,3.1933729248815252,9.375,false,-4,0
all,grave,76041,Ansermanuevo,Valle del Cauca,48,2.812782555680639,27,3.0723612593843432,31,3.0723612593843432,6.25,false,-4,0
all,grave,76400,La Unión,Valle del Cauca,49,2.742741292268935,28,3.071072972163115,32,3.071072972163115,3.125,false,-4,0
all,grave,63272,Filandia,Quindío,56,1.9083308540814712,29,2.876154928155546,33,2.876154928155546,12.5,false,-4,0
all,grave,27600,Rio Quito,Chocó,19,6.082958492800449,30,2.7512455298374867,34,2.7512455298374867,15.625,false,-4,0
all,grave,76233,Dagua,Valle del Cauca,52,2.4134249587047707,31,2.6613416253714375,35,2.6613416253714375,3.125,false,-4,0
all,grave,76377,La Cumbre,Valle del Cauca,24,4.951491973779246,32,2.5230814799520864,36,2.5230814799520864,12.5,false,-4,0
all,grave,66075,Balboa,Risaralda,53,2.4025911912000444,33,2.5024985986074517,37,2.5024985986074517,6.25,false,-4,0
all,grave,17665,San José,Caldas,50,2.5351422116235285,34,2.3654277054506894,38,2.3654277054506894,6.25,false,-4,0
all,grave,63190,Circasia,Quindío,55,2.073467407358281,35,2.336426512296552,39,2.336426512296552,3.125,false,-4,0
all,grave,17877,Viterbo,Caldas,62,1.7310069632310099,36,2.331638276362323,40,2.331638276362323,6.25,false,-4,0
all,grave,19743,Silvia,Cauca,117,0.5136574074074074,37,2.3114583333333334,41,2.3114583333333334,15.625,false,-4,0
all,grave,63690,Salento,Quindío,30,4.393351846041543,38,2.1588379571526537,42,2.1588379571526537,6.25,false,-4,0
all,grave,76100,Bolívar,Valle del Cauca,107,0.5844423042634604,39,2.1202219338930903,43,2.1202219338930903,12.5,false,-4,0
all,grave,66170,Dosquebradas,Risaralda,54,2.118146969179339,40,2.118146969179339,44,2.118146969179339,0,false,-4,0
all,grave,76895,Zarzal,Valle del Cauca,72,1.342993779033728,41,2.08854563088558,45,2.08854563088558,6.25,false,-4,0
all,grave,66456,Mistrató,Risaralda,61,1.779964052487872,42,2.085137663598983,46,2.085137663598983,9.375,false,-4,0
all,grave,27660,San José Del Palmar,Chocó,29,4.489782457507603,43,2.0455000501001956,47,2.0455000501001956,6.25,false,-4,0
all,grave,27491,Nóvita,Chocó,58,1.8298739440636491,44,1.936378573693279,48,1.936378573693279,6.25,false,-4,0
all,grave,19364,Jambaló,Cauca,98,0.6802308571602008,45,1.8791660423453862,49,1.8791660423453862,12.5,false,-4,0
all,grave,18860,Valparaíso,Caquetá,77,1.1111111111111112,46,1.875,50,1.875,12.5,false,-4,0
all,grave,27361,Istmina,Chocó,65,1.6549074202104936,47,1.8696536808942548,51,1.8696536808942548,3.125,false,-4,0
all,grave,76845,Ulloa,Valle del Cauca,28,4.505209182116905,48,1.804861959894684,52,1.804861959894684,3.125,false,-4,0
all,grave,17088,Belalcázar,Caldas,59,1.7975967680953944,49,1.7975967680953944,53,1.7975967680953944,0,false,-4,0
all,grave,52378,La Cruz,Nariño,140,0.33356725146198835,50,1.7825000000000002,54,1.7825000000000002,12.5,false,-4,0
all,grave,63212,Córdoba,Quindío,57,1.9008346727652135,51,1.7346695493084237,55,1.7346695493084237,6.25,false,-4,0
all,grave,76001,Santiago de Cali,Valle del Cauca,68,1.6122813077517784,52,1.6539509865527058,56,1.6539509865527058,0.34916201117318435,false,-4,0
all,grave,76122,Caicedonia,Valle del Cauca,84,0.9756946386678287,53,1.650598959655483,57,1.650598959655483,6.25,false,-4,0
all,grave,66088,Belén De Umbría,Risaralda,69,1.505415251577616,54,1.6062485849109494,58,1.6062485849109494,2.083333333333333,false,-4,0
all,grave,76109,Buenaventura,Valle del Cauca,78,1.1095725213991179,55,1.5671305041391395,59,1.5671305041391395,3.4722222222222223,false,-4,0
all,grave,66318,Guática,Risaralda,74,1.2700335873415154,56,1.532741920674849,60,1.532741920674849,6.25,false,-4,0
all,grave,76403,La Victoria,Valle del Cauca,79,1.0695009477576858,57,1.5030293869111249,61,1.5030293869111249,6.25,false,-4,0
all,grave,63111,Buenavista,Quindío,71,1.3988582888687562,58,1.3988582888687562,62,1.3988582888687562,0,false,-4,0
all,grave,27025,Alto Baudó,Chocó,51,2.4381158979527737,59,1.3835854746723508,63,1.3835854746723508,6.25,false,-4,0
all,grave,76113,Bugalagrande,Valle del Cauca,87,0.89008550570022,60,1.2380491701222176,64,1.2380491701222176,3.125,false,-4,0
all,grave,63130,Calarcá,Quindío,89,0.8560896792304282,61,1.1905338402281604,65,1.1905338402281604,3.75,false,-4,0
all,grave,19137,Caldono,Cauca,139,0.3341693201938252,62,1.163534399558905,66,1.163534399558905,6.25,false,-4,0
all,grave,66400,La Virginia,Risaralda,82,0.9853087879264919,98,0.9096086975922552,67,1.161959809371155,1.80680986953866,true,31,0.2523511117788998
all,grave,27245,El Carmen,Chocó,85,0.9510274354484457,178,0.11028669470770484,68,1.0561200280410383,6.25,true,110,0.9458333333333335
all,grave,76020,Alcalá,Valle del Cauca,80,1.0521148097021729,63,1.0521148097021729,69,1.0521148097021729,0,false,-6,0
all,grave,27077,Bajo Baudó,Chocó,70,1.406460458344927,64,1.028367865752334,70,1.028367865752334,2.083333333333333,false,-6,0
all,grave,73347,Herveo,Tolima,75,1.1962738090132052,65,1.0211194880255512,71,1.0211194880255512,6.25,false,-6,0
all,grave,76318,Guacarí,Valle del Cauca,136,0.3476976161552176,66,1.0089321840564522,72,1.0089321840564522,6.25,false,-6,0
all,grave,18756,Solano,Caquetá,108,0.5825925925925926,67,0.983125,73,0.983125,6.25,false,-6,0
all,grave,19701,Santa Rosa,Cauca,109,0.575432098765432,69,0.9710416666666667,74,0.9710416666666667,6.25,false,-5,0
all,grave,17388,La Merced,Caldas,96,0.7077927632223788,70,0.9692973928520084,75,0.9692973928520084,6.25,false,-5,0
all,grave,18460,Milán,Caquetá,126,0.3823868312757201,71,0.9679166666666668,76,0.9679166666666668,6.25,false,-5,0
all,grave,13650,San Fernando,Bolívar,83,0.9826455026455025,72,0.9672916666666668,77,0.9672916666666668,6.25,false,-5,0
all,grave,41206,Colombia,Huila,33,3.4200000000000004,73,0.961875,78,0.961875,6.25,false,-5,0
all,grave,05642,Salgar,Antioquia,134,0.3511405143478298,74,0.9549044032367187,79,0.9549044032367187,6.25,false,-5,0
all,grave,18785,Solita,Caquetá,99,0.6786666666666666,75,0.954375,80,0.954375,6.25,false,-5,0
all,grave,19517,Páez,Cauca,154,0.26,76,0.9506249999999999,81,0.9506249999999999,6.25,false,-5,0
all,grave,05483,Nariño,Antioquia,63,1.6821047259274118,77,0.9500213925940784,82,0.9500213925940784,6.25,false,-5,0
all,grave,19110,Buenos Aires,Cauca,152,0.2772228939400208,78,0.9469611418032688,83,0.9469611418032688,6.25,false,-5,0
all,grave,05091,Betania,Antioquia,35,3.3599999999999994,79,0.945,84,0.945,6.25,false,-5,0
all,grave,27205,Condoto,Chocó,36,3.357037037037037,80,0.9441666666666668,85,0.9441666666666668,6.25,false,-5,0
all,grave,05093,Betulia,Antioquia,160,0.22375308641975308,81,0.9439583333333333,86,0.9439583333333333,6.25,false,-5,0
all,grave,73870,Villahermosa,Tolima,76,1.1143209876543207,82,0.9402083333333333,87,0.9402083333333333,6.25,false,-5,0
all,grave,19450,Mercaderes,Cauca,138,0.3395139222873681,83,0.9391157741392201,88,0.9391157741392201,6.25,false,-5,0
all,grave,41013,Agrado,Huila,37,3.3333333333333335,84,0.9375,89,0.9375,6.25,false,-5,0
all,grave,18094,Belén de los andaquíes,Caquetá,129,0.37037037037037035,84,0.9375,89,0.9375,6.25,false,-5,0
all,grave,41078,Baraya,Huila,38,3.3288888888888883,86,0.93625,91,0.93625,6.25,false,-5,0
all,grave,17867,Victoria,Caldas,120,0.4855429293857708,87,0.9313729558407975,92,0.9313729558407975,6.25,false,-5,0
all,grave,05576,Pueblorrico,Antioquia,39,3.3014814814814812,88,0.9285416666666666,93,0.9285416666666666,6.25,false,-5,0
all,grave,73520,Palocabildo,Tolima,40,3.3,89,0.928125,94,0.928125,6.25,false,-5,0
all,grave,19532,Patía,Cauca,182,0.09675381263616559,90,0.9252083333333333,95,0.9252083333333333,6.25,false,-5,0
all,grave,41319,Guadalupe,Huila,153,0.2735802469135803,91,0.9233333333333335,96,0.9233333333333335,6.25,false,-5,0
all,grave,05792,Tarso,Antioquia,113,0.5464197530864198,92,0.9220833333333335,97,0.9220833333333335,6.25,false,-5,0
all,grave,73226,Cunday,Tolima,90,0.8162962962962963,93,0.9183333333333336,98,0.9183333333333336,6.25,false,-5,0
all,grave,05467,Montebello,Antioquia,91,0.8138888888888888,94,0.915625,99,0.915625,6.25,false,-5,0
all,grave,41518,Paicol,Huila,66,1.6262962962962964,95,0.9147916666666667,100,0.9147916666666667,6.25,false,-5,0
all,grave,73873,Villarrica,Tolima,93,0.8118518518518518,96,0.9133333333333334,101,0.9133333333333334,6.25,false,-5,0
all,grave,05353,Hispania,Antioquia,41,3.2362962962962962,97,0.9102083333333333,102,0.9102083333333333,6.25,false,-5,0
all,grave,73563,Prado,Tolima,42,3.234074074074074,99,0.9095833333333333,103,0.9095833333333333,6.25,false,-4,0
all,grave,05789,Támesis,Antioquia,150,0.294006734006734,99,0.9095833333333333,103,0.9095833333333333,6.25,false,-4,0
all,grave,76892,Yumbo,Valle del Cauca,86,0.9087522498362981,101,0.9087522498362981,105,0.9087522498362981,0,false,-4,0
all,grave,41797,Tesalia,Huila,67,1.6151851851851853,102,0.9085416666666667,106,0.9085416666666667,6.25,false,-4,0
all,grave,73030,Ambalema,Tolima,43,3.206666666666666,103,0.9018750000000001,107,0.9018750000000001,6.25,false,-4,0
all,grave,25324,Guataquí,Cundinamarca,94,0.8016666666666665,227,0,107,0.9018750000000001,6.25,true,120,0.9018750000000001
all,grave,05660,San Luis,Antioquia,144,0.3202962962962963,104,0.9008333333333333,109,0.9008333333333333,6.25,false,-5,0
all,grave,41244,Elías,Huila,102,0.6404444444444446,227,0,110,0.9006250000000001,6.25,true,117,0.9006250000000001
all,grave,73024,Alpujarra,Tolima,103,0.6383703703703705,105,0.8977083333333334,111,0.8977083333333334,6.25,false,-6,0
all,grave,05036,Angelópolis,Antioquia,104,0.6380740740740742,106,0.8972916666666668,112,0.8972916666666668,6.25,false,-6,0
all,grave,05861,Venecia,Antioquia,105,0.6378157323258538,107,0.8940842508443725,113,0.8940842508443725,6.25,false,-6,0
all,grave,05761,Sopetrán,Antioquia,132,0.35283950617283943,108,0.8931250000000001,114,0.8931250000000001,6.25,false,-6,0
all,grave,17042,Anserma,Caldas,110,0.5526823376641095,109,0.8927306294904186,115,0.8927306294904186,3.125,false,-6,0
all,grave,05364,Jardín,Antioquia,133,0.3526748971193415,110,0.8927083333333334,116,0.8927083333333334,6.25,false,-6,0
all,grave,73055,Armero,Tolima,106,0.6330370370370371,111,0.8902083333333334,117,0.8902083333333334,6.25,false,-6,0
all,grave,17001,Manizales,Caldas,100,0.6785631178052418,112,0.8899330110187424,118,0.8899330110187424,1.7857142857142856,false,-6,0
all,grave,05856,Valparaiso,Antioquia,81,1.051604938271605,113,0.8872916666666668,119,0.8872916666666668,6.25,false,-6,0
all,grave,25317,Guachetá,Cundinamarca,122,0.45047619047619036,114,0.8868750000000001,120,0.8868750000000001,6.25,false,-6,0
all,grave,41885,Yaguará,Huila,123,0.4484656084656085,115,0.8829166666666668,121,0.8829166666666668,6.25,false,-6,0
all,grave,25288,Fúquene,Cundinamarca,125,0.3922222222222222,227,0,122,0.8825,6.25,true,105,0.8825
all,grave,05400,La Unión,Antioquia,164,0.18431372549019612,116,0.8812500000000002,123,0.8812500000000002,6.25,false,-7,0
all,grave,25718,Sasaima,Cundinamarca,114,0.5220987654320988,117,0.8810416666666667,124,0.8810416666666667,6.25,false,-7,0
all,grave,76130,Candelaria,Valle del Cauca,171,0.15558823893643942,118,0.8780607841560777,125,0.8780607841560777,6.25,false,-7,0
all,grave,66682,Santa Rosa De Cabal,Risaralda,97,0.6978261716516609,119,0.865201171651661,126,0.865201171651661,1.5625,false,-7,0
all,grave,05212,Copacabana,Antioquia,183,0.09527777777777777,120,0.8574999999999999,127,0.8574999999999999,6.25,false,-7,0
all,grave,66572,Pueblo Rico,Risaralda,88,0.8565935285341052,121,0.8565935285341052,128,0.8565935285341052,0,false,-7,0
all,grave,66045,Apía,Risaralda,92,0.81361124146365,122,0.81361124146365,129,0.81361124146365,0,false,-7,0
all,grave,25612,Ricaurte,Cundinamarca,116,0.5154320987654321,227,0,130,0.8103639425194071,5.8229744372652,true,97,0.8103639425194071
all,grave,41799,Tello,Huila,112,0.5487654320987654,227,0,131,0.7897705259592962,5.3302847646296705,true,96,0.7897705259592962
all,grave,41615,Rivera,Huila,45,3.165925925925926,227,0,132,0.7272804738911429,5.104916756372084,true,95,0.7272804738911429
all,grave,76111,Buga,Valle del Cauca,157,0.24025579234266492,124,0.6507720263714536,133,0.6507720263714536,3.4722222222222223,false,-9,0
all,grave,17541,Pensilvania,Caldas,73,1.2938480743256286,125,0.6257508521034065,134,0.6257508521034065,3.75,false,-9,0
all,grave,17442,Marmato,Caldas,60,1.7869177670713843,126,0.6220103596639769,135,0.6220103596639769,3.125,false,-9,0
all,grave,63401,La Tebaida,Quindío,155,0.2560427701108171,127,0.5881823203753673,136,0.5881823203753673,3.125,false,-9,0
all,grave,76248,El Cerrito,Valle del Cauca,174,0.13391556923274678,128,0.5850493560808192,137,0.5850493560808192,4.166666666666666,false,-9,0
all,grave,27615,Riosucio,Chocó,95,0.7237821608835497,205,0.026152531253920114,138,0.5618120059499538,3.4125683246721197,true,67,0.5356594746960337
all,grave,63001,Armenia,Quindío,141,0.3333826928764462,129,0.5467807294672539,139,0.5467807294672539,1.7361111111111112,false,-10,0
all,grave,17486,Neira,Caldas,130,0.35815530670384915,130,0.541191572135948,140,0.541191572135948,3.125,false,-10,0
all,grave,63548,Pijao,Quindío,115,0.5165998817104738,131,0.5165998817104738,141,0.5165998817104738,0,false,-10,0
all,grave,17272,Filadelfia,Caldas,64,1.6775711891617935,132,0.5163906336062378,142,0.5163906336062378,3.125,false,-10,0
all,grave,76306,Ginebra,Valle del Cauca,131,0.35686275961655756,133,0.5095826670239649,143,0.5095826670239649,3.125,false,-10,0
all,grave,17614,Riosucio,Caldas,135,0.350708521021282,134,0.5094043118376086,144,0.5094043118376086,1.5625,false,-10,0
all,grave,17013,Aguadas,Caldas,118,0.5005589626213285,135,0.5005589626213285,145,0.5005589626213285,0,false,-10,0
all,grave,27425,Medio Atrato,Chocó,119,0.4933552033372076,136,0.4933552033372076,146,0.4933552033372076,0,false,-10,0
all,grave,05665,San Pedro de Urabá,Antioquia,172,0.1488888888888889,137,0.48156250000000006,147,0.48156250000000006,3.125,false,-10,0
all,grave,76036,Andalucía,Valle del Cauca,142,0.33143677715001274,138,0.48000790509614066,148,0.48000790509614066,2.083333333333333,false,-10,0
all,grave,18753,San Vicente del Caguán,Caquetá,180,0.11266666666666666,139,0.47531249999999997,149,0.47531249999999997,3.125,false,-10,0
all,grave,18205,Curillo,Caquetá,127,0.3748148148148148,140,0.47437500000000005,150,0.47437500000000005,3.125,false,-10,0
all,grave,18256,El Paujíl,Caquetá,111,0.55,141,0.4640625,151,0.4640625,3.125,false,-10,0
all,grave,41020,Algeciras,Huila,158,0.23555555555555552,142,0.46375,152,0.46375,3.125,false,-10,0
all,grave,05034,Andes,Antioquia,168,0.163,143,0.45843750000000005,153,0.45843750000000005,3.125,false,-10,0
all,grave,41306,Gigante,Huila,143,0.3236296296296296,144,0.45510416666666664,154,0.45510416666666664,3.125,false,-10,0
all,grave,73319,Guamo,Tolima,162,0.20301810337769224,145,0.45313384411843305,155,0.45313384411843305,3.125,false,-10,0
all,grave,05585,Puerto Nare,Antioquia,101,0.6416296296296298,146,0.45114583333333347,156,0.45114583333333347,3.125,false,-10,0
all,grave,05282,Fredonia,Antioquia,161,0.2131358024691358,147,0.44958333333333333,157,0.44958333333333333,3.125,false,-10,0
all,grave,05679,Santa Bárbara,Antioquia,145,0.3202522399339262,148,0.4490786288228151,158,0.4490786288228151,3.125,false,-10,0
all,grave,73148,Carmen De Apicalá,Tolima,47,3.116296296296296,149,0.4382291666666667,159,0.4382291666666667,3.125,false,-10,0
all,grave,05148,Carmen De Viboral,Antioquia,178,0.12399999999999997,150,0.4359375,160,0.4359375,3.125,false,-10,0
all,grave,05308,Girardota,Antioquia,176,0.12774691358024692,151,0.43114583333333345,161,0.43114583333333345,3.125,false,-10,0
all,grave,17174,Chinchiná,Caldas,151,0.2846488583360801,152,0.3790331175953393,162,0.3790331175953393,1.0416666666666665,false,-10,0
all,grave,66383,La Celia,Risaralda,128,0.37418692619006155,153,0.37418692619006155,163,0.37418692619006155,0,false,-10,0
all,grave,19698,Santander De Quilichao,Cauca,181,0.11248261220639737,154,0.36985570588831457,164,0.36985570588831457,2.083333333333333,false,-10,0
all,grave,17662,Samaná,Caldas,124,0.3967502387714902,155,0.340178736713877,165,0.340178736713877,2.083333333333333,false,-10,0
all,grave,73067,Ataco,Tolima,137,0.34370370370370373,156,0.32222222222222213,166,0.32222222222222213,2.083333333333333,false,-10,0
all,grave,18150,Cartagena del Chairá,Caquetá,166,0.1715925925925926,157,0.32173611111111106,167,0.32173611111111106,2.083333333333333,false,-10,0
all,grave,18592,Puerto Rico,Caquetá,173,0.14021604938271606,158,0.315486111111111,168,0.315486111111111,2.083333333333333,false,-10,0
all,grave,76563,Pradera,Valle del Cauca,187,0.07988426960344652,159,0.3093287140478909,169,0.3093287140478909,2.083333333333333,false,-10,0
all,grave,66594,Quinchía,Risaralda,147,0.30864368426916555,160,0.30864368426916555,170,0.30864368426916555,0,false,-10,0
all,grave,18247,El Doncello,Caquetá,167,0.16455555555555557,161,0.3085416666666666,171,0.3085416666666666,2.083333333333333,false,-10,0
all,grave,76869,Vijes,Valle del Cauca,149,0.306120552485341,162,0.306120552485341,172,0.306120552485341,0,false,-10,0
all,grave,41524,Palermo,Huila,121,0.45777777777777773,163,0.3004166666666666,173,0.3004166666666666,2.083333333333333,false,-10,0
all,grave,68079,Barichara,Santander,146,0.31740740740740747,164,0.2975694444444444,174,0.2975694444444444,2.083333333333333,false,-10,0
all,grave,05129,Caldas,Antioquia,194,0.04340114762649975,165,0.28888888888888886,175,0.28888888888888886,2.083333333333333,false,-10,0
all,grave,05380,La Estrella,Antioquia,175,0.13178743961352654,227,0,176,0.264917308946034,1.9422090098682843,true,51,0.264917308946034
all,grave,17873,Villamaria,Caldas,156,0.2493670916636322,166,0.2493670916636322,177,0.2493670916636322,0,false,-11,0
all,grave,05361,Ituango,Antioquia,148,0.30814814814814817,167,0.23833333333333337,178,0.23833333333333337,1.5625,false,-11,0
all,grave,17616,Risaralda,Caldas,159,0.22529285753533337,168,0.22529285753533337,179,0.22529285753533337,0,false,-11,0
all,grave,76147,Cartago,Valle del Cauca,188,0.07447347958341718,169,0.21798875190029504,180,0.21798875190029504,1.3392857142857142,false,-11,0
all,grave,17524,Palestina,Caldas,163,0.19569859287931218,170,0.19569859287931218,181,0.19569859287931218,0,false,-11,0
all,grave,17653,Salamina,Caldas,165,0.17464726377078185,171,0.17464726377078185,182,0.17464726377078185,0,false,-11,0
all,grave,17050,Aranzazu,Caldas,169,0.1595478192636266,172,0.1595478192636266,183,0.1595478192636266,0,false,-11,0
all,grave,76834,Tuluá,Valle del Cauca,170,0.15744147051168325,173,0.15744147051168325,184,0.15744147051168325,0,false,-11,0
all,grave,76364,Jamundí,Valle del Cauca,198,0.03887657520953909,174,0.15574143509154498,185,0.15574143509154498,1.0416666666666665,false,-11,0
all,grave,17380,La Dorada,Caldas,204,0.03271759157519184,175,0.15434496474668263,186,0.15434496474668263,1.0416666666666665,false,-11,0
all,grave,63302,Génova,Quindío,177,0.1274309198758512,176,0.1274309198758512,187,0.1274309198758512,0,false,-11,0
all,grave,27580,Rio Iró,Chocó,179,0.12371953551703103,177,0.12371953551703103,188,0.12371953551703103,0,false,-11,0
all,grave,19001,Popayán,Cauca,214,0.018614169725280842,179,0.10565656565656567,189,0.10565656565656567,0.7575757575757576,false,-10,0
all,grave,41551,Pitalito,Huila,211,0.02200405885337392,180,0.09035416666666667,190,0.09035416666666667,0.625,false,-10,0
all,grave,19130,Cajibío,Cauca,184,0.08998634791452428,181,0.08998634791452428,191,0.08998634791452428,0,false,-10,0
all,grave,27135,El Cantón Del San Pablo,Chocó,185,0.08754146169106933,182,0.08754146169106933,192,0.08754146169106933,0,false,-10,0
all,grave,05873,Vigía Del Fuerte,Antioquia,186,0.08529500596416797,183,0.08529500596416797,193,0.08529500596416797,0,false,-10,0
all,grave,41298,Garzón,Huila,197,0.04050632911392406,184,0.08181818181818183,194,0.08181818181818183,0.5681818181818182,false,-10,0
all,grave,76520,Palmira,Valle del Cauca,224,0.012777069037911832,185,0.07505798075620873,195,0.07505798075620873,0.5434782608695652,false,-10,0
all,grave,19300,Guachené,Cauca,189,0.06734071965536939,186,0.06734071965536939,196,0.06734071965536939,0,false,-10,0
all,grave,19809,Timbiquí,Cauca,190,0.06717206919222833,187,0.06717206919222833,197,0.06717206919222833,0,false,-10,0
all,grave,05615,Rionegro,Antioquia,229,0.006710914454277286,188,0.0609375,198,0.0609375,0.4464285714285714,false,-10,0
all,grave,19780,Suárez,Cauca,191,0.052938315807417854,189,0.052938315807417854,199,0.052938315807417854,0,false,-10,0
all,grave,17513,Pácora,Caldas,192,0.052459259461119165,190,0.052459259461119165,200,0.052459259461119165,0,false,-10,0
all,grave,05101,Ciudad Bolívar,Antioquia,193,0.05100266000760002,191,0.05100266000760002,201,0.05100266000760002,0,false,-10,0
all,grave,18001,Florencia,Caquetá,220,0.013483992467043316,192,0.04710526315789474,202,0.04710526315789474,0.3289473684210526,false,-10,0
all,grave,27160,Cértegui,Chocó,195,0.04145618855322994,193,0.04145618855322994,203,0.04145618855322994,0,false,-10,0
all,grave,19573,Puerto Tejada,Cauca,196,0.04108743299527641,194,0.04108743299527641,204,0.04108743299527641,0,false,-10,0
all,grave,73622,Roncesvalles,Tolima,199,0.037303161658462515,195,0.037303161658462515,205,0.037303161658462515,0,false,-10,0
all,grave,19845,Villa Rica,Cauca,200,0.036909411176300456,196,0.036909411176300456,206,0.036909411176300456,0,false,-10,0
all,grave,17777,Supia,Caldas,201,0.03497479948601153,197,0.03497479948601153,207,0.03497479948601153,0,false,-10,0
all,grave,19473,Morales,Cauca,202,0.03387610280292382,198,0.03387610280292382,208,0.03387610280292382,0,false,-10,0
all,grave,17495,Norcasia,Caldas,203,0.03372187581414433,199,0.03372187581414433,209,0.03372187581414433,0,false,-10,0
all,grave,19418,López,Cauca,205,0.03217052062307974,200,0.03217052062307974,210,0.03217052062307974,0,false,-10,0
all,grave,19548,Piendamó Tunia,Cauca,206,0.03184727671064495,201,0.03184727671064495,211,0.03184727671064495,0,false,-10,0
all,grave,17444,Marquetalia,Caldas,207,0.031251011221478414,202,0.031251011221478414,212,0.031251011221478414,0,false,-10,0
all,grave,19256,El Tambo,Cauca,208,0.028751931622396715,203,0.028751931622396715,213,0.028751931622396715,0,false,-10,0
all,grave,19455,Miranda,Cauca,209,0.028174556026556545,204,0.028174556026556545,214,0.028174556026556545,0,false,-10,0
all,grave,05756,Sonsón,Antioquia,210,0.022676449915507477,206,0.022676449915507477,215,0.022676449915507477,0,true,-9,0
all,grave,19142,Caloto,Cauca,212,0.021336045061576648,207,0.021336045061576648,216,0.021336045061576648,0,false,-9,0
all,grave,73124,Cajamarca,Tolima,213,0.01962235180204411,208,0.01962235180204411,217,0.01962235180204411,0,false,-9,0
all,grave,41001,Neiva,Huila,233,0.004326340326340326,209,0.018913043478260873,218,0.018913043478260873,0.1358695652173913,false,-9,0
all,grave,27075,Bahía Solano,Chocó,215,0.018381662718861602,210,0.018381662718861602,219,0.018381662718861602,0,true,-9,0
all,grave,73168,Chaparral,Tolima,216,0.018345017928477085,211,0.018345017928477085,220,0.018345017928477085,0,false,-9,0
all,grave,52520,Francisco Pizarro,Nariño,217,0.017320017518209017,212,0.017320017518209017,221,0.017320017518209017,0,false,-9,0
all,grave,19807,Timbío,Cauca,218,0.015380202886656166,213,0.015380202886656166,222,0.015380202886656166,0,false,-9,0
all,grave,05842,Uramita,Antioquia,219,0.013566677339507626,215,0.013566677339507626,223,0.013566677339507626,0,false,-8,0
all,grave,05240,Ebéjico,Antioquia,221,0.013438281358492362,216,0.013438281358492362,224,0.013438281358492362,0,false,-8,0
all,grave,19075,Balboa,Cauca,222,0.013363749299695058,217,0.013363749299695058,225,0.013363749299695058,0,false,-8,0
all,grave,73504,Ortega,Tolima,223,0.01335281614074644,218,0.01335281614074644,226,0.01335281614074644,0,false,-8,0
all,grave,76275,Florida,Valle del Cauca,225,0.011895541010147396,219,0.011895541010147396,227,0.011895541010147396,0,false,-8,0
all,grave,05001,Medellín,Antioquia,234,0.0013693586107379212,220,0.011621621621621623,228,0.011621621621621623,0.08445945945945946,false,-8,0
all,grave,73283,Fresno,Tolima,226,0.010851235319222424,221,0.010851235319222424,229,0.010851235319222424,0,false,-8,0
all,grave,76670,San Pedro,Valle del Cauca,227,0.010788093401171537,222,0.010788093401171537,230,0.010788093401171537,0,false,-8,0
all,grave,17433,Manzanares,Caldas,228,0.007423818156354023,223,0.007423818156354023,231,0.007423818156354023,0,false,-8,0
all,grave,05042,Santa Fe De Antioquia,Antioquia,230,0.00589576150612439,224,0.00589576150612439,232,0.00589576150612439,0,false,-8,0
all,grave,73624,Rovira,Tolima,231,0.00534647433895071,225,0.00534647433895071,233,0.00534647433895071,0,false,-8,0
all,grave,05197,Cocorná,Antioquia,232,0.004732441234546095,226,0.004732441234546095,234,0.004732441234546095,0,false,-8,0
all,grave,05002,Abejorral,Antioquia,235,0,227,0,235,0,0,false,-8,0
all,grave,54003,Ábrego,Norte de Santander,235,0,227,0,235,0,0,false,-8,0
all,grave,41006,Acevedo,Huila,235,0,227,0,235,0,0,false,-8,0
all,grave,25001,Agua De Dios,Cundinamarca,235,0,227,0,235,0,0,false,-8,0
all,grave,41016,Aipe,Huila,235,0,227,0,235,0,0,false,-8,0
all,grave,25019,Albán,Cundinamarca,235,0,227,0,235,0,0,true,-8,0
all,grave,18029,Albania,Caquetá,235,0,227,0,235,0,0,false,-8,0
all,grave,05021,Alejandría,Antioquia,235,0,227,0,235,0,0,false,-8,0
all,grave,19022,Almaguer,Cauca,235,0,227,0,235,0,0,false,-8,0
all,grave,73026,Alvarado,Tolima,235,0,227,0,235,0,0,true,-8,0
all,grave,05030,Amagá,Antioquia,235,0,227,0,235,0,0,false,-8,0
all,grave,05031,Amalfi,Antioquia,235,0,227,0,235,0,0,false,-8,0
all,grave,25035,Anapoima,Cundinamarca,235,0,227,0,235,0,0,true,-8,0
all,grave,05038,Angostura,Antioquia,235,0,227,0,235,0,0,false,-8,0
all,grave,25040,Anolaima,Cundinamarca,235,0,227,0,235,0,0,false,-8,0
all,grave,05040,Anorí,Antioquia,235,0,227,0,235,0,0,false,-8,0
all,grave,05044,Anzá,Antioquia,235,0,227,0,235,0,0,false,-8,0
all,grave,73043,Anzoátegui,Tolima,235,0,227,0,235,0,0,true,-8,0
all,grave,05045,Apartadó,Antioquia,235,0,227,0,235,0,0,false,-8,0
all,grave,25599,Apulo,Cundinamarca,235,0,227,0,235,0,0,false,-8,0
all,grave,25053,Arbeláez,Cundinamarca,235,0,227,0,235,0,0,false,-8,0
all,grave,05055,Argelia,Antioquia,235,0,227,0,235,0,0,false,-8,0
all,grave,19050,Argelia,Cauca,235,0,227,0,235,0,0,false,-8,0
all,grave,05059,Armenia,Antioquia,235,0,227,0,235,0,0,false,-8,0
all,grave,52079,Barbacoas,Nariño,235,0,227,0,235,0,0,false,-8,0
all,grave,05079,Barbosa,Antioquia,235,0,227,0,235,0,0,false,-8,0
all,grave,52083,Belén,Nariño,235,0,227,0,235,0,0,false,-8,0
all,grave,05088,Bello,Antioquia,235,0,227,0,235,0,0,false,-8,0
all,grave,25086,Beltrán,Cundinamarca,235,0,227,0,235,0,0,true,-8,0
all,grave,68092,Betulia,Santander,235,0,227,0,235,0,0,false,-8,0
all,grave,25095,Bituima,Cundinamarca,235,0,227,0,235,0,0,true,-8,0
all,grave,25099,Bojacá,Cundinamarca,235,0,227,0,235,0,0,true,-8,0
all,grave,27099,Bojayá,Chocó,235,0,227,0,235,0,0,false,-8,0
all,grave,19100,Bolívar,Cauca,235,0,227,0,235,0,0,false,-8,0
all,grave,05113,Buriticá,Antioquia,235,0,227,0,235,0,0,false,-8,0
all,grave,25120,Cabrera,Cundinamarca,235,0,227,0,235,0,0,true,-8,0
all,grave,54128,Cáchira,Norte de Santander,235,0,227,0,235,0,0,false,-8,0
all,grave,05125,Caicedo,Antioquia,235,0,227,0,235,0,0,false,-8,0
all,grave,25126,Cajicá,Cundinamarca,235,0,227,0,235,0,0,false,-8,0
all,grave,05134,Campamento,Antioquia,235,0,227,0,235,0,0,false,-8,0
all,grave,41132,Campoalegre,Huila,235,0,227,0,235,0,0,false,-8,0
all,grave,13160,Cantagallo,Bolívar,235,0,227,0,235,0,0,false,-8,0
all,grave,05138,Cañasgordas,Antioquia,235,0,227,0,235,0,0,false,-8,0
all,grave,25148,Caparrapí,Cundinamarca,235,0,227,0,235,0,0,true,-8,0
all,grave,25151,Cáqueza,Cundinamarca,235,0,227,0,235,0,0,false,-8,0
all,grave,05142,Caracolí,Antioquia,235,0,227,0,235,0,0,false,-8,0
all,grave,05145,Caramanta,Antioquia,235,0,227,0,235,0,0,false,-8,0
all,grave,05147,Carepa,Antioquia,235,0,227,0,235,0,0,false,-8,0
all,grave,25154,Carmen De Carupa,Cundinamarca,235,0,227,0,235,0,0,false,-8,0
all,grave,27150,Carmen Del Darién,Chocó,235,0,227,0,235,0,0,true,-8,0
all,grave,05150,Carolina,Antioquia,235,0,227,0,235,0,0,false,-8,0
all,grave,73152,Casabianca,Tolima,235,0,227,0,235,0,0,false,-8,0
all,grave,52240,Chachagüí,Nariño,235,0,227,0,235,0,0,false,-8,0
all,grave,25175,Chía,Cundinamarca,235,0,227,0,235,0,0,false,-8,0
all,grave,05172,Chigorodó,Antioquia,235,0,227,0,235,0,0,false,-8,0
all,grave,68176,Chima,Santander,235,0,227,0,235,0,0,false,-8,0
all,grave,54172,Chinácota,Norte de Santander,235,0,227,0,235,0,0,false,-8,0
all,grave,25178,Chipaque,Cundinamarca,235,0,227,0,235,0,0,true,-8,0
all,grave,25181,Choachí,Cundinamarca,235,0,227,0,235,0,0,true,-8,0
all,grave,25183,Chocontá,Cundinamarca,235,0,227,0,235,0,0,false,-8,0
all,grave,68190,Cimitarra,Santander,235,0,227,0,235,0,0,false,-8,0
all,grave,05190,Cisneros,Antioquia,235,0,227,0,235,0,0,false,-8,0
all,grave,73200,Coello,Tolima,235,0,227,0,235,0,0,false,-8,0
all,grave,25200,Cogua,Cundinamarca,235,0,227,0,235,0,0,true,-8,0
all,grave,05206,Concepción,Antioquia,235,0,227,0,235,0,0,true,-8,0
all,grave,05209,Concordia,Antioquia,235,0,227,0,235,0,0,false,-8,0
all,grave,68209,Confines,Santander,235,0,227,0,235,0,0,false,-8,0
all,grave,52207,Consacá,Nariño,235,0,227,0,235,0,0,false,-8,0
all,grave,52215,Córdoba,Nariño,235,0,227,0,235,0,0,false,-8,0
all,grave,19212,Corinto,Cauca,235,0,227,0,235,0,0,false,-8,0
all,grave,25214,Cota,Cundinamarca,235,0,227,0,235,0,0,true,-8,0
all,grave,70221,Coveñas,Sucre,235,0,227,0,235,0,0,false,-8,0
all,grave,73217,Coyaima,Tolima,235,0,227,0,235,0,0,false,-8,0
all,grave,52224,Cuaspud Carlosama,Nariño,235,0,227,0,235,0,0,false,-8,0
all,grave,25224,Cucunubá,Cundinamarca,235,0,227,0,235,0,0,true,-8,0
all,grave,54223,Cucutilla,Norte de Santander,235,0,227,0,235,0,0,false,-8,0
all,grave,73236,Dolores,Tolima,235,0,227,0,235,0,0,false,-8,0
all,grave,05237,Donmatías,Antioquia,235,0,227,0,235,0,0,false,-8,0
all,grave,05250,El Bagre,Antioquia,235,0,227,0,235,0,0,false,-8,0
all,grave,52254,El Peñol,Nariño,235,0,227,0,235,0,0,false,-8,0
all,grave,05607,El Retiro,Antioquia,235,0,227,0,235,0,0,false,-8,0
all,grave,25260,El Rosal,Cundinamarca,235,0,227,0,235,0,0,true,-8,0
all,grave,52260,El Tambo,Nariño,235,0,227,0,235,0,0,false,-8,0
all,grave,54250,El Tarra,Norte de Santander,235,0,227,0,235,0,0,false,-8,0
all,grave,54261,El Zulia,Norte de Santander,235,0,227,0,235,0,0,false,-8,0
all,grave,05264,Entrerrios,Antioquia,235,0,227,0,235,0,0,false,-8,0
all,grave,05266,Envigado,Antioquia,235,0,227,0,235,0,0,false,-8,0
all,grave,73268,Espinal,Tolima,235,0,227,0,235,0,0,false,-8,0
all,grave,73270,Falan,Tolima,235,0,227,0,235,0,0,false,-8,0
all,grave,73275,Flandes,Tolima,235,0,227,0,235,0,0,false,-8,0
all,grave,19290,Florencia,Cauca,235,0,227,0,235,0,0,false,-8,0
all,grave,25281,Fosca,Cundinamarca,235,0,227,0,235,0,0,false,-8,0
all,grave,05284,Frontino,Antioquia,235,0,227,0,235,0,0,false,-8,0
all,grave,52287,Funes,Nariño,235,0,227,0,235,0,0,false,-8,0
all,grave,25286,Funza,Cundinamarca,235,0,227,0,235,0,0,false,-8,0
all,grave,25290,Fusagasugá,Cundinamarca,235,0,227,0,235,0,0,false,-8,0
all,grave,05306,Giraldo,Antioquia,235,0,227,0,235,0,0,false,-8,0
all,grave,25307,Girardot,Cundinamarca,235,0,227,0,235,0,0,false,-8,0
all,grave,05310,Gómez Plata,Antioquia,235,0,227,0,235,0,0,false,-8,0
all,grave,05313,Granada,Antioquia,235,0,227,0,235,0,0,false,-8,0
all,grave,25312,Granada,Cundinamarca,235,0,227,0,235,0,0,true,-8,0
all,grave,52317,Guachucal,Nariño,235,0,227,0,235,0,0,false,-8,0
all,grave,05315,Guadalupe,Antioquia,235,0,227,0,235,0,0,false,-8,0
all,grave,25320,Guaduas,Cundinamarca,235,0,227,0,235,0,0,false,-8,0
all,grave,19318,Guapi,Cauca,235,0,227,0,235,0,0,false,-8,0
all,grave,68322,Guapotá,Santander,235,0,227,0,235,0,0,false,-8,0
all,grave,05318,Guarne,Antioquia,235,0,227,0,235,0,0,false,-8,0
all,grave,25322,Guasca,Cundinamarca,235,0,227,0,235,0,0,false,-8,0
all,grave,05321,Guatapé,Antioquia,235,0,227,0,235,0,0,false,-8,0
all,grave,25326,Guatavita,Cundinamarca,235,0,227,0,235,0,0,false,-8,0
all,grave,25328,Guayabal De Síquima,Cundinamarca,235,0,227,0,235,0,0,true,-8,0
all,grave,25335,Guayabetal,Cundinamarca,235,0,227,0,235,0,0,true,-8,0
all,grave,25339,Gutiérrez,Cundinamarca,235,0,227,0,235,0,0,true,-8,0
all,grave,05347,Heliconia,Antioquia,235,0,227,0,235,0,0,false,-8,0
all,grave,41349,Hobo,Huila,235,0,227,0,235,0,0,false,-8,0
all,grave,73349,Honda,Tolima,235,0,227,0,235,0,0,false,-8,0
all,grave,73001,Ibagué,Tolima,235,0,227,0,235,0,0,false,-8,0
all,grave,73352,Icononzo,Tolima,235,0,227,0,235,0,0,false,-8,0
all,grave,19355,Inzá,Cauca,235,0,227,0,235,0,0,false,-8,0
all,grave,41357,Íquira,Huila,235,0,227,0,235,0,0,false,-8,0
all,grave,41359,Isnos,Huila,235,0,227,0,235,0,0,false,-8,0
all,grave,05360,Itagüí,Antioquia,235,0,227,0,235,0,0,false,-8,0
all,grave,05368,Jericó,Antioquia,235,0,227,0,235,0,0,true,-8,0
all,grave,25372,Junín,Cundinamarca,235,0,227,0,235,0,0,false,-8,0
all,grave,25377,La Calera,Cundinamarca,235,0,227,0,235,0,0,false,-8,0
all,grave,05376,La Ceja,Antioquia,235,0,227,0,235,0,0,false,-8,0
all,grave,25386,La Mesa,Cundinamarca,235,0,227,0,235,0,0,false,-8,0
all,grave,18410,La Montañita,Caquetá,235,0,227,0,235,0,0,false,-8,0
all,grave,25394,La Palma,Cundinamarca,235,0,227,0,235,0,0,false,-8,0
all,grave,68397,La Paz,Santander,235,0,227,0,235,0,0,false,-8,0
all,grave,25398,La Peña,Cundinamarca,235,0,227,0,235,0,0,true,-8,0
all,grave,05390,La Pintada,Antioquia,235,0,227,0,235,0,0,false,-8,0
all,grave,41396,La Plata,Huila,235,0,227,0,235,0,0,false,-8,0
all,grave,19392,La Sierra,Cauca,235,0,227,0,235,0,0,false,-8,0
all,grave,19397,La Vega,Cauca,235,0,227,0,235,0,0,false,-8,0
all,grave,68406,Lebrija,Santander,235,0,227,0,235,0,0,false,-8,0
all,grave,73408,Lérida,Tolima,235,0,227,0,235,0,0,false,-8,0
all,grave,73411,Líbano,Tolima,235,0,227,0,235,0,0,false,-8,0
all,grave,05411,Liborina,Antioquia,235,0,227,0,235,0,0,false,-8,0
all,grave,27413,Lloró,Chocó,235,0,227,0,235,0,0,true,-8,0
all,grave,52418,Los Andes,Nariño,235,0,227,0,235,0,0,false,-8,0
all,grave,54405,Los Patios,Norte de Santander,235,0,227,0,235,0,0,false,-8,0
all,grave,68418,Los Santos,Santander,235,0,227,0,235,0,0,false,-8,0
all,grave,54418,Lourdes,Norte de Santander,235,0,227,0,235,0,0,false,-8,0
all,grave,68425,Macaravita,Santander,235,0,227,0,235,0,0,false,-8,0
all,grave,05425,Maceo,Antioquia,235,0,227,0,235,0,0,false,-8,0
all,grave,25426,Machetá,Cundinamarca,235,0,227,0,235,0,0,true,-8,0
all,grave,25430,Madrid,Cundinamarca,235,0,227,0,235,0,0,false,-8,0
all,grave,25436,Manta,Cundinamarca,235,0,227,0,235,0,0,true,-8,0
all,grave,13440,Margarita,Bolívar,235,0,227,0,235,0,0,true,-8,0
all,grave,05440,Marinilla,Antioquia,235,0,227,0,235,0,0,false,-8,0
all,grave,73443,Mariquita,Tolima,235,0,227,0,235,0,0,false,-8,0
all,grave,17446,Marulanda,Caldas,235,0,227,0,235,0,0,false,-8,0
all,grave,68444,Matanza,Santander,235,0,227,0,235,0,0,false,-8,0
all,grave,25438,Medina,Cundinamarca,235,0,227,0,235,0,0,false,-8,0
all,grave,73449,Melgar,Tolima,235,0,227,0,235,0,0,false,-8,0
all,grave,86001,Mocoa,Putumayo,235,0,227,0,235,0,0,false,-8,0
all,grave,13473,Morales,Bolívar,235,0,227,0,235,0,0,false,-8,0
all,grave,25473,Mosquera,Cundinamarca,235,0,227,0,235,0,0,false,-8,0
all,grave,73461,Murillo,Tolima,235,0,227,0,235,0,0,false,-8,0
all,grave,05480,Mutatá,Antioquia,235,0,227,0,235,0,0,false,-8,0
all,grave,25483,Nariño,Cundinamarca,235,0,227,0,235,0,0,true,-8,0
all,grave,41483,Nátaga,Huila,235,0,227,0,235,0,0,true,-8,0
all,grave,73483,Natagaima,Tolima,235,0,227,0,235,0,0,false,-8,0
all,grave,05490,Necoclí,Antioquia,235,0,227,0,235,0,0,false,-8,0
all,grave,25488,Nilo,Cundinamarca,235,0,227,0,235,0,0,true,-8,0
all,grave,25489,Nimaima,Cundinamarca,235,0,227,0,235,0,0,true,-8,0
all,grave,25491,Nocaima,Cundinamarca,235,0,227,0,235,0,0,true,-8,0
all,grave,54498,Ocaña,Norte de Santander,235,0,227,0,235,0,0,false,-8,0
all,grave,68500,Oiba,Santander,235,0,227,0,235,0,0,false,-8,0
all,grave,70508,Ovejas,Sucre,235,0,227,0,235,0,0,false,-8,0
all,grave,25513,Pacho,Cundinamarca,235,0,227,0,235,0,0,false,-8,0
all,grave,19513,Padilla,Cauca,235,0,227,0,235,0,0,false,-8,0
all,grave,41530,Palestina,Huila,235,0,227,0,235,0,0,false,-8,0
all,grave,68522,Palmar,Santander,235,0,227,0,235,0,0,false,-8,0
all,grave,54518,Pamplona,Norte de Santander,235,0,227,0,235,0,0,false,-8,0
all,grave,54520,Pamplonita,Norte de Santander,235,0,227,0,235,0,0,false,-8,0
all,grave,25524,Pandi,Cundinamarca,235,0,227,0,235,0,0,true,-8,0
all,grave,25530,Paratebueno,Cundinamarca,235,0,227,0,235,0,0,false,-8,0
all,grave,25535,Pasca,Cundinamarca,235,0,227,0,235,0,0,true,-8,0
all,grave,52001,Pasto,Nariño,235,0,227,0,235,0,0,false,-8,0
all,grave,05541,Peñol,Antioquia,235,0,227,0,235,0,0,false,-8,0
all,grave,05543,Peque,Antioquia,235,0,227,0,235,0,0,true,-8,0
all,grave,19533,Piamonte,Cauca,235,0,227,0,235,0,0,false,-8,0
all,grave,73547,Piedras,Tolima,235,0,227,0,235,0,0,false,-8,0
all,grave,68549,Pinchote,Santander,235,0,227,0,235,0,0,true,-8,0
all,grave,41548,Pital,Huila,235,0,227,0,235,0,0,false,-8,0
all,grave,73555,Planadas,Tolima,235,0,227,0,235,0,0,false,-8,0
all,grave,25572,Puerto Salgar,Cundinamarca,235,0,227,0,235,0,0,false,-8,0
all,grave,05591,Puerto Triunfo,Antioquia,235,0,227,0,235,0,0,false,-8,0
all,grave,25580,Pulí,Cundinamarca,235,0,227,0,235,0,0,true,-8,0
all,grave,52585,Pupiales,Nariño,235,0,227,0,235,0,0,false,-8,0
all,grave,19585,Puracé,Cauca,235,0,227,0,235,0,0,false,-8,0
all,grave,73585,Purificación,Tolima,235,0,227,0,235,0,0,false,-8,0
all,grave,25592,Quebradanegra,Cundinamarca,235,0,227,0,235,0,0,true,-8,0
all,grave,25596,Quipile,Cundinamarca,235,0,227,0,235,0,0,true,-8,0
all,grave,13580,Regidor,Bolívar,235,0,227,0,235,0,0,true,-8,0
all,grave,05604,Remedios,Antioquia,235,0,227,0,235,0,0,false,-8,0
all,grave,52612,Ricaurte,Nariño,235,0,227,0,235,0,0,false,-8,0
all,grave,73616,Rioblanco,Tolima,235,0,227,0,235,0,0,false,-8,0
all,grave,68615,Rionegro,Santander,235,0,227,0,235,0,0,false,-8,0
all,grave,19622,Rosas,Cauca,235,0,227,0,235,0,0,false,-8,0
all,grave,05628,Sabanalarga,Antioquia,235,0,227,0,235,0,0,false,-8,0
all,grave,05631,Sabaneta,Antioquia,235,0,227,0,235,0,0,false,-8,0
all,grave,41660,Saladoblanco,Huila,235,0,227,0,235,0,0,false,-8,0
all,grave,54660,Salazar,Norte de Santander,235,0,227,0,235,0,0,false,-8,0
all,grave,73671,Saldaña,Tolima,235,0,227,0,235,0,0,false,-8,0
all,grave,52678,Samaniego,Nariño,235,0,227,0,235,0,0,false,-8,0
all,grave,41668,San Agustín,Huila,235,0,227,0,235,0,0,false,-8,0
all,grave,25645,San Antonio del Tequendama,Cundinamarca,235,0,227,0,235,0,0,false,-8,0
all,grave,73675,San Antonio,Tolima,235,0,227,0,235,0,0,false,-8,0
all,grave,05649,San Carlos,Antioquia,235,0,227,0,235,0,0,false,-8,0
all,grave,54673,San Cayetano,Norte de Santander,235,0,227,0,235,0,0,false,-8,0
all,grave,13620,San Cristóbal,Bolívar,235,0,227,0,235,0,0,false,-8,0
all,grave,05652,San Francisco,Antioquia,235,0,227,0,235,0,0,false,-8,0
all,grave,25658,San Francisco,Cundinamarca,235,0,227,0,235,0,0,false,-8,0
all,grave,54001,San José de Cúcuta,Norte de Santander,235,0,227,0,235,0,0,false,-8,0
all,grave,05658,San José De La Montaña,Antioquia,235,0,227,0,235,0,0,false,-8,0
all,grave,25662,San Juan De Rioseco,Cundinamarca,235,0,227,0,235,0,0,false,-8,0
all,grave,73678,San Luis,Tolima,235,0,227,0,235,0,0,false,-8,0
all,grave,13670,San Pablo,Bolívar,235,0,227,0,235,0,0,false,-8,0
all,grave,05667,San Rafael,Antioquia,235,0,227,0,235,0,0,false,-8,0
all,grave,05670,San Roque,Antioquia,235,0,227,0,235,0,0,false,-8,0
all,grave,19693,San Sebastián,Cauca,235,0,227,0,235,0,0,false,-8,0
all,grave,68689,San Vicente de Chucurí,Santander,235,0,227,0,235,0,0,false,-8,0
all,grave,05674,San Vicente,Antioquia,235,0,227,0,235,0,0,false,-8,0
all,grave,68705,Santa Bárbara,Santander,235,0,227,0,235,0,0,false,-8,0
all,grave,68720,Santa Helena del Opón,Santander,235,0,227,0,235,0,0,false,-8,0
all,grave,73686,Santa Isabel,Tolima,235,0,227,0,235,0,0,false,-8,0
all,grave,41676,Santa María,Huila,235,0,227,0,235,0,0,false,-8,0
all,grave,05686,Santa Rosa De Osos,Antioquia,235,0,227,0,235,0,0,false,-8,0
all,grave,13688,Santa Rosa del Sur,Bolívar,235,0,227,0,235,0,0,false,-8,0
all,grave,05690,Santo Domingo,Antioquia,235,0,227,0,235,0,0,false,-8,0
all,grave,05697,Santuario,Antioquia,235,0,227,0,235,0,0,false,-8,0
all,grave,25736,Sesquilé,Cundinamarca,235,0,227,0,235,0,0,false,-8,0
all,grave,25740,Sibaté,Cundinamarca,235,0,227,0,235,0,0,false,-8,0
all,grave,54743,Silos,Norte de Santander,235,0,227,0,235,0,0,false,-8,0
all,grave,25743,Silvania,Cundinamarca,235,0,227,0,235,0,0,false,-8,0
all,grave,13744,Simití,Bolívar,235,0,227,0,235,0,0,false,-8,0
all,grave,70001,Sincelejo,Sucre,235,0,227,0,235,0,0,false,-8,0
all,grave,25754,Soacha,Cundinamarca,235,0,227,0,235,0,0,false,-8,0
all,grave,25758,Sopó,Cundinamarca,235,0,227,0,235,0,0,false,-8,0
all,grave,73770,Suárez,Tolima,235,0,227,0,235,0,0,false,-8,0
all,grave,41770,Suaza,Huila,235,0,227,0,235,0,0,false,-8,0
all,grave,25769,Subachoque,Cundinamarca,235,0,227,0,235,0,0,true,-8,0
all,grave,19785,Sucre,Cauca,235,0,227,0,235,0,0,false,-8,0
all,grave,25772,Suesca,Cundinamarca,235,0,227,0,235,0,0,false,-8,0
all,grave,25777,Supatá,Cundinamarca,235,0,227,0,235,0,0,true,-8,0
all,grave,68780,Suratá,Santander,235,0,227,0,235,0,0,false,-8,0
all,grave,25781,Sutatausa,Cundinamarca,235,0,227,0,235,0,0,true,-8,0
all,grave,25785,Tabio,Cundinamarca,235,0,227,0,235,0,0,false,-8,0
all,grave,13780,Talaigua Nuevo,Bolívar,235,0,227,0,235,0,0,false,-8,0
all,grave,41791,Tarqui,Huila,235,0,227,0,235,0,0,false,-8,0
all,grave,25793,Tausa,Cundinamarca,235,0,227,0,235,0,0,false,-8,0
all,grave,25797,Tena,Cundinamarca,235,0,227,0,235,0,0,true,-8,0
all,grave,54800,Teorama,Norte de Santander,235,0,227,0,235,0,0,false,-8,0
all,grave,41801,Teruel,Huila,235,0,227,0,235,0,0,false,-8,0
all,grave,25805,Tibacuy,Cundinamarca,235,0,227,0,235,0,0,true,-8,0
all,grave,25807,Tibirita,Cundinamarca,235,0,227,0,235,0,0,true,-8,0
all,grave,54810,Tibú,Norte de Santander,235,0,227,0,235,0,0,false,-8,0
all,grave,41807,Timaná,Huila,235,0,227,0,235,0,0,false,-8,0
all,grave,05809,Titiribí,Antioquia,235,0,227,0,235,0,0,false,-8,0
all,grave,25815,Tocaima,Cundinamarca,235,0,227,0,235,0,0,false,-8,0
all,grave,05819,Toledo,Antioquia,235,0,227,0,235,0,0,false,-8,0
all,grave,54820,Toledo,Norte de Santander,235,0,227,0,235,0,0,false,-8,0
all,grave,25823,Topaipí,Cundinamarca,235,0,227,0,235,0,0,true,-8,0
all,grave,19821,Toribío,Cauca,235,0,227,0,235,0,0,false,-8,0
all,grave,19824,Totoró,Cauca,235,0,227,0,235,0,0,false,-8,0
all,grave,05837,Turbo,Antioquia,235,0,227,0,235,0,0,false,-8,0
all,grave,25839,Ubalá,Cundinamarca,235,0,227,0,235,0,0,true,-8,0
all,grave,25841,Ubaque,Cundinamarca,235,0,227,0,235,0,0,true,-8,0
all,grave,27800,Unguía,Chocó,235,0,227,0,235,0,0,false,-8,0
all,grave,05847,Urrao,Antioquia,235,0,227,0,235,0,0,false,-8,0
all,grave,25851,Útica,Cundinamarca,235,0,227,0,235,0,0,true,-8,0
all,grave,05854,Valdivia,Antioquia,235,0,227,0,235,0,0,false,-8,0
all,grave,73854,Valle De San Juan,Tolima,235,0,227,0,235,0,0,false,-8,0
all,grave,05858,Vegachí,Antioquia,235,0,227,0,235,0,0,false,-8,0
all,grave,73861,Venadillo,Tolima,235,0,227,0,235,0,0,false,-8,0
all,grave,25506,Venecia,Cundinamarca,235,0,227,0,235,0,0,true,-8,0
all,grave,25862,Vergara,Cundinamarca,235,0,227,0,235,0,0,false,-8,0
all,grave,25867,Vianí,Cundinamarca,235,0,227,0,235,0,0,false,-8,0
all,grave,54871,Villa Caro,Norte de Santander,235,0,227,0,235,0,0,false,-8,0
all,grave,25843,Villa de San Diego de Ubaté,Cundinamarca,235,0,227,0,235,0,0,true,-8,0
all,grave,54874,Villa del Rosario,Norte de Santander,235,0,227,0,235,0,0,false,-8,0
all,grave,86885,Villagarzón,Putumayo,235,0,227,0,235,0,0,false,-8,0
all,grave,25871,Villagómez,Cundinamarca,235,0,227,0,235,0,0,true,-8,0
all,grave,25873,Villapinzón,Cundinamarca,235,0,227,0,235,0,0,false,-8,0
all,grave,41872,Villavieja,Huila,235,0,227,0,235,0,0,false,-8,0
all,grave,25875,Villeta,Cundinamarca,235,0,227,0,235,0,0,false,-8,0
all,grave,25885,Yacopí,Cundinamarca,235,0,227,0,235,0,0,false,-8,0
all,grave,05885,Yalí,Antioquia,235,0,227,0,235,0,0,false,-8,0
all,grave,05887,Yarumal,Antioquia,235,0,227,0,235,0,0,false,-8,0
all,grave,05890,Yolombó,Antioquia,235,0,227,0,235,0,0,false,-8,0
all,grave,05893,Yondó,Antioquia,235,0,227,0,235,0,0,false,-8,0
all,grave,68895,Zapatoca,Santander,235,0,227,0,235,0,0,false,-8,0
all,grave,05895,Zaragoza,Antioquia,235,0,227,0,235,0,0,false,-8,0
all,grave,25898,Zipacón,Cundinamarca,235,0,227,0,235,0,0,true,-8,0
all,grave,25899,Zipaquirá,Cundinamarca,235,0,227,0,235,0,0,false,-8,0
