denominador,codigo,municipio,departamento,poblacion_2026,estimacion_experimental_condicionada_a_existencia,tiene_soporte_minimo,abstencion,ejemplos_patron,banda_error_descriptiva_inferior,banda_error_descriptiva_superior,razones,habilitado_para_indice
consulta_externa,05125,Caicedo,Antioquia,9134,3.35648622231783,true,false,30,1.1720322934162235,6.595245988963682,"[""no_se_puede_distinguir_ausencia_real_de_falta_de_registro"",""no_valida_capacidad_2026""]",false
consulta_externa,05138,Cañasgordas,Antioquia,15337,7.158822932064746,true,false,30,2.4997485773781922,14.066555052264556,"[""no_se_puede_distinguir_ausencia_real_de_falta_de_registro"",""no_valida_capacidad_2026""]",false
consulta_externa,05347,Heliconia,Antioquia,4961,3.7150437054287817,true,false,30,1.297234937317404,7.299784797011408,"[""no_se_puede_distinguir_ausencia_real_de_falta_de_registro"",""no_valida_capacidad_2026""]",false
consulta_externa,27160,Cértegui,Chocó,6063,3.848450665767643,true,false,175,1.3438185534347584,7.56191955991448,"[""no_se_puede_distinguir_ausencia_real_de_falta_de_registro"",""no_valida_capacidad_2026""]",false
consulta_externa,27425,Medio Atrato,Chocó,11341,3.0227869398348863,true,false,30,1.0555097429110845,5.939551697808241,"[""no_se_puede_distinguir_ausencia_real_de_falta_de_registro"",""no_valida_capacidad_2026""]",false
consulta_externa,27493,Nuevo Belén de Bajirá,Chocó,30508,,false,true,175,,,"[""predictor_fuera_del_rango_de_entrenamiento"",""IPM_no_disponible"",""no_se_puede_distinguir_ausencia_real_de_falta_de_registro"",""no_valida_capacidad_2026""]",false
consulta_externa,52405,Leiva,Nariño,9740,3.6905156754735833,true,false,175,1.2886701343367675,7.2515890409545,"[""no_se_puede_distinguir_ausencia_real_de_falta_de_registro"",""no_valida_capacidad_2026""]",false
consulta_externa,91430,La Victoria (ANM),Amazonas,691,,false,true,175,,,"[""predictor_fuera_del_rango_de_entrenamiento"",""no_se_puede_distinguir_ausencia_real_de_falta_de_registro"",""no_valida_capacidad_2026""]",false
consulta_externa,94884,Puerto Colombia (ANM),Guainía,1980,,false,true,175,,,"[""predictor_fuera_del_rango_de_entrenamiento"",""no_se_puede_distinguir_ausencia_real_de_falta_de_registro"",""no_valida_capacidad_2026""]",false
consulta_externa,94885,La Guadalupe (ANM),Guainía,319,,false,true,175,,,"[""predictor_fuera_del_rango_de_entrenamiento"",""no_se_puede_distinguir_ausencia_real_de_falta_de_registro"",""no_valida_capacidad_2026""]",false
consulta_externa,94886,Cacahual (ANM),Guainía,907,1.6425415928498908,true,false,175,1,3.227472164169507,"[""no_se_puede_distinguir_ausencia_real_de_falta_de_registro"",""no_valida_capacidad_2026""]",false
consulta_externa,94887,Pana Pana (ANM),Guainía,2016,,false,true,175,,,"[""predictor_fuera_del_rango_de_entrenamiento"",""no_se_puede_distinguir_ausencia_real_de_falta_de_registro"",""no_valida_capacidad_2026""]",false
consulta_externa,94888,Morichal (ANM),Guainía,1091,,false,true,175,,,"[""predictor_fuera_del_rango_de_entrenamiento"",""no_se_puede_distinguir_ausencia_real_de_falta_de_registro"",""no_valida_capacidad_2026""]",false
consulta_externa,97511,Pacoa (ANM),Vaupés,4312,,false,true,175,,,"[""predictor_fuera_del_rango_de_entrenamiento"",""no_se_puede_distinguir_ausencia_real_de_falta_de_registro"",""no_valida_capacidad_2026""]",false
consulta_externa,97777,Papunahua (ANM),Vaupés,768,,false,true,175,,,"[""predictor_fuera_del_rango_de_entrenamiento"",""no_se_puede_distinguir_ausencia_real_de_falta_de_registro"",""no_valida_capacidad_2026""]",false
consulta_externa,97889,Yavaraté (ANM),Vaupés,1116,,false,true,175,,,"[""predictor_fuera_del_rango_de_entrenamiento"",""no_se_puede_distinguir_ausencia_real_de_falta_de_registro"",""no_valida_capacidad_2026""]",false
urgencias,05125,Caicedo,Antioquia,9134,,false,true,0,,,"[""menos_de_30_ejemplos_con_mismo_patron_de_otros_registros"",""predictor_fuera_del_rango_de_entrenamiento"",""no_se_puede_distinguir_ausencia_real_de_falta_de_registro"",""no_valida_capacidad_2026""]",false
urgencias,05138,Cañasgordas,Antioquia,15337,,false,true,0,,,"[""menos_de_30_ejemplos_con_mismo_patron_de_otros_registros"",""predictor_fuera_del_rango_de_entrenamiento"",""no_se_puede_distinguir_ausencia_real_de_falta_de_registro"",""no_valida_capacidad_2026""]",false
urgencias,05206,Concepción,Antioquia,5136,1,true,false,776,1,1.456494778040098,"[""no_se_puede_distinguir_ausencia_real_de_falta_de_registro"",""no_valida_capacidad_2026""]",false
urgencias,05347,Heliconia,Antioquia,4961,,false,true,0,,,"[""menos_de_30_ejemplos_con_mismo_patron_de_otros_registros"",""predictor_fuera_del_rango_de_entrenamiento"",""no_se_puede_distinguir_ausencia_real_de_falta_de_registro"",""no_valida_capacidad_2026""]",false
urgencias,05368,Jericó,Antioquia,14414,1,true,false,776,1,1.456494778040098,"[""no_se_puede_distinguir_ausencia_real_de_falta_de_registro"",""no_valida_capacidad_2026""]",false
urgencias,05380,La Estrella,Antioquia,84068,3.217985277714194,true,false,776,1.8766065701376868,4.686978752800639,"[""no_se_puede_distinguir_ausencia_real_de_falta_de_registro"",""no_valida_capacidad_2026""]",false
urgencias,05543,Peque,Antioquia,8835,1,true,false,776,1,1.456494778040098,"[""no_se_puede_distinguir_ausencia_real_de_falta_de_registro"",""no_valida_capacidad_2026""]",false
urgencias,05756,Sonsón,Antioquia,35750,1.366045028849608,true,false,776,1,1.9896374510870891,"[""no_se_puede_distinguir_ausencia_real_de_falta_de_registro"",""no_valida_capacidad_2026""]",false
urgencias,13440,Margarita,Bolívar,11878,1.0147625913714515,true,false,776,1,1.477996415282957,"[""no_se_puede_distinguir_ausencia_real_de_falta_de_registro"",""no_valida_capacidad_2026""]",false
urgencias,13580,Regidor,Bolívar,8012,1,true,false,776,1,1.456494778040098,"[""no_se_puede_distinguir_ausencia_real_de_falta_de_registro"",""no_valida_capacidad_2026""]",false
urgencias,15022,Almeida,Boyacá,1764,1,true,false,125,1,1.456494778040098,"[""no_se_puede_distinguir_ausencia_real_de_falta_de_registro"",""no_valida_capacidad_2026""]",false
urgencias,15051,Arcabuco,Boyacá,6522,1,true,false,125,1,1.456494778040098,"[""no_se_puede_distinguir_ausencia_real_de_falta_de_registro"",""no_valida_capacidad_2026""]",false
urgencias,15087,Belén,Boyacá,7642,1,true,false,125,1,1.456494778040098,"[""no_se_puede_distinguir_ausencia_real_de_falta_de_registro"",""no_valida_capacidad_2026""]",false
urgencias,15090,Berbeo,Boyacá,1636,1,true,false,125,1,1.456494778040098,"[""no_se_puede_distinguir_ausencia_real_de_falta_de_registro"",""no_valida_capacidad_2026""]",false
urgencias,15092,Betéitiva,Boyacá,1762,1,true,false,125,1,1.456494778040098,"[""no_se_puede_distinguir_ausencia_real_de_falta_de_registro"",""no_valida_capacidad_2026""]",false
urgencias,15097,Boavita,Boyacá,5169,1,true,false,125,1,1.456494778040098,"[""no_se_puede_distinguir_ausencia_real_de_falta_de_registro"",""no_valida_capacidad_2026""]",false
urgencias,15104,Boyacá,Boyacá,5313,1,true,false,125,1,1.456494778040098,"[""no_se_puede_distinguir_ausencia_real_de_falta_de_registro"",""no_valida_capacidad_2026""]",false
urgencias,15106,Briceño,Boyacá,2257,1,true,false,125,1,1.456494778040098,"[""no_se_puede_distinguir_ausencia_real_de_falta_de_registro"",""no_valida_capacidad_2026""]",false
urgencias,15109,Buenavista,Boyacá,4519,1,true,false,125,1,1.456494778040098,"[""no_se_puede_distinguir_ausencia_real_de_falta_de_registro"",""no_valida_capacidad_2026""]",false
urgencias,15114,Busbanzá,Boyacá,1342,1,true,false,125,1,1.456494778040098,"[""no_se_puede_distinguir_ausencia_real_de_falta_de_registro"",""no_valida_capacidad_2026""]",false
urgencias,15131,Caldas,Boyacá,2797,1,true,false,125,1,1.456494778040098,"[""no_se_puede_distinguir_ausencia_real_de_falta_de_registro"",""no_valida_capacidad_2026""]",false
urgencias,15135,Campohermoso,Boyacá,3187,1,true,false,125,1,1.456494778040098,"[""no_se_puede_distinguir_ausencia_real_de_falta_de_registro"",""no_valida_capacidad_2026""]",false
urgencias,15162,Cerinza,Boyacá,3527,1,true,false,125,1,1.456494778040098,"[""no_se_puede_distinguir_ausencia_real_de_falta_de_registro"",""no_valida_capacidad_2026""]",false
urgencias,15172,Chinavita,Boyacá,3049,1,true,false,125,1,1.456494778040098,"[""no_se_puede_distinguir_ausencia_real_de_falta_de_registro"",""no_valida_capacidad_2026""]",false
urgencias,15180,Chiscas,Boyacá,4106,1,true,false,125,1,1.456494778040098,"[""no_se_puede_distinguir_ausencia_real_de_falta_de_registro"",""no_valida_capacidad_2026""]",false
urgencias,15183,Chita,Boyacá,8255,1,true,false,125,1,1.456494778040098,"[""no_se_puede_distinguir_ausencia_real_de_falta_de_registro"",""no_valida_capacidad_2026""]",false
urgencias,15185,Chitaraque,Boyacá,5969,1,true,false,125,1,1.456494778040098,"[""no_se_puede_distinguir_ausencia_real_de_falta_de_registro"",""no_valida_capacidad_2026""]",false
urgencias,15187,Chivatá,Boyacá,2858,1,true,false,125,1,1.456494778040098,"[""no_se_puede_distinguir_ausencia_real_de_falta_de_registro"",""no_valida_capacidad_2026""]",false
urgencias,15189,Ciénega,Boyacá,4499,1,true,false,125,1,1.456494778040098,"[""no_se_puede_distinguir_ausencia_real_de_falta_de_registro"",""no_valida_capacidad_2026""]",false
urgencias,15204,Cómbita,Boyacá,13539,1,true,false,125,1,1.456494778040098,"[""no_se_puede_distinguir_ausencia_real_de_falta_de_registro"",""no_valida_capacidad_2026""]",false
urgencias,15212,Coper,Boyacá,3456,1,true,false,125,1,1.456494778040098,"[""no_se_puede_distinguir_ausencia_real_de_falta_de_registro"",""no_valida_capacidad_2026""]",false
urgencias,15215,Corrales,Boyacá,2576,1,true,false,125,1,1.456494778040098,"[""no_se_puede_distinguir_ausencia_real_de_falta_de_registro"",""no_valida_capacidad_2026""]",false
urgencias,15218,Covarachía,Boyacá,2876,1,true,false,125,1,1.456494778040098,"[""no_se_puede_distinguir_ausencia_real_de_falta_de_registro"",""no_valida_capacidad_2026""]",false
urgencias,15224,Cucaita,Boyacá,3813,1,true,false,125,1,1.456494778040098,"[""no_se_puede_distinguir_ausencia_real_de_falta_de_registro"",""no_valida_capacidad_2026""]",false
urgencias,15226,Cuítiva,Boyacá,1850,1,true,false,125,1,1.456494778040098,"[""no_se_puede_distinguir_ausencia_real_de_falta_de_registro"",""no_valida_capacidad_2026""]",false
urgencias,15232,Chíquiza,Boyacá,4795,1,true,false,125,1,1.456494778040098,"[""no_se_puede_distinguir_ausencia_real_de_falta_de_registro"",""no_valida_capacidad_2026""]",false
urgencias,15236,Chivor,Boyacá,2773,1,true,false,125,1,1.456494778040098,"[""no_se_puede_distinguir_ausencia_real_de_falta_de_registro"",""no_valida_capacidad_2026""]",false
urgencias,15248,El Espino,Boyacá,3126,1,true,false,125,1,1.456494778040098,"[""no_se_puede_distinguir_ausencia_real_de_falta_de_registro"",""no_valida_capacidad_2026""]",false
urgencias,15272,Firavitoba,Boyacá,7182,1,true,false,125,1,1.456494778040098,"[""no_se_puede_distinguir_ausencia_real_de_falta_de_registro"",""no_valida_capacidad_2026""]",false
urgencias,15276,Floresta,Boyacá,3332,1,true,false,125,1,1.456494778040098,"[""no_se_puede_distinguir_ausencia_real_de_falta_de_registro"",""no_valida_capacidad_2026""]",false
urgencias,15293,Gachantivá,Boyacá,2715,1,true,false,125,1,1.456494778040098,"[""no_se_puede_distinguir_ausencia_real_de_falta_de_registro"",""no_valida_capacidad_2026""]",false
urgencias,15296,Gámeza,Boyacá,4584,1,true,false,125,1,1.456494778040098,"[""no_se_puede_distinguir_ausencia_real_de_falta_de_registro"",""no_valida_capacidad_2026""]",false
urgencias,15317,Guacamayas,Boyacá,1797,1,true,false,125,1,1.456494778040098,"[""no_se_puede_distinguir_ausencia_real_de_falta_de_registro"",""no_valida_capacidad_2026""]",false
urgencias,15325,Guayatá,Boyacá,3480,1,true,false,125,1,1.456494778040098,"[""no_se_puede_distinguir_ausencia_real_de_falta_de_registro"",""no_valida_capacidad_2026""]",false
urgencias,15362,Iza,Boyacá,1921,1,true,false,125,1,1.456494778040098,"[""no_se_puede_distinguir_ausencia_real_de_falta_de_registro"",""no_valida_capacidad_2026""]",false
urgencias,15367,Jenesano,Boyacá,7403,1,true,false,125,1,1.456494778040098,"[""no_se_puede_distinguir_ausencia_real_de_falta_de_registro"",""no_valida_capacidad_2026""]",false
urgencias,15368,Jericó,Boyacá,4021,1,true,false,125,1,1.456494778040098,"[""no_se_puede_distinguir_ausencia_real_de_falta_de_registro"",""no_valida_capacidad_2026""]",false
urgencias,15377,Labranzagrande,Boyacá,3772,1,true,false,125,1,1.456494778040098,"[""no_se_puede_distinguir_ausencia_real_de_falta_de_registro"",""no_valida_capacidad_2026""]",false
urgencias,15380,La Capilla,Boyacá,2524,1,true,false,125,1,1.456494778040098,"[""no_se_puede_distinguir_ausencia_real_de_falta_de_registro"",""no_valida_capacidad_2026""]",false
urgencias,15401,La Victoria,Boyacá,1164,1,true,false,125,1,1.456494778040098,"[""no_se_puede_distinguir_ausencia_real_de_falta_de_registro"",""no_valida_capacidad_2026""]",false
urgencias,15403,La Uvita,Boyacá,2795,1,true,false,125,1,1.456494778040098,"[""no_se_puede_distinguir_ausencia_real_de_falta_de_registro"",""no_valida_capacidad_2026""]",false
urgencias,15425,Macanal,Boyacá,5367,1,true,false,125,1,1.456494778040098,"[""no_se_puede_distinguir_ausencia_real_de_falta_de_registro"",""no_valida_capacidad_2026""]",false
urgencias,15464,Mongua,Boyacá,4458,1,true,false,125,1,1.456494778040098,"[""no_se_puede_distinguir_ausencia_real_de_falta_de_registro"",""no_valida_capacidad_2026""]",false
urgencias,15476,Motavita,Boyacá,5175,1,true,false,125,1,1.456494778040098,"[""no_se_puede_distinguir_ausencia_real_de_falta_de_registro"",""no_valida_capacidad_2026""]",false
urgencias,15491,Nobsa,Boyacá,17186,1.195273952534369,true,false,125,1,1.7409102701936565,"[""no_se_puede_distinguir_ausencia_real_de_falta_de_registro"",""no_valida_capacidad_2026""]",false
urgencias,15494,Nuevo Colón,Boyacá,5244,1,true,false,125,1,1.456494778040098,"[""no_se_puede_distinguir_ausencia_real_de_falta_de_registro"",""no_valida_capacidad_2026""]",false
urgencias,15500,Oicatá,Boyacá,2941,1,true,false,125,1,1.456494778040098,"[""no_se_puede_distinguir_ausencia_real_de_falta_de_registro"",""no_valida_capacidad_2026""]",false
urgencias,15511,Pachavita,Boyacá,2231,1,true,false,125,1,1.456494778040098,"[""no_se_puede_distinguir_ausencia_real_de_falta_de_registro"",""no_valida_capacidad_2026""]",false
urgencias,15514,Páez,Boyacá,3353,1,true,false,125,1,1.456494778040098,"[""no_se_puede_distinguir_ausencia_real_de_falta_de_registro"",""no_valida_capacidad_2026""]",false
urgencias,15518,Pajarito,Boyacá,2128,1,true,false,125,1,1.456494778040098,"[""no_se_puede_distinguir_ausencia_real_de_falta_de_registro"",""no_valida_capacidad_2026""]",false
urgencias,15522,Panqueba,Boyacá,1708,1,true,false,125,1,1.456494778040098,"[""no_se_puede_distinguir_ausencia_real_de_falta_de_registro"",""no_valida_capacidad_2026""]",false
urgencias,15533,Paya,Boyacá,2780,1,true,false,125,1,1.456494778040098,"[""no_se_puede_distinguir_ausencia_real_de_falta_de_registro"",""no_valida_capacidad_2026""]",false
urgencias,15537,Paz de Río,Boyacá,4374,1,true,false,125,1,1.456494778040098,"[""no_se_puede_distinguir_ausencia_real_de_falta_de_registro"",""no_valida_capacidad_2026""]",false
urgencias,15542,Pesca,Boyacá,7019,1,true,false,125,1,1.456494778040098,"[""no_se_puede_distinguir_ausencia_real_de_falta_de_registro"",""no_valida_capacidad_2026""]",false
urgencias,15550,Pisba,Boyacá,2018,1,true,false,125,1,1.456494778040098,"[""no_se_puede_distinguir_ausencia_real_de_falta_de_registro"",""no_valida_capacidad_2026""]",false
urgencias,15600,Ráquira,Boyacá,8076,1,true,false,125,1,1.456494778040098,"[""no_se_puede_distinguir_ausencia_real_de_falta_de_registro"",""no_valida_capacidad_2026""]",false
urgencias,15621,Rondón,Boyacá,2455,1,true,false,125,1,1.456494778040098,"[""no_se_puede_distinguir_ausencia_real_de_falta_de_registro"",""no_valida_capacidad_2026""]",false
urgencias,15632,Saboyá,Boyacá,14624,1.007940853770685,true,false,125,1,1.468060590090281,"[""no_se_puede_distinguir_ausencia_real_de_falta_de_registro"",""no_valida_capacidad_2026""]",false
urgencias,15638,Sáchica,Boyacá,6444,1,true,false,125,1,1.456494778040098,"[""no_se_puede_distinguir_ausencia_real_de_falta_de_registro"",""no_valida_capacidad_2026""]",false
urgencias,15660,San Eduardo,Boyacá,1637,1,true,false,125,1,1.456494778040098,"[""no_se_puede_distinguir_ausencia_real_de_falta_de_registro"",""no_valida_capacidad_2026""]",false
urgencias,15664,San José de Pare,Boyacá,4794,1,true,false,125,1,1.456494778040098,"[""no_se_puede_distinguir_ausencia_real_de_falta_de_registro"",""no_valida_capacidad_2026""]",false
urgencias,15673,San Mateo,Boyacá,3400,1,true,false,125,1,1.456494778040098,"[""no_se_puede_distinguir_ausencia_real_de_falta_de_registro"",""no_valida_capacidad_2026""]",false
urgencias,15676,San Miguel de Sema,Boyacá,3081,1,true,false,125,1,1.456494778040098,"[""no_se_puede_distinguir_ausencia_real_de_falta_de_registro"",""no_valida_capacidad_2026""]",false
urgencias,15681,San Pablo de Borbur,Boyacá,6778,1,true,false,125,1,1.456494778040098,"[""no_se_puede_distinguir_ausencia_real_de_falta_de_registro"",""no_valida_capacidad_2026""]",false
urgencias,15686,Santana,Boyacá,7765,1,true,false,125,1,1.456494778040098,"[""no_se_puede_distinguir_ausencia_real_de_falta_de_registro"",""no_valida_capacidad_2026""]",false
urgencias,15690,Santa María,Boyacá,3631,1,true,false,125,1,1.456494778040098,"[""no_se_puede_distinguir_ausencia_real_de_falta_de_registro"",""no_valida_capacidad_2026""]",false
urgencias,15696,Santa Sofía,Boyacá,3363,1,true,false,125,1,1.456494778040098,"[""no_se_puede_distinguir_ausencia_real_de_falta_de_registro"",""no_valida_capacidad_2026""]",false
urgencias,15720,Sativanorte,Boyacá,2030,1,true,false,125,1,1.456494778040098,"[""no_se_puede_distinguir_ausencia_real_de_falta_de_registro"",""no_valida_capacidad_2026""]",false
urgencias,15723,Sativasur,Boyacá,1015,,false,true,125,,,"[""predictor_fuera_del_rango_de_entrenamiento"",""no_se_puede_distinguir_ausencia_real_de_falta_de_registro"",""no_valida_capacidad_2026""]",false
urgencias,15740,Siachoque,Boyacá,6889,1,true,false,125,1,1.456494778040098,"[""no_se_puede_distinguir_ausencia_real_de_falta_de_registro"",""no_valida_capacidad_2026""]",false
urgencias,15761,Somondoco,Boyacá,2984,1,true,false,125,1,1.456494778040098,"[""no_se_puede_distinguir_ausencia_real_de_falta_de_registro"",""no_valida_capacidad_2026""]",false
urgencias,15762,Sora,Boyacá,3177,1,true,false,125,1,1.456494778040098,"[""no_se_puede_distinguir_ausencia_real_de_falta_de_registro"",""no_valida_capacidad_2026""]",false
urgencias,15763,Sotaquirá,Boyacá,8051,1,true,false,125,1,1.456494778040098,"[""no_se_puede_distinguir_ausencia_real_de_falta_de_registro"",""no_valida_capacidad_2026""]",false
urgencias,15764,Soracá,Boyacá,6209,1,true,false,125,1,1.456494778040098,"[""no_se_puede_distinguir_ausencia_real_de_falta_de_registro"",""no_valida_capacidad_2026""]",false
urgencias,15774,Susacón,Boyacá,2785,1,true,false,125,1,1.456494778040098,"[""no_se_puede_distinguir_ausencia_real_de_falta_de_registro"",""no_valida_capacidad_2026""]",false
urgencias,15776,Sutamarchán,Boyacá,6345,1,true,false,125,1,1.456494778040098,"[""no_se_puede_distinguir_ausencia_real_de_falta_de_registro"",""no_valida_capacidad_2026""]",false
urgencias,15778,Sutatenza,Boyacá,4219,1,true,false,125,1,1.456494778040098,"[""no_se_puede_distinguir_ausencia_real_de_falta_de_registro"",""no_valida_capacidad_2026""]",false
urgencias,15790,Tasco,Boyacá,6036,1,true,false,125,1,1.456494778040098,"[""no_se_puede_distinguir_ausencia_real_de_falta_de_registro"",""no_valida_capacidad_2026""]",false
urgencias,15798,Tenza,Boyacá,3573,1,true,false,125,1,1.456494778040098,"[""no_se_puede_distinguir_ausencia_real_de_falta_de_registro"",""no_valida_capacidad_2026""]",false
urgencias,15804,Tibaná,Boyacá,9056,1,true,false,125,1,1.456494778040098,"[""no_se_puede_distinguir_ausencia_real_de_falta_de_registro"",""no_valida_capacidad_2026""]",false
urgencias,15806,Tibasosa,Boyacá,13705,1,true,false,125,1,1.456494778040098,"[""no_se_puede_distinguir_ausencia_real_de_falta_de_registro"",""no_valida_capacidad_2026""]",false
urgencias,15808,Tinjacá,Boyacá,3647,1,true,false,125,1,1.456494778040098,"[""no_se_puede_distinguir_ausencia_real_de_falta_de_registro"",""no_valida_capacidad_2026""]",false
urgencias,15810,Tipacoque,Boyacá,3150,1,true,false,125,1,1.456494778040098,"[""no_se_puede_distinguir_ausencia_real_de_falta_de_registro"",""no_valida_capacidad_2026""]",false
urgencias,15816,Togüí,Boyacá,4442,1,true,false,125,1,1.456494778040098,"[""no_se_puede_distinguir_ausencia_real_de_falta_de_registro"",""no_valida_capacidad_2026""]",false
urgencias,15820,Tópaga,Boyacá,3723,1,true,false,125,1,1.456494778040098,"[""no_se_puede_distinguir_ausencia_real_de_falta_de_registro"",""no_valida_capacidad_2026""]",false
urgencias,15822,Tota,Boyacá,5116,1,true,false,125,1,1.456494778040098,"[""no_se_puede_distinguir_ausencia_real_de_falta_de_registro"",""no_valida_capacidad_2026""]",false
urgencias,15832,Tununguá,Boyacá,1559,1,true,false,125,1,1.456494778040098,"[""no_se_puede_distinguir_ausencia_real_de_falta_de_registro"",""no_valida_capacidad_2026""]",false
urgencias,15837,Tuta,Boyacá,8196,1,true,false,125,1,1.456494778040098,"[""no_se_puede_distinguir_ausencia_real_de_falta_de_registro"",""no_valida_capacidad_2026""]",false
urgencias,15839,Tutazá,Boyacá,1999,1,true,false,125,1,1.456494778040098,"[""no_se_puede_distinguir_ausencia_real_de_falta_de_registro"",""no_valida_capacidad_2026""]",false
urgencias,15861,Ventaquemada,Boyacá,17300,1.2539854132590815,true,false,125,1,1.8264232061503067,"[""no_se_puede_distinguir_ausencia_real_de_falta_de_registro"",""no_valida_capacidad_2026""]",false
urgencias,15879,Viracachá,Boyacá,2907,1,true,false,125,1,1.456494778040098,"[""no_se_puede_distinguir_ausencia_real_de_falta_de_registro"",""no_valida_capacidad_2026""]",false
urgencias,15897,Zetaquira,Boyacá,4754,1,true,false,125,1,1.456494778040098,"[""no_se_puede_distinguir_ausencia_real_de_falta_de_registro"",""no_valida_capacidad_2026""]",false
urgencias,23682,San José de Uré,Córdoba,15711,1,true,false,125,1,1.456494778040098,"[""no_se_puede_distinguir_ausencia_real_de_falta_de_registro"",""no_valida_capacidad_2026""]",false
urgencias,25019,Albán,Cundinamarca,7048,1,true,false,125,1,1.456494778040098,"[""no_se_puede_distinguir_ausencia_real_de_falta_de_registro"",""no_valida_capacidad_2026""]",false
urgencias,25035,Anapoima,Cundinamarca,17306,1.4382201022350212,true,false,125,1,2.0947600685776044,"[""no_se_puede_distinguir_ausencia_real_de_falta_de_registro"",""no_valida_capacidad_2026""]",false
urgencias,25086,Beltrán,Cundinamarca,1769,1,true,false,125,1,1.456494778040098,"[""no_se_puede_distinguir_ausencia_real_de_falta_de_registro"",""no_valida_capacidad_2026""]",false
urgencias,25095,Bituima,Cundinamarca,2461,1,true,false,125,1,1.456494778040098,"[""no_se_puede_distinguir_ausencia_real_de_falta_de_registro"",""no_valida_capacidad_2026""]",false
urgencias,25099,Bojacá,Cundinamarca,11019,1.0176784590398378,true,false,125,1,1.4822433613154176,"[""no_se_puede_distinguir_ausencia_real_de_falta_de_registro"",""no_valida_capacidad_2026""]",false
urgencias,25120,Cabrera,Cundinamarca,4931,1,true,false,125,1,1.456494778040098,"[""no_se_puede_distinguir_ausencia_real_de_falta_de_registro"",""no_valida_capacidad_2026""]",false
urgencias,25123,Cachipay,Cundinamarca,10366,1.0586672182223695,true,false,125,1,1.5419432750231181,"[""no_se_puede_distinguir_ausencia_real_de_falta_de_registro"",""no_valida_capacidad_2026""]",false
urgencias,25148,Caparrapí,Cundinamarca,11089,1,true,false,125,1,1.456494778040098,"[""no_se_puede_distinguir_ausencia_real_de_falta_de_registro"",""no_valida_capacidad_2026""]",false
urgencias,25168,Chaguaní,Cundinamarca,4402,1,true,false,125,1,1.456494778040098,"[""no_se_puede_distinguir_ausencia_real_de_falta_de_registro"",""no_valida_capacidad_2026""]",false
urgencias,25178,Chipaque,Cundinamarca,10254,1,true,false,125,1,1.456494778040098,"[""no_se_puede_distinguir_ausencia_real_de_falta_de_registro"",""no_valida_capacidad_2026""]",false
urgencias,25181,Choachí,Cundinamarca,11302,1,true,false,125,1,1.456494778040098,"[""no_se_puede_distinguir_ausencia_real_de_falta_de_registro"",""no_valida_capacidad_2026""]",false
urgencias,25200,Cogua,Cundinamarca,25806,1.3155147581274165,true,false,125,1,1.9160403756472648,"[""no_se_puede_distinguir_ausencia_real_de_falta_de_registro"",""no_valida_capacidad_2026""]",false
urgencias,25214,Cota,Cundinamarca,48798,2.212513348995565,true,false,125,1.2902535993550857,3.2225141391560492,"[""no_se_puede_distinguir_ausencia_real_de_falta_de_registro"",""no_valida_capacidad_2026""]",false
urgencias,25224,Cucunubá,Cundinamarca,8367,1,true,false,125,1,1.456494778040098,"[""no_se_puede_distinguir_ausencia_real_de_falta_de_registro"",""no_valida_capacidad_2026""]",false
urgencias,25258,El Peñón,Cundinamarca,4719,1,true,false,125,1,1.456494778040098,"[""no_se_puede_distinguir_ausencia_real_de_falta_de_registro"",""no_valida_capacidad_2026""]",false
urgencias,25260,El Rosal,Cundinamarca,27654,1.540467140365462,true,false,125,1,2.243682345684658,"[""no_se_puede_distinguir_ausencia_real_de_falta_de_registro"",""no_valida_capacidad_2026""]",false
urgencias,25288,Fúquene,Cundinamarca,4926,1,true,false,125,1,1.456494778040098,"[""no_se_puede_distinguir_ausencia_real_de_falta_de_registro"",""no_valida_capacidad_2026""]",false
urgencias,25293,Gachalá,Cundinamarca,4538,1,true,false,125,1,1.456494778040098,"[""no_se_puede_distinguir_ausencia_real_de_falta_de_registro"",""no_valida_capacidad_2026""]",false
urgencias,25295,Gachancipá,Cundinamarca,21830,1.1167180527088374,true,false,125,1,1.6264940123135287,"[""no_se_puede_distinguir_ausencia_real_de_falta_de_registro"",""no_valida_capacidad_2026""]",false
urgencias,25299,Gama,Cundinamarca,3206,1,true,false,125,1,1.456494778040098,"[""no_se_puede_distinguir_ausencia_real_de_falta_de_registro"",""no_valida_capacidad_2026""]",false
urgencias,25312,Granada,Cundinamarca,7689,1,true,false,125,1,1.456494778040098,"[""no_se_puede_distinguir_ausencia_real_de_falta_de_registro"",""no_valida_capacidad_2026""]",false
urgencias,25324,Guataquí,Cundinamarca,3195,1,true,false,125,1,1.456494778040098,"[""no_se_puede_distinguir_ausencia_real_de_falta_de_registro"",""no_valida_capacidad_2026""]",false
urgencias,25328,Guayabal de Síquima,Cundinamarca,5227,1,true,false,125,1,1.456494778040098,"[""no_se_puede_distinguir_ausencia_real_de_falta_de_registro"",""no_valida_capacidad_2026""]",false
urgencias,25335,Guayabetal,Cundinamarca,7142,1,true,false,125,1,1.456494778040098,"[""no_se_puede_distinguir_ausencia_real_de_falta_de_registro"",""no_valida_capacidad_2026""]",false
urgencias,25339,Gutiérrez,Cundinamarca,3517,1,true,false,125,1,1.456494778040098,"[""no_se_puede_distinguir_ausencia_real_de_falta_de_registro"",""no_valida_capacidad_2026""]",false
urgencias,25368,Jerusalén,Cundinamarca,2115,1,true,false,125,1,1.456494778040098,"[""no_se_puede_distinguir_ausencia_real_de_falta_de_registro"",""no_valida_capacidad_2026""]",false
urgencias,25398,La Peña,Cundinamarca,6060,1,true,false,125,1,1.456494778040098,"[""no_se_puede_distinguir_ausencia_real_de_falta_de_registro"",""no_valida_capacidad_2026""]",false
urgencias,25407,Lenguazaque,Cundinamarca,10704,1,true,false,125,1,1.456494778040098,"[""no_se_puede_distinguir_ausencia_real_de_falta_de_registro"",""no_valida_capacidad_2026""]",false
urgencias,25426,Machetá,Cundinamarca,6285,1,true,false,125,1,1.456494778040098,"[""no_se_puede_distinguir_ausencia_real_de_falta_de_registro"",""no_valida_capacidad_2026""]",false
urgencias,25436,Manta,Cundinamarca,3420,1,true,false,125,1,1.456494778040098,"[""no_se_puede_distinguir_ausencia_real_de_falta_de_registro"",""no_valida_capacidad_2026""]",false
urgencias,25483,Nariño,Cundinamarca,2492,1,true,false,125,1,1.456494778040098,"[""no_se_puede_distinguir_ausencia_real_de_falta_de_registro"",""no_valida_capacidad_2026""]",false
urgencias,25488,Nilo,Cundinamarca,11069,1.0037538151724832,true,false,125,1,1.4619621902365476,"[""no_se_puede_distinguir_ausencia_real_de_falta_de_registro"",""no_valida_capacidad_2026""]",false
urgencias,25489,Nimaima,Cundinamarca,3669,1,true,false,125,1,1.456494778040098,"[""no_se_puede_distinguir_ausencia_real_de_falta_de_registro"",""no_valida_capacidad_2026""]",false
urgencias,25491,Nocaima,Cundinamarca,5499,1,true,false,125,1,1.456494778040098,"[""no_se_puede_distinguir_ausencia_real_de_falta_de_registro"",""no_valida_capacidad_2026""]",false
urgencias,25506,Venecia,Cundinamarca,4565,1,true,false,125,1,1.456494778040098,"[""no_se_puede_distinguir_ausencia_real_de_falta_de_registro"",""no_valida_capacidad_2026""]",false
urgencias,25518,Paime,Cundinamarca,3718,1,true,false,125,1,1.456494778040098,"[""no_se_puede_distinguir_ausencia_real_de_falta_de_registro"",""no_valida_capacidad_2026""]",false
urgencias,25524,Pandi,Cundinamarca,4883,1,true,false,125,1,1.456494778040098,"[""no_se_puede_distinguir_ausencia_real_de_falta_de_registro"",""no_valida_capacidad_2026""]",false
urgencias,25535,Pasca,Cundinamarca,9417,1,true,false,125,1,1.456494778040098,"[""no_se_puede_distinguir_ausencia_real_de_falta_de_registro"",""no_valida_capacidad_2026""]",false
urgencias,25580,Pulí,Cundinamarca,3731,1,true,false,125,1,1.456494778040098,"[""no_se_puede_distinguir_ausencia_real_de_falta_de_registro"",""no_valida_capacidad_2026""]",false
urgencias,25592,Quebradanegra,Cundinamarca,4957,1,true,false,125,1,1.456494778040098,"[""no_se_puede_distinguir_ausencia_real_de_falta_de_registro"",""no_valida_capacidad_2026""]",false
urgencias,25594,Quetame,Cundinamarca,5191,1,true,false,125,1,1.456494778040098,"[""no_se_puede_distinguir_ausencia_real_de_falta_de_registro"",""no_valida_capacidad_2026""]",false
urgencias,25596,Quipile,Cundinamarca,5561,1,true,false,125,1,1.456494778040098,"[""no_se_puede_distinguir_ausencia_real_de_falta_de_registro"",""no_valida_capacidad_2026""]",false
urgencias,25612,Ricaurte,Cundinamarca,15834,1.0733346105732442,true,false,125,1,1.5633062553896324,"[""no_se_puede_distinguir_ausencia_real_de_falta_de_registro"",""no_valida_capacidad_2026""]",false
urgencias,25649,San Bernardo,Cundinamarca,8732,1,true,false,125,1,1.456494778040098,"[""no_se_puede_distinguir_ausencia_real_de_falta_de_registro"",""no_valida_capacidad_2026""]",false
urgencias,25653,San Cayetano,Cundinamarca,4790,1,true,false,125,1,1.456494778040098,"[""no_se_puede_distinguir_ausencia_real_de_falta_de_registro"",""no_valida_capacidad_2026""]",false
urgencias,25745,Simijaca,Cundinamarca,14680,1.0329153623459715,true,false,125,1,1.5044358314143031,"[""no_se_puede_distinguir_ausencia_real_de_falta_de_registro"",""no_valida_capacidad_2026""]",false
urgencias,25769,Subachoque,Cundinamarca,18259,1.272059734925926,true,false,125,1,1.8527483612746825,"[""no_se_puede_distinguir_ausencia_real_de_falta_de_registro"",""no_valida_capacidad_2026""]",false
urgencias,25777,Supatá,Cundinamarca,5592,1,true,false,125,1,1.456494778040098,"[""no_se_puede_distinguir_ausencia_real_de_falta_de_registro"",""no_valida_capacidad_2026""]",false
urgencias,25779,Susa,Cundinamarca,6601,1,true,false,125,1,1.456494778040098,"[""no_se_puede_distinguir_ausencia_real_de_falta_de_registro"",""no_valida_capacidad_2026""]",false
urgencias,25781,Sutatausa,Cundinamarca,7004,1,true,false,125,1,1.456494778040098,"[""no_se_puede_distinguir_ausencia_real_de_falta_de_registro"",""no_valida_capacidad_2026""]",false
urgencias,25797,Tena,Cundinamarca,11534,1,true,false,125,1,1.456494778040098,"[""no_se_puede_distinguir_ausencia_real_de_falta_de_registro"",""no_valida_capacidad_2026""]",false
urgencias,25805,Tibacuy,Cundinamarca,4222,1,true,false,125,1,1.456494778040098,"[""no_se_puede_distinguir_ausencia_real_de_falta_de_registro"",""no_valida_capacidad_2026""]",false
urgencias,25807,Tibirita,Cundinamarca,3384,1,true,false,125,1,1.456494778040098,"[""no_se_puede_distinguir_ausencia_real_de_falta_de_registro"",""no_valida_capacidad_2026""]",false
urgencias,25823,Topaipí,Cundinamarca,3935,1,true,false,125,1,1.456494778040098,"[""no_se_puede_distinguir_ausencia_real_de_falta_de_registro"",""no_valida_capacidad_2026""]",false
urgencias,25839,Ubalá,Cundinamarca,7908,1,true,false,125,1,1.456494778040098,"[""no_se_puede_distinguir_ausencia_real_de_falta_de_registro"",""no_valida_capacidad_2026""]",false
urgencias,25841,Ubaque,Cundinamarca,6923,1,true,false,125,1,1.456494778040098,"[""no_se_puede_distinguir_ausencia_real_de_falta_de_registro"",""no_valida_capacidad_2026""]",false
urgencias,25843,Villa de San Diego de Ubaté,Cundinamarca,48587,6.3082931737128565,true,false,776,3.678756549362833,9.187996065858773,"[""no_se_puede_distinguir_ausencia_real_de_falta_de_registro"",""no_valida_capacidad_2026""]",false
urgencias,25851,Útica,Cundinamarca,4344,1,true,false,125,1,1.456494778040098,"[""no_se_puede_distinguir_ausencia_real_de_falta_de_registro"",""no_valida_capacidad_2026""]",false
urgencias,25871,Villagómez,Cundinamarca,1605,1,true,false,125,1,1.456494778040098,"[""no_se_puede_distinguir_ausencia_real_de_falta_de_registro"",""no_valida_capacidad_2026""]",false
urgencias,25898,Zipacón,Cundinamarca,4649,1,true,false,125,1,1.456494778040098,"[""no_se_puede_distinguir_ausencia_real_de_falta_de_registro"",""no_valida_capacidad_2026""]",false
urgencias,27006,Acandí,Chocó,16455,1.0914510099952393,true,false,776,1,1.589692696544657,"[""no_se_puede_distinguir_ausencia_real_de_falta_de_registro"",""no_valida_capacidad_2026""]",false
urgencias,27050,Atrato,Chocó,6532,1,true,false,776,1,1.456494778040098,"[""no_se_puede_distinguir_ausencia_real_de_falta_de_registro"",""no_valida_capacidad_2026""]",false
urgencias,27073,Bagadó,Chocó,12936,1,true,false,776,1,1.456494778040098,"[""no_se_puede_distinguir_ausencia_real_de_falta_de_registro"",""no_valida_capacidad_2026""]",false
urgencias,27075,Bahía Solano,Chocó,10943,1,true,false,125,1,1.456494778040098,"[""no_se_puede_distinguir_ausencia_real_de_falta_de_registro"",""no_valida_capacidad_2026""]",false
urgencias,27150,Carmen del Darién,Chocó,21673,1,true,false,776,1,1.456494778040098,"[""no_se_puede_distinguir_ausencia_real_de_falta_de_registro"",""no_valida_capacidad_2026""]",false
urgencias,27160,Cértegui,Chocó,6063,,false,true,0,,,"[""menos_de_30_ejemplos_con_mismo_patron_de_otros_registros"",""predictor_fuera_del_rango_de_entrenamiento"",""no_se_puede_distinguir_ausencia_real_de_falta_de_registro"",""no_valida_capacidad_2026""]",false
urgencias,27245,El Carmen de Atrato,Chocó,8768,1,true,false,776,1,1.456494778040098,"[""no_se_puede_distinguir_ausencia_real_de_falta_de_registro"",""no_valida_capacidad_2026""]",false
urgencias,27413,Lloró,Chocó,10485,1,true,false,776,1,1.456494778040098,"[""no_se_puede_distinguir_ausencia_real_de_falta_de_registro"",""no_valida_capacidad_2026""]",false
urgencias,27425,Medio Atrato,Chocó,11341,,false,true,0,,,"[""menos_de_30_ejemplos_con_mismo_patron_de_otros_registros"",""predictor_fuera_del_rango_de_entrenamiento"",""no_se_puede_distinguir_ausencia_real_de_falta_de_registro"",""no_valida_capacidad_2026""]",false
urgencias,27450,Medio San Juan,Chocó,11296,1,true,false,776,1,1.456494778040098,"[""no_se_puede_distinguir_ausencia_real_de_falta_de_registro"",""no_valida_capacidad_2026""]",false
urgencias,27493,Nuevo Belén de Bajirá,Chocó,30508,,false,true,0,,,"[""menos_de_30_ejemplos_con_mismo_patron_de_otros_registros"",""predictor_fuera_del_rango_de_entrenamiento"",""IPM_no_disponible"",""no_se_puede_distinguir_ausencia_real_de_falta_de_registro"",""no_valida_capacidad_2026""]",false
urgencias,27495,Nuquí,Chocó,18970,1,true,false,125,1,1.456494778040098,"[""no_se_puede_distinguir_ausencia_real_de_falta_de_registro"",""no_valida_capacidad_2026""]",false
urgencias,27615,Riosucio,Chocó,30386,1.8314651621225786,true,false,776,1.0680407955933375,2.6675194447938972,"[""no_se_puede_distinguir_ausencia_real_de_falta_de_registro"",""no_valida_capacidad_2026""]",false
urgencias,27810,Unión Panamericana,Chocó,7322,1,true,false,125,1,1.456494778040098,"[""no_se_puede_distinguir_ausencia_real_de_falta_de_registro"",""no_valida_capacidad_2026""]",false
urgencias,41026,Altamira,Huila,4825,1,true,false,125,1,1.456494778040098,"[""no_se_puede_distinguir_ausencia_real_de_falta_de_registro"",""no_valida_capacidad_2026""]",false
urgencias,41244,Elías,Huila,4821,1,true,false,125,1,1.456494778040098,"[""no_se_puede_distinguir_ausencia_real_de_falta_de_registro"",""no_valida_capacidad_2026""]",false
urgencias,41483,Nátaga,Huila,7143,1,true,false,776,1,1.456494778040098,"[""no_se_puede_distinguir_ausencia_real_de_falta_de_registro"",""no_valida_capacidad_2026""]",false
urgencias,41615,Rivera,Huila,29544,1.2243098758072,true,false,776,1,1.7832009408161078,"[""no_se_puede_distinguir_ausencia_real_de_falta_de_registro"",""no_valida_capacidad_2026""]",false
urgencias,41799,Tello,Huila,12653,1.1725452346323617,true,false,776,1,1.7078060112578364,"[""no_se_puede_distinguir_ausencia_real_de_falta_de_registro"",""no_valida_capacidad_2026""]",false
urgencias,44420,La Jagua del Pilar,La Guajira,4285,1,true,false,125,1,1.456494778040098,"[""no_se_puede_distinguir_ausencia_real_de_falta_de_registro"",""no_valida_capacidad_2026""]",false
urgencias,47161,Cerro de San Antonio,Magdalena,11734,1.2869076903219545,true,false,776,1,1.8743743307735705,"[""no_se_puede_distinguir_ausencia_real_de_falta_de_registro"",""no_valida_capacidad_2026""]",false
urgencias,47745,Sitionuevo,Magdalena,29009,1.5846713225589593,true,false,776,1,2.30806550621702,"[""no_se_puede_distinguir_ausencia_real_de_falta_de_registro"",""no_valida_capacidad_2026""]",false
urgencias,50686,San Juanito,Meta,1399,1,true,false,776,1,1.456494778040098,"[""no_se_puede_distinguir_ausencia_real_de_falta_de_registro"",""no_valida_capacidad_2026""]",false
urgencias,52250,El Charco,Nariño,22503,1.0812877274017534,true,false,776,1,1.5748899285194988,"[""no_se_puede_distinguir_ausencia_real_de_falta_de_registro"",""no_valida_capacidad_2026""]",false
urgencias,52405,Leiva,Nariño,9740,,false,true,0,,,"[""menos_de_30_ejemplos_con_mismo_patron_de_otros_registros"",""predictor_fuera_del_rango_de_entrenamiento"",""no_se_puede_distinguir_ausencia_real_de_falta_de_registro"",""no_valida_capacidad_2026""]",false
urgencias,52427,Magüí,Nariño,28738,1.0696810264915873,true,false,125,1,1.5579848292535687,"[""no_se_puede_distinguir_ausencia_real_de_falta_de_registro"",""no_valida_capacidad_2026""]",false
urgencias,52473,Mosquera,Nariño,12092,1,true,false,125,1,1.456494778040098,"[""no_se_puede_distinguir_ausencia_real_de_falta_de_registro"",""no_valida_capacidad_2026""]",false
urgencias,52720,Sapuyes,Nariño,7344,1,true,false,125,1,1.456494778040098,"[""no_se_puede_distinguir_ausencia_real_de_falta_de_registro"",""no_valida_capacidad_2026""]",false
urgencias,63594,Quimbaya,Quindío,31350,1.803092451566429,true,false,776,1.0514949103740907,2.6261947400300225,"[""no_se_puede_distinguir_ausencia_real_de_falta_de_registro"",""no_valida_capacidad_2026""]",false
urgencias,66400,La Virginia,Risaralda,28386,3.459135410631688,true,false,776,2.017236151931174,5.038212662118644,"[""no_se_puede_distinguir_ausencia_real_de_falta_de_registro"",""no_valida_capacidad_2026""]",false
urgencias,68013,Aguada,Santander,1912,1,true,false,125,1,1.456494778040098,"[""no_se_puede_distinguir_ausencia_real_de_falta_de_registro"",""no_valida_capacidad_2026""]",false
urgencias,68121,Cabrera,Santander,2116,1,true,false,125,1,1.456494778040098,"[""no_se_puede_distinguir_ausencia_real_de_falta_de_registro"",""no_valida_capacidad_2026""]",false
urgencias,68152,Carcasí,Santander,4929,1,true,false,125,1,1.456494778040098,"[""no_se_puede_distinguir_ausencia_real_de_falta_de_registro"",""no_valida_capacidad_2026""]",false
urgencias,68298,Gámbita,Santander,4123,1,true,false,125,1,1.456494778040098,"[""no_se_puede_distinguir_ausencia_real_de_falta_de_registro"",""no_valida_capacidad_2026""]",false
urgencias,68344,Hato,Santander,2686,1,true,false,125,1,1.456494778040098,"[""no_se_puede_distinguir_ausencia_real_de_falta_de_registro"",""no_valida_capacidad_2026""]",false
urgencias,68368,Jesús María,Santander,3426,1,true,false,125,1,1.456494778040098,"[""no_se_puede_distinguir_ausencia_real_de_falta_de_registro"",""no_valida_capacidad_2026""]",false
urgencias,68370,Jordán,Santander,1559,1,true,false,125,1,1.456494778040098,"[""no_se_puede_distinguir_ausencia_real_de_falta_de_registro"",""no_valida_capacidad_2026""]",false
urgencias,68524,Palmas del Socorro,Santander,2814,1,true,false,125,1,1.456494778040098,"[""no_se_puede_distinguir_ausencia_real_de_falta_de_registro"",""no_valida_capacidad_2026""]",false
urgencias,68549,Pinchote,Santander,6171,1,true,false,125,1,1.456494778040098,"[""no_se_puede_distinguir_ausencia_real_de_falta_de_registro"",""no_valida_capacidad_2026""]",false
urgencias,68673,San Benito,Santander,3031,1,true,false,125,1,1.456494778040098,"[""no_se_puede_distinguir_ausencia_real_de_falta_de_registro"",""no_valida_capacidad_2026""]",false
urgencias,70400,La Unión,Sucre,14349,1,true,false,125,1,1.456494778040098,"[""no_se_puede_distinguir_ausencia_real_de_falta_de_registro"",""no_valida_capacidad_2026""]",false
urgencias,73026,Alvarado,Tolima,8842,1,true,false,776,1,1.456494778040098,"[""no_se_puede_distinguir_ausencia_real_de_falta_de_registro"",""no_valida_capacidad_2026""]",false
urgencias,73043,Anzoátegui,Tolima,10643,1,true,false,776,1,1.456494778040098,"[""no_se_puede_distinguir_ausencia_real_de_falta_de_registro"",""no_valida_capacidad_2026""]",false
urgencias,86749,Sibundoy,Putumayo,16354,1.3079503746406707,true,false,776,1,1.9050228905997268,"[""no_se_puede_distinguir_ausencia_real_de_falta_de_registro"",""no_valida_capacidad_2026""]",false
urgencias,86755,San Francisco,Putumayo,5664,1,true,false,125,1,1.456494778040098,"[""no_se_puede_distinguir_ausencia_real_de_falta_de_registro"",""no_valida_capacidad_2026""]",false
urgencias,86760,Santiago,Putumayo,7281,1,true,false,125,1,1.456494778040098,"[""no_se_puede_distinguir_ausencia_real_de_falta_de_registro"",""no_valida_capacidad_2026""]",false
urgencias,91430,La Victoria (ANM),Amazonas,691,,false,true,0,,,"[""menos_de_30_ejemplos_con_mismo_patron_de_otros_registros"",""predictor_fuera_del_rango_de_entrenamiento"",""no_se_puede_distinguir_ausencia_real_de_falta_de_registro"",""no_valida_capacidad_2026""]",false
urgencias,91530,Puerto Alegría (ANM),Amazonas,807,,false,true,125,,,"[""predictor_fuera_del_rango_de_entrenamiento"",""no_se_puede_distinguir_ausencia_real_de_falta_de_registro"",""no_valida_capacidad_2026""]",false
urgencias,94884,Puerto Colombia (ANM),Guainía,1980,,false,true,0,,,"[""menos_de_30_ejemplos_con_mismo_patron_de_otros_registros"",""predictor_fuera_del_rango_de_entrenamiento"",""no_se_puede_distinguir_ausencia_real_de_falta_de_registro"",""no_valida_capacidad_2026""]",false
urgencias,94885,La Guadalupe (ANM),Guainía,319,,false,true,0,,,"[""menos_de_30_ejemplos_con_mismo_patron_de_otros_registros"",""predictor_fuera_del_rango_de_entrenamiento"",""no_se_puede_distinguir_ausencia_real_de_falta_de_registro"",""no_valida_capacidad_2026""]",false
urgencias,94886,Cacahual (ANM),Guainía,907,,false,true,0,,,"[""menos_de_30_ejemplos_con_mismo_patron_de_otros_registros"",""predictor_fuera_del_rango_de_entrenamiento"",""no_se_puede_distinguir_ausencia_real_de_falta_de_registro"",""no_valida_capacidad_2026""]",false
urgencias,94887,Pana Pana (ANM),Guainía,2016,,false,true,0,,,"[""menos_de_30_ejemplos_con_mismo_patron_de_otros_registros"",""predictor_fuera_del_rango_de_entrenamiento"",""no_se_puede_distinguir_ausencia_real_de_falta_de_registro"",""no_valida_capacidad_2026""]",false
urgencias,94888,Morichal (ANM),Guainía,1091,,false,true,0,,,"[""menos_de_30_ejemplos_con_mismo_patron_de_otros_registros"",""predictor_fuera_del_rango_de_entrenamiento"",""no_se_puede_distinguir_ausencia_real_de_falta_de_registro"",""no_valida_capacidad_2026""]",false
urgencias,97161,Carurú,Vaupés,3046,1,true,false,776,1,1.456494778040098,"[""no_se_puede_distinguir_ausencia_real_de_falta_de_registro"",""no_valida_capacidad_2026""]",false
urgencias,97511,Pacoa (ANM),Vaupés,4312,,false,true,0,,,"[""menos_de_30_ejemplos_con_mismo_patron_de_otros_registros"",""predictor_fuera_del_rango_de_entrenamiento"",""no_se_puede_distinguir_ausencia_real_de_falta_de_registro"",""no_valida_capacidad_2026""]",false
urgencias,97666,Taraira,Vaupés,2988,1,true,false,776,1,1.456494778040098,"[""no_se_puede_distinguir_ausencia_real_de_falta_de_registro"",""no_valida_capacidad_2026""]",false
urgencias,97777,Papunahua (ANM),Vaupés,768,,false,true,0,,,"[""menos_de_30_ejemplos_con_mismo_patron_de_otros_registros"",""predictor_fuera_del_rango_de_entrenamiento"",""no_se_puede_distinguir_ausencia_real_de_falta_de_registro"",""no_valida_capacidad_2026""]",false
urgencias,97889,Yavaraté (ANM),Vaupés,1116,,false,true,0,,,"[""menos_de_30_ejemplos_con_mismo_patron_de_otros_registros"",""predictor_fuera_del_rango_de_entrenamiento"",""no_se_puede_distinguir_ausencia_real_de_falta_de_registro"",""no_valida_capacidad_2026""]",false
hospitalizacion,05306,Giraldo,Antioquia,6491,4.756379132687588,true,false,776,2.2860769533685357,9.672644142537955,"[""no_se_puede_distinguir_ausencia_real_de_falta_de_registro"",""no_valida_capacidad_2026""]",false
hospitalizacion,08141,Candelaria,Atlántico,19908,8.340402179204116,true,false,776,4.008679853266777,16.96116731542064,"[""no_se_puede_distinguir_ausencia_real_de_falta_de_registro"",""no_valida_capacidad_2026""]",false
hospitalizacion,08549,Piojó,Atlántico,7994,5.510949290204064,true,false,776,2.6487489352850337,11.207149363973398,"[""no_se_puede_distinguir_ausencia_real_de_falta_de_registro"",""no_valida_capacidad_2026""]",false
hospitalizacion,08560,Ponedera,Atlántico,27857,9.691382469139628,true,false,776,4.6580067507068454,19.70854115244804,"[""no_se_puede_distinguir_ausencia_real_de_falta_de_registro"",""no_valida_capacidad_2026""]",false
hospitalizacion,08606,Repelón,Atlántico,30816,9.024967036187578,true,false,776,4.337704916025312,18.353308704777653,"[""no_se_puede_distinguir_ausencia_real_de_falta_de_registro"",""no_valida_capacidad_2026""]",false
hospitalizacion,08675,Santa Lucía,Atlántico,19997,7.387092068712632,true,false,776,3.5504867168049326,15.02250153646762,"[""no_se_puede_distinguir_ausencia_real_de_falta_de_registro"",""no_valida_capacidad_2026""]",false
hospitalizacion,08770,Suan,Atlántico,14784,6.90209177638913,true,false,776,3.317379144904695,14.03619764735327,"[""no_se_puede_distinguir_ausencia_real_de_falta_de_registro"",""no_valida_capacidad_2026""]",false
hospitalizacion,08849,Usiacurí,Atlántico,15831,7.2546479220990365,true,false,776,3.486829572844077,14.753161127888468,"[""no_se_puede_distinguir_ausencia_real_de_falta_de_registro"",""no_valida_capacidad_2026""]",false
hospitalizacion,13030,Altos del Rosario,Bolívar,11245,7.161644157754641,true,false,776,3.442128812809394,14.564027273894899,"[""no_se_puede_distinguir_ausencia_real_de_falta_de_registro"",""no_valida_capacidad_2026""]",false
hospitalizacion,13062,Arroyohondo,Bolívar,8471,6.708512188575132,true,false,776,3.224338236684642,13.642531286041578,"[""no_se_puede_distinguir_ausencia_real_de_falta_de_registro"",""no_valida_capacidad_2026""]",false
hospitalizacion,13188,Cicuco,Bolívar,16301,6.87029543729632,true,false,776,3.302096747102968,13.971536133941397,"[""no_se_puede_distinguir_ausencia_real_de_falta_de_registro"",""no_valida_capacidad_2026""]",false
hospitalizacion,13222,Clemencia,Bolívar,16242,6.87029543729632,true,false,776,3.302096747102968,13.971536133941397,"[""no_se_puede_distinguir_ausencia_real_de_falta_de_registro"",""no_valida_capacidad_2026""]",false
hospitalizacion,13248,El Guamo,Bolívar,9790,5.66173283711846,true,false,776,2.721220616354198,11.513785052837946,"[""no_se_puede_distinguir_ausencia_real_de_falta_de_registro"",""no_valida_capacidad_2026""]",false
hospitalizacion,13490,Norosí,Bolívar,13215,6.36376265934862,true,false,776,3.058639933108902,12.941443458202398,"[""no_se_puede_distinguir_ausencia_real_de_falta_de_registro"",""no_valida_capacidad_2026""]",false
hospitalizacion,13650,San Fernando,Bolívar,12641,7.161644157754641,true,false,776,3.442128812809394,14.564027273894899,"[""no_se_puede_distinguir_ausencia_real_de_falta_de_registro"",""no_valida_capacidad_2026""]",false
hospitalizacion,13673,Santa Catalina,Bolívar,15427,9.702245165864344,true,false,776,4.6632277307719425,19.730631695887777,"[""no_se_puede_distinguir_ausencia_real_de_falta_de_registro"",""no_valida_capacidad_2026""]",false
hospitalizacion,13683,Santa Rosa,Bolívar,22593,8.340402179204116,true,false,776,4.008679853266777,16.96116731542064,"[""no_se_puede_distinguir_ausencia_real_de_falta_de_registro"",""no_valida_capacidad_2026""]",false
hospitalizacion,13760,Soplaviento,Bolívar,13414,8.002187883885501,true,false,776,3.846122604515503,16.273369637549724,"[""no_se_puede_distinguir_ausencia_real_de_falta_de_registro"",""no_valida_capacidad_2026""]",false
hospitalizacion,13838,Turbaná,Bolívar,18005,7.42097628888506,true,false,776,3.5667726209892114,15.091408996245772,"[""no_se_puede_distinguir_ausencia_real_de_falta_de_registro"",""no_valida_capacidad_2026""]",false
hospitalizacion,15022,Almeida,Boyacá,1764,3.4597716043293345,true,false,30,1.6628834472467777,7.035843571247406,"[""no_se_puede_distinguir_ausencia_real_de_falta_de_registro"",""no_valida_capacidad_2026""]",false
hospitalizacion,15051,Arcabuco,Boyacá,6522,5.786057192338564,true,false,30,2.7809751134795118,11.7666129315136,"[""no_se_puede_distinguir_ausencia_real_de_falta_de_registro"",""no_valida_capacidad_2026""]",false
hospitalizacion,15087,Belén,Boyacá,7642,6.2274819800844154,true,false,30,2.9931388215776047,12.664301019121611,"[""no_se_puede_distinguir_ausencia_real_de_falta_de_registro"",""no_valida_capacidad_2026""]",false
hospitalizacion,15090,Berbeo,Boyacá,1636,3.4597716043293345,true,false,30,1.6628834472467777,7.035843571247406,"[""no_se_puede_distinguir_ausencia_real_de_falta_de_registro"",""no_valida_capacidad_2026""]",false
hospitalizacion,15092,Betéitiva,Boyacá,1762,3.4597716043293345,true,false,30,1.6628834472467777,7.035843571247406,"[""no_se_puede_distinguir_ausencia_real_de_falta_de_registro"",""no_valida_capacidad_2026""]",false
hospitalizacion,15097,Boavita,Boyacá,5169,4.167004630297003,true,false,30,2.0028035999979767,8.474083289991224,"[""no_se_puede_distinguir_ausencia_real_de_falta_de_registro"",""no_valida_capacidad_2026""]",false
hospitalizacion,15104,Boyacá,Boyacá,5313,4.615946280593114,true,false,30,2.2185801669028224,9.38705778233879,"[""no_se_puede_distinguir_ausencia_real_de_falta_de_registro"",""no_valida_capacidad_2026""]",false
hospitalizacion,15106,Briceño,Boyacá,2257,3.563053038565138,true,false,30,1.7125240036302438,7.245878249313403,"[""no_se_puede_distinguir_ausencia_real_de_falta_de_registro"",""no_valida_capacidad_2026""]",false
hospitalizacion,15109,Buenavista,Boyacá,4519,4.765481486146362,true,false,30,2.290451852821044,9.691154825435634,"[""no_se_puede_distinguir_ausencia_real_de_falta_de_registro"",""no_valida_capacidad_2026""]",false
hospitalizacion,15114,Busbanzá,Boyacá,1342,3.6789654247444674,true,false,30,1.7682354234439936,7.4815994212275445,"[""no_se_puede_distinguir_ausencia_real_de_falta_de_registro"",""no_valida_capacidad_2026""]",false
hospitalizacion,15131,Caldas,Boyacá,2797,3.4597716043293345,true,false,30,1.6628834472467777,7.035843571247406,"[""no_se_puede_distinguir_ausencia_real_de_falta_de_registro"",""no_valida_capacidad_2026""]",false
hospitalizacion,15135,Campohermoso,Boyacá,3187,3.6868059424630926,true,false,30,1.7720038418898334,7.497544015985421,"[""no_se_puede_distinguir_ausencia_real_de_falta_de_registro"",""no_valida_capacidad_2026""]",false
hospitalizacion,15162,Cerinza,Boyacá,3527,3.6789654247444674,true,false,30,1.7682354234439936,7.4815994212275445,"[""no_se_puede_distinguir_ausencia_real_de_falta_de_registro"",""no_valida_capacidad_2026""]",false
hospitalizacion,15172,Chinavita,Boyacá,3049,3.4597716043293345,true,false,30,1.6628834472467777,7.035843571247406,"[""no_se_puede_distinguir_ausencia_real_de_falta_de_registro"",""no_valida_capacidad_2026""]",false
hospitalizacion,15180,Chiscas,Boyacá,4106,4.307137085924671,true,false,30,2.0701560057445585,8.75905875941738,"[""no_se_puede_distinguir_ausencia_real_de_falta_de_registro"",""no_valida_capacidad_2026""]",false
hospitalizacion,15183,Chita,Boyacá,8255,5.88259214716128,true,false,30,2.8273730832918944,11.962927867574741,"[""no_se_puede_distinguir_ausencia_real_de_falta_de_registro"",""no_valida_capacidad_2026""]",false
hospitalizacion,15185,Chitaraque,Boyacá,5969,5.312403903837701,true,false,30,2.553321296043558,10.80338448003754,"[""no_se_puede_distinguir_ausencia_real_de_falta_de_registro"",""no_valida_capacidad_2026""]",false
hospitalizacion,15187,Chivatá,Boyacá,2858,3.4597716043293345,true,false,30,1.6628834472467777,7.035843571247406,"[""no_se_puede_distinguir_ausencia_real_de_falta_de_registro"",""no_valida_capacidad_2026""]",false
hospitalizacion,15189,Ciénega,Boyacá,4499,4.7887742844698025,true,false,30,2.30164716083607,9.738523410441438,"[""no_se_puede_distinguir_ausencia_real_de_falta_de_registro"",""no_valida_capacidad_2026""]",false
hospitalizacion,15204,Cómbita,Boyacá,13539,7.053267206198399,true,false,30,3.3900391781698045,14.343630275166944,"[""no_se_puede_distinguir_ausencia_real_de_falta_de_registro"",""no_valida_capacidad_2026""]",false
hospitalizacion,15212,Coper,Boyacá,3456,4.148578328800283,true,false,30,1.9939472952307677,8.436611286126768,"[""no_se_puede_distinguir_ausencia_real_de_falta_de_registro"",""no_valida_capacidad_2026""]",false
hospitalizacion,15215,Corrales,Boyacá,2576,3.646274428537048,true,false,30,1.752523023122741,7.415118519651317,"[""no_se_puede_distinguir_ausencia_real_de_falta_de_registro"",""no_valida_capacidad_2026""]",false
hospitalizacion,15218,Covarachía,Boyacá,2876,3.6868059424630926,true,false,30,1.7720038418898334,7.497544015985421,"[""no_se_puede_distinguir_ausencia_real_de_falta_de_registro"",""no_valida_capacidad_2026""]",false
hospitalizacion,15224,Cucaita,Boyacá,3813,4.363886305119911,true,false,30,2.0974316031064935,8.874464825109262,"[""no_se_puede_distinguir_ausencia_real_de_falta_de_registro"",""no_valida_capacidad_2026""]",false
hospitalizacion,15226,Cuítiva,Boyacá,1850,3.4597716043293345,true,false,30,1.6628834472467777,7.035843571247406,"[""no_se_puede_distinguir_ausencia_real_de_falta_de_registro"",""no_valida_capacidad_2026""]",false
hospitalizacion,15232,Chíquiza,Boyacá,4795,4.921845015180611,true,false,30,2.365605462342198,10.00913804986482,"[""no_se_puede_distinguir_ausencia_real_de_falta_de_registro"",""no_valida_capacidad_2026""]",false
hospitalizacion,15236,Chivor,Boyacá,2773,3.4597716043293345,true,false,30,1.6628834472467777,7.035843571247406,"[""no_se_puede_distinguir_ausencia_real_de_falta_de_registro"",""no_valida_capacidad_2026""]",false
hospitalizacion,15248,El Espino,Boyacá,3126,3.6789654247444674,true,false,30,1.7682354234439936,7.4815994212275445,"[""no_se_puede_distinguir_ausencia_real_de_falta_de_registro"",""no_valida_capacidad_2026""]",false
hospitalizacion,15272,Firavitoba,Boyacá,7182,5.260547445743788,true,false,30,2.528397325429628,10.697928406910874,"[""no_se_puede_distinguir_ausencia_real_de_falta_de_registro"",""no_valida_capacidad_2026""]",false
hospitalizacion,15276,Floresta,Boyacá,3332,4.112146393954237,true,false,30,1.9764368730598785,8.362522755469454,"[""no_se_puede_distinguir_ausencia_real_de_falta_de_registro"",""no_valida_capacidad_2026""]",false
hospitalizacion,15293,Gachantivá,Boyacá,2715,4.229662991201633,true,false,30,2.032919331062288,8.601506275139748,"[""no_se_puede_distinguir_ausencia_real_de_falta_de_registro"",""no_valida_capacidad_2026""]",false
hospitalizacion,15296,Gámeza,Boyacá,4584,4.7887742844698025,true,false,30,2.30164716083607,9.738523410441438,"[""no_se_puede_distinguir_ausencia_real_de_falta_de_registro"",""no_valida_capacidad_2026""]",false
hospitalizacion,15317,Guacamayas,Boyacá,1797,3.6789654247444674,true,false,30,1.7682354234439936,7.4815994212275445,"[""no_se_puede_distinguir_ausencia_real_de_falta_de_registro"",""no_valida_capacidad_2026""]",false
hospitalizacion,15325,Guayatá,Boyacá,3480,3.4597716043293345,true,false,30,1.6628834472467777,7.035843571247406,"[""no_se_puede_distinguir_ausencia_real_de_falta_de_registro"",""no_valida_capacidad_2026""]",false
hospitalizacion,15362,Iza,Boyacá,1921,4.363886305119911,true,false,30,2.0974316031064935,8.874464825109262,"[""no_se_puede_distinguir_ausencia_real_de_falta_de_registro"",""no_valida_capacidad_2026""]",false
hospitalizacion,15367,Jenesano,Boyacá,7403,5.9050551761257895,true,false,30,2.8381695760411167,12.008609021132079,"[""no_se_puede_distinguir_ausencia_real_de_falta_de_registro"",""no_valida_capacidad_2026""]",false
hospitalizacion,15368,Jericó,Boyacá,4021,4.439701153385672,true,false,30,2.1338707877274965,9.028643040835487,"[""no_se_puede_distinguir_ausencia_real_de_falta_de_registro"",""no_valida_capacidad_2026""]",false
hospitalizacion,15377,Labranzagrande,Boyacá,3772,3.6868059424630926,true,false,30,1.7720038418898334,7.497544015985421,"[""no_se_puede_distinguir_ausencia_real_de_falta_de_registro"",""no_valida_capacidad_2026""]",false
hospitalizacion,15380,La Capilla,Boyacá,2524,3.5330409338818436,true,false,30,1.698099169334119,7.184845181832495,"[""no_se_puede_distinguir_ausencia_real_de_falta_de_registro"",""no_valida_capacidad_2026""]",false
hospitalizacion,15401,La Victoria,Boyacá,1164,3.4597716043293345,true,false,30,1.6628834472467777,7.035843571247406,"[""no_se_puede_distinguir_ausencia_real_de_falta_de_registro"",""no_valida_capacidad_2026""]",false
hospitalizacion,15403,La Uvita,Boyacá,2795,3.4597716043293345,true,false,30,1.6628834472467777,7.035843571247406,"[""no_se_puede_distinguir_ausencia_real_de_falta_de_registro"",""no_valida_capacidad_2026""]",false
hospitalizacion,15425,Macanal,Boyacá,5367,5.833803612260627,true,false,30,2.80392366050335,11.863710769196976,"[""no_se_puede_distinguir_ausencia_real_de_falta_de_registro"",""no_valida_capacidad_2026""]",false
hospitalizacion,15464,Mongua,Boyacá,4458,4.307137085924671,true,false,30,2.0701560057445585,8.75905875941738,"[""no_se_puede_distinguir_ausencia_real_de_falta_de_registro"",""no_valida_capacidad_2026""]",false
hospitalizacion,15476,Motavita,Boyacá,5175,4.921845015180611,true,false,30,2.365605462342198,10.00913804986482,"[""no_se_puede_distinguir_ausencia_real_de_falta_de_registro"",""no_valida_capacidad_2026""]",false
hospitalizacion,15491,Nobsa,Boyacá,17186,7.436986935401585,true,false,30,3.574467880132541,15.12396848780985,"[""no_se_puede_distinguir_ausencia_real_de_falta_de_registro"",""no_valida_capacidad_2026""]",false
hospitalizacion,15494,Nuevo Colón,Boyacá,5244,4.765481486146362,true,false,30,2.290451852821044,9.691154825435634,"[""no_se_puede_distinguir_ausencia_real_de_falta_de_registro"",""no_valida_capacidad_2026""]",false
hospitalizacion,15500,Oicatá,Boyacá,2941,3.646274428537048,true,false,30,1.752523023122741,7.415118519651317,"[""no_se_puede_distinguir_ausencia_real_de_falta_de_registro"",""no_valida_capacidad_2026""]",false
hospitalizacion,15511,Pachavita,Boyacá,2231,3.4597716043293345,true,false,30,1.6628834472467777,7.035843571247406,"[""no_se_puede_distinguir_ausencia_real_de_falta_de_registro"",""no_valida_capacidad_2026""]",false
hospitalizacion,15514,Páez,Boyacá,3353,4.148578328800283,true,false,30,1.9939472952307677,8.436611286126768,"[""no_se_puede_distinguir_ausencia_real_de_falta_de_registro"",""no_valida_capacidad_2026""]",false
hospitalizacion,15518,Pajarito,Boyacá,2128,3.6789654247444674,true,false,30,1.7682354234439936,7.4815994212275445,"[""no_se_puede_distinguir_ausencia_real_de_falta_de_registro"",""no_valida_capacidad_2026""]",false
hospitalizacion,15522,Panqueba,Boyacá,1708,3.4597716043293345,true,false,30,1.6628834472467777,7.035843571247406,"[""no_se_puede_distinguir_ausencia_real_de_falta_de_registro"",""no_valida_capacidad_2026""]",false
hospitalizacion,15533,Paya,Boyacá,2780,4.439701153385672,true,false,30,2.1338707877274965,9.028643040835487,"[""no_se_puede_distinguir_ausencia_real_de_falta_de_registro"",""no_valida_capacidad_2026""]",false
hospitalizacion,15537,Paz de Río,Boyacá,4374,5.163324422246747,true,false,30,2.4816686465011664,10.500214204044731,"[""no_se_puede_distinguir_ausencia_real_de_falta_de_registro"",""no_valida_capacidad_2026""]",false
hospitalizacion,15542,Pesca,Boyacá,7019,5.9050551761257895,true,false,30,2.8381695760411167,12.008609021132079,"[""no_se_puede_distinguir_ausencia_real_de_falta_de_registro"",""no_valida_capacidad_2026""]",false
hospitalizacion,15550,Pisba,Boyacá,2018,3.6868059424630926,true,false,30,1.7720038418898334,7.497544015985421,"[""no_se_puede_distinguir_ausencia_real_de_falta_de_registro"",""no_valida_capacidad_2026""]",false
hospitalizacion,15600,Ráquira,Boyacá,8076,7.017331838814023,true,false,30,3.3727674231442895,14.270551571568307,"[""no_se_puede_distinguir_ausencia_real_de_falta_de_registro"",""no_valida_capacidad_2026""]",false
hospitalizacion,15621,Rondón,Boyacá,2455,3.563053038565138,true,false,30,1.7125240036302438,7.245878249313403,"[""no_se_puede_distinguir_ausencia_real_de_falta_de_registro"",""no_valida_capacidad_2026""]",false
hospitalizacion,15632,Saboyá,Boyacá,14624,6.872637810563845,true,false,30,3.3032225710530136,13.976299619448694,"[""no_se_puede_distinguir_ausencia_real_de_falta_de_registro"",""no_valida_capacidad_2026""]",false
hospitalizacion,15638,Sáchica,Boyacá,6444,5.786057192338564,true,false,30,2.7809751134795118,11.7666129315136,"[""no_se_puede_distinguir_ausencia_real_de_falta_de_registro"",""no_valida_capacidad_2026""]",false
hospitalizacion,15660,San Eduardo,Boyacá,1637,4.217091328103487,true,false,30,2.0268769638597504,8.575940351979302,"[""no_se_puede_distinguir_ausencia_real_de_falta_de_registro"",""no_valida_capacidad_2026""]",false
hospitalizacion,15664,San José de Pare,Boyacá,4794,4.921845015180611,true,false,30,2.365605462342198,10.00913804986482,"[""no_se_puede_distinguir_ausencia_real_de_falta_de_registro"",""no_valida_capacidad_2026""]",false
hospitalizacion,15673,San Mateo,Boyacá,3400,3.4597716043293345,true,false,30,1.6628834472467777,7.035843571247406,"[""no_se_puede_distinguir_ausencia_real_de_falta_de_registro"",""no_valida_capacidad_2026""]",false
hospitalizacion,15676,San Miguel de Sema,Boyacá,3081,4.217091328103487,true,false,30,2.0268769638597504,8.575940351979302,"[""no_se_puede_distinguir_ausencia_real_de_falta_de_registro"",""no_valida_capacidad_2026""]",false
hospitalizacion,15681,San Pablo de Borbur,Boyacá,6778,5.723018119786771,true,false,30,2.7506763994993775,11.638415725433314,"[""no_se_puede_distinguir_ausencia_real_de_falta_de_registro"",""no_valida_capacidad_2026""]",false
hospitalizacion,15686,Santana,Boyacá,7765,4.888770807540072,true,false,30,2.3497088776233013,9.94187784375451,"[""no_se_puede_distinguir_ausencia_real_de_falta_de_registro"",""no_valida_capacidad_2026""]",false
hospitalizacion,15690,Santa María,Boyacá,3631,4.401626389041925,true,false,30,2.1155707660423047,8.951213627402677,"[""no_se_puede_distinguir_ausencia_real_de_falta_de_registro"",""no_valida_capacidad_2026""]",false
hospitalizacion,15693,Santa Rosa de Viterbo,Boyacá,13478,7.460845625804121,true,false,776,3.585935175052737,15.172487879459004,"[""no_se_puede_distinguir_ausencia_real_de_falta_de_registro"",""no_valida_capacidad_2026""]",false
hospitalizacion,15696,Santa Sofía,Boyacá,3363,3.6789654247444674,true,false,30,1.7682354234439936,7.4815994212275445,"[""no_se_puede_distinguir_ausencia_real_de_falta_de_registro"",""no_valida_capacidad_2026""]",false
hospitalizacion,15720,Sativanorte,Boyacá,2030,3.6868059424630926,true,false,30,1.7720038418898334,7.497544015985421,"[""no_se_puede_distinguir_ausencia_real_de_falta_de_registro"",""no_valida_capacidad_2026""]",false
hospitalizacion,15723,Sativasur,Boyacá,1015,,false,true,30,,,"[""predictor_fuera_del_rango_de_entrenamiento"",""no_se_puede_distinguir_ausencia_real_de_falta_de_registro"",""no_valida_capacidad_2026""]",false
hospitalizacion,15740,Siachoque,Boyacá,6889,5.723018119786771,true,false,30,2.7506763994993775,11.638415725433314,"[""no_se_puede_distinguir_ausencia_real_de_falta_de_registro"",""no_valida_capacidad_2026""]",false
hospitalizacion,15761,Somondoco,Boyacá,2984,3.4597716043293345,true,false,30,1.6628834472467777,7.035843571247406,"[""no_se_puede_distinguir_ausencia_real_de_falta_de_registro"",""no_valida_capacidad_2026""]",false
hospitalizacion,15762,Sora,Boyacá,3177,3.6868059424630926,true,false,30,1.7720038418898334,7.497544015985421,"[""no_se_puede_distinguir_ausencia_real_de_falta_de_registro"",""no_valida_capacidad_2026""]",false
hospitalizacion,15763,Sotaquirá,Boyacá,8051,7.623586471854912,true,false,30,3.6641539391902773,15.503440111691043,"[""no_se_puede_distinguir_ausencia_real_de_falta_de_registro"",""no_valida_capacidad_2026""]",false
hospitalizacion,15764,Soracá,Boyacá,6209,5.483322887633925,true,false,30,2.63547075025011,11.150967896191945,"[""no_se_puede_distinguir_ausencia_real_de_falta_de_registro"",""no_valida_capacidad_2026""]",false
hospitalizacion,15774,Susacón,Boyacá,2785,3.4597716043293345,true,false,30,1.6628834472467777,7.035843571247406,"[""no_se_puede_distinguir_ausencia_real_de_falta_de_registro"",""no_valida_capacidad_2026""]",false
hospitalizacion,15776,Sutamarchán,Boyacá,6345,5.833803612260627,true,false,30,2.80392366050335,11.863710769196976,"[""no_se_puede_distinguir_ausencia_real_de_falta_de_registro"",""no_valida_capacidad_2026""]",false
hospitalizacion,15778,Sutatenza,Boyacá,4219,4.167004630297003,true,false,30,2.0028035999979767,8.474083289991224,"[""no_se_puede_distinguir_ausencia_real_de_falta_de_registro"",""no_valida_capacidad_2026""]",false
hospitalizacion,15790,Tasco,Boyacá,6036,4.919537657422599,true,false,30,2.3644964680323213,10.00444577242432,"[""no_se_puede_distinguir_ausencia_real_de_falta_de_registro"",""no_valida_capacidad_2026""]",false
hospitalizacion,15798,Tenza,Boyacá,3573,3.4597716043293345,true,false,30,1.6628834472467777,7.035843571247406,"[""no_se_puede_distinguir_ausencia_real_de_falta_de_registro"",""no_valida_capacidad_2026""]",false
hospitalizacion,15804,Tibaná,Boyacá,9056,5.636902139516596,true,false,30,2.709286141843204,11.46328897272877,"[""no_se_puede_distinguir_ausencia_real_de_falta_de_registro"",""no_valida_capacidad_2026""]",false
hospitalizacion,15806,Tibasosa,Boyacá,13705,7.436986935401585,true,false,30,3.574467880132541,15.12396848780985,"[""no_se_puede_distinguir_ausencia_real_de_falta_de_registro"",""no_valida_capacidad_2026""]",false
hospitalizacion,15808,Tinjacá,Boyacá,3647,3.5191185364932407,true,false,30,1.6914075934698252,7.156532385103261,"[""no_se_puede_distinguir_ausencia_real_de_falta_de_registro"",""no_valida_capacidad_2026""]",false
hospitalizacion,15810,Tipacoque,Boyacá,3150,3.4597716043293345,true,false,30,1.6628834472467777,7.035843571247406,"[""no_se_puede_distinguir_ausencia_real_de_falta_de_registro"",""no_valida_capacidad_2026""]",false
hospitalizacion,15816,Togüí,Boyacá,4442,4.921845015180611,true,false,30,2.365605462342198,10.00913804986482,"[""no_se_puede_distinguir_ausencia_real_de_falta_de_registro"",""no_valida_capacidad_2026""]",false
hospitalizacion,15820,Tópaga,Boyacá,3723,3.6789654247444674,true,false,30,1.7682354234439936,7.4815994212275445,"[""no_se_puede_distinguir_ausencia_real_de_falta_de_registro"",""no_valida_capacidad_2026""]",false
hospitalizacion,15822,Tota,Boyacá,5116,4.765481486146362,true,false,30,2.290451852821044,9.691154825435634,"[""no_se_puede_distinguir_ausencia_real_de_falta_de_registro"",""no_valida_capacidad_2026""]",false
hospitalizacion,15832,Tununguá,Boyacá,1559,3.4597716043293345,true,false,30,1.6628834472467777,7.035843571247406,"[""no_se_puede_distinguir_ausencia_real_de_falta_de_registro"",""no_valida_capacidad_2026""]",false
hospitalizacion,15837,Tuta,Boyacá,8196,6.767292575760583,true,false,30,3.2525900821969675,13.762067965508127,"[""no_se_puede_distinguir_ausencia_real_de_falta_de_registro"",""no_valida_capacidad_2026""]",false
hospitalizacion,15839,Tutazá,Boyacá,1999,4.148578328800283,true,false,30,1.9939472952307677,8.436611286126768,"[""no_se_puede_distinguir_ausencia_real_de_falta_de_registro"",""no_valida_capacidad_2026""]",false
hospitalizacion,15861,Ventaquemada,Boyacá,17300,9.003834875946428,true,false,30,4.327548083873269,18.310334025873065,"[""no_se_puede_distinguir_ausencia_real_de_falta_de_registro"",""no_valida_capacidad_2026""]",false
hospitalizacion,15879,Viracachá,Boyacá,2907,3.4597716043293345,true,false,30,1.6628834472467777,7.035843571247406,"[""no_se_puede_distinguir_ausencia_real_de_falta_de_registro"",""no_valida_capacidad_2026""]",false
hospitalizacion,15897,Zetaquira,Boyacá,4754,4.921845015180611,true,false,30,2.365605462342198,10.00913804986482,"[""no_se_puede_distinguir_ausencia_real_de_falta_de_registro"",""no_valida_capacidad_2026""]",false
hospitalizacion,18029,Albania,Caquetá,4859,4.910401199196957,true,false,776,2.360105176673415,9.985865733559784,"[""no_se_puede_distinguir_ausencia_real_de_falta_de_registro"",""no_valida_capacidad_2026""]",false
hospitalizacion,18479,Morelia,Caquetá,3814,3.47645698521225,true,false,776,1.6709030065860386,7.069775212767319,"[""no_se_puede_distinguir_ausencia_real_de_falta_de_registro"",""no_valida_capacidad_2026""]",false
hospitalizacion,18610,San José del Fragua,Caquetá,13301,6.87029543729632,true,false,776,3.302096747102968,13.971536133941397,"[""no_se_puede_distinguir_ausencia_real_de_falta_de_registro"",""no_valida_capacidad_2026""]",false
hospitalizacion,19300,Guachené,Cauca,20437,9.041262307215092,true,false,776,4.345536975351467,18.386447013028178,"[""no_se_puede_distinguir_ausencia_real_de_falta_de_registro"",""no_valida_capacidad_2026""]",false
hospitalizacion,19513,Padilla,Cauca,10622,6.991102083297214,true,false,776,3.3601605140004454,14.217210346240773,"[""no_se_puede_distinguir_ausencia_real_de_falta_de_registro"",""no_valida_capacidad_2026""]",false
hospitalizacion,19845,Villa Rica,Cauca,23909,8.70020758245358,true,false,776,4.181614519978531,17.692872995120716,"[""no_se_puede_distinguir_ausencia_real_de_falta_de_registro"",""no_valida_capacidad_2026""]",false
hospitalizacion,23586,Purísima de La Concepción,Córdoba,19500,9.593409345492658,true,false,776,4.610917548233554,19.50930153463512,"[""no_se_puede_distinguir_ausencia_real_de_falta_de_registro"",""no_valida_capacidad_2026""]",false
hospitalizacion,23678,San Carlos,Córdoba,29051,8.044927283694268,true,false,776,3.8666646080391827,16.36028512382263,"[""no_se_puede_distinguir_ausencia_real_de_falta_de_registro"",""no_valida_capacidad_2026""]",false
hospitalizacion,23682,San José de Uré,Córdoba,15711,6.840959987974193,true,false,30,3.2879971362979457,13.911879122980192,"[""no_se_puede_distinguir_ausencia_real_de_falta_de_registro"",""no_valida_capacidad_2026""]",false
hospitalizacion,23686,San Pelayo,Córdoba,59171,22.216325173328233,true,false,776,10.677918549060042,45.17945301704494,"[""no_se_puede_distinguir_ausencia_real_de_falta_de_registro"",""no_valida_capacidad_2026""]",false
hospitalizacion,25019,Albán,Cundinamarca,7048,5.260547445743788,true,false,30,2.528397325429628,10.697928406910874,"[""no_se_puede_distinguir_ausencia_real_de_falta_de_registro"",""no_valida_capacidad_2026""]",false
hospitalizacion,25035,Anapoima,Cundinamarca,17306,9.003834875946428,true,false,30,4.327548083873269,18.310334025873065,"[""no_se_puede_distinguir_ausencia_real_de_falta_de_registro"",""no_valida_capacidad_2026""]",false
hospitalizacion,25086,Beltrán,Cundinamarca,1769,4.148578328800283,true,false,30,1.9939472952307677,8.436611286126768,"[""no_se_puede_distinguir_ausencia_real_de_falta_de_registro"",""no_valida_capacidad_2026""]",false
hospitalizacion,25095,Bituima,Cundinamarca,2461,3.6789654247444674,true,false,30,1.7682354234439936,7.4815994212275445,"[""no_se_puede_distinguir_ausencia_real_de_falta_de_registro"",""no_valida_capacidad_2026""]",false
hospitalizacion,25099,Bojacá,Cundinamarca,11019,6.781611987082326,true,false,30,3.259472476408033,13.791188135743083,"[""no_se_puede_distinguir_ausencia_real_de_falta_de_registro"",""no_valida_capacidad_2026""]",false
hospitalizacion,25120,Cabrera,Cundinamarca,4931,4.888370987468076,true,false,30,2.349516710551126,9.941064763642608,"[""no_se_puede_distinguir_ausencia_real_de_falta_de_registro"",""no_valida_capacidad_2026""]",false
hospitalizacion,25123,Cachipay,Cundinamarca,10366,7.866231098587032,true,false,30,3.7807771673973978,15.99688587410918,"[""no_se_puede_distinguir_ausencia_real_de_falta_de_registro"",""no_valida_capacidad_2026""]",false
hospitalizacion,25148,Caparrapí,Cundinamarca,11089,6.435551384742595,true,false,30,3.0931440266760055,13.087434089901672,"[""no_se_puede_distinguir_ausencia_real_de_falta_de_registro"",""no_valida_capacidad_2026""]",false
hospitalizacion,25168,Chaguaní,Cundinamarca,4402,4.307137085924671,true,false,30,2.0701560057445585,8.75905875941738,"[""no_se_puede_distinguir_ausencia_real_de_falta_de_registro"",""no_valida_capacidad_2026""]",false
hospitalizacion,25178,Chipaque,Cundinamarca,10254,7.017331838814023,true,false,30,3.3727674231442895,14.270551571568307,"[""no_se_puede_distinguir_ausencia_real_de_falta_de_registro"",""no_valida_capacidad_2026""]",false
hospitalizacion,25181,Choachí,Cundinamarca,11302,7.429308981461405,true,false,30,3.570777595346149,15.10835448519686,"[""no_se_puede_distinguir_ausencia_real_de_falta_de_registro"",""no_valida_capacidad_2026""]",false
hospitalizacion,25200,Cogua,Cundinamarca,25806,8.672854022326652,true,false,30,4.168467472265491,17.637246383835464,"[""no_se_puede_distinguir_ausencia_real_de_falta_de_registro"",""no_valida_capacidad_2026""]",false
hospitalizacion,25214,Cota,Cundinamarca,48798,9.73888518727835,true,false,30,4.680838166397195,19.80514339451942,"[""no_se_puede_distinguir_ausencia_real_de_falta_de_registro"",""no_valida_capacidad_2026""]",false
hospitalizacion,25224,Cucunubá,Cundinamarca,8367,6.961316343732524,true,false,30,3.3458444784493855,14.156637618269702,"[""no_se_puede_distinguir_ausencia_real_de_falta_de_registro"",""no_valida_capacidad_2026""]",false
hospitalizacion,25258,El Peñón,Cundinamarca,4719,4.307137085924671,true,false,30,2.0701560057445585,8.75905875941738,"[""no_se_puede_distinguir_ausencia_real_de_falta_de_registro"",""no_valida_capacidad_2026""]",false
hospitalizacion,25260,El Rosal,Cundinamarca,27654,9.772308930087982,true,false,30,4.696902749560321,19.87311442060678,"[""no_se_puede_distinguir_ausencia_real_de_falta_de_registro"",""no_valida_capacidad_2026""]",false
hospitalizacion,25281,Fosca,Cundinamarca,5534,5.336020553470633,true,false,776,2.5646722579697405,10.85141165393721,"[""no_se_puede_distinguir_ausencia_real_de_falta_de_registro"",""no_valida_capacidad_2026""]",false
hospitalizacion,25288,Fúquene,Cundinamarca,4926,5.163324422246747,true,false,30,2.4816686465011664,10.500214204044731,"[""no_se_puede_distinguir_ausencia_real_de_falta_de_registro"",""no_valida_capacidad_2026""]",false
hospitalizacion,25293,Gachalá,Cundinamarca,4538,4.307137085924671,true,false,30,2.0701560057445585,8.75905875941738,"[""no_se_puede_distinguir_ausencia_real_de_falta_de_registro"",""no_valida_capacidad_2026""]",false
hospitalizacion,25295,Gachancipá,Cundinamarca,21830,6.840647026476848,true,false,30,3.2878467163994447,13.911242679772096,"[""no_se_puede_distinguir_ausencia_real_de_falta_de_registro"",""no_valida_capacidad_2026""]",false
hospitalizacion,25299,Gama,Cundinamarca,3206,3.4597716043293345,true,false,30,1.6628834472467777,7.035843571247406,"[""no_se_puede_distinguir_ausencia_real_de_falta_de_registro"",""no_valida_capacidad_2026""]",false
hospitalizacion,25312,Granada,Cundinamarca,7689,6.2274819800844154,true,false,30,2.9931388215776047,12.664301019121611,"[""no_se_puede_distinguir_ausencia_real_de_falta_de_registro"",""no_valida_capacidad_2026""]",false
hospitalizacion,25322,Guasca,Cundinamarca,18176,7.812899896971461,true,false,776,3.7551443850838657,15.888430740375997,"[""no_se_puede_distinguir_ausencia_real_de_falta_de_registro"",""no_valida_capacidad_2026""]",false
hospitalizacion,25324,Guataquí,Cundinamarca,3195,3.5330409338818436,true,false,30,1.698099169334119,7.184845181832495,"[""no_se_puede_distinguir_ausencia_real_de_falta_de_registro"",""no_valida_capacidad_2026""]",false
hospitalizacion,25328,Guayabal de Síquima,Cundinamarca,5227,4.376322358967493,true,false,30,2.1034087919088806,8.899754971258133,"[""no_se_puede_distinguir_ausencia_real_de_falta_de_registro"",""no_valida_capacidad_2026""]",false
hospitalizacion,25335,Guayabetal,Cundinamarca,7142,6.278334246698062,true,false,30,3.01758014374494,12.767714953350469,"[""no_se_puede_distinguir_ausencia_real_de_falta_de_registro"",""no_valida_capacidad_2026""]",false
hospitalizacion,25339,Gutiérrez,Cundinamarca,3517,4.148578328800283,true,false,30,1.9939472952307677,8.436611286126768,"[""no_se_puede_distinguir_ausencia_real_de_falta_de_registro"",""no_valida_capacidad_2026""]",false
hospitalizacion,25368,Jerusalén,Cundinamarca,2115,4.217091328103487,true,false,30,2.0268769638597504,8.575940351979302,"[""no_se_puede_distinguir_ausencia_real_de_falta_de_registro"",""no_valida_capacidad_2026""]",false
hospitalizacion,25377,La Calera,Cundinamarca,44374,9.4447571101553,true,false,776,4.539470247715391,19.20700011304962,"[""no_se_puede_distinguir_ausencia_real_de_falta_de_registro"",""no_valida_capacidad_2026""]",false
hospitalizacion,25398,La Peña,Cundinamarca,6060,4.657154615413555,true,false,30,2.2383862887218946,9.47085967182346,"[""no_se_puede_distinguir_ausencia_real_de_falta_de_registro"",""no_valida_capacidad_2026""]",false
hospitalizacion,25407,Lenguazaque,Cundinamarca,10704,7.017331838814023,true,false,30,3.3727674231442895,14.270551571568307,"[""no_se_puede_distinguir_ausencia_real_de_falta_de_registro"",""no_valida_capacidad_2026""]",false
hospitalizacion,25426,Machetá,Cundinamarca,6285,4.615946280593114,true,false,30,2.2185801669028224,9.38705778233879,"[""no_se_puede_distinguir_ausencia_real_de_falta_de_registro"",""no_valida_capacidad_2026""]",false
hospitalizacion,25436,Manta,Cundinamarca,3420,3.5191185364932407,true,false,30,1.6914075934698252,7.156532385103261,"[""no_se_puede_distinguir_ausencia_real_de_falta_de_registro"",""no_valida_capacidad_2026""]",false
hospitalizacion,25483,Nariño,Cundinamarca,2492,3.6789654247444674,true,false,30,1.7682354234439936,7.4815994212275445,"[""no_se_puede_distinguir_ausencia_real_de_falta_de_registro"",""no_valida_capacidad_2026""]",false
hospitalizacion,25488,Nilo,Cundinamarca,11069,6.961316343732524,true,false,30,3.3458444784493855,14.156637618269702,"[""no_se_puede_distinguir_ausencia_real_de_falta_de_registro"",""no_valida_capacidad_2026""]",false
hospitalizacion,25489,Nimaima,Cundinamarca,3669,4.401626389041925,true,false,30,2.1155707660423047,8.951213627402677,"[""no_se_puede_distinguir_ausencia_real_de_falta_de_registro"",""no_valida_capacidad_2026""]",false
hospitalizacion,25491,Nocaima,Cundinamarca,5499,5.786057192338564,true,false,30,2.7809751134795118,11.7666129315136,"[""no_se_puede_distinguir_ausencia_real_de_falta_de_registro"",""no_valida_capacidad_2026""]",false
hospitalizacion,25506,Venecia,Cundinamarca,4565,4.888370987468076,true,false,30,2.349516710551126,9.941064763642608,"[""no_se_puede_distinguir_ausencia_real_de_falta_de_registro"",""no_valida_capacidad_2026""]",false
hospitalizacion,25518,Paime,Cundinamarca,3718,4.229662991201633,true,false,30,2.032919331062288,8.601506275139748,"[""no_se_puede_distinguir_ausencia_real_de_falta_de_registro"",""no_valida_capacidad_2026""]",false
hospitalizacion,25524,Pandi,Cundinamarca,4883,4.888370987468076,true,false,30,2.349516710551126,9.941064763642608,"[""no_se_puede_distinguir_ausencia_real_de_falta_de_registro"",""no_valida_capacidad_2026""]",false
hospitalizacion,25530,Paratebueno,Cundinamarca,8909,6.63460925330132,true,false,776,3.188817982221604,13.492241165331901,"[""no_se_puede_distinguir_ausencia_real_de_falta_de_registro"",""no_valida_capacidad_2026""]",false
hospitalizacion,25535,Pasca,Cundinamarca,9417,5.944726600976079,true,false,30,2.857237006859293,12.089285427385562,"[""no_se_puede_distinguir_ausencia_real_de_falta_de_registro"",""no_valida_capacidad_2026""]",false
hospitalizacion,25580,Pulí,Cundinamarca,3731,4.091576202562645,true,false,30,1.9665501421759741,8.320690904869618,"[""no_se_puede_distinguir_ausencia_real_de_falta_de_registro"",""no_valida_capacidad_2026""]",false
hospitalizacion,25592,Quebradanegra,Cundinamarca,4957,5.013119182810531,true,false,30,2.409474919598595,10.194754569965838,"[""no_se_puede_distinguir_ausencia_real_de_falta_de_registro"",""no_valida_capacidad_2026""]",false
hospitalizacion,25594,Quetame,Cundinamarca,5191,4.888370987468076,true,false,30,2.349516710551126,9.941064763642608,"[""no_se_puede_distinguir_ausencia_real_de_falta_de_registro"",""no_valida_capacidad_2026""]",false
hospitalizacion,25596,Quipile,Cundinamarca,5561,6.058297829963608,true,false,30,2.9118231872101905,12.32024558682229,"[""no_se_puede_distinguir_ausencia_real_de_falta_de_registro"",""no_valida_capacidad_2026""]",false
hospitalizacion,25599,Apulo,Cundinamarca,8689,7.04732714961996,true,false,776,3.387184185733993,14.33155048676763,"[""no_se_puede_distinguir_ausencia_real_de_falta_de_registro"",""no_valida_capacidad_2026""]",false
hospitalizacion,25612,Ricaurte,Cundinamarca,15834,7.23904100539841,true,false,30,3.4793283599283007,14.721422667350295,"[""no_se_puede_distinguir_ausencia_real_de_falta_de_registro"",""no_valida_capacidad_2026""]",false
hospitalizacion,25649,San Bernardo,Cundinamarca,8732,6.743436772239155,true,false,30,3.241124174809638,13.713554444663819,"[""no_se_puede_distinguir_ausencia_real_de_falta_de_registro"",""no_valida_capacidad_2026""]",false
hospitalizacion,25653,San Cayetano,Cundinamarca,4790,4.888370987468076,true,false,30,2.349516710551126,9.941064763642608,"[""no_se_puede_distinguir_ausencia_real_de_falta_de_registro"",""no_valida_capacidad_2026""]",false
hospitalizacion,25658,San Francisco,Cundinamarca,13130,7.460845625804121,true,false,776,3.585935175052737,15.172487879459004,"[""no_se_puede_distinguir_ausencia_real_de_falta_de_registro"",""no_valida_capacidad_2026""]",false
hospitalizacion,25745,Simijaca,Cundinamarca,14680,7.429308981461405,true,false,30,3.570777595346149,15.10835448519686,"[""no_se_puede_distinguir_ausencia_real_de_falta_de_registro"",""no_valida_capacidad_2026""]",false
hospitalizacion,25769,Subachoque,Cundinamarca,18259,7.990994909086602,true,false,30,3.840742881618405,16.25060743565078,"[""no_se_puede_distinguir_ausencia_real_de_falta_de_registro"",""no_valida_capacidad_2026""]",false
hospitalizacion,25777,Supatá,Cundinamarca,5592,4.919537657422599,true,false,30,2.3644964680323213,10.00444577242432,"[""no_se_puede_distinguir_ausencia_real_de_falta_de_registro"",""no_valida_capacidad_2026""]",false
hospitalizacion,25779,Susa,Cundinamarca,6601,5.833803612260627,true,false,30,2.80392366050335,11.863710769196976,"[""no_se_puede_distinguir_ausencia_real_de_falta_de_registro"",""no_valida_capacidad_2026""]",false
hospitalizacion,25781,Sutatausa,Cundinamarca,7004,6.2274819800844154,true,false,30,2.9931388215776047,12.664301019121611,"[""no_se_puede_distinguir_ausencia_real_de_falta_de_registro"",""no_valida_capacidad_2026""]",false
hospitalizacion,25793,Tausa,Cundinamarca,8658,6.991102083297214,true,false,776,3.3601605140004454,14.217210346240773,"[""no_se_puede_distinguir_ausencia_real_de_falta_de_registro"",""no_valida_capacidad_2026""]",false
hospitalizacion,25797,Tena,Cundinamarca,11534,7.429308981461405,true,false,30,3.570777595346149,15.10835448519686,"[""no_se_puede_distinguir_ausencia_real_de_falta_de_registro"",""no_valida_capacidad_2026""]",false
hospitalizacion,25805,Tibacuy,Cundinamarca,4222,5.2066893199538775,true,false,30,2.502511285506152,10.58840171225155,"[""no_se_puede_distinguir_ausencia_real_de_falta_de_registro"",""no_valida_capacidad_2026""]",false
hospitalizacion,25807,Tibirita,Cundinamarca,3384,3.6868059424630926,true,false,30,1.7720038418898334,7.497544015985421,"[""no_se_puede_distinguir_ausencia_real_de_falta_de_registro"",""no_valida_capacidad_2026""]",false
hospitalizacion,25823,Topaipí,Cundinamarca,3935,4.091576202562645,true,false,30,1.9665501421759741,8.320690904869618,"[""no_se_puede_distinguir_ausencia_real_de_falta_de_registro"",""no_valida_capacidad_2026""]",false
hospitalizacion,25839,Ubalá,Cundinamarca,7908,6.405632305103745,true,false,30,3.0787639033678524,13.026590199550288,"[""no_se_puede_distinguir_ausencia_real_de_falta_de_registro"",""no_valida_capacidad_2026""]",false
hospitalizacion,25841,Ubaque,Cundinamarca,6923,5.089213292458145,true,false,30,2.4460483267008617,10.349500695838428,"[""no_se_puede_distinguir_ausencia_real_de_falta_de_registro"",""no_valida_capacidad_2026""]",false
hospitalizacion,25845,Une,Cundinamarca,6630,6.305564739618695,true,false,776,3.030668041189219,12.823091293314006,"[""no_se_puede_distinguir_ausencia_real_de_falta_de_registro"",""no_valida_capacidad_2026""]",false
hospitalizacion,25851,Útica,Cundinamarca,4344,4.192651756322811,true,false,30,2.015130477669439,8.526239671222822,"[""no_se_puede_distinguir_ausencia_real_de_falta_de_registro"",""no_valida_capacidad_2026""]",false
hospitalizacion,25867,Vianí,Cundinamarca,4676,4.228136322260882,true,false,776,2.0321855622470792,8.598401618219977,"[""no_se_puede_distinguir_ausencia_real_de_falta_de_registro"",""no_valida_capacidad_2026""]",false
hospitalizacion,25871,Villagómez,Cundinamarca,1605,4.148578328800283,true,false,30,1.9939472952307677,8.436611286126768,"[""no_se_puede_distinguir_ausencia_real_de_falta_de_registro"",""no_valida_capacidad_2026""]",false
hospitalizacion,25873,Villapinzón,Cundinamarca,18305,6.9181418202255545,true,false,776,3.3250933397347175,14.068837257899652,"[""no_se_puede_distinguir_ausencia_real_de_falta_de_registro"",""no_valida_capacidad_2026""]",false
hospitalizacion,25898,Zipacón,Cundinamarca,4649,5.163324422246747,true,false,30,2.4816686465011664,10.500214204044731,"[""no_se_puede_distinguir_ausencia_real_de_falta_de_registro"",""no_valida_capacidad_2026""]",false
hospitalizacion,27075,Bahía Solano,Chocó,10943,5.4866806176410785,true,false,30,2.6370845890486687,11.157796226436421,"[""no_se_puede_distinguir_ausencia_real_de_falta_de_registro"",""no_valida_capacidad_2026""]",false
hospitalizacion,27099,Bojayá,Chocó,13290,7.161644157754641,true,false,776,3.442128812809394,14.564027273894899,"[""no_se_puede_distinguir_ausencia_real_de_falta_de_registro"",""no_valida_capacidad_2026""]",false
hospitalizacion,27160,Cértegui,Chocó,6063,,false,true,4,,,"[""menos_de_30_ejemplos_con_mismo_patron_de_otros_registros"",""no_se_puede_distinguir_ausencia_real_de_falta_de_registro"",""no_valida_capacidad_2026""]",false
hospitalizacion,27493,Nuevo Belén de Bajirá,Chocó,30508,,false,true,4,,,"[""menos_de_30_ejemplos_con_mismo_patron_de_otros_registros"",""predictor_fuera_del_rango_de_entrenamiento"",""IPM_no_disponible"",""no_se_puede_distinguir_ausencia_real_de_falta_de_registro"",""no_valida_capacidad_2026""]",false
hospitalizacion,27495,Nuquí,Chocó,18970,6.818048492207438,true,false,30,3.276985095209879,13.865285960588643,"[""no_se_puede_distinguir_ausencia_real_de_falta_de_registro"",""no_valida_capacidad_2026""]",false
hospitalizacion,27600,Río Quito,Chocó,8477,5.9083420468479995,true,false,776,2.839749357466678,12.015293250868934,"[""no_se_puede_distinguir_ausencia_real_de_falta_de_registro"",""no_valida_capacidad_2026""]",false
hospitalizacion,27810,Unión Panamericana,Chocó,7322,5.025145660076976,true,false,30,2.4152552520199713,10.219211795019072,"[""no_se_puede_distinguir_ausencia_real_de_falta_de_registro"",""no_valida_capacidad_2026""]",false
hospitalizacion,41026,Altamira,Huila,4825,4.376322358967493,true,false,30,2.1034087919088806,8.899754971258133,"[""no_se_puede_distinguir_ausencia_real_de_falta_de_registro"",""no_valida_capacidad_2026""]",false
hospitalizacion,41244,Elías,Huila,4821,5.013119182810531,true,false,30,2.409474919598595,10.194754569965838,"[""no_se_puede_distinguir_ausencia_real_de_falta_de_registro"",""no_valida_capacidad_2026""]",false
hospitalizacion,41530,Palestina,Huila,12014,6.87029543729632,true,false,776,3.302096747102968,13.971536133941397,"[""no_se_puede_distinguir_ausencia_real_de_falta_de_registro"",""no_valida_capacidad_2026""]",false
hospitalizacion,44420,La Jagua del Pilar,La Guajira,4285,4.050053184760458,true,false,30,1.946592773054675,8.236249071340279,"[""no_se_puede_distinguir_ausencia_real_de_falta_de_registro"",""no_valida_capacidad_2026""]",false
hospitalizacion,52019,Albán,Nariño,9620,6.463370075459514,true,false,776,3.1065146319088353,13.144006597750522,"[""no_se_puede_distinguir_ausencia_real_de_falta_de_registro"",""no_valida_capacidad_2026""]",false
hospitalizacion,52022,Aldana,Nariño,7840,7.04732714961996,true,false,776,3.387184185733993,14.33155048676763,"[""no_se_puede_distinguir_ausencia_real_de_falta_de_registro"",""no_valida_capacidad_2026""]",false
hospitalizacion,52036,Ancuya,Nariño,8803,6.991102083297214,true,false,776,3.3601605140004454,14.217210346240773,"[""no_se_puede_distinguir_ausencia_real_de_falta_de_registro"",""no_valida_capacidad_2026""]",false
hospitalizacion,52051,Arboleda,Nariño,9249,6.433339059317243,true,false,776,3.092080708124822,13.082935071642202,"[""no_se_puede_distinguir_ausencia_real_de_falta_de_registro"",""no_valida_capacidad_2026""]",false
hospitalizacion,52083,Belén,Nariño,6253,4.738699478130374,true,false,776,2.277579512416236,9.63669053111962,"[""no_se_puede_distinguir_ausencia_real_de_falta_de_registro"",""no_valida_capacidad_2026""]",false
hospitalizacion,52110,Buesaco,Nariño,25325,16.396196992597382,true,false,776,7.880567764262234,33.343552811092195,"[""no_se_puede_distinguir_ausencia_real_de_falta_de_registro"",""no_valida_capacidad_2026""]",false
hospitalizacion,52203,Colón,Nariño,8504,5.510949290204064,true,false,776,2.6487489352850337,11.207149363973398,"[""no_se_puede_distinguir_ausencia_real_de_falta_de_registro"",""no_valida_capacidad_2026""]",false
hospitalizacion,52207,Consacá,Nariño,15520,7.229295296708985,true,false,776,3.474644242155597,14.701603647579182,"[""no_se_puede_distinguir_ausencia_real_de_falta_de_registro"",""no_valida_capacidad_2026""]",false
hospitalizacion,52210,Contadero,Nariño,7575,5.7754339109448605,true,false,776,2.7758692045336932,11.745009266691936,"[""no_se_puede_distinguir_ausencia_real_de_falta_de_registro"",""no_valida_capacidad_2026""]",false
hospitalizacion,52215,Córdoba,Nariño,17107,8.980824365242759,true,false,776,4.316488452851978,18.263539505216574,"[""no_se_puede_distinguir_ausencia_real_de_falta_de_registro"",""no_valida_capacidad_2026""]",false
hospitalizacion,52224,Cuaspud Carlosama,Nariño,10080,7.278241824411849,true,false,776,3.4981696016375494,14.801142042495814,"[""no_se_puede_distinguir_ausencia_real_de_falta_de_registro"",""no_valida_capacidad_2026""]",false
hospitalizacion,52233,Cumbitara,Nariño,5944,6.247256206953408,true,false,776,3.0026429849453264,12.704514184296588,"[""no_se_puede_distinguir_ausencia_real_de_falta_de_registro"",""no_valida_capacidad_2026""]",false
hospitalizacion,52240,Chachagüí,Nariño,16581,7.2546479220990365,true,false,776,3.486829572844077,14.753161127888468,"[""no_se_puede_distinguir_ausencia_real_de_falta_de_registro"",""no_valida_capacidad_2026""]",false
hospitalizacion,52254,El Peñol,Nariño,7937,5.510949290204064,true,false,776,2.6487489352850337,11.207149363973398,"[""no_se_puede_distinguir_ausencia_real_de_falta_de_registro"",""no_valida_capacidad_2026""]",false
hospitalizacion,52256,El Rosario,Nariño,13025,7.764864395340584,true,false,776,3.7320568955969216,15.79074502178164,"[""no_se_puede_distinguir_ausencia_real_de_falta_de_registro"",""no_valida_capacidad_2026""]",false
hospitalizacion,52258,El Tablón de Gómez,Nariño,14728,6.87029543729632,true,false,776,3.302096747102968,13.971536133941397,"[""no_se_puede_distinguir_ausencia_real_de_falta_de_registro"",""no_valida_capacidad_2026""]",false
hospitalizacion,52287,Funes,Nariño,7484,5.7754339109448605,true,false,776,2.7758692045336932,11.745009266691936,"[""no_se_puede_distinguir_ausencia_real_de_falta_de_registro"",""no_valida_capacidad_2026""]",false
hospitalizacion,52323,Gualmatán,Nariño,7726,6.305564739618695,true,false,776,3.030668041189219,12.823091293314006,"[""no_se_puede_distinguir_ausencia_real_de_falta_de_registro"",""no_valida_capacidad_2026""]",false
hospitalizacion,52352,Iles,Nariño,7664,5.7754339109448605,true,false,776,2.7758692045336932,11.745009266691936,"[""no_se_puede_distinguir_ausencia_real_de_falta_de_registro"",""no_valida_capacidad_2026""]",false
hospitalizacion,52354,Imués,Nariño,7864,6.63460925330132,true,false,776,3.188817982221604,13.492241165331901,"[""no_se_puede_distinguir_ausencia_real_de_falta_de_registro"",""no_valida_capacidad_2026""]",false
hospitalizacion,52381,La Florida,Nariño,10081,7.278241824411849,true,false,776,3.4981696016375494,14.801142042495814,"[""no_se_puede_distinguir_ausencia_real_de_falta_de_registro"",""no_valida_capacidad_2026""]",false
hospitalizacion,52385,La Llanada,Nariño,6565,5.6250351789130955,true,false,776,2.7035824785343316,11.439156143160512,"[""no_se_puede_distinguir_ausencia_real_de_falta_de_registro"",""no_valida_capacidad_2026""]",false
hospitalizacion,52390,La Tola,Nariño,7963,5.9083420468479995,true,false,776,2.839749357466678,12.015293250868934,"[""no_se_puede_distinguir_ausencia_real_de_falta_de_registro"",""no_valida_capacidad_2026""]",false
hospitalizacion,52405,Leiva,Nariño,9740,,false,true,4,,,"[""menos_de_30_ejemplos_con_mismo_patron_de_otros_registros"",""no_se_puede_distinguir_ausencia_real_de_falta_de_registro"",""no_valida_capacidad_2026""]",false
hospitalizacion,52411,Linares,Nariño,10207,6.79635241257595,true,false,776,3.266557224293717,13.821164486730238,"[""no_se_puede_distinguir_ausencia_real_de_falta_de_registro"",""no_valida_capacidad_2026""]",false
hospitalizacion,52418,Los Andes,Nariño,9542,5.510949290204064,true,false,776,2.6487489352850337,11.207149363973398,"[""no_se_puede_distinguir_ausencia_real_de_falta_de_registro"",""no_valida_capacidad_2026""]",false
hospitalizacion,52427,Magüí,Nariño,28738,9.357329104278577,true,false,30,4.497449386102366,19.029205205338087,"[""no_se_puede_distinguir_ausencia_real_de_falta_de_registro"",""no_valida_capacidad_2026""]",false
hospitalizacion,52435,Mallama,Nariño,8906,6.63460925330132,true,false,776,3.188817982221604,13.492241165331901,"[""no_se_puede_distinguir_ausencia_real_de_falta_de_registro"",""no_valida_capacidad_2026""]",false
hospitalizacion,52473,Mosquera,Nariño,12092,6.287173790986776,true,false,30,3.02182872820656,12.785691183567133,"[""no_se_puede_distinguir_ausencia_real_de_falta_de_registro"",""no_valida_capacidad_2026""]",false
hospitalizacion,52480,Nariño,Nariño,4550,4.068946991067694,true,false,776,1.9556737764724947,8.274671800018906,"[""no_se_puede_distinguir_ausencia_real_de_falta_de_registro"",""no_valida_capacidad_2026""]",false
hospitalizacion,52490,Olaya Herrera,Nariño,27248,8.955574362788884,true,false,776,4.304352446223405,18.212190720453798,"[""no_se_puede_distinguir_ausencia_real_de_falta_de_registro"",""no_valida_capacidad_2026""]",false
hospitalizacion,52506,Ospina,Nariño,7099,5.328183840010282,true,false,776,2.5609056679793123,10.835474795576177,"[""no_se_puede_distinguir_ausencia_real_de_falta_de_registro"",""no_valida_capacidad_2026""]",false
hospitalizacion,52520,Francisco Pizarro,Nariño,16116,7.161644157754641,true,false,776,3.442128812809394,14.564027273894899,"[""no_se_puede_distinguir_ausencia_real_de_falta_de_registro"",""no_valida_capacidad_2026""]",false
hospitalizacion,52540,Policarpa,Nariño,9870,5.613206866750184,true,false,776,2.6978973909753843,11.415101909642326,"[""no_se_puede_distinguir_ausencia_real_de_falta_de_registro"",""no_valida_capacidad_2026""]",false
hospitalizacion,52560,Potosí,Nariño,10406,7.962018233408535,true,false,776,3.826815709581673,16.19168003216827,"[""no_se_puede_distinguir_ausencia_real_de_falta_de_registro"",""no_valida_capacidad_2026""]",false
hospitalizacion,52565,Providencia,Nariño,5572,4.678319775391724,true,false,776,2.248558981665552,9.513901459489583,"[""no_se_puede_distinguir_ausencia_real_de_falta_de_registro"",""no_valida_capacidad_2026""]",false
hospitalizacion,52573,Puerres,Nariño,8466,7.682516713500828,true,false,776,3.692477809833248,15.62328153744228,"[""no_se_puede_distinguir_ausencia_real_de_falta_de_registro"",""no_valida_capacidad_2026""]",false
hospitalizacion,52585,Pupiales,Nariño,17207,7.2546479220990365,true,false,776,3.486829572844077,14.753161127888468,"[""no_se_puede_distinguir_ausencia_real_de_falta_de_registro"",""no_valida_capacidad_2026""]",false
hospitalizacion,52621,Roberto Payán,Nariño,12505,7.161644157754641,true,false,776,3.442128812809394,14.564027273894899,"[""no_se_puede_distinguir_ausencia_real_de_falta_de_registro"",""no_valida_capacidad_2026""]",false
hospitalizacion,52685,San Bernardo,Nariño,9165,5.66173283711846,true,false,776,2.721220616354198,11.513785052837946,"[""no_se_puede_distinguir_ausencia_real_de_falta_de_registro"",""no_valida_capacidad_2026""]",false
hospitalizacion,52687,San Lorenzo,Nariño,18748,8.340402179204116,true,false,776,4.008679853266777,16.96116731542064,"[""no_se_puede_distinguir_ausencia_real_de_falta_de_registro"",""no_valida_capacidad_2026""]",false
hospitalizacion,52694,San Pedro de Cartago,Nariño,6790,5.748171003827402,true,false,776,2.7627657277282536,11.689567008730208,"[""no_se_puede_distinguir_ausencia_real_de_falta_de_registro"",""no_valida_capacidad_2026""]",false
hospitalizacion,52696,Santa Bárbara,Nariño,14357,6.36376265934862,true,false,776,3.058639933108902,12.941443458202398,"[""no_se_puede_distinguir_ausencia_real_de_falta_de_registro"",""no_valida_capacidad_2026""]",false
hospitalizacion,52699,Santacruz,Nariño,10629,5.9083420468479995,true,false,776,2.839749357466678,12.015293250868934,"[""no_se_puede_distinguir_ausencia_real_de_falta_de_registro"",""no_valida_capacidad_2026""]",false
hospitalizacion,52720,Sapuyes,Nariño,7344,4.888770807540072,true,false,30,2.3497088776233013,9.94187784375451,"[""no_se_puede_distinguir_ausencia_real_de_falta_de_registro"",""no_valida_capacidad_2026""]",false
hospitalizacion,52786,Taminango,Nariño,18485,8.593309324094989,true,false,776,4.1302355953866385,17.475483089119788,"[""no_se_puede_distinguir_ausencia_real_de_falta_de_registro"",""no_valida_capacidad_2026""]",false
hospitalizacion,52788,Tangua,Nariño,14744,5.9401724661263,true,false,776,2.8550481353601596,12.0800240702586,"[""no_se_puede_distinguir_ausencia_real_de_falta_de_registro"",""no_valida_capacidad_2026""]",false
hospitalizacion,52885,Yacuanquer,Nariño,11751,6.90209177638913,true,false,776,3.317379144904695,14.03619764735327,"[""no_se_puede_distinguir_ausencia_real_de_falta_de_registro"",""no_valida_capacidad_2026""]",false
hospitalizacion,54099,Bochalema,Norte de Santander,9754,6.63460925330132,true,false,776,3.188817982221604,13.492241165331901,"[""no_se_puede_distinguir_ausencia_real_de_falta_de_registro"",""no_valida_capacidad_2026""]",false
hospitalizacion,54109,Bucarasica,Norte de Santander,7844,6.708512188575132,true,false,776,3.224338236684642,13.642531286041578,"[""no_se_puede_distinguir_ausencia_real_de_falta_de_registro"",""no_valida_capacidad_2026""]",false
hospitalizacion,54125,Cácota,Norte de Santander,3168,3.5801248271436164,true,false,776,1.7207292835991654,7.2805956953347755,"[""no_se_puede_distinguir_ausencia_real_de_falta_de_registro"",""no_valida_capacidad_2026""]",false
hospitalizacion,54174,Chitagá,Norte de Santander,13511,6.87029543729632,true,false,776,3.302096747102968,13.971536133941397,"[""no_se_puede_distinguir_ausencia_real_de_falta_de_registro"",""no_valida_capacidad_2026""]",false
hospitalizacion,54223,Cucutilla,Norte de Santander,8565,6.708512188575132,true,false,776,3.224338236684642,13.642531286041578,"[""no_se_puede_distinguir_ausencia_real_de_falta_de_registro"",""no_valida_capacidad_2026""]",false
hospitalizacion,54344,Hacarí,Norte de Santander,10790,6.708512188575132,true,false,776,3.224338236684642,13.642531286041578,"[""no_se_puede_distinguir_ausencia_real_de_falta_de_registro"",""no_valida_capacidad_2026""]",false
hospitalizacion,54347,Herrán,Norte de Santander,8791,5.66173283711846,true,false,776,2.721220616354198,11.513785052837946,"[""no_se_puede_distinguir_ausencia_real_de_falta_de_registro"",""no_valida_capacidad_2026""]",false
hospitalizacion,54377,Labateca,Norte de Santander,7094,4.910802515119139,true,false,776,2.3602980627018675,9.986681855655124,"[""no_se_puede_distinguir_ausencia_real_de_falta_de_registro"",""no_valida_capacidad_2026""]",false
hospitalizacion,54385,La Esperanza,Norte de Santander,12632,6.87029543729632,true,false,776,3.302096747102968,13.971536133941397,"[""no_se_puede_distinguir_ausencia_real_de_falta_de_registro"",""no_valida_capacidad_2026""]",false
hospitalizacion,54398,La Playa,Norte de Santander,8743,6.708512188575132,true,false,776,3.224338236684642,13.642531286041578,"[""no_se_puede_distinguir_ausencia_real_de_falta_de_registro"",""no_valida_capacidad_2026""]",false
hospitalizacion,54418,Lourdes,Norte de Santander,4635,4.068946991067694,true,false,776,1.9556737764724947,8.274671800018906,"[""no_se_puede_distinguir_ausencia_real_de_falta_de_registro"",""no_valida_capacidad_2026""]",false
hospitalizacion,54480,Mutiscua,Norte de Santander,4708,4.068946991067694,true,false,776,1.9556737764724947,8.274671800018906,"[""no_se_puede_distinguir_ausencia_real_de_falta_de_registro"",""no_valida_capacidad_2026""]",false
hospitalizacion,54520,Pamplonita,Norte de Santander,6314,4.549795078112201,true,false,776,2.1867856578423597,9.252531702026664,"[""no_se_puede_distinguir_ausencia_real_de_falta_de_registro"",""no_valida_capacidad_2026""]",false
hospitalizacion,54553,Puerto Santander,Norte de Santander,9572,6.463370075459514,true,false,776,3.1065146319088353,13.144006597750522,"[""no_se_puede_distinguir_ausencia_real_de_falta_de_registro"",""no_valida_capacidad_2026""]",false
hospitalizacion,54599,Ragonvalia,Norte de Santander,6793,4.910802515119139,true,false,776,2.3602980627018675,9.986681855655124,"[""no_se_puede_distinguir_ausencia_real_de_falta_de_registro"",""no_valida_capacidad_2026""]",false
hospitalizacion,54670,San Calixto,Norte de Santander,13849,7.161644157754641,true,false,776,3.442128812809394,14.564027273894899,"[""no_se_puede_distinguir_ausencia_real_de_falta_de_registro"",""no_valida_capacidad_2026""]",false
hospitalizacion,54673,San Cayetano,Norte de Santander,8946,6.63460925330132,true,false,776,3.188817982221604,13.492241165331901,"[""no_se_puede_distinguir_ausencia_real_de_falta_de_registro"",""no_valida_capacidad_2026""]",false
hospitalizacion,54680,Santiago,Norte de Santander,4200,4.186335988027656,true,false,776,2.012094905453771,8.513395829825502,"[""no_se_puede_distinguir_ausencia_real_de_falta_de_registro"",""no_valida_capacidad_2026""]",false
hospitalizacion,54743,Silos,Norte de Santander,7374,4.910802515119139,true,false,776,2.3602980627018675,9.986681855655124,"[""no_se_puede_distinguir_ausencia_real_de_falta_de_registro"",""no_valida_capacidad_2026""]",false
hospitalizacion,54800,Teorama,Norte de Santander,18671,8.686172454940053,true,false,776,4.174868762196995,17.664330948713918,"[""no_se_puede_distinguir_ausencia_real_de_falta_de_registro"",""no_valida_capacidad_2026""]",false
hospitalizacion,54871,Villa Caro,Norte de Santander,5412,4.888524235198111,true,false,776,2.3495903666020874,9.941376410531328,"[""no_se_puede_distinguir_ausencia_real_de_falta_de_registro"",""no_valida_capacidad_2026""]",false
hospitalizacion,63111,Buenavista,Quindío,3165,3.6964708773048787,true,false,776,1.7766491370148103,7.517198772845098,"[""no_se_puede_distinguir_ausencia_real_de_falta_de_registro"",""no_valida_capacidad_2026""]",false
hospitalizacion,63212,Córdoba,Quindío,5863,4.941684473275003,true,false,776,2.3751409780468267,10.049483870240877,"[""no_se_puede_distinguir_ausencia_real_de_falta_de_registro"",""no_valida_capacidad_2026""]",false
hospitalizacion,63690,Salento,Quindío,10372,5.922006014559435,true,false,776,2.846316723272741,12.043080501119771,"[""no_se_puede_distinguir_ausencia_real_de_falta_de_registro"",""no_valida_capacidad_2026""]",false
hospitalizacion,68013,Aguada,Santander,1912,3.4597716043293345,true,false,30,1.6628834472467777,7.035843571247406,"[""no_se_puede_distinguir_ausencia_real_de_falta_de_registro"",""no_valida_capacidad_2026""]",false
hospitalizacion,68121,Cabrera,Santander,2116,3.5191185364932407,true,false,30,1.6914075934698252,7.156532385103261,"[""no_se_puede_distinguir_ausencia_real_de_falta_de_registro"",""no_valida_capacidad_2026""]",false
hospitalizacion,68152,Carcasí,Santander,4929,4.921845015180611,true,false,30,2.365605462342198,10.00913804986482,"[""no_se_puede_distinguir_ausencia_real_de_falta_de_registro"",""no_valida_capacidad_2026""]",false
hospitalizacion,68160,Cepitá,Santander,2182,3.5500004379215233,true,false,776,1.706250481549587,7.219334284326952,"[""no_se_puede_distinguir_ausencia_real_de_falta_de_registro"",""no_valida_capacidad_2026""]",false
hospitalizacion,68169,Charta,Santander,3325,3.5360259525508786,true,false,776,1.6995338704364258,7.190915560694008,"[""no_se_puede_distinguir_ausencia_real_de_falta_de_registro"",""no_valida_capacidad_2026""]",false
hospitalizacion,68298,Gámbita,Santander,4123,4.307137085924671,true,false,30,2.0701560057445585,8.75905875941738,"[""no_se_puede_distinguir_ausencia_real_de_falta_de_registro"",""no_valida_capacidad_2026""]",false
hospitalizacion,68327,Güepsa,Santander,5657,4.941684473275003,true,false,776,2.3751409780468267,10.049483870240877,"[""no_se_puede_distinguir_ausencia_real_de_falta_de_registro"",""no_valida_capacidad_2026""]",false
hospitalizacion,68344,Hato,Santander,2686,3.563053038565138,true,false,30,1.7125240036302438,7.245878249313403,"[""no_se_puede_distinguir_ausencia_real_de_falta_de_registro"",""no_valida_capacidad_2026""]",false
hospitalizacion,68368,Jesús María,Santander,3426,3.4597716043293345,true,false,30,1.6628834472467777,7.035843571247406,"[""no_se_puede_distinguir_ausencia_real_de_falta_de_registro"",""no_valida_capacidad_2026""]",false
hospitalizacion,68370,Jordán,Santander,1559,3.6868059424630926,true,false,30,1.7720038418898334,7.497544015985421,"[""no_se_puede_distinguir_ausencia_real_de_falta_de_registro"",""no_valida_capacidad_2026""]",false
hospitalizacion,68397,La Paz,Santander,5077,4.119673384577757,true,false,776,1.9800545997617711,8.377829756811122,"[""no_se_puede_distinguir_ausencia_real_de_falta_de_registro"",""no_valida_capacidad_2026""]",false
hospitalizacion,68425,Macaravita,Santander,2475,3.70434072881816,true,false,776,1.7804316542761662,7.5332030212489824,"[""no_se_puede_distinguir_ausencia_real_de_falta_de_registro"",""no_valida_capacidad_2026""]",false
hospitalizacion,68468,Molagavita,Santander,4761,4.944000463569935,true,false,776,2.3762541214464106,10.054193702938298,"[""no_se_puede_distinguir_ausencia_real_de_falta_de_registro"",""no_valida_capacidad_2026""]",false
hospitalizacion,68498,Ocamonte,Santander,6631,5.930889116931047,true,false,776,2.850586243224713,12.061145311708952,"[""no_se_puede_distinguir_ausencia_real_de_falta_de_registro"",""no_valida_capacidad_2026""]",false
hospitalizacion,68522,Palmar,Santander,1548,3.5500004379215233,true,false,776,1.706250481549587,7.219334284326952,"[""no_se_puede_distinguir_ausencia_real_de_falta_de_registro"",""no_valida_capacidad_2026""]",false
hospitalizacion,68524,Palmas del Socorro,Santander,2814,3.6789654247444674,true,false,30,1.7682354234439936,7.4815994212275445,"[""no_se_puede_distinguir_ausencia_real_de_falta_de_registro"",""no_valida_capacidad_2026""]",false
hospitalizacion,68533,Páramo,Santander,5666,4.941684473275003,true,false,776,2.3751409780468267,10.049483870240877,"[""no_se_puede_distinguir_ausencia_real_de_falta_de_registro"",""no_valida_capacidad_2026""]",false
hospitalizacion,68549,Pinchote,Santander,6171,5.786057192338564,true,false,30,2.7809751134795118,11.7666129315136,"[""no_se_puede_distinguir_ausencia_real_de_falta_de_registro"",""no_valida_capacidad_2026""]",false
hospitalizacion,68673,San Benito,Santander,3031,3.6868059424630926,true,false,30,1.7720038418898334,7.497544015985421,"[""no_se_puede_distinguir_ausencia_real_de_falta_de_registro"",""no_valida_capacidad_2026""]",false
hospitalizacion,68705,Santa Bárbara,Santander,2670,3.70434072881816,true,false,776,1.7804316542761662,7.5332030212489824,"[""no_se_puede_distinguir_ausencia_real_de_falta_de_registro"",""no_valida_capacidad_2026""]",false
hospitalizacion,68720,Santa Helena del Opón,Santander,3477,4.11062535928441,true,false,776,1.9757058122661604,8.359429556487777,"[""no_se_puede_distinguir_ausencia_real_de_falta_de_registro"",""no_valida_capacidad_2026""]",false
hospitalizacion,68780,Suratá,Santander,4563,4.068946991067694,true,false,776,1.9556737764724947,8.274671800018906,"[""no_se_puede_distinguir_ausencia_real_de_falta_de_registro"",""no_valida_capacidad_2026""]",false
hospitalizacion,68867,Vetas,Santander,2154,3.5500004379215233,true,false,776,1.706250481549587,7.219334284326952,"[""no_se_puede_distinguir_ausencia_real_de_falta_de_registro"",""no_valida_capacidad_2026""]",false
hospitalizacion,70204,Coloso,Sucre,10421,5.66173283711846,true,false,776,2.721220616354198,11.513785052837946,"[""no_se_puede_distinguir_ausencia_real_de_falta_de_registro"",""no_valida_capacidad_2026""]",false
hospitalizacion,70400,La Unión,Sucre,14349,6.840959987974193,true,false,30,3.2879971362979457,13.911879122980192,"[""no_se_puede_distinguir_ausencia_real_de_falta_de_registro"",""no_valida_capacidad_2026""]",false
hospitalizacion,73200,Coello,Tolima,8593,5.732569539583281,true,false,776,2.7552671354477987,11.657839636389594,"[""no_se_puede_distinguir_ausencia_real_de_falta_de_registro"",""no_valida_capacidad_2026""]",false
hospitalizacion,86755,San Francisco,Putumayo,5664,4.878179030986704,true,false,30,2.3446181109711057,9.920338247650001,"[""no_se_puede_distinguir_ausencia_real_de_falta_de_registro"",""no_valida_capacidad_2026""]",false
hospitalizacion,86760,Santiago,Putumayo,7281,5.9050551761257895,true,false,30,2.8381695760411167,12.008609021132079,"[""no_se_puede_distinguir_ausencia_real_de_falta_de_registro"",""no_valida_capacidad_2026""]",false
hospitalizacion,91430,La Victoria (ANM),Amazonas,691,,false,true,4,,,"[""menos_de_30_ejemplos_con_mismo_patron_de_otros_registros"",""predictor_fuera_del_rango_de_entrenamiento"",""no_se_puede_distinguir_ausencia_real_de_falta_de_registro"",""no_valida_capacidad_2026""]",false
hospitalizacion,91530,Puerto Alegría (ANM),Amazonas,807,,false,true,30,,,"[""predictor_fuera_del_rango_de_entrenamiento"",""no_se_puede_distinguir_ausencia_real_de_falta_de_registro"",""no_valida_capacidad_2026""]",false
hospitalizacion,94884,Puerto Colombia (ANM),Guainía,1980,,false,true,4,,,"[""menos_de_30_ejemplos_con_mismo_patron_de_otros_registros"",""predictor_fuera_del_rango_de_entrenamiento"",""no_se_puede_distinguir_ausencia_real_de_falta_de_registro"",""no_valida_capacidad_2026""]",false
hospitalizacion,94885,La Guadalupe (ANM),Guainía,319,,false,true,4,,,"[""menos_de_30_ejemplos_con_mismo_patron_de_otros_registros"",""predictor_fuera_del_rango_de_entrenamiento"",""no_se_puede_distinguir_ausencia_real_de_falta_de_registro"",""no_valida_capacidad_2026""]",false
hospitalizacion,94886,Cacahual (ANM),Guainía,907,,false,true,4,,,"[""menos_de_30_ejemplos_con_mismo_patron_de_otros_registros"",""predictor_fuera_del_rango_de_entrenamiento"",""no_se_puede_distinguir_ausencia_real_de_falta_de_registro"",""no_valida_capacidad_2026""]",false
hospitalizacion,94887,Pana Pana (ANM),Guainía,2016,,false,true,4,,,"[""menos_de_30_ejemplos_con_mismo_patron_de_otros_registros"",""predictor_fuera_del_rango_de_entrenamiento"",""no_se_puede_distinguir_ausencia_real_de_falta_de_registro"",""no_valida_capacidad_2026""]",false
hospitalizacion,94888,Morichal (ANM),Guainía,1091,,false,true,4,,,"[""menos_de_30_ejemplos_con_mismo_patron_de_otros_registros"",""predictor_fuera_del_rango_de_entrenamiento"",""no_se_puede_distinguir_ausencia_real_de_falta_de_registro"",""no_valida_capacidad_2026""]",false
hospitalizacion,97511,Pacoa (ANM),Vaupés,4312,,false,true,4,,,"[""menos_de_30_ejemplos_con_mismo_patron_de_otros_registros"",""predictor_fuera_del_rango_de_entrenamiento"",""no_se_puede_distinguir_ausencia_real_de_falta_de_registro"",""no_valida_capacidad_2026""]",false
hospitalizacion,97777,Papunahua (ANM),Vaupés,768,,false,true,4,,,"[""menos_de_30_ejemplos_con_mismo_patron_de_otros_registros"",""predictor_fuera_del_rango_de_entrenamiento"",""no_se_puede_distinguir_ausencia_real_de_falta_de_registro"",""no_valida_capacidad_2026""]",false
hospitalizacion,97889,Yavaraté (ANM),Vaupés,1116,,false,true,4,,,"[""menos_de_30_ejemplos_con_mismo_patron_de_otros_registros"",""predictor_fuera_del_rango_de_entrenamiento"",""no_se_puede_distinguir_ausencia_real_de_falta_de_registro"",""no_valida_capacidad_2026""]",false
