Código DANE;Sede;Severidad;Estado físico;Matrícula total;Aporte % ETC;Sector;Zona;Primera infancia;Primaria;Secundaria;Media;Adultos;Municipio;Docentes;Directivos docentes;Secretaría;Departamento;En Decreto 1171 de 2026;Organizaciones aliadas
152001000777;I.E.M. CIUDAD DE PASTO - SEDE PRINCIPAL;1;Bajo;3022;5.1024;OFICIAL;URBANA;91;650;1615;666;0;Pasto;165;9;Pasto;Nariño;NO;
125754003291;SEDE PRINCIPAL;1;Bajo;3002;2.4018;OFICIAL;URBANA;217;963;1169;460;193;Soacha;93;5;Soacha;Cundinamarca;;Red Papaz
127001003453;SEDE ANEXA AL CARRASQUILLA INDUSTRIAL;3;Crítico;2975;8.0992;OFICIAL;URBANA;196;1497;1282;0;0;Quibdó;51;;Quibdó;Chocó;SI;Natura Cosmeticos Ltda.
125754800329;SEDE PRINCIPAL;1;Bajo;2878;2.3026;OFICIAL;URBANA;239;1221;978;440;0;Soacha;86;5;Soacha;Cundinamarca;;Claro Colombia
125754005464;SEDE PRINCIPAL;1;Bajo;2859;2.2874;OFICIAL;URBANA;149;1180;1073;457;0;Soacha;86;7;Soacha;Cundinamarca;;
105541000026;I. E. LEON XIII;2;Moderado;2563;0.5906;OFICIAL;URBANA;175;1104;805;351;128;Peñol;81;5;Antioquia;Antioquia;;Comfama (Caja de Compensación Familiar de Antioquia) | Fundación Fraternidad Medellín
166001006008;INSTITUCION EDUCATIVA CIUDADELA CUBA;3;Crítico;2555;3.3002;OFICIAL;URBANA;123;633;967;385;447;Pereira;111;6;Pereira;Risaralda;;
176109001806;INSTITTUCION EDUCATIVA TEOFILO ROBERTO POTES;2;Moderado;2429;4.3544;OFICIAL;URBANA;110;768;993;449;109;Buenaventura;95;6;Buenaventura;Valle del Cauca;SI;Fundación Carvajal | Fundación SURA
125754000331;SEDE PRINCIPAL;1;Bajo;2429;1.9433;OFICIAL;URBANA;0;199;1612;618;0;Soacha;84;7;Soacha;Cundinamarca;;Fundación Corona
105001026000;INSTITUCION EDUCATIVA CIUDADELA NUEVO OCCIDENTE;1;Bajo;2416;0.6637;OFICIAL;URBANA;195;787;695;345;394;Medellín;69;5;Medellín;Antioquia;;Fundación Carvajal
173001000367;LICEO NACIONAL;2;Moderado;2413;2.51;OFICIAL;URBANA;136;1007;889;381;0;Ibagué;108;4;Ibague;Tolima;SI;
105001001236;INSTITUCION EDUCATIVA MONTECARLO GUILLERMO GAVIRIA CORREA;1;Bajo;2399;0.659;OFICIAL;URBANA;192;925;652;229;401;Medellín;69;5;Medellín;Antioquia;;Fundación Nutresa | Red Papaz
176109000575;NORMAL JUAN LADRILLEROS;2;Moderado;2352;4.2163;OFICIAL;URBANA;187;864;831;346;124;Buenaventura;98;7;Buenaventura;Valle del Cauca;SI;Fundación Carvajal | Fundación SURA
105001000256;INSTITUCION EDUCATIVA HECTOR ABAD GOMEZ;1;Bajo;2320;0.6373;OFICIAL;URBANA;61;366;694;235;964;Medellín;66;5;Medellín;Antioquia;;Colombia Evidencia Potencial en Educación | Fundación Carvajal | Fundación Nutresa | Fundación SURA
105360001055;INSTITUCION EDUCATIVA DIEGO ECHAVARRIA MISAS;1;Bajo;2294;6.1327;OFICIAL;URBANA;113;756;791;369;265;Itagüí;75;6;Itagui;Antioquia;SI;Comfama (Caja de Compensación Familiar de Antioquia) | Fundación Carvajal | Fundación Nutresa
176001005813;INSTITUCION EDUCATIVA INEM JORGE ISAACS;2;Moderado;2292;0.7468;OFICIAL;URBANA;0;0;1433;859;0;Cali;160;9;Cali;Valle del Cauca;SI;Fundación Carvajal | Tecnoquimicas S.A.
166001002061;INSTITUCION EDUCATIVA INSTITUTO TECNICO SUPERIOR;3;Crítico;2229;2.8791;OFICIAL;URBANA;0;483;1131;615;0;Pereira;108;6;Pereira;Risaralda;;
105212000163;COLEGIO JOSE MIGUEL DE RESTREPO Y PUERTA;2;Moderado;2219;0.5113;OFICIAL;URBANA;105;785;889;349;91;Copacabana;81;6;Antioquia;Antioquia;;Fundación Incolmotos Yamaha
152356000182;INSTITUCION EDUCATIVA CIUDAD DE IPIALES;1;Bajo;2174;10.3371;OFICIAL;URBANA;144;878;807;345;0;Ipiales;99;5;Ipiales;Nariño;NO;
105001003441;INSTITUTO TECNICO INDUSTRIAL PASCUAL BRAVO;1;Bajo;2150;0.5906;OFICIAL;URBANA;0;0;1671;479;0;Medellín;87;5;Medellín;Antioquia;;Comfama (Caja de Compensación Familiar de Antioquia)
176001017374;INSTITUCION EDUCATIVA GABRIELA MISTRAL;2;Moderado;2128;0.6934;OFICIAL;URBANA;91;653;753;430;201;Cali;84;4;Cali;Valle del Cauca;SI;Tecnoquimicas S.A.
327001000241;IE NORMAL SUPERIOR MANUEL CAÑIZALEZ;3;Crítico;2119;5.7688;OFICIAL;URBANA;162;840;772;262;83;Quibdó;86;5;Quibdó;Chocó;SI;
123001000157;IE NORMAL SUPERIOR;2;Moderado;2113;2.143;;URBANA;160;818;647;209;279;Montería;82;7;Monteria;Córdoba;;Red Papaz
105001013340;INSTITUCION EDUCATIVA INEM JOSE FELIX DE RESTREPO;2;Moderado;2107;0.5788;OFICIAL;URBANA;0;91;1022;994;0;Medellín;135;5;Medellín;Antioquia;;Comfama (Caja de Compensación Familiar de Antioquia)
125286000123;CONCENTRACION URBANA MIGUEL ANTONIO CARO;1;Bajo;2099;11.5323;OFICIAL;URBANA;128;800;722;220;229;Funza;58;;Funza;Cundinamarca;SI;
125430000842;INSTITUCION EDUCATIVA DEPARTAMENTAL TECNOLOGICO DE MADRID;2;Moderado;2077;0.7751;OFICIAL;URBANA;0;229;1068;389;391;Madrid;72;6;Cundinamarca;Cundinamarca;;Fundación Alquería Cavelier | Fundación Nutresa
125430800067;INSTITUCION EDUCATIVA DEPARTAMENTAL TIBAITATA;1;Bajo;2068;0.7717;OFICIAL;URBANA;130;781;959;198;0;Madrid;60;6;Cundinamarca;Cundinamarca;;Fundación Alquería Cavelier | Fundación Nutresa
205837000310;CURRULAO;2;Moderado;2058;5.4969;OFICIAL;RURAL;0;840;755;224;239;Turbo;70;5;Turbo;Antioquia;SI;Claro Colombia | Comfama (Caja de Compensación Familiar de Antioquia) | Fundación Carvajal
105266000461;I.E. NORMAL SUPERIOR DE ENVIGADO - SEDE PRINCIPAL;2;Moderado;2033;6.9514;;URBANA;122;718;779;302;112;Envigado;99;5;Envigado;Antioquia;;Fundación Carvajal
125430000281;INSTITUCION EDUCATIVA DEPARTAMENTAL SERREZUELA;1;Bajo;1976;0.7374;OFICIAL;URBANA;0;0;1335;536;105;Madrid;81;6;Cundinamarca;Cundinamarca;;Fundación Alquería Cavelier | Fundación Nutresa | Natura Cosmeticos Ltda.
225817000268;INSTITUCION EDUCATIVA TÉCNICO INDUSTRIAL;2;Moderado;1967;0.734;OFICIAL;RURAL;0;0;1241;504;222;Tocancipá;70;7;Cundinamarca;Cundinamarca;;Fundación Alquería Cavelier | Fundación Nutresa | Natura Cosmeticos Ltda.
163001000868;SANTA EUFRASIA;3;Crítico;1943;4.8019;OFICIAL;URBANA;311;1210;422;0;0;Armenia;59;;Armenia;Quindio;SI;
105001006980;INSTITUCION EDUCATIVA CONCEJO DE MEDELLIN;1;Bajo;1940;0.5329;OFICIAL;URBANA;0;0;1245;568;127;Medellín;74;5;Medellín;Antioquia;;Comfama (Caja de Compensación Familiar de Antioquia) | Red Papaz
141551001230;IE MUNICIPAL NACIONAL - SEDE PRINCIPAL;2;Moderado;1921;6.1539;OFICIAL;URBANA;0;0;1477;347;97;Pitalito;66;5;Pitalito;Huila;;
276130000245;INSTITUCION EDUCATIVA SANTA RITA DE CASSIA;1;Bajo;1904;1.4631;OFICIAL;RURAL;70;920;707;207;0;Candelaria;91;3;Valle;Valle del Cauca;;
105001021873;INSTITUCION EDUCATIVA SOL DE ORIENTE;1;Bajo;1901;0.5222;OFICIAL;URBANA;151;903;610;237;0;Medellín;50;3;Medellín;Antioquia;;Comfama (Caja de Compensación Familiar de Antioquia) | Red Papaz
105147000401;COLEGIO COLOMBIA;2;Moderado;1878;0.4328;OFICIAL;URBANA;0;535;642;264;437;Carepa;59;4;Antioquia;Antioquia;;Claro Colombia | Comfama (Caja de Compensación Familiar de Antioquia) | Fundación Fraternidad Medellín | Fundación Postobón
105837004922;I.E. FRANCISCO LUIS VALDERRAMA VALDERRAMA;2;Moderado;1865;4.9814;OFICIAL;URBANA;130;717;698;320;0;Turbo;71;5;Turbo;Antioquia;SI;Comfama (Caja de Compensación Familiar de Antioquia) | Fundación Nutresa | Parque Explora
105376000440;COLEGIO LA PAZ;2;Moderado;1845;0.4252;OFICIAL;URBANA;84;677;705;301;78;La Ceja;63;5;Antioquia;Antioquia;;Comfama (Caja de Compensación Familiar de Antioquia) | Fundación Fraternidad Medellín
205001006232;INSTITUCION EDUCATIVA SAN CRISTOBAL;1;Bajo;1844;0.5065;OFICIAL;URBANA;81;576;817;316;54;Medellín;64;4;Medellín;Antioquia;;Fundación Carvajal | Fundación Nutresa
125899000631;I.E.M. INSTITUTO TECNICO INDUSTRIAL - SEDE PRINCIPAL;2;Moderado;1822;6.5556;OFICIAL;URBANA;50;613;801;302;56;Zipaquirá;78;5;Zipaquirá;Cundinamarca;;
105360000491;INSTITUCION EDUCATIVA ORESTE SINDICI;1;Bajo;1794;4.796;OFICIAL;URBANA;113;532;712;288;149;Itagüí;61;5;Itagui;Antioquia;SI;Comfama (Caja de Compensación Familiar de Antioquia) | Fundación Nutresa | Periódico El Mundo
125269001124;I.E.M TÉCNICO EMPRESARIAL CARTAGENA - SEDE PRINCIPAL;3;Crítico;1791;7.4495;OFICIAL;URBANA;128;761;569;217;116;Facatativá;74;5;Facatativá;Cundinamarca;;Aeiotu Soluciones Integrales para la Primera Infancia | Fundación Terpel
176001800206;INSTITUCION EDUCATIVA GENERAL JOSE MARIA CABAL-SEDE PRINCIPAL;2;Moderado;1771;0.5771;OFICIAL;URBANA;120;749;617;214;71;Cali;63;5;Cali;Valle del Cauca;SI;Fundación Scarpetta Gnecco | Tecnoquimicas S.A.
105079000406;I. E. PRESBITERO LUIS EDUARDO PEREZ MOLINA;2;Moderado;1767;0.4072;OFICIAL;URBANA;105;537;402;146;577;Barbosa;47;3;Antioquia;Antioquia;;Comfama (Caja de Compensación Familiar de Antioquia) | Fundación Incolmotos Yamaha | Fundación Nutresa
170001000431;INSTITUCION EDUCATIVA MADRE AMALIA;2;Moderado;1737;2.8146;OFICIAL;URBANA;145;727;654;211;0;Sincelejo;60;4;Sincelejo;Sucre;NO;
125754001418;SEDE PRINCIPAL;1;Bajo;1710;1.3681;OFICIAL;URBANA;0;712;725;218;55;Soacha;59;3;Soacha;Cundinamarca;;Fundación Corona | Red Papaz
105001000621;INSTITUCION EDUCATIVA ESCUELA NORMAL SUPERIOR DE MEDELLIN;1;Bajo;1702;0.4675;OFICIAL;URBANA;78;619;594;291;120;Medellín;73;5;Medellín;Antioquia;;Comfama (Caja de Compensación Familiar de Antioquia) | Fundación Carvajal
105001007218;INSTITUCION EDUCATIVA MARIA DE LOS ANGELES CANO MARQUEZ;1;Bajo;1676;0.4604;OFICIAL;URBANA;118;721;577;260;0;Medellín;69;4;Medellín;Antioquia;;Fundación Carvajal | Fundación Nutresa
127001004107;IE MIA ROGERIO VELASQUEZ MURILLO;3;Crítico;1671;4.5492;OFICIAL;URBANA;79;589;676;170;157;Quibdó;87;5;Quibdó;Chocó;SI;
105001012106;INSTITUCION EDUCATIVA JUAN MARIA CESPEDES;1;Bajo;1659;0.4557;OFICIAL;URBANA;104;637;552;299;67;Medellín;68;4;Medellín;Antioquia;;
176520000497;CARDENAS CENTRO;1;Bajo;1659;3.3657;OFICIAL;URBANA;49;619;623;234;134;Palmira;56;5;Palmira;Valle del Cauca;;Fundación Nutresa | Red Papaz | Unidad de Acción Vallecaucana de Palmira
127001003127;IE ANTONIO MARIA CLARET;2;Moderado;1652;4.4974;OFICIAL;URBANA;111;572;706;263;0;Quibdó;77;5;Quibdó;Chocó;SI;Natura Cosmeticos Ltda.
105837001150;I.E. SAGRADO CORAZÓN DE JESÚS;2;Moderado;1650;4.4072;OFICIAL;URBANA;119;622;505;292;112;Turbo;65;4;Turbo;Antioquia;SI;Comfama (Caja de Compensación Familiar de Antioquia)
117001000165;INSTITUCIÓN EDUCATIVA ESCUELA NORMAL SUPERIOR DE MANIZALES;1;Bajo;1647;3.467;OFICIAL;URBANA;150;610;545;197;145;Manizales;75;5;Manizales;Caldas;SI;Fundación Nutresa | Red Papaz
105001001155;INSTITUCION EDUCATIVA SAN JUAN BAUTISTA DE LA SALLE;1;Bajo;1645;0.4519;OFICIAL;URBANA;101;626;488;200;230;Medellín;52;4;Medellín;Antioquia;;Colombia Evidencia Potencial en Educación | Comfama (Caja de Compensación Familiar de Antioquia) | Fundación Carvajal | Fundación Nutresa
105376000105;I. E. MARIA JOSEFA MARULANDA;2;Moderado;1644;0.3788;OFICIAL;URBANA;132;742;532;238;0;La Ceja;49;2;Antioquia;Antioquia;;Fundación Fraternidad Medellín
176109000192;FRANCISCO JOSE DE CALDAS;2;Moderado;1620;2.9041;OFICIAL;URBANA;134;621;519;176;170;Buenaventura;66;5;Buenaventura;Valle del Cauca;SI;Fundación Carvajal
176001800214;ISAIAS DUARTE CANCINO;2;Moderado;1617;0.5269;OFICIAL;URBANA;95;739;562;172;49;Cali;36;;Cali;Valle del Cauca;SI;Fundación Carvajal
152001005051;I.E.M. CIUDADELA EDUC DE PASTO - SEDE PRINCIPAL;1;Bajo;1614;2.7251;OFICIAL;URBANA;143;32;915;350;174;Pasto;90;6;Pasto;Nariño;NO;
113670001171;I.E. TECNICA LA INTEGRADA - SEDE PRINCIPAL;2;Moderado;1611;0.7085;OFICIAL;URBANA;13;478;587;247;286;San Pablo;57;6;Bolivar;Bolívar;NO;Fundación Telefónica
113688010909;INSTITUCION EDUCATIVA TECNICO COMERCIAL MARIA INMACULADA;2;Moderado;1607;0.7067;OFICIAL;URBANA;120;663;635;189;0;Santa Rosa del Sur;58;3;Bolivar;Bolívar;NO;
105318000049;I. E. SANTO TOMAS DE AQUINO;2;Moderado;1603;0.3694;OFICIAL;URBANA;91;749;763;0;0;Guarne;57;5;Antioquia;Antioquia;SI;Colombia Evidencia Potencial en Educación | Comfama (Caja de Compensación Familiar de Antioquia) | Parque Explora
225269000688;NACIONAL EMILIO CIFUENTES;2;Moderado;1597;6.6425;OFICIAL;URBANA;0;470;809;318;0;Facatativá;68;5;Facatativá;Cundinamarca;;Aeiotu Soluciones Integrales para la Primera Infancia
108520000041;INSTITUCION EDUCATIVA TECNICA COMERCIAL DE PALMAR;2;Moderado;1596;1.2787;OFICIAL;URBANA;0;0;1202;303;91;Palmar de Varela;92;9;Atlántico;Atlántico;;
176109002802;INSTITUCION EDUCATIVA DIOCESANA JESUS ADOLESCENTE - SEDE PRINCIPAL;2;Moderado;1594;2.8575;OFICIAL;URBANA;129;609;619;237;0;Buenaventura;64;3;Buenaventura;Valle del Cauca;SI;Fundación Carvajal | Fundación SURA
305001019690;INSTITUCION EDUCATIVA ARZOBISPO TULIO BOTERO SALAZAR;1;Bajo;1589;0.4365;OFICIAL;URBANA;115;740;559;175;0;Medellín;48;4;Medellín;Antioquia;;Colombia Evidencia Potencial en Educación | Fundación Nutresa | Red Papaz
141001002247;ESCUELA NORMAL SUPERIOR;1;Bajo;1588;2.3539;OFICIAL;URBANA;2;552;696;260;78;Neiva;72;6;Neiva;Huila;SI;
227615800095;IE BELEN DE BAJIRA - SEDE PRINCIPAL;2;Moderado;1579;1.3865;OFICIAL;RURAL;159;651;575;157;37;Nuevo Belén de Bajirá;55;4;Choco;Chocó;SI;Colombia Evidencia Potencial en Educación
105631000084;I. E. JOSE FELIX DE RESTREPO VELEZ;2;Moderado;1572;13.5576;OFICIAL;URBANA;148;564;564;261;35;Sabaneta;60;4;Sabaneta;Antioquia;SI;Comfama (Caja de Compensación Familiar de Antioquia) | Fundación Carvajal | Fundación Nutresa
123417000288;LACIDES C. BERSAL - SEDE PRINCIPAL;2;Moderado;1571;6.9763;;URBANA;50;266;789;394;72;Lorica;71;5;Lorica;Córdoba;;Fundación Incolmotos Yamaha
176834003989;I.E. OCCIDENTE - SEDE PRINCIPAL;3;Crítico;1568;5.688;OFICIAL;URBANA;54;433;648;286;147;Tuluá;70;4;Tuluá;Valle del Cauca;;Claro Colombia
176109000605;LA ANUNCIACION;2;Moderado;1536;2.7535;OFICIAL;URBANA;95;588;597;208;48;Buenaventura;67;4;Buenaventura;Valle del Cauca;SI;Fundación SURA
305001022232;INSTITUCION EDUCATIVA BARRIO OLAYA HERRERA;1;Bajo;1522;0.4181;OFICIAL;URBANA;124;589;487;146;176;Medellín;45;4;Medellín;Antioquia;;Fundación Carvajal | Fundación Nutresa
176001043791;INSTITUCION EDUCATIVA NUEVO LATIR - SEDE PRINCIPAL;2;Moderado;1521;0.4956;OFICIAL;URBANA;113;585;463;225;135;Cali;77;7;Cali;Valle del Cauca;SI;Fundación Carvajal | Fundación Scarpetta Gnecco | Red Papaz | Tecnoquimicas S.A.
105001000108;INSTITUCION EDUCATIVA CENTRO FORMATIVO DE ANTIOQUIA - CEFA;1;Bajo;1514;0.4159;OFICIAL;URBANA;0;0;939;575;0;Medellín;70;4;Medellín;Antioquia;;Comfama (Caja de Compensación Familiar de Antioquia)
150001001860;COL DPTAL LA ESPERANZA;1;Bajo;1513;1.577;OFICIAL;URBANA;0;212;884;417;0;Villavicencio;62;3;Villavicencio;Meta;;
105001015172;INSTITUCION EDUCATIVA EDUARDO SANTOS;1;Bajo;1503;0.4129;OFICIAL;URBANA;59;546;462;183;253;Medellín;46;5;Medellín;Antioquia;;Comfama (Caja de Compensación Familiar de Antioquia) | Fundación Carvajal | Fundación Nutresa
141001060336;RODRIGO LARA BONLLA.;1;Bajo;1488;2.2057;OFICIAL;URBANA;92;494;550;129;223;Neiva;56;4;Neiva;Huila;SI;Red Papaz
105318000278;I. E. INMACULADA CONCEPCION;2;Moderado;1487;0.3427;OFICIAL;URBANA;86;601;579;221;0;Guarne;56;4;Antioquia;Antioquia;SI;Comfama (Caja de Compensación Familiar de Antioquia)
276130000181;PANEBIANCO AMERICANO - SEDE PRINCIPAL;2;Moderado;1487;1.1427;OFICIAL;RURAL;103;640;687;0;57;Candelaria;95;6;Valle;Valle del Cauca;SI;
305001015287;INSTITUCION EDUCATIVA LA CANDELARIA;1;Bajo;1479;0.4063;OFICIAL;URBANA;0;710;556;207;6;Medellín;48;3;Medellín;Antioquia;;Fundación Nutresa | Red Papaz
117001001536;INSTITUCIÓN EDUCATIVA INSTITUTO UNIVERSITARIO DE CALDAS;3;Crítico;1478;3.1113;OFICIAL;URBANA;146;614;484;234;0;Manizales;71;5;Manizales;Caldas;SI;Centro Galerías Plaza de Mercado | Fundación Luker
127001000853;INSTITUCION EDUCATIVA GIMNASIO DE QUIBDO;3;Crítico;1476;4.0183;OFICIAL;URBANA;0;662;608;206;0;Quibdó;56;4;Quibdó;Chocó;SI;Natura Cosmeticos Ltda.
276130001217;ROSENDO MONDRAGON FEIJOO;2;Moderado;1475;1.1335;OFICIAL;RURAL;91;621;537;127;99;Candelaria;51;3;Valle;Valle del Cauca;SI;
276130000415;ATANASIO GIRARDOT;1;Bajo;1473;1.1319;OFICIAL;RURAL;77;695;293;408;0;Candelaria;;;Valle;Valle del Cauca;SI;
176001028970;INSTITUCION EDUCATIVA TECNICO INDUSTRIAL DONALD RODRIGO TAFUR - SEDE PRINCIPAL;2;Moderado;1472;0.4796;OFICIAL;URBANA;0;0;871;308;293;Cali;84;3;Cali;Valle del Cauca;SI;Claro Colombia | Colombia Evidencia Potencial en Educación | Fundación Scarpetta Gnecco | Red Papaz | Tecnoquimicas S.A.
105001026689;INSTITUCION EDUCATIVA BLANQUIZAL - SEDE PRINCIPAL;1;Bajo;1471;0.4041;OFICIAL;URBANA;115;591;424;127;214;Medellín;43;3;Medellín;Antioquia;;Fundación Nutresa
105376000113;I. E. MONSEÑOR ALFONSO URIBE JARAMILLO;1;Bajo;1468;0.3383;OFICIAL;URBANA;86;613;509;201;59;La Ceja;50;4;Antioquia;Antioquia;;Claro Colombia | Fundación Fraternidad Medellín
176364001313;TÉCNICA INDUSTRIAL ESPAÑA-SEDE PRINCIPAL;2;Moderado;1446;5.2244;OFICIAL;URBANA;0;20;1039;311;76;Jamundí;53;5;Jamundí;Valle del Cauca;SI;Fundación Nutresa | Natura Cosmeticos Ltda. | Tecnoquimicas S.A.
105001002038;INSTITUCION EDUCATIVA JOSE EUSEBIO CARO;1;Bajo;1445;0.3969;OFICIAL;URBANA;84;640;505;216;0;Medellín;48;4;Medellín;Antioquia;;Colombia Evidencia Potencial en Educación | Comfama (Caja de Compensación Familiar de Antioquia) | Fundación Nutresa
117001006155;INSTITUCIÓN EDUCATIVA INSTITUTO TECNICO FRANCISCO JOSE DE CALDAS;3;Crítico;1442;3.0355;OFICIAL;URBANA;94;556;545;247;0;Manizales;73;4;Manizales;Caldas;SI;Centro Galerías Plaza de Mercado | Colombia Evidencia Potencial en Educación | Fundación Corona | Fundación Luker | Fundación Nutresa
105045000148;INSTITUCIÓN EDUCATIVA JOSÉ CELESTINO MUTIS;1;Bajo;1432;5.2443;OFICIAL;URBANA;176;533;490;233;0;Apartadó;61;4;Apartado;Antioquia;SI;Comfama (Caja de Compensación Familiar de Antioquia) | Natura Cosmeticos Ltda.
141551000268;IE MUNICIPAL HUMBERTO MUÑOZ ORDOÑEZ - SEDE PRINCIPAL;2;Moderado;1428;4.5746;OFICIAL;URBANA;39;0;907;304;178;Pitalito;49;3;Pitalito;Huila;;
105001015148;INSTITUCION EDUCATIVA CAMILO MORA CARRASQUILLA;1;Bajo;1427;0.392;OFICIAL;URBANA;121;509;583;157;57;Medellín;46;4;Medellín;Antioquia;;Fundación Carvajal
105250000185;I. E. BIJAO;2;Moderado;1424;0.3281;OFICIAL;URBANA;69;549;465;184;157;El Bagre;47;3;Antioquia;Antioquia;;Comfama (Caja de Compensación Familiar de Antioquia) | Fundación Nutresa
117174000349;INSTITUCIÓN EDUCATIVA SANTA TERESITA - SEDE PRINCIPAL;3;Crítico;1422;1.7703;;URBANA;132;631;461;198;0;Chinchiná;57;4;Caldas;Caldas;;Caja de Compensación Familiar de Caldas
105212000112;I. E. ESCUELA NORMAL SUPERIOR MARIA AUXILIADORA;2;Moderado;1418;0.3268;OFICIAL;URBANA;107;636;507;135;33;Copacabana;49;4;Antioquia;Antioquia;;Periódico El Mundo
176520002759;CARDENAS MIRRIÑAO;2;Moderado;1416;2.8727;OFICIAL;URBANA;39;301;834;242;0;Palmira;56;5;Palmira;Valle del Cauca;SI;Fundación Nutresa | Red Papaz | Unidad de Acción Vallecaucana de Palmira
105001013145;INSTITUCION EDUCATIVA SANTA TERESA;1;Bajo;1416;0.389;OFICIAL;URBANA;117;608;488;203;0;Medellín;47;4;Medellín;Antioquia;;Comfama (Caja de Compensación Familiar de Antioquia) | Fundación Nutresa | Red Papaz
119698000101;INSTITUTO TECNICO DE SANTANDER DE QUILICHAO (sede principal);1;Bajo;1415;;OFICIAL;URBANA;0;0;1030;385;0;Santander de Quilichao;65;5;;Cauca;;Red Papaz
105001019674;INSTITUCION EDUCATIVA MIRAFLORES - LUIS EDUARDO VALENCIA GARCIA;1;Bajo;1410;0.3873;OFICIAL;URBANA;53;503;587;267;0;Medellín;49;5;Medellín;Antioquia;;Fundación Nutresa
141298000019;SIMON BOLIVAR;2;Moderado;1408;1.1046;OFICIAL;URBANA;0;0;991;417;0;Garzón;64;6;Huila;Huila;SI;
105001014851;INSTITUCION EDUCATIVA JESUS REY;1;Bajo;1406;0.3862;OFICIAL;URBANA;112;578;445;271;0;Medellín;51;4;Medellín;Antioquia;;Comfama (Caja de Compensación Familiar de Antioquia) | Fundación Fraternidad Medellín
166001007314;I.E. DIEGO MAYA SALAZAR - SEDE PRINCIPAL;3;Crítico;1406;1.8161;OFICIAL;URBANA;71;578;530;227;0;Pereira;;;Pereira;Risaralda;;
163001003301;CIUDADELA DEL SUR;2;Moderado;1398;3.455;OFICIAL;URBANA;43;323;768;264;0;Armenia;69;6;Armenia;Quindio;;Claro Colombia | Red Papaz
166001007128;JAIME SALAZAR ROBLEDO - SEDE PRINCIPAL;3;Crítico;1396;1.8032;OFICIAL;URBANA;119;612;477;188;0;Pereira;;;Pereira;Risaralda;;Fundación SURA
105360000415;INSTITUCION EDUCATIVA JUAN NEPOMUCENO CADAVID - SEDE PRINCIPAL;1;Bajo;1393;3.724;OFICIAL;URBANA;88;468;480;172;185;Itagüí;52;4;Itagui;Antioquia;SI;Comfama (Caja de Compensación Familiar de Antioquia) | Periódico El Mundo
166001000093;INSTITUCION EDUCATIVA BOYACA;3;Crítico;1393;1.7993;OFICIAL;URBANA;98;668;452;175;0;Pereira;56;4;Pereira;Risaralda;;
141001000066;LICEO DE SANTA LIBRADA;1;Bajo;1391;2.0619;OFICIAL;URBANA;0;57;858;420;56;Neiva;79;5;Neiva;Huila;SI;
119318002115;MANUEL DE VALVERDE (sede principal);3;Crítico;1387;;OFICIAL;URBANA;106;531;388;150;212;Guapi;60;4;;Cauca;;Fundación Carvajal
152001001064;I.E.M. TECNICO INDUSTRIAL DE PASTO - SEDE PRINCIPAL;1;Bajo;1386;2.3401;OFICIAL;URBANA;0;0;1001;385;0;Pasto;100;4;Pasto;Nariño;;
117873000168;INSTITUCION EDUCATIVA GERARDO ARIAS RAMIREZ - SEDE PRINCIPAL;3;Crítico;1386;1.7255;;URBANA;0;0;671;313;402;Villamaría;54;3;Caldas;Caldas;;Fundación Nutresa
176364002441;SEDE TERRANOVA;2;Moderado;1370;4.9498;OFICIAL;RURAL;99;626;454;166;25;Jamundí;42;1;Jamundí;Valle del Cauca;SI;
117001001544;INSTITUCIÓN EDUCATIVA ESCUELA NORMAL SUPERIOR DE CALDAS;1;Bajo;1362;2.8671;OFICIAL;URBANA;186;0;811;301;64;Manizales;67;7;Manizales;Caldas;SI;
176109000621;LICEO DEL PACIFICO - SEDE PRINCIPAL;1;Bajo;1362;2.4416;OFICIAL;URBANA;41;293;592;265;171;Buenaventura;62;5;Buenaventura;Valle del Cauca;SI;Fundación Carvajal
105001026701;INSTITUCION EDUCATIVA PROGRESAR - SEDE PRINCIPAL;1;Bajo;1358;0.373;OFICIAL;URBANA;77;498;417;140;226;Medellín;48;2;Medellín;Antioquia;;Colombia Evidencia Potencial en Educación | Comfama (Caja de Compensación Familiar de Antioquia) | Fundación Nutresa
105001000981;INSTITUCION EDUCATIVA GILBERTO ALZATE AVENDAÑO;1;Bajo;1357;0.3728;OFICIAL;URBANA;0;0;833;374;150;Medellín;63;4;Medellín;Antioquia;;Comfama (Caja de Compensación Familiar de Antioquia) | Fundación Carvajal | Fundación Nutresa
119807000109;SAN ANTONIO DE PADUA (sede principal);1;Bajo;1354;;OFICIAL;URBANA;0;445;679;230;0;Timbío;54;4;;Cauca;;Fundación Carvajal | Red Papaz
176109002977;PABLO EMILIO CARVAJAL # 1;2;Moderado;1350;2.4201;OFICIAL;URBANA;93;457;420;147;233;Buenaventura;61;7;Buenaventura;Valle del Cauca;SI;Fundación Carvajal | Fundación SURA
105147000568;I. E. JOSE MARIA MUÑOZ FLOREZ;2;Moderado;1347;0.3104;OFICIAL;URBANA;0;653;668;0;26;Carepa;42;4;Antioquia;Antioquia;SI;Colombia Evidencia Potencial en Educación | Comfama (Caja de Compensación Familiar de Antioquia) | Fundación Fraternidad Medellín | Fundación Postobón
163001000329;RUFINO JOSE CUERVO CENTRO;3;Crítico;1340;3.3117;OFICIAL;URBANA;78;477;493;292;0;Armenia;82;5;Armenia;Quindio;SI;Fundación Nutresa
176147001933;COLEGIO MUNICIPAL ANTONIO HOLGUIN GARCES;1;Bajo;1337;7.5273;OFICIAL;URBANA;69;315;450;213;290;Cartago;48;4;Cartago;Valle del Cauca;SI;Red Papaz
125269000519;INSTITUCION EDUCATIVA DEPARTAMENTAL MANUELA AYALA DE GAITAN;3;Crítico;1335;5.5528;OFICIAL;URBANA;0;477;608;250;0;Facatativá;47;5;Facatativá;Cundinamarca;;Aeiotu Soluciones Integrales para la Primera Infancia
166001002916;INSTITUTO KENNEDY;3;Crítico;1334;1.7231;OFICIAL;URBANA;100;351;514;153;216;Pereira;53;3;Pereira;Risaralda;;Fundación Frisby | Fundación Nutresa
166001000344;INSTITUCION EDUCATIVA SAN FERNANDO;3;Crítico;1326;1.7128;OFICIAL;URBANA;108;334;417;160;307;Pereira;41;3;Pereira;Risaralda;;
125126000313;INSTITUCION EDUCATIVA DEPARTAMENTAL RURAL SAN GABRIEL;2;Moderado;1320;0.4926;OFICIAL;RURAL;62;465;424;153;216;Cajicá;53;2;Cundinamarca;Cundinamarca;;Cámara de Comercio De Bogotá | Fundación Nutresa | Fundación Santa Isabel
125473000242;I.E. LA MERCED - SEDE PRINCIPAL;2;Moderado;1319;4.7496;OFICIAL;URBANA;0;0;976;343;0;Mosquera;60;5;Mosquera;Cundinamarca;SI;Fundación Nutresa
205001010281;INSTITUCION EDUCATIVA ALFONSO UPEGUI OROZCO;1;Bajo;1319;0.3623;OFICIAL;RURAL;89;597;444;189;0;Medellín;45;3;Medellín;Antioquia;;Comfama (Caja de Compensación Familiar de Antioquia) | Fundación Incolmotos Yamaha | Fundación Nutresa
123417001632;ANTONIO DE LA TORRE Y MIRANDA - SEDE PRINCIPAL;2;Moderado;1317;5.8484;;URBANA;87;390;574;266;0;Lorica;52;3;Lorica;Córdoba;;
105001000990;INSTITUCION EDUCATIVA GONZALO RESTREPO JARAMILLO;2;Moderado;1314;0.361;OFICIAL;URBANA;61;373;608;272;0;Medellín;43;2;Medellín;Antioquia;;Comfama (Caja de Compensación Familiar de Antioquia) | Fundación Centro Manos de Cristal | Fundación Nutresa
176001004531;ESCUELA NORMAL SUPERIOR SANTIAGO DE CALI;2;Moderado;1312;0.4275;OFICIAL;URBANA;0;0;759;393;160;Cali;58;7;Cali;Valle del Cauca;SI;Fundación Nutresa | Red Papaz
176147000015;SOR MARIA JULIANA;2;Moderado;1302;7.3303;OFICIAL;URBANA;0;0;917;385;0;Cartago;53;5;Cartago;Valle del Cauca;SI;Red Papaz
127001000225;IE FEMENINA DE ENSEÑANZA MEDIA;3;Crítico;1294;3.5228;OFICIAL;URBANA;0;0;843;377;74;Quibdó;62;5;Quibdó;Chocó;SI;Natura Cosmeticos Ltda.
327001001000;IE SANTO DOMINGO SAVIO;3;Crítico;1286;3.501;OFICIAL;URBANA;45;255;622;241;123;Quibdó;56;4;Quibdó;Chocó;SI;Fundación Carvajal | Fundación Terpel
176001001745;INSTITUCION EDUCATIVA LICEO DEPARTAMENTAL - SEDE PRINCIPAL;2;Moderado;1286;0.419;OFICIAL;URBANA;0;0;882;404;0;Cali;71;6;Cali;Valle del Cauca;SI;Fundación Nutresa
105001001198;INSTITUCION EDUCATIVA AURES;1;Bajo;1278;0.3511;OFICIAL;URBANA;116;676;321;165;0;Medellín;47;5;Medellín;Antioquia;;Comfama (Caja de Compensación Familiar de Antioquia) | Fundación Carvajal
166001004242;INSTITUCION EDUCATIVA BYRON GAVIRIA;3;Crítico;1273;1.6443;OFICIAL;URBANA;86;550;476;161;0;Pereira;56;4;Pereira;Risaralda;SI;
105001023965;INSTITUCION EDUCATIVA FINCA LA MESA;1;Bajo;1271;0.3491;OFICIAL;URBANA;0;0;821;399;51;Medellín;69;3;Medellín;Antioquia;;Fundación Carvajal | Fundación Nutresa
176001008669;INSTITUCION EDUCATIVA JOSE HOLGUIN GARCES - SEDE PRINCIPAL;2;Moderado;1268;0.4132;OFICIAL;URBANA;0;0;786;334;148;Cali;64;6;Cali;Valle del Cauca;SI;Colombia Evidencia Potencial en Educación | Fundación Carvajal | Fundación Scarpetta Gnecco
219050000097;MIGUEL ZAPATA (SEDE PRINCIPAL);1;Bajo;1268;;OFICIAL;RURAL;141;607;386;78;56;Argelia;71;1;;Cauca;;
105212000830;I. E. LA TRINIDAD;2;Moderado;1268;0.2922;OFICIAL;URBANA;86;575;450;157;0;Copacabana;45;3;Antioquia;Antioquia;;Periódico El Mundo
205837007268;I.E. SAN JOSÉ - SEDE PRINCIPAL;2;Moderado;1267;3.3842;OFICIAL;RURAL;80;530;445;212;0;Turbo;;;Turbo;Antioquia;SI;Fundación Secretos Para Contar
105001007188;INSTITUCION EDUCATIVA BENEDIKTA ZUR NIEDEN;1;Bajo;1263;0.3469;OFICIAL;URBANA;35;369;530;184;145;Medellín;45;3;Medellín;Antioquia;;Fundación Nutresa
117380000185;INSTITUCION EDUCATIVA MARCO FIDEL SUAREZ - SEDE PRINCIPAL;1;Bajo;1263;1.5724;;URBANA;94;590;389;146;44;La Dorada;48;4;Caldas;Caldas;;
105631000068;COLEGIO RAFAEL J. MEJIA;2;Moderado;1259;10.8581;OFICIAL;URBANA;52;524;479;204;0;Sabaneta;53;3;Sabaneta;Antioquia;SI;Comfama (Caja de Compensación Familiar de Antioquia) | Fundación Carvajal | Fundación Nutresa
123417001411;SANTA CRUZ - SEDE PRINCIPAL;1;Bajo;1257;5.582;;URBANA;121;401;434;179;122;Lorica;62;4;Lorica;Córdoba;;
127001018001;IE DIOCESANO PEDRO GRAU Y AROLA;3;Crítico;1256;3.4194;OFICIAL;URBANA;0;0;921;268;67;Quibdó;60;6;Quibdó;Chocó;SI;Natura Cosmeticos Ltda.
105001012092;INSTITUCION EDUCATIVA BARRIO SANTANDER;1;Bajo;1254;0.3445;OFICIAL;URBANA;31;318;576;136;193;Medellín;46;3;Medellín;Antioquia;;Comfama (Caja de Compensación Familiar de Antioquia) | Fundación Carvajal | Fundación Nutresa
105001026573;INSTITUCION EDUCATIVA LUSITANIA- PAZ DE COLOMBIA;1;Bajo;1253;0.3442;OFICIAL;URBANA;74;536;426;217;0;Medellín;61;4;Medellín;Antioquia;;
105001017531;SECCION ESCUELA AMOR AL NIÑO;1;Bajo;1251;0.3436;OFICIAL;URBANA;151;1008;0;0;92;Medellín;35;1;Medellín;Antioquia;;Fundación Incolmotos Yamaha
105001026697;INSTITUCION EDUCATIVA FUNDADORES - SEDE PRINCIPAL;1;Bajo;1249;0.3431;OFICIAL;URBANA;53;132;631;186;247;Medellín;43;4;Medellín;Antioquia;;Fundación Nutresa
305001018022;INSTITUCION EDUCATIVA FE Y ALEGRIA LUIS AMIGO;1;Bajo;1246;0.3423;OFICIAL;URBANA;49;340;496;145;216;Medellín;49;3;Medellín;Antioquia;;Colombia Evidencia Potencial en Educación | Fundación Nutresa | Parque Explora
105001001562;INSTITUCION EDUCATIVA JAVIERA LONDOÑO;1;Bajo;1245;0.342;OFICIAL;URBANA;125;0;719;401;0;Medellín;61;3;Medellín;Antioquia;;Red Papaz
105001000876;INSTITUCION EDUCATIVA JAVIERA LONDOÑO SEVILLA;1;Bajo;1242;0.3412;OFICIAL;URBANA;69;549;438;163;23;Medellín;51;2;Medellín;Antioquia;;Fundación Nutresa
166001006480;INSTITUCION EDUCATIVA RODRIGO ARENAS BETANCURT;3;Crítico;1238;1.5991;OFICIAL;URBANA;99;563;437;139;0;Pereira;52;4;Pereira;Risaralda;;Fundación Nutresa
105736000063;E U MARIA GORETTI;2;Moderado;1236;0.2848;OFICIAL;URBANA;0;1217;0;0;19;Segovia;33;;Antioquia;Antioquia;;
166001006105;INSTITUCION EDUCATIVA CIUDAD BOQUIA;3;Crítico;1233;1.5926;OFICIAL;URBANA;0;0;827;306;100;Pereira;93;5;Pereira;Risaralda;;
441001002747;EL CAGUAN;1;Bajo;1230;1.8232;OFICIAL;RURAL;92;504;409;105;120;Neiva;51;4;Neiva;Huila;SI;
117873000991;INSTITUCION EDUCATIVA SANTA LUISA DE MARILLAC - SEDE PRINCIPAL;3;Crítico;1230;1.5313;;URBANA;80;478;486;186;0;Villamaría;44;3;Caldas;Caldas;;
252001003380;I.E.M. NUESTRA SEÑORA DE GUADALUPE - SEDE PRINCIPAL;2;Moderado;1226;2.07;OFICIAL;RURAL;103;432;358;128;205;Pasto;61;4;Pasto;Nariño;NO;
105212000511;LICEO PBRO. BERNARDO MONTOYA GIRALDO;2;Moderado;1226;0.2825;OFICIAL;URBANA;67;466;496;197;0;Copacabana;49;4;Antioquia;Antioquia;;
176834000092;SEDE PRINCIPAL INSTITUTO JULIA RESTREPO;2;Moderado;1225;4.4437;OFICIAL;URBANA;0;0;596;481;148;Tuluá;43;6;Tuluá;Valle del Cauca;;
366001005540;INSTITUCION EDUCATIVA COMPARTIR LAS BRISAS;3;Crítico;1222;1.5784;OFICIAL;URBANA;103;485;349;70;215;Pereira;47;3;Pereira;Risaralda;;
176892000141;JOSE MARIA CORDOBA;2;Moderado;1222;5.4323;OFICIAL;URBANA;55;332;623;212;0;Yumbo;55;6;Yumbo;Valle del Cauca;;Claro Colombia | Fundación Corona | Fundación Nutresa
176147000376;GABO SECUNDARIA;1;Bajo;1219;6.863;OFICIAL;URBANA;0;409;511;299;0;Cartago;50;5;Cartago;Valle del Cauca;SI;Red Papaz
119821000031;I.E. TORIBIO - SEDE PRINCIPAL;1;Bajo;1218;;OFICIAL;URBANA;76;456;395;148;143;Toribío;47;3;;Cauca;;
166170000256;POPULAR DIOCESANO;3;Crítico;1215;4.0317;OFICIAL;URBANA;77;500;469;169;0;Dosquebradas;47;4;Dosquebradas;Risaralda;SI;Fundación SURA
176001800401;PROGRESANDO JUNTOS;2;Moderado;1214;0.3956;OFICIAL;URBANA;96;727;362;0;29;Cali;17;2;Cali;Valle del Cauca;SI;Fundación Corona
119318000023;NORMAL SUPERIOR NACIONAL LA INMACULADA (SEDE PRINCIPAL);1;Bajo;1198;;OFICIAL;URBANA;72;353;467;214;92;Guapi;58;3;;Cauca;;Red Papaz
176111001031;TULIO ENRIQUE TASCON - SEDE PRINCIPAL;3;Crítico;1194;6.6304;OFICIAL;URBANA;0;0;843;289;62;Guadalajara de Buga;75;5;Buga;Valle del Cauca;SI;Fundación Nutresa
105001002526;INSTITUCION EDUCATIVA SAMUEL BARRIENTOS;1;Bajo;1193;0.3277;OFICIAL;URBANA;0;0;680;235;278;Medellín;39;3;Medellín;Antioquia;;Fundación Carvajal | Fundación Nutresa
105001012700;INSTITUCION EDUCATIVA SAN PABLO;1;Bajo;1182;0.3247;OFICIAL;URBANA;0;0;832;193;157;Medellín;48;3;Medellín;Antioquia;;Colombia Evidencia Potencial en Educación | Fundación Carvajal
176001002881;INSTITUCION EDUCATIVA TECNICO INDUSTRIAL DIEZ DE MAYO - SEDE PRINCIPAL;2;Moderado;1180;0.3845;OFICIAL;URBANA;0;305;581;254;40;Cali;51;3;Cali;Valle del Cauca;SI;Fundación Nutresa | Fundación Scarpetta Gnecco | Red Papaz
163001002941;CASD HERMOGENES MAZA;2;Moderado;1172;2.8965;OFICIAL;URBANA;0;0;681;491;0;Armenia;79;7;Armenia;Quindio;SI;
105001001252;INSTITUCION EDUCATIVA CRISTOBAL COLON;1;Bajo;1172;0.3219;OFICIAL;URBANA;85;527;407;153;0;Medellín;45;3;Medellín;Antioquia;;Comfama (Caja de Compensación Familiar de Antioquia) | Fundación Carvajal | Fundación Nutresa
141298000426;BARRIOS UNIDOS;2;Moderado;1169;0.9171;OFICIAL;URBANA;52;396;490;119;112;Garzón;44;4;Huila;Huila;SI;
176109000800;JOSE MARIA CABAL;2;Moderado;1169;2.0956;OFICIAL;URBANA;71;461;341;121;175;Buenaventura;67;5;Buenaventura;Valle del Cauca;SI;Fundación Carvajal | Fundación SURA
176001020065;INSTITUCION EDUCATIVA CELMIRA BUENO DE OREJUELA;2;Moderado;1169;0.3809;OFICIAL;URBANA;0;310;522;196;141;Cali;52;3;Cali;Valle del Cauca;SI;Colombia Evidencia Potencial en Educación | Fundación Nutresa | Red Papaz
125769000213;INSTITUCION EDUCATIVA DEPARTAMENTAL RICARDO GONZALEZ;1;Bajo;1169;0.4362;OFICIAL;URBANA;0;329;486;284;70;Subachoque;49;4;Cundinamarca;Cundinamarca;;Claro Colombia | Fundación Alquería Cavelier | Fundación Nutresa
105001002135;INSTITUCION EDUCATIVA RAMON MUNERA LOPERA;1;Bajo;1168;0.3208;OFICIAL;URBANA;64;453;481;170;0;Medellín;38;3;Medellín;Antioquia;;Fundación Nutresa | Fundación SURA
141001004398;JOSE EUSTACIO RIVERA;1;Bajo;1167;1.7299;OFICIAL;URBANA;0;0;845;322;0;Neiva;57;5;Neiva;Huila;SI;
317001001934;COLEGIO SEMINARIO REDENTORISTA SAN CLEMENTE MARIA HOFBAUER;1;Bajo;1156;2.4334;NO OFICIAL;URBANA;59;398;497;202;0;Manizales;;;Manizales;Caldas;SI;
141001005301;ENRIQUE OLAYA HERRERA;1;Bajo;1154;1.7106;OFICIAL;URBANA;70;423;400;88;173;Neiva;49;4;Neiva;Huila;SI;Red Papaz
176147000236;NACIONAL ACADEMICO;2;Moderado;1152;6.4858;OFICIAL;URBANA;63;301;468;228;92;Cartago;45;5;Cartago;Valle del Cauca;SI;Red Papaz
125899000657;I.E.M. LICEO INTEGRADO - SEDE PRINCIPAL;3;Crítico;1152;4.1449;OFICIAL;URBANA;0;0;813;339;0;Zipaquirá;48;5;Zipaquirá;Cundinamarca;;Cámara de Comercio De Bogotá
176001025946;INSTITUCION EDUCATIVA SANTA ROSA - SEDE PRINCIPAL;2;Moderado;1151;0.375;OFICIAL;URBANA;47;492;403;90;119;Cali;47;3;Cali;Valle del Cauca;SI;Fundación Carvajal
125126000232;INSTITUCION EDUCATIVA DEPARTAMENTAL POMPILIO MARTINEZ;1;Bajo;1147;0.428;OFICIAL;URBANA;77;491;401;178;0;Cajicá;51;4;Cundinamarca;Cundinamarca;;Fundación Corona | Fundación Nutresa | Fundación Santa Isabel
141020000018;JUAN XXIII;2;Moderado;1140;0.8943;OFICIAL;URBANA;0;0;767;291;82;Algeciras;49;5;Huila;Huila;SI;
105001006556;INSTITUCION EDUCATIVA JUAN XXIII;1;Bajo;1140;0.3132;OFICIAL;URBANA;67;500;391;182;0;Medellín;37;4;Medellín;Antioquia;;Comfama (Caja de Compensación Familiar de Antioquia) | Red Papaz
105360000083;INSTITUCION EDUCATIVA SAN JOSE;1;Bajo;1138;3.0423;OFICIAL;URBANA;0;507;488;143;0;Itagüí;39;4;Itagui;Antioquia;SI;Comfama (Caja de Compensación Familiar de Antioquia) | Fundación Nutresa | Periódico El Mundo
125740000346;INSTITUCIÓN EDUCATIVA DEPARTAMENTAL GENERAL SANTANDERAL SANTANDER;2;Moderado;1136;0.4239;OFICIAL;URBANA;0;0;684;357;95;Sibaté;65;5;Cundinamarca;Cundinamarca;;Claro Colombia | Cámara de Comercio De Bogotá | Fundación Corona | Fundación Nutresa
176109005666;ANTONIO NARIÑO;1;Bajo;1133;2.0311;OFICIAL;URBANA;106;411;337;114;165;Buenaventura;42;4;Buenaventura;Valle del Cauca;SI;Fundación Carvajal
176001013310;INSTITUCION EDUCATIVA POLITECNICO MUNICIPAL DE CALI - SEDE PRINCIPAL;2;Moderado;1128;0.3675;OFICIAL;URBANA;0;0;771;357;0;Cali;54;2;Cali;Valle del Cauca;SI;Fundación Nutresa | Red Papaz
166001000026;INST EDUC HANS DREWS ARANGO;3;Crítico;1126;1.4544;OFICIAL;URBANA;69;341;523;193;0;Pereira;60;3;Pereira;Risaralda;;Claro Colombia | Fundación Nutresa | Pereira Cómo Vamos
105001003387;INSTITUCION EDUCATIVA SANTA ROSA DE LIMA;1;Bajo;1122;0.3082;OFICIAL;URBANA;27;173;636;187;99;Medellín;44;3;Medellín;Antioquia;;Fundación Nutresa | Red Papaz
105360001357;INSTITUCION EDUCATIVA LOMA LINDA;1;Bajo;1120;2.9942;OFICIAL;URBANA;132;447;404;137;0;Itagüí;45;4;Itagui;Antioquia;SI;Comfama (Caja de Compensación Familiar de Antioquia) | Natura Cosmeticos Ltda.
108573000051;INSTITUCION EDUCATIVA MARIA MANCILLA SANCHEZ;2;Moderado;1114;0.8925;OFICIAL;URBANA;0;373;520;177;44;Puerto Colombia;49;4;Atlántico;Atlántico;;
176001001796;INSTITUCION EDUCATIVA TECNICO COMERCIAL JOSE MARIA VIVAS BALCAZAR;2;Moderado;1113;0.3627;OFICIAL;URBANA;0;0;734;329;50;Cali;54;4;Cali;Valle del Cauca;SI;Fundación Nutresa | Fundación Scarpetta Gnecco | Red Papaz
276520001111;ROGERIO VASQUEZ NIEVA;2;Moderado;1113;2.258;OFICIAL;RURAL;0;429;563;92;29;Palmira;46;2;Palmira;Valle del Cauca;;
105001021199;INSTITUCION EDUCATIVA LA INDEPENDENCIA;1;Bajo;1107;0.3041;OFICIAL;URBANA;0;0;711;178;218;Medellín;41;3;Medellín;Antioquia;;Colombia Evidencia Potencial en Educación | Fundación Incolmotos Yamaha | Fundación Nutresa
152001800405;SEDE LA AURORA;1;Bajo;1107;1.8691;OFICIAL;URBANA;164;943;0;0;0;Pasto;;;Pasto;Nariño;;
105001026361;INSTITUCION EDUCATIVA JESUS MARIA VALLE;1;Bajo;1103;0.303;OFICIAL;URBANA;59;447;440;131;26;Medellín;41;3;Medellín;Antioquia;;
176109000834;COLEGIO SAN VICENTE;2;Moderado;1102;1.9755;OFICIAL;URBANA;95;328;430;191;58;Buenaventura;56;4;Buenaventura;Valle del Cauca;SI;Fundación Carvajal
127361000137;IE INSTITUTO INTEGRADO SAN PABLO INDUSTRIAL - SEDE PRINCIPAL;2;Moderado;1099;0.965;OFICIAL;URBANA;0;0;823;276;0;Istmina;56;4;Choco;Chocó;SI;CORPORACIÓN CENTRO DE INNOVACIÓN DEL PACÍFICO | Colombia Evidencia Potencial en Educación
176520000454;SAGRADA FAMILIA;2;Moderado;1099;2.2296;OFICIAL;URBANA;38;338;479;244;0;Palmira;44;3;Palmira;Valle del Cauca;;Fundación Nutresa | Red Papaz
176834002559;INSTITUCION EDUCATIVA JUAN MARIA CESPEDES;2;Moderado;1095;3.9721;OFICIAL;URBANA;73;222;531;269;0;Tuluá;22;6;Tuluá;Valle del Cauca;;Fundación Corona
127001000420;SEDE ANEXA AL IE FEMENINA DE ENSEÑANZA MEDIA;3;Crítico;1094;2.9783;OFICIAL;URBANA;145;949;0;0;0;Quibdó;36;;Quibdó;Chocó;SI;
125612000139;INSTITUCION EDUCATIVA DEPARTAMENTAL ANTONIO RICAURTE;2;Moderado;1090;0.4067;OFICIAL;URBANA;60;355;399;176;100;Ricaurte;43;4;Cundinamarca;Cundinamarca;;Claro Colombia | Fundación Alquería Cavelier | Fundación Nutresa
266001001752;INSTITUCION EDUCATIVA GABRIEL TRUJILLO;3;Crítico;1090;1.4079;OFICIAL;RURAL;89;445;353;134;69;Pereira;48;3;Pereira;Risaralda;;
150001000961;INSTITUTO TECNICO INDUSTRIAL;1;Bajo;1089;1.1351;OFICIAL;URBANA;0;0;662;341;86;Villavicencio;52;4;Villavicencio;Meta;;
105001005525;INSTITUCION EDUCATIVA ENRIQUE OLAYA HERRERA;1;Bajo;1088;0.2989;OFICIAL;URBANA;66;444;435;143;0;Medellín;39;3;Medellín;Antioquia;;Comfama (Caja de Compensación Familiar de Antioquia) | Fundación Nutresa | Red Papaz
105079000082;I. E. LUIS EDUARDO ARIAS REINEL;2;Moderado;1087;0.2505;OFICIAL;URBANA;92;411;422;162;0;Barbosa;54;4;Antioquia;Antioquia;;Comfama (Caja de Compensación Familiar de Antioquia) | Fundación Nutresa | Parque Explora
105001010588;INSTITUCION EDUCATIVA FE Y ALEGRIA LA CIMA;1;Bajo;1087;0.2986;OFICIAL;URBANA;0;0;790;297;0;Medellín;55;5;Medellín;Antioquia;;Fundación Carvajal | Fundación Nutresa
176001007166;INSTITUCION EDUCATIVA TECNICO INDUSTRIAL JOSE MARIA CARBONELL;2;Moderado;1082;0.3526;OFICIAL;URBANA;0;0;765;300;17;Cali;33;2;Cali;Valle del Cauca;SI;Red Papaz
166001002339;INSTITUCION EDUCATIVA INEM FELIPE PEREZ;3;Crítico;1082;1.3976;OFICIAL;URBANA;46;340;440;256;0;Pereira;73;4;Pereira;Risaralda;SI;
176364800152;INSTITUCION EDUCATIVA FARALLONES - SEDE PRINCIPAL;2;Moderado;1081;3.9056;OFICIAL;URBANA;48;598;348;87;0;Jamundí;47;3;Jamundí;Valle del Cauca;SI;
176520000527;IE SAN VICENTE;1;Bajo;1079;2.189;OFICIAL;URBANA;0;0;760;319;0;Palmira;46;4;Palmira;Valle del Cauca;;Fundación Nutresa
163001002348;LUIS CARLOS GALAN SARMIENTO;2;Moderado;1078;2.6642;OFICIAL;URBANA;148;490;440;0;0;Armenia;29;;Armenia;Quindio;SI;
105148000944;COLEGIO NOCTURNO EL CARMEN;1;Bajo;1078;0.2484;OFICIAL;URBANA;0;0;751;327;0;El Carmen de Viboral;37;1;Antioquia;Antioquia;;
105001005878;INSTITUCION EDUCATIVA FRANCISCO MIRANDA;1;Bajo;1078;0.2961;OFICIAL;URBANA;0;229;521;130;198;Medellín;42;4;Medellín;Antioquia;;Colombia Evidencia Potencial en Educación | Comfama (Caja de Compensación Familiar de Antioquia) | Fundación Carvajal | Fundación Nutresa
166001003505;INSTITUCION EDUCATIVA LUIS CARLOS GONZALEZ MEJIA;3;Crítico;1074;1.3873;OFICIAL;URBANA;40;428;412;194;0;Pereira;43;3;Pereira;Risaralda;SI;Red Papaz
105001011606;INSTITUCION EDUCATIVA HORACIO MUÑOZ SUESCUN;1;Bajo;1074;0.295;OFICIAL;URBANA;60;305;381;177;151;Medellín;45;3;Medellín;Antioquia;;Red Papaz
105001025844;INSTITUCION EDUCATIVA ANTONIO DERKA - SANTO DOMINGO;1;Bajo;1072;0.2945;OFICIAL;URBANA;0;0;644;428;0;Medellín;56;5;Medellín;Antioquia;;Fundación Carvajal | Fundación Gente Unida
227073000241;IE INDÍGENA LUIS ENRIQUE ARCE DE AGUASAL - SEDE PRINCIPAL;3;Crítico;1071;0.9404;OFICIAL;RURAL;43;216;559;253;0;Bagadó;14;;Choco;Chocó;SI;
163401000093;INST TEBAIDA;3;Crítico;1071;2.9503;OFICIAL;URBANA;41;358;285;107;280;La Tebaida;40;3;Quindio;Quindio;;
105001006181;INSTITUCION EDUCATIVA PEDRO OCTAVIO AMADO;1;Bajo;1067;0.2931;OFICIAL;URBANA;89;490;336;152;0;Medellín;39;3;Medellín;Antioquia;;Fundación Nutresa | Parque Explora
176001002253;INSTITUCION EDUCATIVA NORMAL SUPERIOR LOS FARALLONES;2;Moderado;1064;0.3467;OFICIAL;URBANA;0;0;647;269;148;Cali;60;6;Cali;Valle del Cauca;SI;Claro Colombia | Red Papaz
105001008389;INSTITUCION EDUCATIVA GABRIELA GOMEZ CARVAJAL;1;Bajo;1063;0.292;OFICIAL;URBANA;0;327;544;192;0;Medellín;44;3;Medellín;Antioquia;;
105001002895;INSTITUCION EDUCATIVA FRANCISCO ANTONIO ZEA;1;Bajo;1062;0.2917;OFICIAL;URBANA;19;246;548;249;0;Medellín;42;2;Medellín;Antioquia;;Colombia Evidencia Potencial en Educación | Comfama (Caja de Compensación Familiar de Antioquia) | Red Papaz
105001006092;INSTITUCION EDUCATIVA JULIO CESAR GARCIA;1;Bajo;1062;0.2917;OFICIAL;URBANA;44;475;401;142;0;Medellín;37;5;Medellín;Antioquia;;Comfama (Caja de Compensación Familiar de Antioquia) | Parque Explora
105154002274;I. E. ESCUELA NORMAL SUPERIOR DEL BAJO CAUCA;2;Moderado;1061;0.2445;OFICIAL;URBANA;78;432;360;94;97;Caucasia;44;3;Antioquia;Antioquia;;Fundación Nutresa
166001000069;INSTITUCION EDUCATIVA CARLOTA SANCHEZ;3;Crítico;1058;1.3666;OFICIAL;URBANA;45;352;402;116;143;Pereira;48;2;Pereira;Risaralda;;
105837006194;I.E. ESCUELA NORMAL SUPERIOR DE URABA;2;Moderado;1057;2.8233;OFICIAL;URBANA;51;155;585;213;53;Turbo;52;5;Turbo;Antioquia;SI;Comfama (Caja de Compensación Familiar de Antioquia) | Fundación Carvajal
176109000311;LAS AMERICAS;2;Moderado;1057;1.8948;OFICIAL;URBANA;105;171;504;216;61;Buenaventura;92;7;Buenaventura;Valle del Cauca;SI;Fundación Carvajal
205172000062;INSTITUTO AGRICOLA URABA-CHIGORODO;2;Moderado;1056;0.2433;OFICIAL;RURAL;0;0;800;256;0;Chigorodó;52;4;Antioquia;Antioquia;;Comfama (Caja de Compensación Familiar de Antioquia) | Fundación Postobón
105001026719;INSTITUCION EDUCATIVA RODRIGO ARENAS BENTANCUR - SEDE PRINCIPAL;1;Bajo;1052;0.289;OFICIAL;URBANA;64;382;347;121;138;Medellín;40;3;Medellín;Antioquia;;Colombia Evidencia Potencial en Educación | Comfama (Caja de Compensación Familiar de Antioquia) | Fundación Nutresa
205001019491;SECCION ESCUELA ANTONIO DERKA;1;Bajo;1051;0.2887;OFICIAL;URBANA;120;832;0;0;99;Medellín;30;2;Medellín;Antioquia;;Comfama (Caja de Compensación Familiar de Antioquia)
105042000180;LICEO SAN LUIS GONZAGA;2;Moderado;1049;0.2417;OFICIAL;URBANA;0;0;719;330;0;Santa Fé de Antioquia;44;5;Antioquia;Antioquia;SI;Comfama (Caja de Compensación Familiar de Antioquia) | Fundación Nutresa
119698001698;LICEO LIMBANIA VELASCO (sede principal);3;Crítico;1047;;OFICIAL;URBANA;82;492;350;123;0;Santander de Quilichao;41;1;;Cauca;;
305001018839;INSTITUCION EDUCATIVA MADRE LAURA;1;Bajo;1047;0.2876;OFICIAL;URBANA;86;465;358;138;0;Medellín;32;;Medellín;Antioquia;;Comfama (Caja de Compensación Familiar de Antioquia)
176400000019;SAN JOSE;2;Moderado;1045;0.803;OFICIAL;URBANA;95;325;488;137;0;La Unión;48;3;Valle;Valle del Cauca;SI;Fundación Carvajal
205001001672;INSTITUCION EDUCATIVA MONSEÑOR VICTOR WIEDEMANN;1;Bajo;1045;0.2871;OFICIAL;URBANA;48;319;461;217;0;Medellín;48;2;Medellín;Antioquia;;Colombia Evidencia Potencial en Educación | Comfama (Caja de Compensación Familiar de Antioquia) | Red Papaz
105079000015;I. E. MANUEL JOSE CAICEDO;2;Moderado;1043;0.2403;OFICIAL;URBANA;134;395;395;119;0;Barbosa;49;3;Antioquia;Antioquia;;Comfama (Caja de Compensación Familiar de Antioquia) | Fundación Carvajal
117001001919;INSTITUCIÓN EDUCATIVA INSTITUTO MANIZALES;2;Moderado;1042;2.1935;OFICIAL;URBANA;95;470;316;87;74;Manizales;55;4;Manizales;Caldas;SI;Fundación Corona | Fundación Luker
105001026549;INSTITUCION EDUCATIVA BELLO ORIENTE;1;Bajo;1042;0.2862;OFICIAL;URBANA;53;175;510;156;148;Medellín;40;3;Medellín;Antioquia;;Colombia Evidencia Potencial en Educación
317001000075;INSTITUCIÓN EDUCATIVA COLEGIO DE CRISTO;3;Crítico;1040;2.1892;OFICIAL;URBANA;66;401;396;177;0;Manizales;44;2;Manizales;Caldas;SI;Fundación Corona | Fundación Luker
105045001667;INSTITUCIÓN EDUCATIVA LA PAZ;1;Bajo;1040;3.8087;OFICIAL;URBANA;0;502;538;0;0;Apartadó;35;5;Apartado;Antioquia;SI;Comfama (Caja de Compensación Familiar de Antioquia) | Fundación Postobón | Natura Cosmeticos Ltda.
105001025780;INSTITUCION EDUCATIVA PBRO ANTONIO JOSE BERNAL LONDOÑO SJ;1;Bajo;1040;0.2857;OFICIAL;URBANA;70;173;525;272;0;Medellín;48;3;Medellín;Antioquia;;Comfama (Caja de Compensación Familiar de Antioquia) | Fundación Nutresa | Red Papaz
166001000875;INSTITUCION EDUCATIVA AQUILINO BEDOYA;3;Crítico;1040;1.3433;OFICIAL;URBANA;39;321;398;142;140;Pereira;49;3;Pereira;Risaralda;;
205837000379;NUEVA COLONIA;2;Moderado;1038;2.7725;OFICIAL;RURAL;0;210;437;248;143;Turbo;55;3;Turbo;Antioquia;SI;Comfama (Caja de Compensación Familiar de Antioquia) | Fundación Carvajal | Fundación Nutresa
176248000016;SAGRADO CORAZON;3;Crítico;1035;0.7954;OFICIAL;URBANA;0;0;810;225;0;El Cerrito;51;4;Valle;Valle del Cauca;SI;
166001800473;CIUDAD BOQUIA 2;3;Crítico;1035;1.3369;OFICIAL;URBANA;145;890;0;0;0;Pereira;;;Pereira;Risaralda;;
105631000050;I. E. ADELAIDA CORREA ESTRADA;2;Moderado;1032;8.9004;OFICIAL;URBANA;81;474;338;139;0;Sabaneta;42;4;Sabaneta;Antioquia;SI;Fundación Incolmotos Yamaha | Fundación Nutresa
117001003822;INSTITUCIÓN EDUCATIVA ESCUELA NACIONAL AUXILIARES DE ENFERMERIA;3;Crítico;1031;2.1703;OFICIAL;URBANA;0;419;323;289;0;Manizales;49;5;Manizales;Caldas;SI;Colombia Evidencia Potencial en Educación | Fundación Corona | Fundación Luker
105440000467;INSTITUTO TECNICO INDUSTRIAL SIMONA DUQUE;1;Bajo;1031;0.2376;OFICIAL;URBANA;0;0;821;210;0;Marinilla;48;5;Antioquia;Antioquia;;Comfama (Caja de Compensación Familiar de Antioquia) | Corporación Empresarial Del Oriente Antioqueño | Fundación Fraternidad Medellín | Fundación Nutresa
105001002976;INSTITUCION EDUCATIVA LA PIEDAD;1;Bajo;1031;0.2832;OFICIAL;URBANA;55;460;394;122;0;Medellín;37;3;Medellín;Antioquia;;Parque Explora
105001017132;INSTITUCION EDUCATIVA FE Y ALEGRIA SAN JOSE;1;Bajo;1031;0.2832;OFICIAL;URBANA;95;489;303;144;0;Medellín;36;3;Medellín;Antioquia;;Fundación Fraternidad Medellín | Fundación Nutresa
105001000043;INSTITUCION EDUCATIVA BARRIO SANTA CRUZ;1;Bajo;1029;0.2827;OFICIAL;URBANA;54;423;357;94;101;Medellín;36;2;Medellín;Antioquia;;Comfama (Caja de Compensación Familiar de Antioquia) | Fundación Nutresa
166400000315;SE NUESTRA SEÑORA DE LA PRESENTACIÓN - SEDE PRINCIPAL;2;Moderado;1029;2.3187;OFICIAL;URBANA;81;437;363;148;0;La Virginia;41;3;Risaralda;Risaralda;;Fundación Nutresa
105001019429;INSTITUCION EDUCATIVA LUIS CARLOS GALAN SARMIENTO;1;Bajo;1026;0.2818;OFICIAL;URBANA;0;0;785;241;0;Medellín;45;3;Medellín;Antioquia;;Colombia Evidencia Potencial en Educación | Fundación Nutresa
317001001896;COLEGIO SAN LUIS GONZAGA;1;Bajo;1023;2.1535;NO OFICIAL;URBANA;178;437;301;107;0;Manizales;;;Manizales;Caldas;SI;
105001014397;INSTITUCION EDUCATIVA LUIS LOPEZ DE MESA;1;Bajo;1023;0.281;OFICIAL;URBANA;40;297;388;202;96;Medellín;42;3;Medellín;Antioquia;;Fundación Carvajal | Fundación Nutresa
117001002257;INSTITUCIÓN EDUCATIVA LICEO LEON DE GREIFF;3;Crítico;1015;2.1366;OFICIAL;URBANA;65;420;278;102;150;Manizales;45;3;Manizales;Caldas;SI;Fundación Corona | Fundación Luker | Fundación Nutresa
376895000426;PABLO EMILIO CAMACHO;3;Crítico;1015;0.78;OFICIAL;URBANA;0;0;672;257;86;Zarzal;23;;Valle;Valle del Cauca;SI;Claro Colombia
227077000369;IE NUESTRA SEÑORA DEL CARMEN- PUERTO MELUK - SEDE PRINCIPAL;2;Moderado;1014;0.8904;OFICIAL;URBANA;54;365;382;180;33;Medio Baudó;39;3;Choco;Chocó;SI;
105001002780;INSTITUCION EDUCATIVA SAN FRANCISCO DE ASIS;1;Bajo;1014;0.2785;OFICIAL;URBANA;82;489;325;118;0;Medellín;34;3;Medellín;Antioquia;;Fundación Nutresa
166001000735;INSTITUCION EDUCATIVA LESTONNAC;3;Crítico;1014;1.3098;OFICIAL;URBANA;157;528;254;75;0;Pereira;44;3;Pereira;Risaralda;;
205001019318;INSTITUCION EDUCATIVA SAN JOSE OBRERO;1;Bajo;1012;0.278;OFICIAL;RURAL;33;293;438;202;46;Medellín;67;2;Medellín;Antioquia;;Colombia Evidencia Potencial en Educación | Comfama (Caja de Compensación Familiar de Antioquia) | Fundación Carvajal
163401000140;SANTA TERESITA;3;Crítico;1010;2.7822;OFICIAL;URBANA;91;489;311;119;0;La Tebaida;49;3;Quindio;Quindio;;Fundación Nutresa
205001026624;INSTITUCION EDUCATIVA COMPARTIR - SEDE PRINCIPAL;1;Bajo;1010;0.2774;OFICIAL;URBANA;55;434;353;168;0;Medellín;38;2;Medellín;Antioquia;;Comfama (Caja de Compensación Familiar de Antioquia) | Fundación Nutresa
141132000703;EUGENIO FERRO FALLA;2;Moderado;1009;0.7915;OFICIAL;URBANA;0;0;759;250;0;Campoalegre;45;5;Huila;Huila;SI;
166001000476;INSTITUCION EDUCATIVA LA INMACULADA;3;Crítico;1009;1.3033;OFICIAL;URBANA;114;397;380;118;0;Pereira;50;3;Pereira;Risaralda;;Fundación Nutresa | Pereira Cómo Vamos
105001002356;INSTITUCION EDUCATIVA GABRIEL GARCIA MARQUEZ;1;Bajo;1007;0.2766;OFICIAL;URBANA;73;442;384;108;0;Medellín;39;2;Medellín;Antioquia;;Colombia Evidencia Potencial en Educación | Red Papaz
163001002496;CIUDAD DORADA;1;Bajo;1007;2.4887;OFICIAL;URBANA;58;439;361;149;0;Armenia;45;3;Armenia;Quindio;;
105001000302;SECCION ESCUELA ALEJANDRO ECHAVARRIA;1;Bajo;1006;0.2763;OFICIAL;URBANA;153;853;0;0;0;Medellín;28;1;Medellín;Antioquia;;Comfama (Caja de Compensación Familiar de Antioquia)
105001011088;INSTITUCION EDUCATIVA CIUDADELA LAS AMERICAS;1;Bajo;1004;0.2758;OFICIAL;URBANA;69;461;358;116;0;Medellín;43;3;Medellín;Antioquia;;Colombia Evidencia Potencial en Educación | Comfama (Caja de Compensación Familiar de Antioquia) | Fundación Nutresa
105001002267;SECCION ESCUELA SOR MARIA LUISA COURBIN;1;Bajo;1004;0.2758;OFICIAL;URBANA;0;0;793;211;0;Medellín;37;1;Medellín;Antioquia;;
176563000024;ATENEO COMERCIAL FEMENINO;1;Bajo;1003;0.7708;OFICIAL;URBANA;0;0;755;248;0;Pradera;62;2;Valle;Valle del Cauca;SI;Red Papaz
176622000084;NORMAL SUPERIOR JORGE ISAACS;3;Crítico;1003;0.7708;OFICIAL;URBANA;82;316;328;136;141;Roldanillo;45;4;Valle;Valle del Cauca;;Red Papaz
105001003425;INSTITUCION EDUCATIVA JOSE MARIA BRAVO MARQUEZ;1;Bajo;1001;0.275;OFICIAL;URBANA;0;0;618;286;97;Medellín;40;3;Medellín;Antioquia;;Colombia Evidencia Potencial en Educación | Fundación Carvajal | Fundación Nutresa
105001012581;INSTITUCION EDUCATIVA REINO DE BELGICA;1;Bajo;1001;0.275;OFICIAL;URBANA;90;510;309;92;0;Medellín;36;3;Medellín;Antioquia;;
105001000001;INSTITUCION EDUCATIVA FE Y ALEGRIA JOSE MARIA VELAZ;1;Bajo;1000;0.2747;OFICIAL;URBANA;61;499;345;70;25;Medellín;34;3;Medellín;Antioquia;;
105490000018;I. E. EDUARDO ESPITIA ROMERO;2;Moderado;998;0.23;OFICIAL;URBANA;0;329;484;185;0;Necoclí;33;3;Antioquia;Antioquia;;Comfama (Caja de Compensación Familiar de Antioquia)
115759000473;INSTITUCION EDUCATIVA LOS LIBERTADORES;1;Bajo;996;3.9741;OFICIAL;URBANA;71;388;391;146;0;Sogamoso;42;3;Sogamoso;Boyacá;NO;
105001002101;INSTITUCION EDUCATIVA JUAN DE DIOS COCK;1;Bajo;996;0.2736;OFICIAL;URBANA;48;443;356;149;0;Medellín;41;3;Medellín;Antioquia;;Parque Explora
141001004720;EDUARDO SANTOS;1;Bajo;994;1.4734;OFICIAL;URBANA;49;410;434;101;0;Neiva;43;4;Neiva;Huila;SI;Red Papaz
317001001977;COLEGIO MAYOR DE NUESTRA SEÑORA DEL ROSARIO;3;Crítico;993;2.0903;NO OFICIAL;URBANA;40;425;383;145;0;Manizales;;;Manizales;Caldas;SI;
123417001438;INSTITUTO TÉCNICO AGRICOLA - SEDE PRINCIPAL;3;Crítico;993;4.4096;;URBANA;64;339;457;133;0;Lorica;49;3;Lorica;Córdoba;;
105266000207;INSTITUCION EDUCATIVA LETICIA ARANGO DE AVENDAÑO;2;Moderado;992;3.3919;;URBANA;47;364;368;213;0;Envigado;43;3;Envigado;Antioquia;;Periódico El Mundo
115572000348;I.E. JOHN F. KENNEDY - SEDE PRINCIPAL;1;Bajo;991;0.7594;OFICIAL;URBANA;75;406;304;93;113;Puerto Boyacá;40;3;Boyaca;Boyacá;NO;Claro Colombia
176364800054;EL RODEO - SEDE PRINCIPAL;2;Moderado;990;3.5768;OFICIAL;URBANA;51;416;350;134;39;Jamundí;33;3;Jamundí;Valle del Cauca;SI;Natura Cosmeticos Ltda.
105001006246;INSTITUCION EDUCATIVA JORGE ROBLEDO;1;Bajo;990;0.272;OFICIAL;URBANA;62;389;378;143;18;Medellín;42;4;Medellín;Antioquia;;Fundación Carvajal
176520000471;HUMBERTO RAFFO RIVERA;1;Bajo;989;2.0065;OFICIAL;URBANA;0;0;678;311;0;Palmira;51;3;Palmira;Valle del Cauca;SI;Red Papaz
105001002003;INSTITUCION EDUCATIVA SAN ROBERTO BELARMINO;1;Bajo;989;0.2717;OFICIAL;URBANA;51;424;359;155;0;Medellín;35;3;Medellín;Antioquia;;Comfama (Caja de Compensación Familiar de Antioquia) | Fundación SURA
141001001763;AGUSTIN CODAZZI;1;Bajo;988;1.4645;OFICIAL;URBANA;34;350;484;120;0;Neiva;46;4;Neiva;Huila;SI;
176109800059;INSTITUCION EDUCATIVA SAN ANTONIO - SEDE PRINCIPAL;3;Crítico;986;1.7676;OFICIAL;URBANA;80;419;308;79;100;Buenaventura;47;4;Buenaventura;Valle del Cauca;SI;Fundación Carvajal
119573000134;SAGRADO CORAZON (sede principal);1;Bajo;986;;OFICIAL;URBANA;42;233;444;177;90;Puerto Tejada;45;1;;Cauca;;Fundación Colombianitos | Tecnoquimicas S.A.
105664000292;I.E. PADRE ROBERTO ARROYAVE VELEZ;1;Bajo;984;0.2268;OFICIAL;URBANA;58;366;387;173;0;San Pedro de los Milagros;34;3;Antioquia;Antioquia;;Fundación Empresarios por la Educación
225817000098;ESCUELA RURAL VERGANZO;2;Moderado;984;0.3672;OFICIAL;RURAL;146;838;0;0;0;Tocancipá;28;;Cundinamarca;Cundinamarca;;Fundación Bavaria
105001026018;SECCION ESCUELA VILLA NIZA;1;Bajo;983;0.27;OFICIAL;URBANA;65;454;421;0;43;Medellín;27;;Medellín;Antioquia;;
176892000078;MAYOR DE YUMBO;2;Moderado;982;4.3654;OFICIAL;URBANA;63;327;418;165;9;Yumbo;40;3;Yumbo;Valle del Cauca;;Fundación Corona
176109000583;PASCUAL DE ANDAGOYA;2;Moderado;981;1.7586;OFICIAL;URBANA;0;0;617;220;144;Buenaventura;34;5;Buenaventura;Valle del Cauca;SI;Fundación Carvajal
105001013013;INSTITUCION EDUCATIVA EL PICACHITO;1;Bajo;981;0.2695;OFICIAL;URBANA;68;452;333;90;38;Medellín;39;3;Medellín;Antioquia;;Fundación Nutresa | Red Papaz
105001026131;INSTITUCION EDUCATIVA EL PINAL;1;Bajo;981;0.2695;OFICIAL;URBANA;53;271;487;170;0;Medellín;39;3;Medellín;Antioquia;;Fundación Carvajal
176111001104;ACADEMICO - SEDE PRINCIPAL;2;Moderado;980;5.442;OFICIAL;URBANA;90;349;373;168;0;Guadalajara de Buga;60;3;Buga;Valle del Cauca;SI;Fundación Nutresa
105697000069;LICEO PBRO LUIS RODOLFO GOMEZ RAMIREZ;1;Bajo;980;0.2258;OFICIAL;URBANA;1;0;714;265;0;El Santuario;42;4;Antioquia;Antioquia;;Comfama (Caja de Compensación Familiar de Antioquia) | Fundación Fraternidad Medellín
105266000452;INSTITUCION EDUCATIVA LA PAZ;1;Bajo;978;3.344;;URBANA;0;0;668;310;0;Envigado;52;4;Envigado;Antioquia;;Periódico El Mundo
127001000446;I.E. NORMAL SUPERIOR DE QUIBDO - SEDE PRINCIPAL;2;Moderado;977;2.6598;OFICIAL;URBANA;0;0;668;241;68;Quibdó;67;6;Quibdó;Chocó;SI;
105034000014;I. E. SAN JUAN DE LOS ANDES;2;Moderado;976;0.2249;OFICIAL;URBANA;91;443;339;103;0;Andes;42;3;Antioquia;Antioquia;SI;Comfama (Caja de Compensación Familiar de Antioquia)
141551002066;NELSON CARVAJAL;2;Moderado;976;3.1266;OFICIAL;URBANA;148;828;0;0;0;Pitalito;30;1;Pitalito;Huila;;
105001025992;INSTITUCION EDUCATIVA NICANOR RESTREPO SANTAMARIA;1;Bajo;974;0.2676;OFICIAL;URBANA;37;375;396;140;26;Medellín;41;2;Medellín;Antioquia;;Comfama (Caja de Compensación Familiar de Antioquia) | Fundación Carvajal | Fundación Nutresa
117614000753;INSTITUCION EDUCATIVA ESCUELA NORMAL SUPERIOR SAGRADO CORAZON - SEDE PRINCIPAL;1;Bajo;973;1.2113;;URBANA;94;313;394;172;0;Riosucio;44;4;Caldas;Caldas;;Caja de Compensación Familiar de Caldas
105001015831;INSTITUCION EDUCATIVA VALLEJUELOS;1;Bajo;972;0.267;OFICIAL;URBANA;55;389;338;136;54;Medellín;34;3;Medellín;Antioquia;;Fundación Carvajal | Fundación Nutresa
105360000628;INSTITUCION EDUCATIVA AVELINO SALDARRIAGA;2;Moderado;971;2.5958;OFICIAL;URBANA;40;233;444;163;91;Itagüí;38;4;Itagui;Antioquia;SI;Comfama (Caja de Compensación Familiar de Antioquia) | Fundación Carvajal
176892000159;ANTONIA SANTOS;1;Bajo;971;4.3165;OFICIAL;URBANA;44;348;443;136;0;Yumbo;46;3;Yumbo;Valle del Cauca;;Claro Colombia | Fundación Carvajal | Fundación Corona | Fundación Mixta Univalle Yumbo
105001007978;INSTITUCION EDUCATIVA PABLO NERUDA;1;Bajo;970;0.2665;OFICIAL;URBANA;60;249;437;204;20;Medellín;49;3;Medellín;Antioquia;;Comfama (Caja de Compensación Familiar de Antioquia) | Fundación Carvajal | Fundación Nutresa
163594000389;POLICARPA SALAVARRIETA;3;Crítico;968;2.6665;OFICIAL;URBANA;43;225;506;194;0;Quimbaya;55;4;Quindio;Quindio;;
176520800222;MEGACOLEGIO DEL SUR;1;Bajo;968;1.9638;OFICIAL;URBANA;100;401;336;131;0;Palmira;32;2;Palmira;Valle del Cauca;;
176001007131;INSTITUCION EDUCATIVA CARLOS HOLMES TRUJILLO - SEDE PRINCIPAL;2;Moderado;966;0.3148;OFICIAL;URBANA;55;294;442;145;30;Cali;72;5;Cali;Valle del Cauca;SI;Fundación Carvajal | Tecnoquimicas S.A.
119809001358;JUSTINIANO OCORO (sede principal);1;Bajo;962;;OFICIAL;URBANA;71;269;390;137;95;Timbiquí;47;4;;Cauca;;
125899000606;SEDE CARRUSEL;1;Bajo;962;3.4613;OFICIAL;URBANA;155;807;0;0;0;Zipaquirá;22;;Zipaquirá;Cundinamarca;;Fundación Alquería Cavelier
205837000531;CENTRAL;2;Moderado;961;2.5668;OFICIAL;RURAL;0;0;552;254;155;Turbo;47;4;Turbo;Antioquia;SI;Comfama (Caja de Compensación Familiar de Antioquia)
105001019143;INSTITUCION EDUCATIVA JORGE ELIECER GAITAN;1;Bajo;961;0.264;OFICIAL;URBANA;52;368;381;160;0;Medellín;34;3;Medellín;Antioquia;;Comfama (Caja de Compensación Familiar de Antioquia) | Fundación Fraternidad Medellín | Fundación Nutresa
105579000909;I. E. ESCUELA NORMAL SUPERIOR DEL MAGDALENA MEDIO;1;Bajo;960;0.2212;OFICIAL;URBANA;56;386;327;147;44;Puerto Berrío;34;3;Antioquia;Antioquia;;
176606000139;NUESTRA SEÑORA DE LA CONSOLACION;3;Crítico;959;0.7369;OFICIAL;URBANA;103;436;420;0;0;Restrepo;20;2;Valle;Valle del Cauca;SI;
166400000153;SE LICEO GABRIELA MISTRAL - SEDE PRINCIPAL;2;Moderado;958;2.1587;OFICIAL;URBANA;0;200;499;259;0;La Virginia;48;3;Risaralda;Risaralda;;FUNDACIÓN PARA EL MEJORAMIENTO DE LA PRODUCTIVIDAD DEL CULTIVO DE CAÑA DE AZUCAR
105360000431;INSTITUCION EDUCATIVA EL ROSARIO;1;Bajo;957;2.5584;OFICIAL;URBANA;81;416;305;87;68;Itagüí;38;3;Itagui;Antioquia;SI;Comfama (Caja de Compensación Familiar de Antioquia) | Fundación Nutresa | Periódico El Mundo
105001001317;INSTITUCION EDUCATIVA MADRE MARIA MAZARELLO;1;Bajo;954;0.2621;OFICIAL;URBANA;66;432;311;145;0;Medellín;32;;Medellín;Antioquia;;Comfama (Caja de Compensación Familiar de Antioquia) | Fundación Incolmotos Yamaha
176318000264;MIGUEL DE CERVANTES SAAVEDRA;2;Moderado;952;0.7316;OFICIAL;URBANA;0;0;496;243;213;Guacarí;52;4;Valle;Valle del Cauca;SI;Fundación Carvajal | Fundación Nutresa
105001005291;INSTITUCION EDUCATIVA CAMPO VALDES;1;Bajo;952;0.2615;OFICIAL;URBANA;47;348;382;129;46;Medellín;39;3;Medellín;Antioquia;;Fundación Nutresa | Red Papaz
105001001660;INSTITUCION EDUCATIVA JOSE ANTONIO GALAN;1;Bajo;951;0.2612;OFICIAL;URBANA;41;330;307;127;146;Medellín;39;3;Medellín;Antioquia;;Colombia Evidencia Potencial en Educación
105376000211;COLEGIO BERNARDO URIBE LONDOÑO;2;Moderado;949;0.2187;OFICIAL;URBANA;29;304;268;192;156;La Ceja;37;4;Antioquia;Antioquia;;Claro Colombia | Comfama (Caja de Compensación Familiar de Antioquia) | Fundación Fraternidad Medellín
176622000076;NUESTRA SEÑORA DE CHIQUINQUIRA;2;Moderado;947;0.7277;OFICIAL;URBANA;0;0;598;274;75;Roldanillo;51;5;Valle;Valle del Cauca;SI;Red Papaz
305001016542;INSTITUCION EDUCATIVA EL TRIUNFO SANTA TERESA;1;Bajo;947;0.2601;OFICIAL;URBANA;54;346;395;152;0;Medellín;47;3;Medellín;Antioquia;;Fundación Nutresa | Parque Explora
276130000288;JOSE EUSEBIO CARO;1;Bajo;945;0.7262;OFICIAL;RURAL;0;0;919;0;26;Candelaria;33;1;Valle;Valle del Cauca;SI;
105837000153;ANGEL MILAN PEREA;2;Moderado;942;2.5161;OFICIAL;URBANA;67;379;373;123;0;Turbo;48;3;Turbo;Antioquia;SI;Fundación Carvajal | Fundación Nutresa
152001001706;I.E.M. LIC CENTRAL DE NARIÑO - SEDE PRINCIPAL;2;Moderado;941;1.5888;OFICIAL;URBANA;54;256;402;229;0;Pasto;45;3;Pasto;Nariño;NO;Claro Colombia
163190000377;SAN JOSÉ;3;Crítico;940;2.5894;OFICIAL;URBANA;63;331;374;172;0;Circasia;40;3;Quindio;Quindio;;
166001004471;INSTITUCION EDUCATIVA VILLA SANTANA;3;Crítico;940;1.2142;OFICIAL;URBANA;99;440;306;70;25;Pereira;49;3;Pereira;Risaralda;;Fundación SURA
219809001387;PUERTO SAIJA (SEDE PRINCIPAL);1;Bajo;938;;OFICIAL;RURAL;53;288;339;109;149;Timbiquí;21;3;;Cauca;;
176109004023;GRANADINOS;1;Bajo;934;1.6743;OFICIAL;URBANA;53;376;307;88;110;Buenaventura;22;;Buenaventura;Valle del Cauca;SI;
105001001635;INSTITUCION EDUCATIVA YERMO Y PARRES;1;Bajo;934;0.2566;OFICIAL;URBANA;0;0;646;288;0;Medellín;34;5;Medellín;Antioquia;;Comfama (Caja de Compensación Familiar de Antioquia) | Fundación Centro Manos de Cristal
176001020359;INSTITUCION EDUCATIVA RAFAEL NAVIA VARON;2;Moderado;931;0.3034;OFICIAL;URBANA;0;0;672;259;0;Cali;53;5;Cali;Valle del Cauca;SI;
150001000979;INSTITUCION EDUCATIVA INEM LUIS LOPEZ DE MESA;1;Bajo;931;0.9704;OFICIAL;URBANA;0;0;602;329;0;Villavicencio;47;5;Villavicencio;Meta;;
105837003870;I.E. SANTA FE;2;Moderado;930;2.484;OFICIAL;URBANA;54;342;364;101;69;Turbo;45;3;Turbo;Antioquia;SI;Comfama (Caja de Compensación Familiar de Antioquia)
105001002488;INSTITUCION EDUCATIVA PEDRO LUIS VILLA;1;Bajo;929;0.2552;OFICIAL;URBANA;45;237;483;164;0;Medellín;46;3;Medellín;Antioquia;;Fundación Nutresa | Red Papaz
176001007115;INSTITUCION EDUCATIVA EL DIAMANTE - SEDE PRINCIPAL;2;Moderado;926;0.3017;OFICIAL;URBANA;23;140;452;226;85;Cali;53;4;Cali;Valle del Cauca;SI;Colombia Evidencia Potencial en Educación | Fundación Carvajal | Tecnoquimicas S.A.
119698000250;CAUCA (sede principal);1;Bajo;925;;OFICIAL;URBANA;74;404;343;104;0;Santander de Quilichao;38;2;;Cauca;;
276306000344;INMACULADA CONCEPCIÓN;2;Moderado;923;0.7093;OFICIAL;URBANA;29;184;426;188;96;Ginebra;10;4;Valle;Valle del Cauca;SI;
173001008821;SEDE 1 FE Y ALEGRIA;2;Moderado;921;0.958;OFICIAL;URBANA;79;312;314;187;29;Ibagué;41;2;Ibague;Tolima;SI;
173349000026;I.E.T. ALFONSO PALACIOS RUDAS - SEDE PRINCIPAL;2;Moderado;921;0.6597;OFICIAL;URBANA;77;314;362;168;0;Honda;48;3;Tolima;Tolima;;
105837000242;I.E. SAN MARTIN DE PORRES;2;Moderado;912;2.436;OFICIAL;URBANA;45;267;467;133;0;Turbo;45;3;Turbo;Antioquia;SI;Comfama (Caja de Compensación Familiar de Antioquia) | Fundación Carvajal
105001001121;INSTITUCION EDUCATIVA JOSE ROBERTO VASQUEZ BARRIO MANRIQUE;1;Bajo;912;0.2505;OFICIAL;URBANA;0;0;605;307;0;Medellín;50;2;Medellín;Antioquia;;Fundación Nutresa | Red Papaz
105001011363;INSTITUCION EDUCATIVA DOCE DE OCTUBRE;1;Bajo;910;0.25;OFICIAL;URBANA;0;0;579;331;0;Medellín;41;3;Medellín;Antioquia;;Comfama (Caja de Compensación Familiar de Antioquia) | Fundación Nutresa | Red Papaz
105001001023;INSTITUCION EDUCATIVA ANTONIO RICAURTE;1;Bajo;907;0.2492;OFICIAL;URBANA;66;397;311;133;0;Medellín;32;3;Medellín;Antioquia;;Colombia Evidencia Potencial en Educación | Comfama (Caja de Compensación Familiar de Antioquia) | Fundación Nutresa | Parque Explora
105001011631;INSTITUCION EDUCATIVA ASAMBLEA DEPARTAMENTAL;1;Bajo;905;0.2486;OFICIAL;URBANA;0;0;649;256;0;Medellín;46;3;Medellín;Antioquia;;Comfama (Caja de Compensación Familiar de Antioquia)
125740000044;CONCENTRACIÓN URBANA GENERAL SANTANDER;2;Moderado;901;0.3362;OFICIAL;URBANA;0;901;0;0;0;Sibaté;17;;Cundinamarca;Cundinamarca;;Claro Colombia | Fundación Alquería Cavelier
125473800010;SEDE LA AMISTAD;2;Moderado;899;3.2372;OFICIAL;URBANA;78;457;283;81;0;Mosquera;30;1;Mosquera;Cundinamarca;SI;
105001001821;INSTITUCION EDUCATIVA NUEVO HORIZONTE - PAULO VI;1;Bajo;898;0.2467;OFICIAL;URBANA;61;195;479;163;0;Medellín;39;3;Medellín;Antioquia;;
105001000205;INSTITUCION EDUCATIVA SAN AGUSTIN;1;Bajo;895;0.2459;OFICIAL;URBANA;59;398;308;130;0;Medellín;32;3;Medellín;Antioquia;;Comfama (Caja de Compensación Familiar de Antioquia) | Fundación Nutresa | Parque Explora
166001001898;INSTITUCION EDUCATIVA MARIA DOLOROSA - FRANCISCO JAVIER;3;Crítico;895;1.156;OFICIAL;URBANA;33;327;356;179;0;Pereira;46;3;Pereira;Risaralda;;
176275001393;ABSALON TORRES CAMACHO;2;Moderado;893;0.6862;OFICIAL;URBANA;0;0;674;189;30;Florida;60;5;Valle;Valle del Cauca;SI;Red Papaz
250001007170;SEDE CAMPESTRE;1;Bajo;891;0.9287;OFICIAL;URBANA;0;0;657;234;0;Villavicencio;35;;Villavicencio;Meta;;
117777000726;INSTITUCION EDUCATIVA FRANCISCO JOSE DE CALDAS - SEDE PRINCIPAL;2;Moderado;891;1.1092;;URBANA;59;105;367;126;234;Supía;37;3;Caldas;Caldas;;
266001001094;INSTITUCION EDUCATIVA SAN JOAQUIN;3;Crítico;889;1.1483;OFICIAL;URBANA;30;417;317;125;0;Pereira;39;4;Pereira;Risaralda;SI;
105001012696;INSTITUCION EDUCATIVA ALFONSO LOPEZ PUMAREJO;1;Bajo;889;0.2442;OFICIAL;URBANA;0;0;626;263;0;Medellín;45;4;Medellín;Antioquia;;Red Papaz
125286800104;CONCENTRACION URBANA SAN MARCOS;1;Bajo;888;4.8789;OFICIAL;URBANA;150;703;24;0;11;Funza;32;;Funza;Cundinamarca;SI;
119001000559;SEDE CRISTO REY;2;Moderado;886;1.5527;OFICIAL;URBANA;76;397;287;126;0;Popayán;31;1;Popayán;Cauca;SI;
317001000318;INSTITUTO TECNICO SAN RAFAEL;3;Crítico;885;1.863;NO OFICIAL;URBANA;60;292;363;170;0;Manizales;;;Manizales;Caldas;SI;
105001007421;INSTITUCION EDUCATIVA OCTAVIO CALDERON MEJIA;1;Bajo;885;0.2431;OFICIAL;URBANA;45;309;360;171;0;Medellín;40;3;Medellín;Antioquia;;Colombia Evidencia Potencial en Educación | Comfama (Caja de Compensación Familiar de Antioquia)
125151000531;INSTITUCION EDUCATIVA DEPARTAMENTAL URBANA;2;Moderado;885;0.3302;OFICIAL;URBANA;0;0;565;236;84;Cáqueza;41;4;Cundinamarca;Cundinamarca;;Fundación Alquería Cavelier
225307000824;INSTITUCIÓN EDUCATIVA TECNICA FRANCISCO MANZANERA HENRIQUEZ - SEDE PRINCIPAL;2;Moderado;885;4.8771;OFICIAL;URBANA;0;0;520;196;169;Girardot;37;4;Girardot;Cundinamarca;;
105001005495;INSTITUCION EDUCATIVA REPUBLICA DE URUGUAY;1;Bajo;883;0.2426;OFICIAL;URBANA;29;268;375;194;17;Medellín;41;3;Medellín;Antioquia;;Fundación Nutresa
176520002279;LA MILAGROSA;1;Bajo;882;1.7894;OFICIAL;URBANA;0;364;301;217;0;Palmira;34;3;Palmira;Valle del Cauca;SI;
117001001731;INSTITUCIÓN EDUCATIVA ESCUELA NORMAL SUPERIOR DE CALDAS SEDE A;1;Bajo;881;1.8545;OFICIAL;URBANA;0;881;0;0;0;Manizales;26;;Manizales;Caldas;SI;
119548000260;PIENDAMO (sede principal);3;Crítico;881;;OFICIAL;URBANA;38;266;400;177;0;Piendamó - Tunía;42;3;;Cauca;;
119573000207;FIDELINA ECHEVERRY (sede principal);3;Crítico;881;;OFICIAL;URBANA;0;0;632;249;0;Puerto Tejada;47;5;;Cauca;;Fundación Colombianitos | Fundación Nutresa
105360000474;INSTITUCION EDUCATIVA FELIPE DE RESTREPO;1;Bajo;876;2.3419;OFICIAL;URBANA;74;326;322;154;0;Itagüí;43;3;Itagui;Antioquia;SI;Comfama (Caja de Compensación Familiar de Antioquia) | Fundación Nutresa
105172000238;I.E. GONZALO MEJIA;2;Moderado;876;0.2019;OFICIAL;URBANA;60;381;299;136;0;Chigorodó;30;2;Antioquia;Antioquia;;Claro Colombia | Fundación Postobón | Red Papaz
176895000109;NUESTRA SEÑORA DE LAS MERCEDES;3;Crítico;876;0.6732;OFICIAL;URBANA;0;0;363;188;325;Zarzal;48;4;Valle;Valle del Cauca;;Red Papaz
105148000308;I. E. FRAY JULIO TOBON;1;Bajo;875;0.2016;OFICIAL;URBANA;0;455;277;0;143;El Carmen de Viboral;20;5;Antioquia;Antioquia;SI;Claro Colombia | Comfama (Caja de Compensación Familiar de Antioquia) | Fundación Fraternidad Medellín
105001001473;INSTITUCION EDUCATIVA MANUELA BELTRAN;1;Bajo;873;0.2398;OFICIAL;URBANA;0;202;513;128;30;Medellín;34;3;Medellín;Antioquia;;Fundación Nutresa
105001005380;INSTITUCION EDUCATIVA MANUEL URIBE ANGEL;1;Bajo;869;0.2387;OFICIAL;URBANA;49;131;496;193;0;Medellín;35;4;Medellín;Antioquia;;Fundación Nutresa | Red Papaz
125743000401;INSTITUCION EDUCATIVA DEPARTAMENTAL SANTA INÉS;2;Moderado;869;0.3243;OFICIAL;URBANA;0;0;510;229;130;Silvania;39;4;Cundinamarca;Cundinamarca;;Cámara de Comercio De Bogotá | Fundación Alquería Cavelier | Fundación Nutresa
266001004913;INST EDUC JOSE ANTONIO GALAN;3;Crítico;869;1.1225;OFICIAL;RURAL;36;177;361;167;128;Pereira;54;4;Pereira;Risaralda;;Fundación Fanalca | Fundación Frisby
119698000080;FERNANDEZ GUERRA (sede principal);1;Bajo;868;;OFICIAL;URBANA;0;0;618;250;0;Santander de Quilichao;51;3;;Cauca;;
105607000022;I. E. IGNACIO BOTERO VALLEJO;2;Moderado;868;0.2;OFICIAL;URBANA;0;233;402;168;65;Retiro;48;4;Antioquia;Antioquia;;Comfama (Caja de Compensación Familiar de Antioquia) | Fundación Fraternidad Medellín
176892000108;JUAN XXIII;2;Moderado;867;3.8542;OFICIAL;URBANA;69;375;287;105;31;Yumbo;39;2;Yumbo;Valle del Cauca;;Claro Colombia | Fundación Corona | Fundación Nutresa
376364000804;COL GIMNASIO MODERNO DEL VALLE;2;Moderado;864;3.1216;NO OFICIAL;URBANA;71;332;305;156;0;Jamundí;;;Jamundí;Valle del Cauca;SI;Fundación Nutresa
105001009695;INSTITUCION EDUCATIVA SAN JUAN BOSCO;1;Bajo;864;0.2373;OFICIAL;URBANA;94;452;227;91;0;Medellín;37;2;Medellín;Antioquia;;Comfama (Caja de Compensación Familiar de Antioquia) | Fundación Fraternidad Medellín
105665000041;LICEO SAN PEDRO DE URABA;2;Moderado;863;0.1989;OFICIAL;URBANA;42;1;544;276;0;San Pedro de Urabá;43;4;Antioquia;Antioquia;SI;Comfama (Caja de Compensación Familiar de Antioquia) | Parque Explora
105001001571;SECCION ESCUELA FE Y ALEGRIA POPULAR NO. 2;1;Bajo;863;0.2371;OFICIAL;URBANA;113;697;0;0;53;Medellín;17;1;Medellín;Antioquia;;
176001020693;INSTITUCION EDUCATIVA HUMBERTO JORDAN MAZUERA - SEDE PRINCIPAL;2;Moderado;860;0.2802;OFICIAL;URBANA;49;299;291;92;129;Cali;45;4;Cali;Valle del Cauca;SI;Claro Colombia | Fundación Carvajal | Tecnoquimicas S.A.
363470000282;SANTA MARÍA GORETTI;2;Moderado;856;2.358;OFICIAL;URBANA;99;353;290;114;0;Montenegro;38;2;Quindio;Quindio;;
105854000302;I. E. VALDIVIA;2;Moderado;854;0.1968;OFICIAL;URBANA;32;301;311;113;97;Valdivia;39;3;Antioquia;Antioquia;;Fundación Nutresa
105001001848;INSTITUCION EDUCATIVA SOR JUANA INES DE LA CRUZ;1;Bajo;854;0.2346;OFICIAL;URBANA;0;370;372;112;0;Medellín;20;1;Medellín;Antioquia;;Comfama (Caja de Compensación Familiar de Antioquia) | Fundación Carvajal
105001006718;INSTITUCION EDUCATIVA ASIA IGNACIANA;1;Bajo;854;0.2346;OFICIAL;URBANA;0;0;606;248;0;Medellín;41;2;Medellín;Antioquia;;Comfama (Caja de Compensación Familiar de Antioquia) | Fundación Nutresa | Red Papaz
176001001753;INSTITUCION EDUCATIVA TECNICA INDUSTRIAL ANTONIO JOSE CAMACHO;2;Moderado;853;0.2779;OFICIAL;URBANA;0;0;550;303;0;Cali;67;3;Cali;Valle del Cauca;SI;Fundación Nutresa | Fundación Scarpetta Gnecco
163130000718;ANTONIO NARIÑO;1;Bajo;853;2.3497;OFICIAL;URBANA;79;314;326;134;0;Calarcá;43;3;Quindio;Quindio;;
105001000132;INSTITUCION EDUCATIVA JOSE MARIA BERNAL;1;Bajo;850;0.2335;OFICIAL;URBANA;43;365;312;130;0;Medellín;30;2;Medellín;Antioquia;;Comfama (Caja de Compensación Familiar de Antioquia) | Fundación Fraternidad Medellín | Fundación Nutresa
205001009797;INSTITUCION EDUCATIVA MANUEL J. BETANCUR;1;Bajo;849;0.2332;OFICIAL;URBANA;25;133;486;205;0;Medellín;38;2;Medellín;Antioquia;;Colombia Evidencia Potencial en Educación | Comfama (Caja de Compensación Familiar de Antioquia) | Fundación Nutresa
117873000982;INSTITUCION EDUCATIVA SAN PEDRO CLAVER - SEDE PRINCIPAL;1;Bajo;849;1.057;;URBANA;42;301;354;152;0;Villamaría;36;3;Caldas;Caldas;;
105001011061;INSTITUCION EDUCATIVA JOSE ASUNCION SILVA;1;Bajo;848;0.2329;OFICIAL;URBANA;36;298;311;165;38;Medellín;37;3;Medellín;Antioquia;;Comfama (Caja de Compensación Familiar de Antioquia) | Fundación Nutresa
173283000020;I.E.T. NIÑA MARIA - SEDE PRINCIPAL;1;Bajo;848;0.6074;OFICIAL;URBANA;74;257;360;157;0;Fresno;35;3;Tolima;Tolima;;
105761000329;COLEGIO JOSE MARIA VILLA;2;Moderado;847;0.1952;OFICIAL;URBANA;74;239;282;107;145;Sopetrán;21;3;Antioquia;Antioquia;;Comfama (Caja de Compensación Familiar de Antioquia) | Fundación Nutresa
105001011711;INSTITUCION EDUCATIVA VILLA DE LA CANDELARIA;1;Bajo;846;0.2324;OFICIAL;URBANA;58;382;286;120;0;Medellín;34;3;Medellín;Antioquia;;Comfama (Caja de Compensación Familiar de Antioquia) | Fundación Nutresa
176001004221;ELEAZAR LIBREROS;2;Moderado;844;0.275;OFICIAL;URBANA;0;44;488;191;121;Cali;10;1;Cali;Valle del Cauca;SI;Colombia Evidencia Potencial en Educación
163401000115;LUIS ARANGO CARDONA;1;Bajo;843;2.3222;OFICIAL;URBANA;55;374;312;102;0;La Tebaida;38;3;Quindio;Quindio;;
176248000024;JORGE ISAACS;1;Bajo;842;0.647;OFICIAL;URBANA;0;0;524;186;132;El Cerrito;32;2;Valle;Valle del Cauca;SI;Fundación Carvajal
117001005981;INSTITUCIÓN EDUCATIVA FE Y ALEGRIA LA PAZ;1;Bajo;840;1.7682;OFICIAL;URBANA;0;0;586;254;0;Manizales;52;6;Manizales;Caldas;SI;Fundación Corona | Fundación Luker | Universidad Icesi
105034001207;I. E. MARIA AUXILIADORA;2;Moderado;837;0.1929;OFICIAL;URBANA;84;353;289;111;0;Andes;32;3;Antioquia;Antioquia;SI;Fundación Fraternidad Medellín
176109000176;INSTITUCION EDUCATIVA SAN RAFAEL;2;Moderado;837;1.5005;OFICIAL;URBANA;40;287;256;86;168;Buenaventura;40;3;Buenaventura;Valle del Cauca;SI;Fundación Carvajal
105172007526;E U I BRISAS DE LA CASTELLANA;2;Moderado;836;0.1926;OFICIAL;URBANA;88;427;259;62;0;Chigorodó;23;;Antioquia;Antioquia;;Comfama (Caja de Compensación Familiar de Antioquia)
105001002119;INSTITUCION EDUCATIVA MARCO FIDEL SUAREZ;1;Bajo;836;0.2296;OFICIAL;URBANA;0;0;540;252;44;Medellín;49;3;Medellín;Antioquia;;Colombia Evidencia Potencial en Educación | Fundación Carvajal
176364001801;NUESTRA SEÑORA DEL PORTAL;1;Bajo;835;3.0168;OFICIAL;URBANA;171;664;0;0;0;Jamundí;23;;Jamundí;Valle del Cauca;SI;
176001014359;INSTITUCION EDUCATIVA LA ANUNCIACION - SEDE PRINCIPAL;2;Moderado;835;0.2721;OFICIAL;URBANA;34;295;327;103;76;Cali;45;4;Cali;Valle del Cauca;SI;Claro Colombia | Colombia Evidencia Potencial en Educación | Fundación Nutresa | Fundación Scarpetta Gnecco | Tecnoquimicas S.A.
127361002377;SEDE ANEXA NORMAL SAN PIO X;2;Moderado;834;0.7323;OFICIAL;URBANA;86;748;0;0;0;Istmina;27;;Choco;Chocó;SI;
163001001325;INEM JOSE CELESTINO MUTIS;2;Moderado;832;2.0562;OFICIAL;URBANA;17;236;347;155;77;Armenia;51;3;Armenia;Quindio;;Fundación Nutresa
105001021547;INSTITUCION EDUCATIVA VILLA FLORA;1;Bajo;830;0.228;OFICIAL;URBANA;44;362;294;130;0;Medellín;32;3;Medellín;Antioquia;;Comfama (Caja de Compensación Familiar de Antioquia)
176275000095;POLICARPA SALAVARRIETA;2;Moderado;829;0.6371;OFICIAL;URBANA;0;560;269;0;0;Florida;18;1;Valle;Valle del Cauca;SI;Natura Cosmeticos Ltda.
219473006636;I.E.DPTAL INDG MISAK MISAK ALA KUSREINUK MINGA EDUCATIVA INTERCULTURAL KURAK CHAK;1;Bajo;827;;OFICIAL;RURAL;47;337;329;114;0;Morales;49;4;;Cauca;;
205001018745;INSTITUCION EDUCATIVA EL LIMONAR;1;Bajo;821;0.2255;OFICIAL;RURAL;59;366;282;74;40;Medellín;34;2;Medellín;Antioquia;;Comfama (Caja de Compensación Familiar de Antioquia) | Fundación Carvajal
119473000081;FRANCISCO ANTONIO RADA (sede principal);2;Moderado;820;;OFICIAL;URBANA;0;0;565;194;61;Morales;45;4;;Cauca;;Fundación Carvajal
105001800163;SECCION ESCUELA LAS PLAYAS;1;Bajo;820;0.2253;OFICIAL;URBANA;70;206;230;125;189;Medellín;5;;Medellín;Antioquia;;Comfama (Caja de Compensación Familiar de Antioquia)
317001001616;COLEGIO SEMINARIO MENOR DE NUESTRA SEÑORA DEL ROSARIO;3;Crítico;819;1.724;NO OFICIAL;URBANA;49;290;338;142;0;Manizales;;;Manizales;Caldas;SI;
317001001861;LICEO ARQUIDIOCESANO DE NUESTRA SEÑORA;3;Crítico;819;1.724;NO OFICIAL;URBANA;37;248;333;201;0;Manizales;;;Manizales;Caldas;SI;
105001007609;SECCION ESCUELA CLODOMIRO RAMIREZ;1;Bajo;819;0.225;OFICIAL;URBANA;98;721;0;0;0;Medellín;24;1;Medellín;Antioquia;;Comfama (Caja de Compensación Familiar de Antioquia)
176520000489;LICEO FEMENINO;2;Moderado;818;1.6595;OFICIAL;URBANA;0;110;516;192;0;Palmira;43;4;Palmira;Valle del Cauca;SI;Claro Colombia | Fundación Nutresa
152001000360;CONCEN ESCOLAR MIRAFLORES;1;Bajo;815;1.3761;OFICIAL;URBANA;90;648;0;0;77;Pasto;20;;Pasto;Nariño;NO;
105266000363;INSTITUCION EDUCATIVA ALEJANDRO VELEZ BARRIENTOS;2;Moderado;815;2.7867;;URBANA;38;300;332;145;0;Envigado;32;2;Envigado;Antioquia;;Fundación Carvajal
105001005339;INSTITUCION EDUCATIVA MONSEÑOR FRANCISCO CRISTOBAL TORO;1;Bajo;814;0.2236;OFICIAL;URBANA;0;0;521;266;27;Medellín;43;6;Medellín;Antioquia;;Colombia Evidencia Potencial en Educación | Red Papaz
105001000418;INSTITUCION EDUCATIVA LA MILAGROSA;1;Bajo;813;0.2233;OFICIAL;URBANA;0;0;604;209;0;Medellín;41;4;Medellín;Antioquia;;Red Papaz
105001011690;INSTITUCION EDUCATIVA FEDERICO CARRASQUILLA;1;Bajo;811;0.2228;OFICIAL;URBANA;0;0;524;111;176;Medellín;33;2;Medellín;Antioquia;;Comfama (Caja de Compensación Familiar de Antioquia) | Fundación Carvajal | Fundación Nutresa
127361000129;IE NORMAL SUP NTRA SRA DE LAS MERCEDES - SEDE PRINCIPAL;2;Moderado;809;0.7104;OFICIAL;URBANA;0;0;526;205;78;Istmina;54;4;Choco;Chocó;SI;
227001001145;IE MIA JORGE VALENCIA LOZANO;3;Crítico;807;2.197;OFICIAL;URBANA;68;448;232;59;0;Quibdó;38;2;Quibdó;Chocó;SI;Fundación Carvajal
105873000232;LICEO VIGIA DEL FUERTE;1;Bajo;807;0.186;OFICIAL;URBANA;45;276;273;99;114;Vigía del Fuerte;35;2;Antioquia;Antioquia;;Comfama (Caja de Compensación Familiar de Antioquia) | Fundación Fraternidad Medellín
176109000842;TÉCNICO INDUSTRIAL GERARDO VALENCIA CANO - SEDE PRINCIPAL;2;Moderado;805;1.4431;OFICIAL;URBANA;0;111;463;231;0;Buenaventura;82;6;Buenaventura;Valle del Cauca;SI;Fundación Carvajal
105138000385;E U CAÑASGORDAS;2;Moderado;805;0.1855;OFICIAL;URBANA;69;349;274;113;0;Cañasgordas;13;;Antioquia;Antioquia;;
105001008176;SECCION ESCUELA DIVINA PROVIDENCIA;1;Bajo;803;0.2206;OFICIAL;URBANA;97;652;0;0;54;Medellín;25;1;Medellín;Antioquia;;Comfama (Caja de Compensación Familiar de Antioquia)
119573000673;SAN PEDRO CLAVER (sede principal);1;Bajo;801;;OFICIAL;URBANA;47;329;299;126;0;Puerto Tejada;51;3;;Cauca;;Fundación Colombianitos | Tecnoquimicas S.A.
319455000200;ROSARIO MIRANDA (sede principal);1;Bajo;801;;OFICIAL;URBANA;59;296;301;145;0;Miranda;39;3;;Cauca;;Fundación Telefónica
163001000345;ESCUELA NORMAL SUPERIOR;2;Moderado;800;1.9771;OFICIAL;URBANA;0;0;564;236;0;Armenia;78;7;Armenia;Quindio;SI;Red Papaz
166001800465;SEDE EL REMANSO;3;Crítico;800;1.0333;OFICIAL;URBANA;77;336;285;102;0;Pereira;;;Pereira;Risaralda;;
227787001119;IE SAN JOAQUIN - SEDE PRINCIPAL;3;Crítico;799;0.7016;OFICIAL;URBANA;58;305;255;93;88;Unión Panamericana;43;3;Choco;Chocó;SI;
105250001289;E U I EL PORVENIR;2;Moderado;798;0.1839;OFICIAL;URBANA;61;737;0;0;0;El Bagre;21;2;Antioquia;Antioquia;SI;Comfama (Caja de Compensación Familiar de Antioquia)
105001006262;SECCION ESCUELA PORFIRIO BARBA JACOB;1;Bajo;797;0.2189;OFICIAL;URBANA;63;680;0;0;54;Medellín;27;2;Medellín;Antioquia;;
105001000850;SECCION ESCUELA ARZOBISPO GARCIA;1;Bajo;796;0.2187;OFICIAL;URBANA;103;693;0;0;0;Medellín;24;1;Medellín;Antioquia;;
125269003712;I.E.M SILVERIA ESPINOSA DE RENDON - SEDE PRINCIPAL;3;Crítico;796;3.3109;OFICIAL;URBANA;138;331;216;81;30;Facatativá;39;3;Facatativá;Cundinamarca;;Aeiotu Soluciones Integrales para la Primera Infancia
105266000061;INSTITUCION EDUCATIVA MANUEL URIBE ANGEL;1;Bajo;795;2.7183;;URBANA;0;0;408;216;171;Envigado;32;2;Envigado;Antioquia;;Fundación Carvajal
225286000012;INST EDUCATIVA DEPTAL TECNICO AGROPECUARIA SAN RAMON;1;Bajo;793;4.3569;OFICIAL;RURAL;20;135;475;163;0;Funza;35;4;Funza;Cundinamarca;SI;
119548000251;MADRE DE DIOS (sede principal);1;Bajo;792;;OFICIAL;URBANA;65;346;282;99;0;Piendamó - Tunía;42;3;;Cauca;;
163190000415;LUIS EDUARDO CALVO CANO;1;Bajo;792;2.1817;OFICIAL;URBANA;30;281;212;120;149;Circasia;39;3;Quindio;Quindio;;
105001019453;INSTITUCION EDUCATIVA VILLA DEL SOCORRO;1;Bajo;792;0.2176;OFICIAL;URBANA;0;0;240;552;0;Medellín;55;6;Medellín;Antioquia;;Fundación Carvajal | Fundación Nutresa
105212000082;LICEO SAN LUIS GONZAGA;2;Moderado;791;0.1823;OFICIAL;URBANA;0;0;508;226;57;Copacabana;40;4;Antioquia;Antioquia;;Comfama (Caja de Compensación Familiar de Antioquia) | Fundación Haceb
105001004472;INSTITUCION EDUCATIVA LA PRESENTACION;1;Bajo;790;0.217;OFICIAL;URBANA;55;382;253;100;0;Medellín;30;3;Medellín;Antioquia;;Comfama (Caja de Compensación Familiar de Antioquia)
125758002915;INSTITUCIÓN EDUCATIVA COMPLEJO EDUCATIVO INTEGRAL SOPO;2;Moderado;788;0.2941;OFICIAL;URBANA;53;267;321;147;0;Sopó;40;3;Cundinamarca;Cundinamarca;;Fundación Alquería Cavelier | Fundación Corona | Fundación Nutresa | Red Papaz
117380000592;CONCENTRACIÓN ESCOLAR LAS FERIAS;1;Bajo;788;0.981;;URBANA;103;685;0;0;0;La Dorada;28;1;Caldas;Caldas;;
105001003221;INSTITUCION EDUCATIVA MANUEL JOSE CAYZEDO;1;Bajo;787;0.2162;OFICIAL;URBANA;52;357;290;88;0;Medellín;27;2;Medellín;Antioquia;;Fundación Carvajal
141001000040;PROMOCION SOCIAL;1;Bajo;785;1.1636;OFICIAL;URBANA;0;0;578;207;0;Neiva;37;4;Neiva;Huila;SI;Red Papaz
176364000503;SEDE MANUELA BELTRAN;1;Bajo;784;2.8326;OFICIAL;URBANA;80;704;0;0;0;Jamundí;21;;Jamundí;Valle del Cauca;SI;
163470000267;LOS FUNDADORES;3;Crítico;784;2.1597;OFICIAL;URBANA;59;290;320;115;0;Montenegro;48;3;Quindio;Quindio;;
105001005347;INSTITUCION EDUCATIVA TULIO OSPINA;1;Bajo;784;0.2154;OFICIAL;URBANA;60;352;275;97;0;Medellín;32;3;Medellín;Antioquia;;Fundación Carvajal | Fundación Nutresa
115759000490;INSTITUCION EDUCATIVA EMPRESARIALY AGROINDUSTRIAL LOS ANDES;1;Bajo;783;3.1243;OFICIAL;URBANA;45;312;290;136;0;Sogamoso;35;3;Sogamoso;Boyacá;NO;
141551000276;SANTIAGO F. LOSADA;2;Moderado;783;2.5083;OFICIAL;URBANA;100;683;0;0;0;Pitalito;24;1;Pitalito;Huila;;
125307001737;INSTITUCIÓN EDUCATIVA MANUEL ELKIN PATARROYO - SEDE PRINCIPAL;2;Moderado;781;4.304;OFICIAL;URBANA;0;0;548;233;0;Girardot;43;4;Girardot;Cundinamarca;;Fundación Nutresa
123001001790;INSTITUCION EDUCATIVA MERCEDES ABREGO;2;Moderado;780;0.7911;;URBANA;0;0;602;178;0;Montería;55;4;Monteria;Córdoba;;Red Papaz
176736000025;SEVILLA;3;Crítico;776;0.5963;OFICIAL;URBANA;0;0;391;227;158;Sevilla;42;6;Valle;Valle del Cauca;SI;Fundación Carvajal
176126000066;SIMON BOLIVAR;3;Crítico;774;0.5948;OFICIAL;URBANA;43;288;282;117;44;Calima;38;4;Valle;Valle del Cauca;SI;Fundación Nutresa
105660000085;E U JUAN J HOYOS GOMEZ;2;Moderado;774;0.1784;OFICIAL;URBANA;115;659;0;0;0;San Luis;24;;Antioquia;Antioquia;SI;
176892000281;LICEO COMERCIAL;1;Bajo;774;3.4408;OFICIAL;URBANA;0;0;467;231;76;Yumbo;41;4;Yumbo;Valle del Cauca;;Fundación Corona | Fundación Nutresa
105847001204;COLEGIO SIMON BOLIVAR;2;Moderado;772;0.1779;OFICIAL;URBANA;0;0;408;143;221;Urrao;28;2;Antioquia;Antioquia;;
105001022101;INSTITUCION EDUCATIVA LAS NIEVES;1;Bajo;772;0.2121;OFICIAL;URBANA;55;346;268;103;0;Medellín;29;2;Medellín;Antioquia;;Colombia Evidencia Potencial en Educación | Comfama (Caja de Compensación Familiar de Antioquia) | Fundación Carvajal | Fundación Nutresa
176109003183;SIMON BOLIVAR;2;Moderado;771;1.3821;OFICIAL;URBANA;73;260;292;123;23;Buenaventura;65;7;Buenaventura;Valle del Cauca;SI;Fundación Carvajal
117380000789;INSTITUCION EDUCATIVA RENAN BARCO - SEDE PRINCIPAL;1;Bajo;770;0.9586;;URBANA;0;0;485;157;128;La Dorada;33;4;Caldas;Caldas;;
176001013018;JOAQUIN DE CAICEDO Y CUERO;2;Moderado;769;0.2506;OFICIAL;URBANA;94;675;0;0;0;Cali;20;;Cali;Valle del Cauca;SI;
327361000187;IE NORMAL SUP SAN PIO X - SEDE PRINCIPAL;1;Bajo;768;0.6744;OFICIAL;URBANA;74;0;458;173;63;Istmina;37;4;Choco;Chocó;SI;
105893001685;I. E. LUIS EDUARDO DIAZ;2;Moderado;768;0.177;OFICIAL;URBANA;0;348;346;0;74;Yondó;48;5;Antioquia;Antioquia;;Comfama (Caja de Compensación Familiar de Antioquia)
163001002127;GUSTAVO MATAMOROS D COSTA;2;Moderado;767;1.8956;OFICIAL;URBANA;64;352;233;118;0;Armenia;38;3;Armenia;Quindio;SI;Red Papaz
105360000105;INSTITUCION EDUCATIVA PEDRO ESTRADA;1;Bajo;761;2.0344;OFICIAL;URBANA;61;291;252;91;66;Itagüí;37;3;Itagui;Antioquia;SI;Comfama (Caja de Compensación Familiar de Antioquia) | Fundación Nutresa | Periódico El Mundo
105001008486;INSTITUCION EDUCATIVA CAPILLA DEL ROSARIO;1;Bajo;761;0.209;OFICIAL;URBANA;33;261;316;65;86;Medellín;37;3;Medellín;Antioquia;;
125754001906;SEDE MARCO FIDEL SUAREZ;1;Bajo;760;0.608;OFICIAL;URBANA;44;391;266;59;0;Soacha;14;;Soacha;Cundinamarca;;
163001003535;LAURA VICUÑA;2;Moderado;758;1.8733;OFICIAL;URBANA;48;298;288;124;0;Armenia;31;1;Armenia;Quindio;SI;Claro Colombia | Fundación Gimnasio Inglés
166001003980;ALFREDO GARCIA;3;Crítico;757;0.9778;OFICIAL;URBANA;28;195;235;101;198;Pereira;23;3;Pereira;Risaralda;;Fundación Nutresa
225269000467;I.E.M. TÉCNICA AGROPECUARIA POLICARPA SALAVARRIETA - SEDE PRINCIPAL;2;Moderado;756;3.1445;OFICIAL;RURAL;27;278;327;107;17;Facatativá;36;2;Facatativá;Cundinamarca;;Aeiotu Soluciones Integrales para la Primera Infancia
325269000283;I.E.M TÉCNICA COMERCIAL SANTA RITA - SEDE PRINCIPAL;2;Moderado;756;3.1445;OFICIAL;URBANA;0;0;554;202;0;Facatativá;37;3;Facatativá;Cundinamarca;;Aeiotu Soluciones Integrales para la Primera Infancia
105001002372;SECCION ESCUELA GUILLERMO VALENCIA;1;Bajo;755;0.2074;OFICIAL;URBANA;0;755;0;0;0;Medellín;9;;Medellín;Antioquia;;Comfama (Caja de Compensación Familiar de Antioquia) | Fundación Nutresa
173001006322;SEDE 1 SIMON BOLIVAR;2;Moderado;753;0.7833;OFICIAL;URBANA;42;326;240;78;67;Ibagué;29;3;Ibague;Tolima;SI;
125001000231;INSTITUCION EDUCATIVA DEPARTAMENTAL SALESIANO MIGUEL UNIA;2;Moderado;753;0.281;OFICIAL;URBANA;0;0;467;212;74;Agua de Dios;46;2;Cundinamarca;Cundinamarca;;
176001003888;LOS FARALLONES;2;Moderado;752;0.245;OFICIAL;URBANA;0;0;752;0;0;Cali;14;;Cali;Valle del Cauca;SI;
163594000290;SAGRADO CORAZÓN DE JESÚS;2;Moderado;751;2.0688;OFICIAL;URBANA;99;457;0;0;195;Quimbaya;10;;Quindio;Quindio;;Claro Colombia
225200000201;INSTITUCIÓN EDUCATIVA DEPARTAMENTAL RURAL EL ALTICO;2;Moderado;750;0.2799;OFICIAL;RURAL;10;159;361;143;77;Cogua;37;3;Cundinamarca;Cundinamarca;;Fundación Alquería Cavelier | Fundación Nutresa
176892000116;JOHN F. KENNEDY;3;Crítico;749;3.3296;OFICIAL;URBANA;44;323;221;79;82;Yumbo;28;;Yumbo;Valle del Cauca;;Fundación Smurfit Westrock Colombia
105001000931;INSTITUCION EDUCATIVA DIEGO ECHAVARRIA MISAS;1;Bajo;748;0.2055;OFICIAL;URBANA;0;0;748;0;0;Medellín;66;5;Medellín;Antioquia;;Comfama (Caja de Compensación Familiar de Antioquia) | Periódico El Mundo
166001000646;INSTITUCION EDUCATIVA JESUS MARIA ORMAZA;3;Crítico;747;0.9649;OFICIAL;URBANA;40;237;296;174;0;Pereira;45;2;Pereira;Risaralda;SI;
105893800015;I.E. LUIS EDUARDO DIAZ - SEDE MEGACOLEGIO;2;Moderado;747;0.1721;OFICIAL;URBANA;0;0;386;361;0;Yondó;;;Antioquia;Antioquia;;
176834000335;SEDE NO. 1 FRANCISCO JOSE DE CALDAS;1;Bajo;747;2.7098;OFICIAL;URBANA;0;0;357;390;0;Tuluá;33;;Tuluá;Valle del Cauca;;Claro Colombia | Fundación Levapan
241001001814;LAS PALMAS;1;Bajo;745;1.1043;OFICIAL;URBANA;144;601;0;0;0;Neiva;22;;Neiva;Huila;SI;
163470000470;JESÚS MAESTRO;2;Moderado;744;2.0495;OFICIAL;URBANA;59;318;265;102;0;Montenegro;32;2;Quindio;Quindio;;
105001015211;INSTITUCION EDUCATIVA LA LIBERTAD;2;Moderado;743;0.2041;OFICIAL;URBANA;49;376;257;61;0;Medellín;28;1;Medellín;Antioquia;;
166400000170;SE ALFONSO LOPEZ - SEDE PRINCIPAL;3;Crítico;741;1.6697;OFICIAL;URBANA;47;285;303;106;0;La Virginia;34;2;Risaralda;Risaralda;SI;FUNDACIÓN PARA EL MEJORAMIENTO DE LA PRODUCTIVIDAD DEL CULTIVO DE CAÑA DE AZUCAR
176041000016;SANTA ANA DE LOS CABALLEROS;3;Crítico;741;0.5694;OFICIAL;URBANA;0;0;469;167;105;Ansermanuevo;38;3;Valle;Valle del Cauca;SI;FUNDACIÓN PARA EL MEJORAMIENTO DE LA PRODUCTIVIDAD DEL CULTIVO DE CAÑA DE AZUCAR
105001013447;INSTITUCION EDUCATIVA JOSE HORACIO BETANCUR;1;Bajo;740;0.2033;OFICIAL;RURAL;48;334;260;98;0;Medellín;31;1;Medellín;Antioquia;;Comfama (Caja de Compensación Familiar de Antioquia) | Fundación Nutresa
227001001684;IE MIGUEL ANTONIO CAICEDO MENA - OBAPO;2;Moderado;739;2.0119;OFICIAL;URBANA;53;324;253;53;56;Quibdó;52;4;Quibdó;Chocó;SI;
117614000711;INSTITUCION EDUCATIVA LOS FUNDADORES - SEDE PRINCIPAL;1;Bajo;739;0.92;OFICIAL;URBANA;0;0;437;219;83;Riosucio;47;2;Caldas;Caldas;;Caja de Compensación Familiar de Caldas | Claro Colombia
205837004366;I.E. VEINTICUATRO DE DICIEMBRE;2;Moderado;738;1.9712;OFICIAL;RURAL;0;338;318;82;0;Turbo;39;3;Turbo;Antioquia;SI;Comfama (Caja de Compensación Familiar de Antioquia) | Parque Explora
105837006097;I.E. TURBO;2;Moderado;738;1.9712;OFICIAL;URBANA;120;261;257;100;0;Turbo;37;2;Turbo;Antioquia;SI;Comfama (Caja de Compensación Familiar de Antioquia)
205887001678;I. E. LLANOS DE CUIVA;1;Bajo;738;0.1701;OFICIAL;RURAL;51;306;243;73;65;Yarumal;35;2;Antioquia;Antioquia;;Comfama (Caja de Compensación Familiar de Antioquia)
105001002381;SECCION ESCUELA SANTO TOMAS DE AQUINO;1;Bajo;737;0.2025;OFICIAL;URBANA;71;625;0;0;41;Medellín;23;1;Medellín;Antioquia;;
173001001053;SEDE 1 INEM MANUEL MURILLO TORO;2;Moderado;736;0.7656;OFICIAL;URBANA;0;0;444;292;0;Ibagué;68;5;Ibague;Tolima;SI;Red Papaz
176109000427;JUAN JOSE RONDON;2;Moderado;736;1.3194;OFICIAL;URBANA;40;256;210;90;140;Buenaventura;55;3;Buenaventura;Valle del Cauca;SI;Fundación Carvajal | Fundación SURA
176036000024;ELEAZAR LIBREROS SALAMANCA;3;Crítico;734;0.564;OFICIAL;URBANA;0;0;403;228;103;Andalucía;47;5;Valle;Valle del Cauca;SI;Fundación Carvajal | Fundación Nutresa
105837006054;E.U. HOOVER QUINTERO;2;Moderado;733;1.9579;OFICIAL;URBANA;52;681;0;0;0;Turbo;17;;Turbo;Antioquia;SI;Comfama (Caja de Compensación Familiar de Antioquia)
227615000048;IE PRIMITIVO PALACIOS - SEDE PRINCIPAL;1;Bajo;733;0.6436;OFICIAL;RURAL;52;186;394;89;12;Carmen del Darién;36;2;Choco;Chocó;SI;
105001005657;SECCION ESCUELA ESTADO DE ISRAEL;1;Bajo;733;0.2014;OFICIAL;URBANA;20;216;0;453;44;Medellín;11;;Medellín;Antioquia;;
125599000060;INSTITUCIÓN EDUCATIVO DEPARTAMENTAL ANTONIO NARIÑO;2;Moderado;733;0.2735;OFICIAL;URBANA;0;185;320;145;83;Apulo;26;4;Cundinamarca;Cundinamarca;;Fundación Alquería Cavelier | Fundación Nutresa
223001006192;IE RAFAEL NUÑEZ;1;Bajo;733;0.7434;;RURAL;64;235;317;117;0;Montería;40;3;Monteria;Córdoba;;
205631000020;COLEGIO LA DOCTORA;2;Moderado;732;6.3131;OFICIAL;RURAL;28;297;288;119;0;Sabaneta;31;2;Sabaneta;Antioquia;SI;Fundación Bien Humano | Fundación Nutresa
166088000027;SE NUESTRA SEÑORA DEL ROSARIO - SEDE PRINCIPAL;2;Moderado;731;1.6472;OFICIAL;URBANA;0;0;487;187;57;Belén de Umbría;34;3;Risaralda;Risaralda;;Claro Colombia | Fundación Nutresa
176400000043;MAGDALENA ORTEGA;3;Crítico;730;0.561;OFICIAL;URBANA;0;0;395;180;155;La Unión;38;4;Valle;Valle del Cauca;SI;Red Papaz
166001007136;I.E. HUGO ÁNGEL JARAMILLO - SEDE PRINCIPAL;3;Crítico;729;0.9416;OFICIAL;URBANA;36;256;312;125;0;Pereira;;;Pereira;Risaralda;;Fundación SURA
205837800171;ARCESIO GOMEZ;2;Moderado;728;1.9445;OFICIAL;RURAL;118;610;0;0;0;Turbo;27;;Turbo;Antioquia;SI;
163401000298;PEDACITO DE CIELO - SEDE PRINCIPAL;2;Moderado;728;;;;38;239;304;130;17;La Tebaida;40;2;;Quindio;;
105001001279;INSTITUCION EDUCATIVA CIRO MENDIA;1;Bajo;728;0.2;OFICIAL;URBANA;0;0;381;183;164;Medellín;29;3;Medellín;Antioquia;;Comfama (Caja de Compensación Familiar de Antioquia) | Fundación Nutresa | Red Papaz
176520002520;MARIA ANTONIA PENAGOS;1;Bajo;728;1.4769;OFICIAL;URBANA;0;728;0;0;0;Palmira;24;2;Palmira;Valle del Cauca;;Fundación Nutresa | Red Papaz
117873000800;INSTITUCION EDUCATIVA JAIME DUQUE GRISALES - SEDE PRINCIPAL;2;Moderado;728;0.9063;;URBANA;24;189;381;134;0;Villamaría;40;2;Caldas;Caldas;;Fundación Nutresa
127001018054;SEDE BRISAS DEL POBLADO;2;Moderado;727;1.9792;OFICIAL;URBANA;45;304;244;79;55;Quibdó;14;;Quibdó;Chocó;SI;
105250000339;COLEGIO LAS DELICIAS;2;Moderado;727;0.1675;OFICIAL;URBANA;54;340;207;126;0;El Bagre;29;2;Antioquia;Antioquia;;Fundación Nutresa
105101000571;LICEO SAN JOSE DEL CITARA;2;Moderado;726;0.1673;OFICIAL;URBANA;50;263;212;69;132;Ciudad Bolívar;31;2;Antioquia;Antioquia;SI;Fundación Fraternidad Medellín
176001009045;SEDE PRIMAVERA;2;Moderado;725;0.2362;OFICIAL;URBANA;42;321;239;86;37;Cali;16;;Cali;Valle del Cauca;SI;
105425000019;INSTITUCION EDUCATIVA FILIBERTO RESTREPO SIERRA;2;Moderado;725;0.1671;OFICIAL;URBANA;61;294;233;92;45;Maceo;24;2;Antioquia;Antioquia;;
163001002542;GUSTAVO ROJAS PINILLA;2;Moderado;725;1.7918;OFICIAL;URBANA;86;639;0;0;0;Armenia;14;;Armenia;Quindio;;
276130000628;RODRIGO LLOREDA CAICEDO;3;Crítico;724;0.5564;OFICIAL;RURAL;0;0;535;189;0;Candelaria;47;4;Valle;Valle del Cauca;;
176111000507;INSTITUTO TECNICO AGRICOLA-SEDE PRINCIPAL;2;Moderado;723;4.0149;OFICIAL;URBANA;57;254;303;109;0;Guadalajara de Buga;56;2;Buga;Valle del Cauca;SI;Fundación Terpel
105376000571;I. E. CONCEJO MUNICIPAL;1;Bajo;723;0.1666;OFICIAL;URBANA;51;321;239;112;0;La Ceja;25;3;Antioquia;Antioquia;;Fundación Fraternidad Medellín
208638000075;INSTITUCION EDUCATIVA SAN PEDRO CLAVER DE CASCAJAL;2;Moderado;723;0.5793;OFICIAL;RURAL;64;302;221;110;26;Sabanalarga;33;2;Atlántico;Atlántico;;Natura Cosmeticos Ltda.
105674000053;I. E. SAN VICENTE FERRER;2;Moderado;721;0.1661;OFICIAL;URBANA;0;0;489;172;60;San Vicente Ferrer;32;3;Antioquia;Antioquia;SI;Comfama (Caja de Compensación Familiar de Antioquia) | Fundación Fraternidad Medellín
176520002244;MERCEDES ABREGO;1;Bajo;720;1.4607;OFICIAL;URBANA;0;0;482;107;131;Palmira;29;3;Palmira;Valle del Cauca;SI;Red Papaz
127615000027;IE ANTONIO RICAURTE - SEDE PRINCIPAL;2;Moderado;719;0.6313;OFICIAL;URBANA;21;133;354;109;102;Riosucio;37;2;Choco;Chocó;SI;Fundación Nutresa
325317000240;INSTITUCION EDUCATIVA DEPARTAMENTAL NUESTRA SEÑORA DEL TRANSITO;2;Moderado;719;0.2683;OFICIAL;URBANA;20;124;357;129;89;Guachetá;32;3;Cundinamarca;Cundinamarca;;Cámara de Comercio De Bogotá | Fundación Alquería Cavelier
127001004158;IE ISAAC RODRIGUEZ MARTINEZ;3;Crítico;718;1.9547;OFICIAL;URBANA;67;297;250;83;21;Quibdó;49;3;Quibdó;Chocó;SI;
105001001139;SECCION ESCUELA EDUARDO URIBE BOTERO;1;Bajo;718;0.1972;OFICIAL;URBANA;86;618;0;0;14;Medellín;20;;Medellín;Antioquia;;
163001000337;INSTITUTO TECNICO INDUSTRIAL;3;Crítico;717;1.772;OFICIAL;URBANA;88;300;231;83;15;Armenia;45;3;Armenia;Quindio;SI;Red Papaz
105001006530;SECCION ESCUELA PEDRO J GOMEZ;1;Bajo;714;0.1961;OFICIAL;URBANA;52;334;260;68;0;Medellín;22;1;Medellín;Antioquia;;
176001028872;INSTITUCION EDUCATIVA TECNICO INDUSTRIAL CARLOS HOLGUIN MALLARINO - SEDE PRINCIPAL;2;Moderado;713;0.2323;OFICIAL;URBANA;0;0;420;123;170;Cali;44;3;Cali;Valle del Cauca;SI;Fundación Carvajal | Fundación Nutresa | Fundación Scarpetta Gnecco | Tecnoquimicas S.A.
166001000310;INSTITUCION EDUCATIVA AUGUSTO ZULUAGA PATIÑO;3;Crítico;712;0.9197;OFICIAL;URBANA;45;297;264;106;0;Pereira;35;2;Pereira;Risaralda;;Fundación Nutresa
105001026352;INSTITUCION EDUCATIVA EL CORAZÓN;1;Bajo;710;0.195;OFICIAL;URBANA;18;184;372;116;20;Medellín;24;2;Medellín;Antioquia;;Fundación Nutresa
163001003662;LA CECILIA;1;Bajo;708;1.7497;OFICIAL;URBANA;76;266;267;99;0;Armenia;15;;Armenia;Quindio;;
117001001609;INSTITUCIÓN EDUCATIVA COLEGIO ANDRES BELLO;3;Crítico;706;1.4862;OFICIAL;URBANA;48;247;201;59;151;Manizales;30;2;Manizales;Caldas;SI;Colombia Evidencia Potencial en Educación | Fundación Corona | Fundación Luker | Fundación Terpel | Red Papaz
176001030117;PUERTA DEL SOL;2;Moderado;706;0.23;OFICIAL;URBANA;40;333;262;71;0;Cali;17;1;Cali;Valle del Cauca;SI;Colombia Evidencia Potencial en Educación
125307000161;INSTITUCIÓN EDUCATIVA POLICARPA SALAVARRIETA - SEDE PRINCIPAL;2;Moderado;705;3.8852;OFICIAL;URBANA;19;141;394;151;0;Girardot;36;3;Girardot;Cundinamarca;SI;Fundación Nutresa
219548000884;INSTITUCION EDUCATIVA TECNICA AGROAMBIENTAL ALA KUSREI VA MISAK PISCITAU;2;Moderado;705;;OFICIAL;RURAL;35;277;294;99;0;Piendamó - Tunía;26;2;;Cauca;;
176130000461;INMACULADA CONCEPCION;1;Bajo;703;0.5402;OFICIAL;RURAL;0;210;0;426;67;Candelaria;48;3;Valle;Valle del Cauca;SI;
166001000077;INSTITUCION EDUCATIVA CENTENARIO;3;Crítico;702;0.9068;OFICIAL;URBANA;60;309;273;60;0;Pereira;31;2;Pereira;Risaralda;;Comfamiliar Risaralda
152001002711;I.E.M. ARTEMIO MENDOZA CARVAJAL - SEDE PRINCIPAL;3;Crítico;701;1.1836;OFICIAL;URBANA;12;174;355;126;34;Pasto;41;4;Pasto;Nariño;NO;Claro Colombia
163130000530;INST CALARCÁ;1;Bajo;699;1.9255;OFICIAL;URBANA;5;48;165;57;424;Calarcá;35;3;Quindio;Quindio;;
176001008723;INSTITUCION EDUCATIVA MANUEL MARIA MALLARINO;2;Moderado;697;0.2271;OFICIAL;URBANA;0;0;487;197;13;Cali;37;3;Cali;Valle del Cauca;SI;Colombia Evidencia Potencial en Educación | Fundación Carvajal | Fundación Nutresa | Fundación Scarpetta Gnecco | Tecnoquimicas S.A.
166594000213;SE NUCLEO ESCOLAR RURAL - SEDE PRINCIPAL;2;Moderado;695;1.5661;OFICIAL;URBANA;82;232;230;91;60;Quinchía;33;3;Risaralda;Risaralda;SI;
176670000240;JOSE ANTONIO AGUILERA;2;Moderado;695;0.5341;OFICIAL;URBANA;0;0;407;181;107;San Pedro;36;3;Valle;Valle del Cauca;SI;Fundación Carvajal | Fundación Nutresa
176122000380;BOLIVARIANO;3;Crítico;691;0.531;OFICIAL;URBANA;0;0;450;157;84;Caicedonia;36;2;Valle;Valle del Cauca;SI;Fundación Carvajal | Fundación Nutresa
176109000818;REPUBLICA DE VENEZUELA;2;Moderado;691;1.2387;OFICIAL;URBANA;43;266;229;80;73;Buenaventura;37;3;Buenaventura;Valle del Cauca;SI;Fundación Carvajal
176109800024;BAHIA;1;Bajo;691;1.2387;OFICIAL;URBANA;61;529;68;0;33;Buenaventura;2;;Buenaventura;Valle del Cauca;SI;
163001800075;PARQUES DE BOLIVAR;2;Moderado;691;1.7077;OFICIAL;URBANA;76;265;231;119;0;Armenia;26;;Armenia;Quindio;SI;
176892100102;IRENE FERREROSA - SEDE PRINCIPAL;3;Crítico;690;3.0673;OFICIAL;URBANA;0;147;375;115;53;Yumbo;35;4;Yumbo;Valle del Cauca;;Fundación Corona
266001005201;CARLOS CASTRO SAAVEDRA;3;Crítico;689;0.89;OFICIAL;RURAL;29;242;307;111;0;Pereira;52;3;Pereira;Risaralda;;Fundación SURA
125875000281;INSTITUCION EDUCATIVA DEPARTAMENTAL ALONSO DE OLALLA;2;Moderado;688;0.2567;OFICIAL;URBANA;0;0;419;150;119;Villeta;31;4;Cundinamarca;Cundinamarca;;Fundación Alquería Cavelier | Fundación Nutresa
105001021636;INSTITUCION EDUCATIVA KENNEDY;1;Bajo;687;0.1887;OFICIAL;URBANA;0;0;462;225;0;Medellín;38;5;Medellín;Antioquia;;Fundación SURA | Red Papaz
166001000794;INSTITUCION EDUCATIVA SAN VICENTE HOGAR;3;Crítico;687;0.8874;OFICIAL;URBANA;48;281;254;104;0;Pereira;31;2;Pereira;Risaralda;;Fundación Nutresa
217442000033;INSTITUCION EDUCATIVA EL LLANO - SEDE PRINCIPAL;1;Bajo;687;0.8553;;RURAL;64;310;241;72;0;Marmato;29;2;Caldas;Caldas;;Federación Nacional de Cafeteros de Colombia
105001002879;SECCION ESCUELA HOGAR ANTIOQUIA;1;Bajo;686;0.1884;OFICIAL;URBANA;0;525;0;0;161;Medellín;14;1;Medellín;Antioquia;;
105353000051;I. E. AURA MARIA VALENCIA;2;Moderado;685;0.1579;OFICIAL;URBANA;37;210;222;72;144;Hispania;28;3;Antioquia;Antioquia;SI;Comfama (Caja de Compensación Familiar de Antioquia) | Fundación Empresarios por la Educación
105360000407;INSTITUCION EDUCATIVA ENRIQUE VELEZ SEDE PROVIDENCIA;1;Bajo;685;1.8313;OFICIAL;URBANA;95;494;96;0;0;Itagüí;15;1;Itagui;Antioquia;SI;Comfama (Caja de Compensación Familiar de Antioquia) | Periódico El Mundo
163470000291;INSTITUTO MONTENEGRO;3;Crítico;685;;;;75;0;311;145;154;Montenegro;32;2;;Quindio;;Fundación Gimnasio Inglés | Fundación Nutresa
105001002470;INSTITUCION EDUCATIVA SAN VICENTE DE PAUL;1;Bajo;684;0.1879;OFICIAL;URBANA;26;0;439;219;0;Medellín;34;3;Medellín;Antioquia;;Comfama (Caja de Compensación Familiar de Antioquia) | Fundación Carvajal
105001003450;INSTITUCION EDUCATIVA ROSALIA SUAREZ;1;Bajo;684;0.1879;OFICIAL;URBANA;57;627;0;0;0;Medellín;25;3;Medellín;Antioquia;;Comfama (Caja de Compensación Familiar de Antioquia) | Red Papaz
176109000516;JOSE RAMON BEJARANO;2;Moderado;683;1.2244;OFICIAL;URBANA;44;235;267;86;51;Buenaventura;54;6;Buenaventura;Valle del Cauca;SI;Fundación SURA
176001001729;INSTITUCION EDUCATIVA TECNICA DE COMERCIO SIMON RODRIGUEZ;2;Moderado;682;0.2222;OFICIAL;URBANA;0;0;425;219;38;Cali;42;4;Cali;Valle del Cauca;SI;Fundación Nutresa | Fundación Scarpetta Gnecco
105360000318;INSTITUCION EDUCATIVA JOHN F. KENNEDY;2;Moderado;680;1.8179;OFICIAL;URBANA;22;229;276;95;58;Itagüí;32;2;Itagui;Antioquia;SI;Comfama (Caja de Compensación Familiar de Antioquia) | Fundación Nutresa | Periódico El Mundo
105212000538;COLEGIO GABRIELA MISTRAL;2;Moderado;680;0.1567;OFICIAL;URBANA;14;161;224;51;230;Copacabana;19;2;Antioquia;Antioquia;;Fundación Bien Humano
105001002330;SECCION ESCUELA PICHINCHA;1;Bajo;680;0.1868;OFICIAL;URBANA;86;594;0;0;0;Medellín;20;1;Medellín;Antioquia;;Comfama (Caja de Compensación Familiar de Antioquia)
105266000801;INSTITUCION EDUCATIVA JOSE MIGUEL DE LA CALLE;2;Moderado;680;2.3251;;URBANA;37;290;241;112;0;Envigado;39;2;Envigado;Antioquia;;Comfama (Caja de Compensación Familiar de Antioquia) | Periódico El Mundo
105266000924;INSTITUCION EDUCATIVA COMERCIAL DE ENVIGADO;2;Moderado;679;2.3217;;URBANA;0;10;464;205;0;Envigado;42;2;Envigado;Antioquia;;Periódico El Mundo
205318000451;I. E. R. CHAPARRAL;2;Moderado;678;0.1562;OFICIAL;RURAL;45;269;292;72;0;Guarne;31;3;Antioquia;Antioquia;SI;Parque Explora
176233000656;GIMNASIO DEL DAGUA;3;Crítico;678;0.521;OFICIAL;URBANA;0;0;432;215;31;Dagua;35;5;Valle;Valle del Cauca;SI;Fundación Bolívar Davivienda
176834000106;SEDE PRINCIPAL LICEO MODERNO;3;Crítico;678;2.4595;OFICIAL;URBANA;0;0;484;194;0;Tuluá;41;5;Tuluá;Valle del Cauca;;Fundación Levapan | Fundación Nutresa
163212000091;CIUDELA JOSÉ MARÍA CORDOBA;1;Bajo;676;;;;46;215;263;77;75;Córdoba;38;3;;Quindio;;
176520002694;SUSANA LOPEZ DE VALENCIA;1;Bajo;675;1.3694;OFICIAL;URBANA;0;0;573;102;0;Palmira;23;2;Palmira;Valle del Cauca;;
117174000292;INSTITUCIÓN EDUCATIVA SAN FRANCISCO DE PAULA - SEDE PRINCIPAL;2;Moderado;675;0.8403;;URBANA;0;62;342;125;146;Chinchiná;35;4;Caldas;Caldas;;Caja de Compensación Familiar de Caldas
117380000053;INSTITUCION EDUCATIVA DORADA - SEDE PRINCIPAL;1;Bajo;675;0.8403;;URBANA;0;0;409;151;115;La Dorada;35;4;Caldas;Caldas;;
105001001881;INSTITUCION EDUCATIVA CARLOS VIECO ORTIZ;1;Bajo;674;0.1851;OFICIAL;URBANA;0;0;426;248;0;Medellín;26;2;Medellín;Antioquia;;Colombia Evidencia Potencial en Educación | Comfama (Caja de Compensación Familiar de Antioquia) | Fundación Nutresa
376364001291;COLEGIO JUAN PABLO II;1;Bajo;673;2.4315;NO OFICIAL;URBANA;33;250;279;111;0;Jamundí;;;Jamundí;Valle del Cauca;SI;
105001000566;INSTITUCION EDUCATIVA CARACAS;1;Bajo;672;0.1846;OFICIAL;URBANA;38;305;250;79;0;Medellín;27;3;Medellín;Antioquia;;Red Papaz
376364001835;INST EDUC NUESTRA SEÑORA DEL ROSARIO;1;Bajo;668;2.4135;NO OFICIAL;URBANA;55;266;218;129;0;Jamundí;;;Jamundí;Valle del Cauca;SI;
105360000288;INSTITUCION EDUCATIVA ENRIQUE VELEZ ESCOBAR;1;Bajo;668;1.7858;OFICIAL;URBANA;0;0;466;202;0;Itagüí;39;3;Itagui;Antioquia;SI;Comfama (Caja de Compensación Familiar de Antioquia)
127001003534;IE JOSE DEL CARMEN CUESTA RENTERIA;2;Moderado;667;1.8159;OFICIAL;URBANA;0;0;491;136;40;Quibdó;40;4;Quibdó;Chocó;SI;Fundación Carvajal
205631000267;I. E. PRESBITERO ANTONIO BAENA SALAZAR;2;Moderado;667;5.7525;OFICIAL;RURAL;26;306;256;79;0;Sabaneta;27;2;Sabaneta;Antioquia;SI;Fundación Nutresa | Periódico El Mundo
105001001651;INSTITUCION EDUCATIVA JOSE CELESTINO MUTIS;1;Bajo;667;0.1832;OFICIAL;URBANA;32;295;254;86;0;Medellín;30;3;Medellín;Antioquia;;Periódico El Mundo
105001008257;SECCION ESCUELA EL SOCORRO;1;Bajo;667;0.1832;OFICIAL;URBANA;54;559;0;0;54;Medellín;16;;Medellín;Antioquia;;
276377000078;FRANCISCO DE PAULA SANTANDER;2;Moderado;666;0.5118;OFICIAL;RURAL;40;265;228;91;42;La Cumbre;31;2;Valle;Valle del Cauca;SI;
166170800104;MEGACOLEGIO BERNARDO LOPEZ PEREZ - SEDE PRINCIPAL;3;Crítico;665;2.2067;OFICIAL;URBANA;38;159;352;116;0;Dosquebradas;32;3;Dosquebradas;Risaralda;SI;Fundación Frisby | Natura Cosmeticos Ltda.
105042000139;E U JORGE ROBLEDO;2;Moderado;665;0.1532;OFICIAL;URBANA;101;564;0;0;0;Santa Fé de Antioquia;19;;Antioquia;Antioquia;SI;
205001002628;SECCION ESCUELA JUAN NEPOMUCENO MORALES;1;Bajo;665;0.1827;OFICIAL;URBANA;66;586;0;0;13;Medellín;21;1;Medellín;Antioquia;;
219142000336;EL PALO (sede principal);1;Bajo;663;;OFICIAL;RURAL;42;237;268;116;0;Caloto;32;2;;Cauca;;
166001004617;INSTITUCION EDUCATIVA EL DORADO;3;Crítico;663;0.8564;OFICIAL;URBANA;65;318;216;64;0;Pereira;36;2;Pereira;Risaralda;;
150001000197;COLEGIO JOHN F. KENNEDY;1;Bajo;662;0.69;OFICIAL;URBANA;0;85;394;183;0;Villavicencio;26;3;Villavicencio;Meta;;
119100003047;SANTA CATALINA LABUORE (sede principal);2;Moderado;660;;OFICIAL;URBANA;51;229;275;105;0;Bolívar;38;3;;Cauca;;Fundación Carvajal
105266000274;ESCUELA JOHN F KENNEDY;2;Moderado;660;2.2567;;URBANA;87;545;0;0;28;Envigado;33;1;Envigado;Antioquia;;Periódico El Mundo
105129000062;E U SANTA MARIA GORETTI;2;Moderado;659;0.1519;OFICIAL;URBANA;60;599;0;0;0;Caldas;20;;Antioquia;Antioquia;;
105001026654;INSTITUCION EDUCATIVA EL PLAYON - SEDE PRINCIPAL;1;Bajo;659;0.181;OFICIAL;URBANA;26;280;254;99;0;Medellín;30;2;Medellín;Antioquia;;Fundación Nutresa
327205000789;IE TECNICO COMERCIAL - SEDE PRINCIPAL;1;Bajo;658;0.5778;OFICIAL;URBANA;28;237;249;91;53;Condoto;46;3;Choco;Chocó;SI;
363001002037;MARCELINO CHAMPAGNAT;1;Bajo;657;1.6237;OFICIAL;URBANA;0;0;463;194;0;Armenia;43;4;Armenia;Quindio;SI;Red Papaz
176306000013;GINEBRA LA SALLE;2;Moderado;656;0.5041;OFICIAL;URBANA;0;0;433;195;28;Ginebra;31;3;Valle;Valle del Cauca;SI;Fundación Carvajal | Fundación Nutresa
105001008001;SECCION ESCUELA NIÑO JESUS DE PRAGA;1;Bajo;654;0.1797;OFICIAL;URBANA;113;541;0;0;0;Medellín;20;1;Medellín;Antioquia;;
176001022441;ISAIAS HERNAN IBARRA;2;Moderado;652;0.2124;OFICIAL;URBANA;54;330;268;0;0;Cali;15;1;Cali;Valle del Cauca;SI;
125269000357;INSTITUTO TECNICO INDUSTRIAL;2;Moderado;649;2.6994;OFICIAL;URBANA;0;0;526;0;123;Facatativá;23;5;Facatativá;Cundinamarca;;Aeiotu Soluciones Integrales para la Primera Infancia | Red Papaz
117777000335;POLICARPA SALAVARRIETA;2;Moderado;649;0.808;;URBANA;99;550;0;0;0;Supía;11;;Caldas;Caldas;;
176147001101;CENTRO DE DESARROLLO VECINAL;2;Moderado;648;3.6482;OFICIAL;URBANA;0;120;280;108;140;Cartago;30;;Cartago;Valle del Cauca;SI;
117873000320;ESCUELA JHON F. KENNEDY;2;Moderado;648;0.8067;;URBANA;84;564;0;0;0;Villamaría;19;;Caldas;Caldas;;
163272000278;LICEO ANDINO;1;Bajo;647;;;;38;194;209;68;138;Filandia;29;2;;Quindio;;
176111032263;GRAN COLOMBIA - SEDE PRINCIPAL;2;Moderado;646;3.5873;OFICIAL;URBANA;0;0;359;111;176;Guadalajara de Buga;58;4;Buga;Valle del Cauca;SI;
105001002429;SECCION ESCUELA JULIA AGUDELO;1;Bajo;646;0.1775;OFICIAL;URBANA;96;550;0;0;0;Medellín;21;;Medellín;Antioquia;;
166001006091;COLEGIO SURORIENTAL DE PEREIRA;3;Crítico;646;0.8344;OFICIAL;URBANA;53;142;297;141;13;Pereira;42;3;Pereira;Risaralda;;Fundación Nutresa
105042000732;COLEGIO ARTURO VELASQUEZ ORTIZ;2;Moderado;645;0.1486;OFICIAL;URBANA;0;0;410;164;71;Santa Fé de Antioquia;25;1;Antioquia;Antioquia;;
176834000467;SEDE NO. 13 SANTA CLARA;2;Moderado;645;2.3398;OFICIAL;URBANA;52;244;349;0;0;Tuluá;23;;Tuluá;Valle del Cauca;;
119212000369;INSTITUTO COMERCIAL DEL CAUCA INCODELCA (sede principal);1;Bajo;644;;OFICIAL;URBANA;0;0;448;196;0;Corinto;32;3;;Cauca;;Fundación Carvajal
105667000099;NARCISA ARBELAEZ;1;Bajo;644;0.1484;OFICIAL;URBANA;89;555;0;0;0;San Rafael;20;;Antioquia;Antioquia;;
125718000219;INSTITUCION EDUCATIVA DEPARTAMENTAL NUESTRA SEÑORA DE FATIMA;2;Moderado;643;0.2399;OFICIAL;URBANA;0;167;248;159;69;Sasaima;27;3;Cundinamarca;Cundinamarca;;Fundación Alquería Cavelier
166001006059;ESCUELA NORMAL SUPERIOR EL JARDIN - DE RISARALDA;3;Crítico;641;0.828;OFICIAL;URBANA;0;0;367;180;94;Pereira;59;4;Pereira;Risaralda;;
276520002346;JOSE ASUNCION SILVA;2;Moderado;641;1.3004;OFICIAL;RURAL;45;252;243;101;0;Palmira;28;3;Palmira;Valle del Cauca;;
276520001862;JULIA SAAVEDRA DE VILLAFAÑE;2;Moderado;640;1.2984;OFICIAL;RURAL;30;317;229;64;0;Palmira;21;;Palmira;Valle del Cauca;;
215572000121;I.E. TECNICA PUERTO SERVIEZ - SEDE PRINCIPAL;1;Bajo;637;0.4881;OFICIAL;RURAL;74;221;255;87;0;Puerto Boyacá;32;2;Boyaca;Boyacá;NO;
317001007207;COLEGIO BOSTON;1;Bajo;636;1.3388;NO OFICIAL;URBANA;0;0;0;0;636;Manizales;;;Manizales;Caldas;SI;
205837000280;I.E. RIO GRANDE - SEDE PRINCIPAL;2;Moderado;636;1.6988;OFICIAL;RURAL;0;242;294;100;0;Turbo;37;3;Turbo;Antioquia;SI;Comfama (Caja de Compensación Familiar de Antioquia) | Parque Explora
376109009181;DIGNIDAD;1;Bajo;635;1.1383;OFICIAL;URBANA;50;264;188;83;50;Buenaventura;22;;Buenaventura;Valle del Cauca;SI;
166001000891;INSTITUCION EDUCATIVA DEOGRACIAS CARDONA;3;Crítico;635;0.8202;OFICIAL;URBANA;41;107;329;158;0;Pereira;50;3;Pereira;Risaralda;;Fundación Frisby
105001003247;SECCION ESCUELA MONSEÑOR PERDOMO;1;Bajo;634;0.1742;OFICIAL;URBANA;68;566;0;0;0;Medellín;20;;Medellín;Antioquia;;
105001006726;SECCION ESCUELA SANTO DOMINGO SAVIO;1;Bajo;634;0.1742;OFICIAL;URBANA;0;0;395;0;239;Medellín;14;;Medellín;Antioquia;;
105034000278;I. E. MARCO FIDEL SUAREZ;2;Moderado;630;0.1452;OFICIAL;URBANA;31;265;253;81;0;Andes;28;2;Antioquia;Antioquia;;Comfama (Caja de Compensación Familiar de Antioquia) | Fundación Fraternidad Medellín
105001001341;SECCION ESCUELA PIO XII;1;Bajo;630;0.1731;OFICIAL;URBANA;70;560;0;0;0;Medellín;20;1;Medellín;Antioquia;;
105001019305;INSTITUCION EDUCATIVA LA AVANZADA;1;Bajo;630;0.1731;OFICIAL;URBANA;45;323;187;75;0;Medellín;30;2;Medellín;Antioquia;;Fundación Carvajal | Fundación Nutresa
173443000030;I.E.T. FRANCISCO NUÑEZ PEDROSO - SEDE PRINCIPAL;1;Bajo;629;0.4505;OFICIAL;URBANA;39;187;289;114;0;San Sebastián de Mariquita;34;4;Tolima;Tolima;;Fundación Carvajal
205837005290;COMUNAL SAN JORGE;2;Moderado;627;1.6747;OFICIAL;RURAL;77;135;274;120;21;Turbo;32;3;Turbo;Antioquia;SI;Comfama (Caja de Compensación Familiar de Antioquia) | Fundación Carvajal | Fundación Nutresa
119142000153;SAGRADA FAMILIA (sede principal);1;Bajo;627;;OFICIAL;URBANA;48;244;245;90;0;Caloto;29;2;;Cauca;;Red Papaz
276130000113;SANTA TERESITA;1;Bajo;626;0.4811;OFICIAL;RURAL;0;362;264;0;0;Candelaria;9;1;Valle;Valle del Cauca;SI;
127001000411;IE ARMANDO LUNA ROA - SEDE PRINCIPAL;2;Moderado;625;1.7015;OFICIAL;URBANA;0;0;450;110;65;Quibdó;32;3;Quibdó;Chocó;SI;Fundación Carvajal
105266000941;I.E. JOSE MANUEL RESTREPO VELEZ - SEDE PRINCIPAL;2;Moderado;625;2.137;;URBANA;0;0;417;208;0;Envigado;34;2;Envigado;Antioquia;;
105001001368;INSTITUCION EDUCATIVA REPUBLICA DE BRASIL;1;Bajo;622;0.1709;OFICIAL;URBANA;22;148;294;90;68;Medellín;24;2;Medellín;Antioquia;;Comfama (Caja de Compensación Familiar de Antioquia) | Fundación Nutresa | Parque Explora
166001000565;NUESTRA SEÑORA DE FATIMA;3;Crítico;621;0.8021;OFICIAL;URBANA;31;238;242;110;0;Pereira;;;Pereira;Risaralda;;Claro Colombia | Pereira Cómo Vamos
166400000013;SE BERNARDO ARIAS TRUJILLO - SEDE PRINCIPAL;2;Moderado;621;1.3993;OFICIAL;URBANA;0;0;227;85;309;La Virginia;21;2;Risaralda;Risaralda;;Fundación Nutresa | Fundación SURA
105001010448;INSTITUCION EDUCATIVA LA ESPERANZA;1;Bajo;619;0.17;OFICIAL;URBANA;0;0;482;137;0;Medellín;37;2;Medellín;Antioquia;;
205893000306;I. E. R. SAN MIGUEL DEL TIGRE;2;Moderado;618;0.1424;OFICIAL;RURAL;71;208;198;86;55;Yondó;28;2;Antioquia;Antioquia;;
105001026662;INSTITUCION EDUCATIVA LA PASTORA - SEDE PRINCIPAL;1;Bajo;616;0.1692;OFICIAL;URBANA;43;308;219;46;0;Medellín;24;2;Medellín;Antioquia;;Comfama (Caja de Compensación Familiar de Antioquia) | Fundación Nutresa
223417002072;EL RODEO - SEDE PRINCIPAL;1;Bajo;616;2.7355;;RURAL;56;158;250;117;35;Lorica;45;2;Lorica;Córdoba;;
176248000229;MARIA INMACULADA;1;Bajo;614;0.4718;OFICIAL;URBANA;0;614;0;0;0;El Cerrito;15;;Valle;Valle del Cauca;SI;
105628000227;I. E. SAN JOSE;1;Bajo;614;0.1415;OFICIAL;URBANA;41;222;200;98;53;Sabanalarga;28;2;Antioquia;Antioquia;;
105001003298;INSTITUCION EDUCATIVA LORENZA VILLEGAS DE SANTOS;1;Bajo;614;0.1687;OFICIAL;URBANA;0;0;460;154;0;Medellín;32;1;Medellín;Antioquia;;Comfama (Caja de Compensación Familiar de Antioquia) | Fundación Nutresa | Red Papaz
173275000118;I.E. MANUELA OMAÑA - SEDE PRINCIPAL;2;Moderado;614;0.4398;OFICIAL;URBANA;0;0;359;159;96;Flandes;25;4;Tolima;Tolima;;
163001003271;POLICARPA SALAVARRIETA;3;Crítico;613;1.515;OFICIAL;URBANA;60;243;224;86;0;Armenia;12;;Armenia;Quindio;SI;
117001000629;INSTITUCIÓN EDUCATIVA ESCUELA NACIONAL AUXILIARES DE ENFERMERIA SEDE A;1;Bajo;613;1.2904;OFICIAL;URBANA;109;220;284;0;0;Manizales;25;;Manizales;Caldas;SI;Fundación Luker
227001018200;IE TECNICA ANTONIO RICAURTE;2;Moderado;610;1.6607;OFICIAL;URBANA;44;0;454;112;0;Quibdó;32;4;Quibdó;Chocó;SI;
119075000020;VASCO NUÑEZ DE BALBOA (sede principal);1;Bajo;610;;OFICIAL;RURAL;0;0;418;162;30;Balboa;38;3;;Cauca;;Fundación Carvajal | Fundación Empresarios por la Educación
163001000515;CRISTOBAL COLON;2;Moderado;609;1.5051;OFICIAL;URBANA;44;246;202;55;62;Armenia;41;4;Armenia;Quindio;SI;Claro Colombia | Red Papaz
127787000029;IE NORMAL SUPERIOR DEMETRIO SALAZAR CASTILLO - SEDE PRINCIPAL;2;Moderado;608;0.5339;OFICIAL;URBANA;0;0;422;148;38;Tadó;46;3;Choco;Chocó;SI;Fundación Carvajal
105001019879;SECCION ESCUELA MUNICIPAL BELEN;1;Bajo;608;0.167;OFICIAL;URBANA;0;0;453;155;0;Medellín;22;;Medellín;Antioquia;;Comfama (Caja de Compensación Familiar de Antioquia)
163594000362;MERCADOTÉCNIA MARÍA INMACULADA;2;Moderado;607;1.6721;OFICIAL;URBANA;0;158;331;118;0;Quimbaya;42;3;Quindio;Quindio;;Fundación Gimnasio Inglés | Fundación Nutresa
105209000021;I. E. DE JESUS;2;Moderado;606;0.1396;OFICIAL;URBANA;0;0;370;142;94;Concordia;42;4;Antioquia;Antioquia;SI;Comfama (Caja de Compensación Familiar de Antioquia)
327413000024;IE ATRATO DE LLORO - SEDE PRINCIPAL;2;Moderado;606;0.5321;OFICIAL;URBANA;0;0;422;113;71;Lloró;36;3;Choco;Chocó;SI;
119532001045;SIMON BOLIVAR (SEDE PRINCIPAL);1;Bajo;606;;OFICIAL;URBANA;28;135;213;65;165;Patía;36;3;;Cauca;;Fundación Carvajal | Red Papaz
105001011886;INSTITUCION EDUCATIVA AMERICA;1;Bajo;606;0.1665;OFICIAL;URBANA;0;0;463;143;0;Medellín;31;2;Medellín;Antioquia;;Colombia Evidencia Potencial en Educación | Fundación Nutresa
205837002916;I.E. EL TRES - SEDE PRINCIPAL;2;Moderado;605;1.616;OFICIAL;RURAL;25;126;276;106;72;Turbo;35;3;Turbo;Antioquia;SI;Parque Explora
205197000849;I. E. SAN FRANCISCO;2;Moderado;605;0.1394;OFICIAL;URBANA;40;241;182;66;76;Cocorná;24;2;Antioquia;Antioquia;;
176606000163;SEDE PRINCIPAL JOSE FELIX RESTREPO;3;Crítico;604;0.4641;OFICIAL;URBANA;30;185;261;110;18;Restrepo;36;3;Valle;Valle del Cauca;SI;Fundación Carvajal
105045010721;INSTITUCIÓN EDUCATIVA SAN JOSÉ OBRERO;1;Bajo;604;2.212;OFICIAL;URBANA;30;208;213;125;28;Apartadó;35;4;Apartado;Antioquia;SI;Comfama (Caja de Compensación Familiar de Antioquia) | Corporación Para El Desarrollo Humano Y Social Facilitar | Fundación Postobón
152001002842;I.E.M. MERCEDARIO - SEDE PRINCIPAL;1;Bajo;603;1.0181;OFICIAL;URBANA;51;107;323;122;0;Pasto;42;3;Pasto;Nariño;NO;
105001001805;INSTITUCION EDUCATIVA FE Y ALEGRIA POPULAR NO. 1;1;Bajo;602;0.1654;OFICIAL;URBANA;0;0;429;173;0;Medellín;34;3;Medellín;Antioquia;;Colombia Evidencia Potencial en Educación | Comfama (Caja de Compensación Familiar de Antioquia) | Fundación Carvajal | Fundación Nutresa
105837004116;E.U. JESUS MORA;2;Moderado;600;1.6026;OFICIAL;URBANA;56;337;207;0;0;Turbo;16;1;Turbo;Antioquia;SI;Comfama (Caja de Compensación Familiar de Antioquia)
219137000328;MONTERILLA (SEDE PRINCIPAL);3;Crítico;600;;OFICIAL;RURAL;18;82;356;144;0;Caldono;39;2;;Cauca;;Fundación Incolmotos Yamaha
105001005711;SECCION ESCUELA JUAN DE DIOS ARANZAZU;1;Bajo;598;0.1643;OFICIAL;URBANA;40;369;189;0;0;Medellín;23;1;Medellín;Antioquia;;Comfama (Caja de Compensación Familiar de Antioquia)
166001006067;INSTITUCION EDUCATIVA SAN NICOLAS INESAN;3;Crítico;593;0.766;OFICIAL;URBANA;63;267;188;75;0;Pereira;35;2;Pereira;Risaralda;SI;Fundación Nutresa
176111000531;JOSE MARIA VILLEGAS - SEDE PRINCIPAL;1;Bajo;592;3.2874;OFICIAL;URBANA;0;0;221;104;267;Guadalajara de Buga;30;3;Buga;Valle del Cauca;SI;Fundación Nutresa
176834000084;SEDE PRINCIPAL GIMNASIO DEL PACIFICO CENTRAL;2;Moderado;592;2.1475;OFICIAL;URBANA;0;0;341;251;0;Tuluá;36;5;Tuluá;Valle del Cauca;;Claro Colombia
205837000492;I.E. EL DOS;2;Moderado;590;1.5759;OFICIAL;RURAL;97;179;191;82;41;Turbo;37;3;Turbo;Antioquia;SI;Comfama (Caja de Compensación Familiar de Antioquia) | Parque Explora
176147000520;LAZARO DE GARDEA;3;Crítico;587;3.3048;OFICIAL;URBANA;44;215;222;81;25;Cartago;34;2;Cartago;Valle del Cauca;SI;
176834000289;SEDE PRINCIPAL INSTITUTO TEC. INDUSTRIAL C.S.L.;2;Moderado;586;2.1257;OFICIAL;URBANA;0;34;358;194;0;Tuluá;39;4;Tuluá;Valle del Cauca;;Fundación Corona | Fundación Levapan
176111001015;SAN VICENTE - SEDE PRINCIPAL;2;Moderado;585;3.2486;OFICIAL;URBANA;0;0;399;186;0;Guadalajara de Buga;38;3;Buga;Valle del Cauca;SI;
263130000356;MARÍA AUXILIADORA;3;Crítico;585;1.6115;OFICIAL;RURAL;76;509;0;0;0;Calarcá;21;;Quindio;Quindio;;
176001004990;SEDE LA GRAN COLOMBIA;2;Moderado;584;0.1903;OFICIAL;URBANA;83;501;0;0;0;Cali;1;;Cali;Valle del Cauca;SI;
105001002461;INSTITUCION EDUCATIVA LUCRECIO JARAMILLO VELEZ;1;Bajo;584;0.1604;OFICIAL;URBANA;0;0;417;167;0;Medellín;37;2;Medellín;Antioquia;;Colombia Evidencia Potencial en Educación
205001012534;INSTITUCION EDUCATIVA SAN ANTONIO DE PRADO;1;Bajo;583;0.1601;OFICIAL;URBANA;0;0;583;0;0;Medellín;41;4;Medellín;Antioquia;;Comfama (Caja de Compensación Familiar de Antioquia)
205837003483;I.E. DE DESARROLLO RURAL DE TURBO;2;Moderado;582;1.5545;OFICIAL;RURAL;57;241;201;56;27;Turbo;29;2;Turbo;Antioquia;SI;Fundación Carvajal
341770000060;SAN LORENZO;2;Moderado;580;0.455;OFICIAL;URBANA;0;0;365;168;47;Suaza;30;3;Huila;Huila;SI;
105001008206;SECCION ESCUELA BETANIA;1;Bajo;580;0.1593;OFICIAL;URBANA;60;520;0;0;0;Medellín;20;1;Medellín;Antioquia;;Fundación Carvajal
105842000382;I. E. SAN JOSE;2;Moderado;577;0.133;OFICIAL;URBANA;27;188;259;78;25;Uramita;29;2;Antioquia;Antioquia;;Comfama (Caja de Compensación Familiar de Antioquia)
105001009652;INSTITUCION EDUCATIVA SAN LORENZO DE ABURRA;1;Bajo;577;0.1585;OFICIAL;URBANA;0;0;393;184;0;Medellín;30;2;Medellín;Antioquia;;Colombia Evidencia Potencial en Educación | Fundación Nutresa | Parque Explora
105887000146;E U ROSENDA TORRES;2;Moderado;575;0.1325;OFICIAL;URBANA;67;496;0;0;12;Yarumal;22;;Antioquia;Antioquia;;Comfama (Caja de Compensación Familiar de Antioquia)
173168000113;I.E.T. MEDALLA MILAGROSA - SEDE PRINCIPAL;1;Bajo;574;0.4111;OFICIAL;URBANA;0;0;402;172;0;Chaparral;27;4;Tolima;Tolima;SI;
263130000925;SAN BERNARDO;2;Moderado;574;1.5812;OFICIAL;RURAL;0;0;383;123;68;Calarcá;28;2;Quindio;Quindio;;
105001005410;INSTITUCION EDUCATIVA JUAN DE DIOS CARVAJAL;1;Bajo;574;0.1577;OFICIAL;URBANA;0;0;412;162;0;Medellín;44;1;Medellín;Antioquia;;Colombia Evidencia Potencial en Educación | Red Papaz
119807000133;CARLOS ALBAN (sede principal);2;Moderado;573;;OFICIAL;URBANA;0;0;392;161;20;Timbío;31;4;;Cauca;;Red Papaz
105001009962;SECCION ESCUELA LEON DE GREIFF;1;Bajo;573;0.1574;OFICIAL;URBANA;72;501;0;0;0;Medellín;18;1;Medellín;Antioquia;;Comfama (Caja de Compensación Familiar de Antioquia)
266001001205;NARANJITO;3;Crítico;573;0.7401;OFICIAL;URBANA;99;446;0;0;28;Pereira;1;;Pereira;Risaralda;;Fundación Alquería Cavelier
105679000485;I. E. JESUS MARIA ROJAS PAGOLA;1;Bajo;572;0.1318;OFICIAL;URBANA;19;155;228;96;74;Santa Bárbara;29;2;Antioquia;Antioquia;SI;
176147000678;MANUEL QUINTERO PENILLA;2;Moderado;570;3.2091;OFICIAL;URBANA;35;176;264;95;0;Cartago;26;1;Cartago;Valle del Cauca;SI;Red Papaz
163001001961;BOSQUES DE PINARES;1;Bajo;569;1.4062;OFICIAL;URBANA;70;195;218;86;0;Armenia;48;4;Armenia;Quindio;SI;
163001000302;SANTA TERESA DE JESUS;3;Crítico;569;1.4062;OFICIAL;URBANA;0;132;309;112;16;Armenia;39;3;Armenia;Quindio;SI;Red Papaz
119780000969;SUAREZ (sede principal);1;Bajo;569;;OFICIAL;URBANA;0;0;452;117;0;Suárez;25;2;;Cauca;;
176147001241;MARÍA AUXILIADORA DEPARTAMENTAL;1;Bajo;568;3.1978;OFICIAL;URBANA;0;0;410;158;0;Cartago;22;3;Cartago;Valle del Cauca;SI;
176147000252;MARÍA INMACULADA;1;Bajo;568;3.1978;OFICIAL;URBANA;87;252;229;0;0;Cartago;16;;Cartago;Valle del Cauca;SI;
105001003280;INSTITUCION EDUCATIVA MARIA MONTESSORI;1;Bajo;568;0.156;OFICIAL;URBANA;0;0;317;117;134;Medellín;26;2;Medellín;Antioquia;;Comfama (Caja de Compensación Familiar de Antioquia) | Red Papaz
105001015229;SECCION ESCUELA VILLA TURBAY;1;Bajo;567;0.1558;OFICIAL;URBANA;49;463;0;0;55;Medellín;18;;Medellín;Antioquia;;Comfama (Caja de Compensación Familiar de Antioquia) | Fundación Carvajal
176111000469;NARCISO CABAL SALCEDO - SEDE PRINCIPAL;2;Moderado;566;3.143;OFICIAL;URBANA;0;0;446;120;0;Guadalajara de Buga;23;2;Buga;Valle del Cauca;SI;Fundación Nutresa
166001000620;INSTITUCION EDUCATIVA ALFONSO JARAMILLO GUTIERREZ;3;Crítico;564;0.7285;OFICIAL;URBANA;0;0;376;188;0;Pereira;38;3;Pereira;Risaralda;SI;Fundación Frisby
127615000035;IE LA PRESENTACION - SEDE PRINCIPAL;2;Moderado;563;0.4944;OFICIAL;URBANA;36;213;194;88;32;Riosucio;29;2;Choco;Chocó;SI;
227001001692;SEDE PUENTE DE CABI;1;Bajo;563;1.5327;OFICIAL;URBANA;64;481;0;0;18;Quibdó;22;;Quibdó;Chocó;SI;
105001002909;SECCION ESCUELA LA FRONTERA;1;Bajo;563;0.1547;OFICIAL;URBANA;53;510;0;0;0;Medellín;17;1;Medellín;Antioquia;;Comfama (Caja de Compensación Familiar de Antioquia)
276001011354;ANTONIO RICAURTE - SEDE PRINCIPAL;2;Moderado;562;0.1831;OFICIAL;RURAL;0;0;297;128;137;Cali;28;3;Cali;Valle del Cauca;SI;Fundación Carvajal
105001015091;INSTITUCION EDUCATIVA FE Y ALEGRIA GRANIZAL;1;Bajo;561;0.1541;OFICIAL;URBANA;98;238;102;123;0;Medellín;26;2;Medellín;Antioquia;;Comfama (Caja de Compensación Familiar de Antioquia) | Fundación Nutresa
176563000032;ELOY SILVA;2;Moderado;559;0.4296;OFICIAL;URBANA;96;463;0;0;0;Pradera;17;;Valle;Valle del Cauca;SI;
127001017926;SEDE LUIS GONZALO PEREA VILLA ESPAÑA;3;Crítico;556;1.5137;OFICIAL;URBANA;29;259;208;58;2;Quibdó;9;;Quibdó;Chocó;SI;Natura Cosmeticos Ltda.
219130000667;EFRAIN OROZCO (sede principal);1;Bajo;556;;OFICIAL;RURAL;31;166;252;107;0;Cajibío;31;2;;Cauca;;
105001007439;INSTITUCION EDUCATIVA PEDRO CLAVER AGUIRRE;1;Bajo;556;0.1527;OFICIAL;URBANA;23;179;239;99;16;Medellín;31;2;Medellín;Antioquia;;
166001000484;LA VILLA;3;Crítico;556;0.7182;OFICIAL;URBANA;15;161;269;111;0;Pereira;24;2;Pereira;Risaralda;;Fundación Nutresa
273270000041;PALOCABILDO;2;Moderado;555;0.3975;OFICIAL;URBANA;112;400;0;0;43;Palocabildo;15;;Tolima;Tolima;SI;
105001002828;SECCION ESCUELA CUARTA BRIGADA;1;Bajo;555;0.1525;OFICIAL;URBANA;81;474;0;0;0;Medellín;20;1;Medellín;Antioquia;;
176520002295;ROSA VIRGINIA;1;Bajo;555;1.126;OFICIAL;URBANA;84;471;0;0;0;Palmira;18;1;Palmira;Valle del Cauca;;
105001016420;INSTITUCION EDUCATIVA TRICENTENARIO;1;Bajo;553;0.1519;OFICIAL;URBANA;0;0;368;185;0;Medellín;26;3;Medellín;Antioquia;;Fundación Nutresa | Red Papaz
225245000695;COLEGIO DEPARTAMENTAL LUIS CARLOS GALAN SARMIENTO;3;Crítico;553;0.2064;OFICIAL;RURAL;26;145;294;47;41;El Colegio;31;2;Cundinamarca;Cundinamarca;;Fundación Corona
266001005928;INSTITUCION EDUCATIVA CARLOS EDUARDO VASCO URIBE;3;Crítico;553;0.7143;OFICIAL;RURAL;17;150;287;99;0;Pereira;41;3;Pereira;Risaralda;;
127001000268;SEDE ANEXA ANTONIO MARIA CLARET;3;Crítico;551;1.5001;OFICIAL;URBANA;90;461;0;0;0;Quibdó;20;;Quibdó;Chocó;SI;Natura Cosmeticos Ltda.
205591000064;I. E. R. HERMANO DANIEL;1;Bajo;551;0.127;OFICIAL;RURAL;50;217;162;47;75;Puerto Triunfo;22;2;Antioquia;Antioquia;;Fundación Bancolombia
163001000671;LOS QUINDOS;1;Bajo;551;1.3617;OFICIAL;URBANA;47;243;214;47;0;Armenia;57;5;Armenia;Quindio;;Red Papaz
205856000177;I. E. RAFAEL URIBE URIBE;2;Moderado;547;0.1261;OFICIAL;URBANA;51;242;133;46;75;La Pintada;21;1;Antioquia;Antioquia;SI;Comfama (Caja de Compensación Familiar de Antioquia)
119532000529;PATIA (sede principal);1;Bajo;547;;OFICIAL;URBANA;0;0;384;163;0;Patía;41;4;;Cauca;;Red Papaz
105266001157;ESCUELA URBANA SAN RAFAEL;2;Moderado;547;1.8703;;URBANA;93;454;0;0;0;Envigado;25;1;Envigado;Antioquia;;Periódico El Mundo
105360000393;INSTITUCION EDUCATIVA MARIA JESUS SEDE PRIMARIA;1;Bajo;546;1.4597;OFICIAL;URBANA;69;477;0;0;0;Itagüí;19;1;Itagui;Antioquia;SI;Comfama (Caja de Compensación Familiar de Antioquia) | Periódico El Mundo
225645000244;INSTITUCION EDUCATIVA DEPARTAMENTAL MARIANO SANTAMARIA;1;Bajo;546;0.2037;OFICIAL;URBANA;0;0;380;141;25;San Antonio del Tequendama;25;3;Cundinamarca;Cundinamarca;;
176001012798;MARIANO OSPINA PEREZ;2;Moderado;545;0.1776;OFICIAL;URBANA;127;418;0;0;0;Cali;9;1;Cali;Valle del Cauca;SI;Colombia Evidencia Potencial en Educación | Fundación SURA
205001011961;CENTRO EDUCATIVO PEDREGAL BAJO;1;Bajo;545;0.1497;OFICIAL;RURAL;0;352;193;0;0;Medellín;7;;Medellín;Antioquia;;
163001001139;CIUDAD ARMENIA;2;Moderado;545;1.3469;OFICIAL;URBANA;45;165;134;54;147;Armenia;8;;Armenia;Quindio;;Claro Colombia | Fundación Nutresa
105642000019;LICEO JULIO RESTREPO;2;Moderado;544;0.1254;OFICIAL;URBANA;0;0;320;106;118;Salgar;21;2;Antioquia;Antioquia;;Comfama (Caja de Compensación Familiar de Antioquia)
127001000837;SEDE ANEXA A LA NORMAL SUPERIOR DE QUIBDO;3;Crítico;542;1.4756;OFICIAL;URBANA;97;445;0;0;0;Quibdó;19;;Quibdó;Chocó;SI;
163001001520;ZULDEMAYDA;1;Bajo;542;1.3395;OFICIAL;URBANA;88;454;0;0;0;Armenia;15;;Armenia;Quindio;SI;Claro Colombia
163001000353;NACIONAL JESUS MARIA OCAMPO;1;Bajo;542;1.3395;OFICIAL;URBANA;47;171;226;82;16;Armenia;39;3;Armenia;Quindio;SI;Claro Colombia
276520000564;TABLONES;2;Moderado;541;1.0976;OFICIAL;RURAL;30;202;192;53;64;Palmira;26;1;Palmira;Valle del Cauca;SI;Fundación Nutresa
105001024073;INSTITUCION EDUCATIVA JOSE MARIA ESPINOSA PRIETO - CASD;1;Bajo;541;0.1486;OFICIAL;URBANA;0;0;307;234;0;Medellín;32;3;Medellín;Antioquia;;Colombia Evidencia Potencial en Educación | Fundación Nutresa
119807000125;GUILLERMO VALENCIA (sede principal);2;Moderado;539;;OFICIAL;URBANA;22;192;249;76;0;Timbío;28;3;;Cauca;;
105001016489;SECCION ESCUELA FE Y ALEGRIA GRANIZAL;1;Bajo;538;0.1478;OFICIAL;URBANA;0;274;249;0;15;Medellín;18;1;Medellín;Antioquia;;Comfama (Caja de Compensación Familiar de Antioquia)
141001005181;JAIRO MORERA LIZCANO;1;Bajo;537;0.796;OFICIAL;URBANA;26;216;236;59;0;Neiva;30;3;Neiva;Huila;SI;Fundación Terpel | Red Papaz
119256000285;FRANCISCO DE PAULA SANTANDER (sede principal);1;Bajo;537;;OFICIAL;URBANA;0;207;242;88;0;El Tambo;32;2;;Cauca;;
127001000233;I.E. TECNICA INTEGRADO CARRASQUILLA INDUSTRIAL - SEDE PRINCIPAL;3;Crítico;536;1.4592;OFICIAL;URBANA;0;0;0;456;80;Quibdó;83;6;Quibdó;Chocó;SI;CORPORACIÓN CENTRO DE INNOVACIÓN DEL PACÍFICO | Fundación Bancolombia | Natura Cosmeticos Ltda.
317001001632;COLEGIO DE NUESTRA SEÑORA DEL ROSARIO;1;Bajo;536;1.1283;NO OFICIAL;URBANA;23;229;191;93;0;Manizales;;;Manizales;Caldas;SI;
105001005312;SECCION ESCUELA SAN JOSE;1;Bajo;536;0.1472;OFICIAL;URBANA;110;372;0;0;54;Medellín;17;1;Medellín;Antioquia;;
327245000030;IE CORAZON DE MARIA - SEDE PRINCIPAL;2;Moderado;534;0.4689;OFICIAL;URBANA;34;245;206;49;0;El Carmen de Atrato;28;2;Choco;Chocó;SI;
117001000530;INSTITUCIÓN EDUCATIVA INSTITUTO CHIPRE SEDE B;1;Bajo;534;1.1241;OFICIAL;URBANA;105;365;0;0;64;Manizales;11;;Manizales;Caldas;SI;Fundación Luker
163130000190;RAFAEL URIBE URIBE;1;Bajo;534;1.471;OFICIAL;URBANA;37;197;145;57;98;Calarcá;30;2;Quindio;Quindio;;
127006000134;SEDE DIEGO LUIS CORDOBA;2;Moderado;533;0.468;OFICIAL;URBANA;190;343;0;0;0;Acandí;12;;Choco;Chocó;SI;
127787000169;SEDE ANEXA FRANCISCO MIRANDA;2;Moderado;532;0.4671;OFICIAL;URBANA;90;442;0;0;0;Tadó;19;;Choco;Chocó;SI;
166001000654;PROVIDENCIA;3;Crítico;531;0.6859;OFICIAL;URBANA;11;77;263;79;101;Pereira;53;3;Pereira;Risaralda;SI;Fundación SURA
376111002827;COLEGIO COMFANDI BUGA;1;Bajo;530;2.9431;NO OFICIAL;URBANA;19;141;264;98;8;Guadalajara de Buga;;;Buga;Valle del Cauca;SI;Fundación Corona | Fundación Nutresa
266001002481;EL PLACER;3;Crítico;530;0.6846;OFICIAL;RURAL;0;0;335;97;98;Pereira;30;2;Pereira;Risaralda;SI;Fundación Fanalca | Fundación SURA
166170001023;FABIO VASQUEZ BOTERO;3;Crítico;529;1.7554;OFICIAL;URBANA;0;0;383;146;0;Dosquebradas;28;3;Dosquebradas;Risaralda;SI;Natura Cosmeticos Ltda.
205837000450;PIEDRECITAS;2;Moderado;528;1.4103;OFICIAL;RURAL;29;106;288;105;0;Turbo;28;2;Turbo;Antioquia;SI;Parque Explora
252001000283;I.E.M. CRISTO REY - SEDE PRINCIPAL;1;Bajo;528;0.8915;OFICIAL;RURAL;33;164;201;83;47;Pasto;30;3;Pasto;Nariño;NO;
119050000637;ARGELIA (Sede Principal);1;Bajo;528;;OFICIAL;URBANA;0;0;370;138;20;Argelia;28;2;;Cauca;;Red Papaz
117042000552;INSTITUCIÓN EDUCATIVA AURELIANO FLOREZ CARDONA - SEDE PRINCIPAL;2;Moderado;528;0.6573;;URBANA;0;0;396;132;0;Anserma;38;3;Caldas;Caldas;;Caja de Compensación Familiar de Caldas
150001000260;ESCUELA FRANCISCO DE MIRANDA;1;Bajo;527;0.5493;OFICIAL;URBANA;62;465;0;0;0;Villavicencio;20;;Villavicencio;Meta;;
166001000301;INSTITUCION EDUCATIVA JUAN XXIII;3;Crítico;527;0.6807;OFICIAL;URBANA;18;161;255;70;23;Pereira;27;2;Pereira;Risaralda;;
166682001033;SE MARILLAC - SEDE PRINCIPAL;2;Moderado;527;1.1875;OFICIAL;URBANA;0;0;408;119;0;Santa Rosa de Cabal;27;4;Risaralda;Risaralda;;Fundación Nutresa
276109001266;ATANASIO GIRARDOT;3;Crítico;526;0.9429;OFICIAL;RURAL;32;196;234;64;0;Buenaventura;34;3;Buenaventura;Valle del Cauca;SI;
119743000088;NUESTRA SENORA DEL PERPETUO SOCORRO (sede principal);1;Bajo;525;;OFICIAL;URBANA;0;0;365;160;0;Silvia;28;3;;Cauca;;
117444000044;INSTITUCION EDUCATIVA ESCUELA NORMAL SUPERIOR NUESTRA SENORA DE LA CANDELARIA - SEDE PRINCIPAL;1;Bajo;525;0.6536;;URBANA;0;0;257;119;149;Marquetalia;34;3;Caldas;Caldas;;Caja de Compensación Familiar de Caldas
227001000335;IE NUESTRA SEÑORA DE LAS MERCEDES - SEDE PRINCIPAL;2;Moderado;524;0.4601;OFICIAL;RURAL;23;148;254;83;16;Río Quito;44;3;Choco;Chocó;SI;
219517001238;ESCUELA RURAL MIXTA LA MESA DE CALOTO;1;Bajo;524;;OFICIAL;RURAL;63;262;166;33;0;Páez;29;1;;Cauca;;
176001025849;ELIAS SALAZAR GARCIA;2;Moderado;523;0.1704;OFICIAL;URBANA;26;264;212;0;21;Cali;17;1;Cali;Valle del Cauca;SI;
119513000224;ALMIRANTE PADILLA (sede principal);1;Bajo;523;;OFICIAL;URBANA;0;0;371;152;0;Padilla;34;3;;Cauca;;
117001000998;INSTITUCIÓN EDUCATIVA LEONARDO DA VINCI;3;Crítico;522;1.0988;OFICIAL;URBANA;22;165;238;97;0;Manizales;30;2;Manizales;Caldas;SI;Fundación Corona | Fundación Luker
163130001137;GENERAL SANTANDER;2;Moderado;522;1.4379;OFICIAL;URBANA;22;206;236;58;0;Calarcá;32;2;Quindio;Quindio;;Fundación Nutresa
105001003352;SECCION ESCUELA ASIA IGNACIANA;1;Bajo;522;0.1434;OFICIAL;URBANA;55;467;0;0;0;Medellín;13;1;Medellín;Antioquia;;Comfama (Caja de Compensación Familiar de Antioquia)
176250000261;JOSE MARIA FALLA;1;Bajo;521;0.4004;OFICIAL;URBANA;0;0;314;129;78;El Dovio;22;3;Valle;Valle del Cauca;SI;Fundación Carvajal
163401000026;ANTONIO NARIÑO;1;Bajo;521;1.4352;OFICIAL;URBANA;36;250;128;43;64;La Tebaida;29;2;Quindio;Quindio;;
176318000701;PEDRO VICENTE ABADIA;2;Moderado;520;0.3996;OFICIAL;URBANA;0;0;297;173;50;Guacarí;39;3;Valle;Valle del Cauca;SI;Fundación Nutresa | Red Papaz
105002000161;I. E. ESCUELA NORMAL SUPERIOR DE ABEJORRAL;2;Moderado;520;0.1198;OFICIAL;URBANA;57;205;163;68;27;Abejorral;29;3;Antioquia;Antioquia;;Comfama (Caja de Compensación Familiar de Antioquia) | Fundación Fraternidad Medellín
223417002111;EL CARITO - SEDE PRINCIPAL;3;Crítico;520;2.3092;;RURAL;0;0;282;117;121;Lorica;33;3;Lorica;Córdoba;;
341396000182;MARILLAC;2;Moderado;519;0.4071;OFICIAL;URBANA;0;0;381;138;0;La Plata;26;3;Huila;Huila;SI;
127001004140;SEDE PARQUE DE LA GLORIA;2;Moderado;519;1.4129;OFICIAL;URBANA;71;445;0;0;3;Quibdó;23;;Quibdó;Chocó;SI;Natura Cosmeticos Ltda.
163272000294;SAGRADO CORAZÓN DE JESÚS;3;Crítico;519;1.4297;OFICIAL;URBANA;19;217;199;84;0;Filandia;29;2;Quindio;Quindio;;
376364800045;COLEGIO LA VIRGEN DEL VALLE - SEDE PRINCIPAL;1;Bajo;518;1.8715;NO OFICIAL;URBANA;47;266;158;47;0;Jamundí;;;Jamundí;Valle del Cauca;SI;
176001001702;INSTITUCION EDUCATIVA GENERAL ALFREDO VASQUEZ COBO;2;Moderado;518;0.1688;OFICIAL;URBANA;0;0;385;133;0;Cali;26;4;Cali;Valle del Cauca;SI;Colombia Evidencia Potencial en Educación | Fundación Carvajal | Fundación Nutresa | Fundación Scarpetta Gnecco
105284000788;I. E. AGROPECUARIA PEDRO ANTONIO ELEJALDE;2;Moderado;517;0.1191;OFICIAL;URBANA;18;184;225;90;0;Frontino;25;2;Antioquia;Antioquia;;Comfama (Caja de Compensación Familiar de Antioquia) | Parque Explora
176834000394;SEDE PRINCIPAL NO. 7 MARIA ANTONIA RUIZ;1;Bajo;517;1.8754;OFICIAL;URBANA;24;180;313;0;0;Tuluá;17;6;Tuluá;Valle del Cauca;;Fundación Corona | Fundación Nutresa
276248000355;INSTITUCION EDUCATIVA JORGE ISAACS EL PLACER;1;Bajo;517;0.3973;OFICIAL;RURAL;0;0;350;132;35;El Cerrito;41;3;Valle;Valle del Cauca;;Fundación Carvajal | Fundación Nutresa
315480000341;I.E. SAN MARCOS - SEDE PRINCIPAL;2;Moderado;516;0.3954;OFICIAL;URBANA;0;0;348;138;30;Muzo;26;4;Boyaca;Boyacá;NO;
266572001407;SE KEMBERDE;2;Moderado;516;1.1627;OFICIAL;RURAL;52;65;263;76;60;Pueblo Rico;27;2;Risaralda;Risaralda;SI;
141548000168;PROMOCION SOCIAL;2;Moderado;516;0.4048;OFICIAL;URBANA;0;0;396;120;0;Pital;26;3;Huila;Huila;SI;
105360000555;INSTITUCION EDUCATIVA CONCEJO MUNICIPAL SEDE PRIMARIA;1;Bajo;516;1.3795;OFICIAL;URBANA;98;221;0;0;197;Itagüí;14;1;Itagui;Antioquia;SI;Periódico El Mundo
105001000795;INSTITUCION EDUCATIVA ALFREDO COCK ARANGO;1;Bajo;516;0.1417;OFICIAL;URBANA;10;142;240;64;60;Medellín;30;2;Medellín;Antioquia;;Fundación Nutresa | Red Papaz
117001000157;INSTITUCIÓN EDUCATIVA INSTITUTO CHIPRE;1;Bajo;515;1.0841;OFICIAL;URBANA;0;0;365;150;0;Manizales;30;3;Manizales;Caldas;SI;Fundación Corona | Fundación Luker
176109005607;J. DE NAZARETH;1;Bajo;515;0.9232;OFICIAL;URBANA;68;281;123;43;0;Buenaventura;12;;Buenaventura;Valle del Cauca;SI;
405837000998;C.E. COLDESA AMSTERCOL;2;Moderado;514;1.3729;OFICIAL;RURAL;51;187;196;80;0;Turbo;30;2;Turbo;Antioquia;SI;
176001037600;INSTITUCION EDUCATIVA TECNICO INDUSTRIAL MULTIPROPOSITO - SEDE PRINCIPAL;2;Moderado;514;0.1675;OFICIAL;URBANA;0;0;395;119;0;Cali;49;5;Cali;Valle del Cauca;SI;Fundación Carvajal | Tecnoquimicas S.A.
127800000238;IE DE UNGUIA - SEDE PRINCIPAL;2;Moderado;514;0.4513;OFICIAL;URBANA;0;0;411;103;0;Unguía;28;3;Choco;Chocó;SI;
476020000249;ARTURO GOMEZ JARAMILLO;2;Moderado;514;0.395;OFICIAL;RURAL;18;0;290;123;83;Alcalá;28;4;Valle;Valle del Cauca;SI;
105001002216;SECCION ESCUELA LA FRANCIA;1;Bajo;514;0.1412;OFICIAL;URBANA;51;394;0;0;69;Medellín;18;1;Medellín;Antioquia;;
223417001793;LA UNIÓN - SEDE PRINCIPAL;2;Moderado;514;2.2825;;RURAL;18;109;264;123;0;Lorica;32;3;Lorica;Córdoba;;
205837003742;29 DE NOVIEMBRE - SEDE PRINCIPAL;2;Moderado;512;1.3676;OFICIAL;RURAL;0;0;382;130;0;Turbo;27;3;Turbo;Antioquia;SI;Comfama (Caja de Compensación Familiar de Antioquia)
105045010674;20 DE ENERO;1;Bajo;512;1.875;OFICIAL;URBANA;150;186;0;139;37;Apartadó;24;;Apartado;Antioquia;SI;
117486000877;INSTITUCIÓN EDUCATIVA NEIRA - SEDE PRINCIPAL;2;Moderado;509;0.6337;;URBANA;0;0;282;112;115;Neira;24;2;Caldas;Caldas;;
105819000022;I. E. J. EMILIO VALDERRAMA AGUDELO;2;Moderado;508;0.1171;OFICIAL;URBANA;24;167;169;82;66;Toledo;19;2;Antioquia;Antioquia;;Comfama (Caja de Compensación Familiar de Antioquia)
105001009865;INSTITUCION EDUCATIVA HERNAN TORO AGUDELO;1;Bajo;508;0.1395;OFICIAL;URBANA;0;75;323;110;0;Medellín;28;1;Medellín;Antioquia;;Comfama (Caja de Compensación Familiar de Antioquia) | Fundación Nutresa | Red Papaz
117001006902;INSTITUCIÓN EDUCATIVA INSTITUTO TÉCNICO MARCO FIDEL SUAREZ;1;Bajo;507;1.0673;OFICIAL;URBANA;29;179;236;63;0;Manizales;30;2;Manizales;Caldas;SI;Fundación Corona | Fundación Luker
276001043884;INSTITUCION EDUCATIVA ISAIAS GAMBOA - EL AGUACATAL;2;Moderado;507;0.1652;OFICIAL;URBANA;0;0;286;221;0;Cali;30;2;Cali;Valle del Cauca;SI;
276109000464;NIÑO JESUS DE PRAGA;2;Moderado;507;0.9089;OFICIAL;RURAL;43;182;128;25;129;Buenaventura;30;4;Buenaventura;Valle del Cauca;SI;Fundación Carvajal
176828000021;JULIAN TRUJILLO;2;Moderado;507;0.3896;OFICIAL;URBANA;0;0;352;140;15;Trujillo;22;2;Valle;Valle del Cauca;;Fundación Carvajal | Fundación Nutresa
276520002192;JOSE MANUEL GROOT;3;Crítico;502;1.0184;OFICIAL;URBANA;0;210;270;0;22;Palmira;21;1;Palmira;Valle del Cauca;SI;
105360001098;INSTITUCION EDUCATIVA SIMON BOLIVAR;1;Bajo;502;1.342;OFICIAL;URBANA;19;210;179;94;0;Itagüí;26;2;Itagui;Antioquia;SI;Comfama (Caja de Compensación Familiar de Antioquia) | Fundación Nutresa | Periódico El Mundo
119142000471;ESCIPION JARAMILLO (sede principal);1;Bajo;502;;OFICIAL;URBANA;0;0;347;155;0;Caloto;32;5;;Cauca;;Fundación SURA
141551001558;AGUSTIN SIERRA LOSADA;2;Moderado;502;1.6081;OFICIAL;URBANA;66;436;0;0;0;Pitalito;21;1;Pitalito;Huila;;
125649000015;INSTITUCION EDUCATIVA DEPARTAMENTAL ESCUELA NORMAL SUPERIOR;2;Moderado;500;0.1866;OFICIAL;RURAL;26;95;201;115;63;San Bernardo;38;3;Cundinamarca;Cundinamarca;;Cámara de Comercio De Bogotá | Fundación Alquería Cavelier
105001011983;SECCION ESCUELA GERARDO DAVID GIRALDO;1;Bajo;498;0.1368;OFICIAL;URBANA;44;454;0;0;0;Medellín;15;1;Medellín;Antioquia;;
166682000215;SE SAN LUIS GONZAGA;3;Crítico;497;1.1199;OFICIAL;URBANA;73;424;0;0;0;Santa Rosa de Cabal;17;;Risaralda;Risaralda;SI;
176001001681;INSTITUCION EDUCATIVA ALBERTO CARVAJAL BORRERO;2;Moderado;497;0.1619;OFICIAL;URBANA;0;0;350;147;0;Cali;27;2;Cali;Valle del Cauca;SI;Fundación Carvajal
125148000481;INSTITUCION EDUCATIVA DEPARTAMENTAL SANTA GEMMA DE GALGANI;2;Moderado;497;0.1855;OFICIAL;URBANA;0;0;297;123;77;Caparrapí;26;3;Cundinamarca;Cundinamarca;;Fundación Alquería Cavelier | Fundación Corona | Fundación Enel Colombia
105483000347;I. E. INMACULADA CONCEPCION;2;Moderado;496;0.1143;OFICIAL;URBANA;36;184;163;113;0;Nariño;22;2;Antioquia;Antioquia;SI;Comfama (Caja de Compensación Familiar de Antioquia)
176001002920;JOSE MARIA VIVAS BALCAZAR;2;Moderado;496;0.1616;OFICIAL;URBANA;58;421;0;0;17;Cali;14;1;Cali;Valle del Cauca;SI;
170001000520;INSTITUCION EDUCATIVA CONCENTRACION SIMON ARAUJO;2;Moderado;495;0.8021;OFICIAL;URBANA;18;118;258;101;0;Sincelejo;23;2;Sincelejo;Sucre;NO;
125572000033;INSTITUCION EDUCATIVA DEPARTAMENTAL POLICARPA SALAVARRIETA;1;Bajo;495;0.1847;OFICIAL;URBANA;10;100;255;100;30;Puerto Salgar;26;1;Cundinamarca;Cundinamarca;;Fundación Alquería Cavelier | Fundación Nutresa
166001004447;POBLADO;3;Crítico;495;0.6394;OFICIAL;URBANA;42;188;249;0;16;Pereira;;;Pereira;Risaralda;;
266001005499;INSTITUCION EDUCATIVA COMUNITARIO CERRITOS;3;Crítico;495;0.6394;OFICIAL;RURAL;0;0;365;81;49;Pereira;50;3;Pereira;Risaralda;;
163001000892;GABRIELA MISTRAL;1;Bajo;494;1.2209;OFICIAL;URBANA;19;148;236;91;0;Armenia;22;;Armenia;Quindio;SI;Natura Cosmeticos Ltda.
376111000921;COL SANTA MARIANA DE JESÚS;1;Bajo;492;2.7321;NO OFICIAL;URBANA;51;153;198;90;0;Guadalajara de Buga;;;Buga;Valle del Cauca;SI;
127001000012;SEDE NICOLAS ROJAS;2;Moderado;491;1.3367;OFICIAL;URBANA;96;370;0;0;25;Quibdó;18;;Quibdó;Chocó;SI;
127077000089;IE FRANCISCO PIZARRO - SEDE PRINCIPAL;2;Moderado;490;0.4303;OFICIAL;URBANA;0;12;302;88;88;Bajo Baudó;31;4;Choco;Chocó;SI;
117616000696;INSTITUCION EDUCATIVA MARIA INMACULADA - SEDE PRINCIPAL;2;Moderado;490;0.61;;URBANA;0;0;316;88;86;Risaralda;19;2;Caldas;Caldas;;Caja de Compensación Familiar de Caldas
115407000015;I.E. TECNICA INDUSTRIAL ANTONIO RICAURTE - SEDE PRINCIPAL;1;Bajo;489;0.3747;OFICIAL;URBANA;0;0;334;155;0;Villa de Leyva;28;4;Boyaca;Boyacá;NO;Claro Colombia
141001002557;ANGEL MARIA PAREDES;1;Bajo;488;0.7234;OFICIAL;URBANA;0;0;405;83;0;Neiva;25;3;Neiva;Huila;SI;
217616000372;INSTITUCION EDUCATIVA SANTA TERESITA - SEDE PRINCIPAL;1;Bajo;488;0.6075;;URBANA;17;135;195;83;58;Risaralda;23;1;Caldas;Caldas;;Federación Nacional de Cafeteros de Colombia
152001000131;SEDE SANTA MONICA;1;Bajo;487;0.8223;OFICIAL;URBANA;0;487;0;0;0;Pasto;15;;Pasto;Nariño;NO;
205148000582;I.E.R SANTA MARIA;1;Bajo;487;0.1122;OFICIAL;RURAL;0;0;341;146;0;El Carmen de Viboral;28;3;Antioquia;Antioquia;SI;Comfama (Caja de Compensación Familiar de Antioquia) | Fundación Fraternidad Medellín
276130000121;JOSE ANTONIO GALAN;1;Bajo;485;0.3727;OFICIAL;RURAL;0;414;0;0;71;Candelaria;10;;Valle;Valle del Cauca;SI;
276892000161;LEONOR LOURIDO DE VELASCO;2;Moderado;485;2.156;OFICIAL;RURAL;0;168;219;98;0;Yumbo;32;2;Yumbo;Valle del Cauca;;Fundación Corona | Fundación Nutresa
105093000109;LICEO SAN JOSE;1;Bajo;484;0.1115;OFICIAL;URBANA;0;0;270;141;73;Betulia;20;3;Antioquia;Antioquia;;Comfama (Caja de Compensación Familiar de Antioquia)
176563000822;ALFREDO POSADA CORREA;1;Bajo;483;0.3712;OFICIAL;URBANA;0;0;163;278;42;Pradera;37;5;Valle;Valle del Cauca;SI;
205837006288;I.E. NUEVO ANTIOQUIA - SEDE PRINCIPAL;2;Moderado;483;1.2901;OFICIAL;RURAL;62;192;180;49;0;Turbo;28;2;Turbo;Antioquia;SI;Fundación Empresas Públicas De Medellín | Fundación Nutresa
105756000493;I. E. BRAULIO MEJIA;2;Moderado;483;0.1113;OFICIAL;URBANA;35;209;175;52;12;Sonsón;20;2;Antioquia;Antioquia;SI;Comfama (Caja de Compensación Familiar de Antioquia) | Fundación Empresarios por la Educación
176001003225;ISABEL DE CASTILLA;2;Moderado;483;0.1574;OFICIAL;URBANA;53;430;0;0;0;Cali;30;1;Cali;Valle del Cauca;SI;
119256000293;SAN CARLOS (sede principal);1;Bajo;482;;OFICIAL;URBANA;40;145;196;101;0;El Tambo;24;2;;Cauca;;
225307000204;INSTITUCIÓN EDUCATIVA RURAL LUIS ANTONIO DUQUE PEÑA - SEDE PRINCIPAL;2;Moderado;482;2.6562;OFICIAL;RURAL;21;139;198;95;29;Girardot;30;2;Girardot;Cundinamarca;;
176520003046;LAS PALMERAS;1;Bajo;482;0.9779;OFICIAL;URBANA;77;405;0;0;0;Palmira;18;1;Palmira;Valle del Cauca;;
176890000305;ALFONSO ZAWADZKY;3;Crítico;482;0.3704;OFICIAL;URBANA;0;0;237;207;38;Yotoco;45;3;Valle;Valle del Cauca;;Fundación Nutresa | Red Papaz
119824000368;FRANCISCO JOSE DE CALDAS (sede principal);1;Bajo;481;;OFICIAL;URBANA;0;0;380;101;0;Totoró;27;2;;Cauca;;
176834003946;SEDE PRINCIPAL ALFONSO LOPEZ PUMAREJO;2;Moderado;479;1.7376;OFICIAL;URBANA;0;0;307;0;172;Tuluá;31;6;Tuluá;Valle del Cauca;;
127001001621;IE MANUEL AGUSTIN SANTACOLOMA VILLA;3;Crítico;478;1.3013;OFICIAL;URBANA;9;93;307;69;0;Quibdó;44;2;Quibdó;Chocó;SI;
105148000863;I. E. R. CAMPESTRE NUEVO HORIZONTE;1;Bajo;478;0.1101;OFICIAL;RURAL;28;210;194;46;0;El Carmen de Viboral;20;2;Antioquia;Antioquia;SI;Fundación Fraternidad Medellín
176001003012;MARINO RENGIFO SALCEDO;2;Moderado;478;0.1557;OFICIAL;URBANA;21;120;243;94;0;Cali;21;;Cali;Valle del Cauca;SI;
163001000655;CIUDADELA CUYABRA;2;Moderado;478;1.1813;OFICIAL;URBANA;46;181;181;47;23;Armenia;37;2;Armenia;Quindio;SI;Claro Colombia
105001020052;INSTITUCION EDUCATIVA RAFAEL GARCIA HERREROS;1;Bajo;478;0.1313;OFICIAL;URBANA;21;183;198;76;0;Medellín;18;2;Medellín;Antioquia;;
176001008642;INSTITUCION EDUCATIVA CARLOS HOLGUIN LLOREDA - SEDE PRINCIPAL;2;Moderado;477;0.1554;OFICIAL;URBANA;0;0;340;137;0;Cali;34;4;Cali;Valle del Cauca;SI;
205034000256;I. E. SANTA RITA;1;Bajo;476;0.1097;OFICIAL;RURAL;30;173;201;72;0;Andes;28;2;Antioquia;Antioquia;;Comfama (Caja de Compensación Familiar de Antioquia) | Fundación Fraternidad Medellín
176001025962;VILLABLANCA;2;Moderado;474;0.1544;OFICIAL;URBANA;21;165;185;49;54;Cali;9;;Cali;Valle del Cauca;SI;
119698000241;RAFAEL TELLO;1;Bajo;474;;OFICIAL;URBANA;73;401;0;0;0;Santander de Quilichao;14;;;Cauca;;
105665009986;E U POLICARPA SALAVARRIETA;2;Moderado;473;0.109;OFICIAL;URBANA;0;473;0;0;0;San Pedro de Urabá;14;;Antioquia;Antioquia;SI;Colombia Evidencia Potencial en Educación | Comfama (Caja de Compensación Familiar de Antioquia)
176736000033;GENERAL SANTANDER;2;Moderado;473;0.3635;OFICIAL;URBANA;0;0;349;124;0;Sevilla;37;4;Valle;Valle del Cauca;SI;Fundación Carvajal
105001013455;SECCION ESCUELA SAN VICENTE FERRER;1;Bajo;472;0.1297;OFICIAL;RURAL;44;236;169;0;23;Medellín;10;1;Medellín;Antioquia;;Comfama (Caja de Compensación Familiar de Antioquia)
105001001325;SECCION ESCUELA RAFAEL J. MEJIA;1;Bajo;472;0.1297;OFICIAL;URBANA;46;409;0;0;17;Medellín;17;;Medellín;Antioquia;;
105001019194;INSTITUCION EDUCATIVA EL PEDREGAL;1;Bajo;472;0.1297;OFICIAL;URBANA;0;0;318;154;0;Medellín;25;3;Medellín;Antioquia;;Fundación Nutresa | Red Papaz
166001800073;INSTITUCION EDUCATIVA SALAMANCA;3;Crítico;472;0.6097;OFICIAL;URBANA;29;186;179;78;0;Pereira;35;2;Pereira;Risaralda;;
273270000408;I.E.T. AGROINDUSTRIAL LEOPOLDO GARCIA - SEDE PRINCIPAL;2;Moderado;471;0.3374;OFICIAL;URBANA;0;0;350;121;0;Palocabildo;24;4;Tolima;Tolima;SI;
117001800111;INSTITUCIÓN EDUCATIVA SAN SEBASTIAN;1;Bajo;471;0.9915;OFICIAL;URBANA;32;199;173;67;0;Manizales;34;2;Manizales;Caldas;SI;Colombia Evidencia Potencial en Educación | Fundación Corona | Fundación Luker
119548000138;SIMON BOLIVAR (SEDE PRINCIPAL);2;Moderado;471;;OFICIAL;URBANA;26;211;171;63;0;Piendamó - Tunía;29;2;;Cauca;;
176834000378;SEDE PRINCIPAL NO. 15 GUILLERMO E. MARTINEZ;1;Bajo;471;1.7086;OFICIAL;URBANA;13;97;247;0;114;Tuluá;18;;Tuluá;Valle del Cauca;;
205266000392;INSTITUCION EDUCATIVA LAS PALMAS;2;Moderado;471;1.6105;;RURAL;16;191;169;95;0;Envigado;36;2;Envigado;Antioquia;;Periódico El Mundo
127001017896;IE ADVENTISTA DE QUIBDO BOLIVAR ESCANDON;1;Bajo;470;1.2795;NO OFICIAL;URBANA;1;170;233;66;0;Quibdó;;;Quibdó;Chocó;SI;
205001015266;SECCION ESCUELA ALTO DE LA CRUZ;1;Bajo;470;0.1291;OFICIAL;URBANA;69;401;0;0;0;Medellín;13;1;Medellín;Antioquia;;Fundación SURA
219517001661;INSTITUTO TÉCNICO EMPRESARIAL MONTE CRUZ - SEDE PRINCIPAL;1;Bajo;469;;OFICIAL;RURAL;43;200;190;36;0;Páez;28;1;;Cauca;;
105001000141;INSTITUCION EDUCATIVA PRESBITERO CAMILO TORRES RESTREPO;1;Bajo;469;0.1288;OFICIAL;URBANA;28;171;174;96;0;Medellín;19;2;Medellín;Antioquia;;Comfama (Caja de Compensación Familiar de Antioquia) | Fundación Nutresa | Parque Explora
166001000859;INSTITUCION EDUCATIVA JORGE ELIECER GAITAN;3;Crítico;469;0.6058;OFICIAL;URBANA;31;169;203;66;0;Pereira;37;2;Pereira;Risaralda;;Comfamiliar Risaralda | Fundación Frisby | Fundación Nutresa
241770000057;GUAYABAL;2;Moderado;468;0.3671;OFICIAL;RURAL;27;162;220;59;0;Suaza;25;3;Huila;Huila;SI;
163001000540;INSTITUCION EDUCATIVA CAMARA JUNIOR;1;Bajo;468;1.1566;OFICIAL;URBANA;34;140;201;93;0;Armenia;38;4;Armenia;Quindio;SI;Red Papaz
117001000611;INSTITUCIÓN EDUCATIVA INSTITUTO LATINOAMERICANO;1;Bajo;468;0.9852;OFICIAL;URBANA;0;0;314;116;38;Manizales;25;2;Manizales;Caldas;SI;Fundación Corona | Fundación Luker | Red Papaz
166001000450;JESUS DE LA BUENA ESPERANZA;3;Crítico;468;0.6045;OFICIAL;URBANA;22;123;248;75;0;Pereira;33;2;Pereira;Risaralda;;Fundación Nutresa
176497000093;SAN JOSE;2;Moderado;468;0.3596;OFICIAL;URBANA;0;0;310;126;32;Obando;25;1;Valle;Valle del Cauca;;FUNDACIÓN PARA EL MEJORAMIENTO DE LA PRODUCTIVIDAD DEL CULTIVO DE CAÑA DE AZUCAR
176109005836;NESTOR URBANO TENORIO;1;Bajo;467;0.8372;OFICIAL;URBANA;23;126;229;58;31;Buenaventura;51;3;Buenaventura;Valle del Cauca;SI;
105001007269;SECCION ESCUELA LA IGUANA;1;Bajo;467;0.1283;OFICIAL;URBANA;57;372;0;0;38;Medellín;15;2;Medellín;Antioquia;;Fundación Carvajal
276892000188;ROSA ZARATE DE PEÑA;2;Moderado;467;2.076;OFICIAL;RURAL;37;152;167;79;32;Yumbo;27;2;Yumbo;Valle del Cauca;;Fundación Corona
223417003028;ROMÁN CHICA OLAYA - SEDE PRINCIPAL;2;Moderado;467;2.0738;;RURAL;0;0;329;122;16;Lorica;36;4;Lorica;Córdoba;;
105364000401;LICEO SAN ANTONIO;2;Moderado;466;0.1074;OFICIAL;URBANA;0;0;281;185;0;Jardín;24;3;Antioquia;Antioquia;;Comfama (Caja de Compensación Familiar de Antioquia) | Fundación Fraternidad Medellín
173352000037;I.E. NORMAL SUPERIOR - SEDE PRINCIPAL;2;Moderado;465;0.3331;OFICIAL;RURAL;40;97;182;93;53;Icononzo;33;3;Tolima;Tolima;SI;
166045000023;SE INSTITUTO TECNICO SANTO TOMAS DE AQUINO - SEDE PRINCIPAL;3;Crítico;464;1.0456;OFICIAL;URBANA;28;118;206;78;34;Apía;31;2;Risaralda;Risaralda;SI;
176275000125;SAGRADO CORAZON DE JESUS;1;Bajo;464;0.3566;OFICIAL;URBANA;51;413;0;0;0;Florida;9;;Valle;Valle del Cauca;SI;Natura Cosmeticos Ltda.
205607000159;INSTITUCION EDUCATIVA RURAL LUIS EDUARDO POSADA RESTREPO;2;Moderado;464;0.1069;OFICIAL;RURAL;17;135;169;61;82;Retiro;17;2;Antioquia;Antioquia;;Fundación Fraternidad Medellín
105001010111;INSTITUCION EDUCATIVA MAESTRO FERNANDO BOTERO;1;Bajo;464;0.1275;OFICIAL;URBANA;0;0;317;147;0;Medellín;26;2;Medellín;Antioquia;;Comfama (Caja de Compensación Familiar de Antioquia) | Fundación Nutresa
163130000581;ROBLEDO;2;Moderado;463;1.2754;OFICIAL;URBANA;23;166;182;92;0;Calarcá;38;2;Quindio;Quindio;;Fundación Nutresa
125736000021;ESCUELA URBANA SIMON BOLIVAR;2;Moderado;463;0.1728;OFICIAL;URBANA;62;401;0;0;0;Sesquilé;14;;Cundinamarca;Cundinamarca;;
205837004161;PUNTA DE PIEDRA;2;Moderado;462;1.234;OFICIAL;RURAL;51;158;150;58;45;Turbo;23;2;Turbo;Antioquia;SI;Parque Explora
105001008222;SECCION ESCUELA SANTIAGO SANTAMARIA;1;Bajo;461;0.1266;OFICIAL;URBANA;0;433;0;0;28;Medellín;14;1;Medellín;Antioquia;;
163190000466;HENRY MARIN GRANADA;1;Bajo;460;1.2671;OFICIAL;URBANA;12;155;164;67;62;Circasia;29;2;Quindio;Quindio;;
125785000045;ESCUELA URBANA CAMILO TORRES;1;Bajo;460;0.1717;OFICIAL;URBANA;0;460;0;0;0;Tabio;17;;Cundinamarca;Cundinamarca;;Fundación Alquería Cavelier | Fundación Santa Isabel
163401000018;GABRIELA MISTRAL;2;Moderado;459;1.2644;OFICIAL;URBANA;53;212;146;48;0;La Tebaida;34;1;Quindio;Quindio;;
176892000132;MANUELA BELTRAN;1;Bajo;459;2.0405;OFICIAL;URBANA;74;385;0;0;0;Yumbo;10;;Yumbo;Valle del Cauca;;
173168001616;HOGAR SANTA LUISA;1;Bajo;457;0.3273;OFICIAL;URBANA;76;381;0;0;0;Chaparral;16;;Tolima;Tolima;SI;
176400000051;NUESTRA SEÑORA DEL PERPETUO SOCORRO;3;Crítico;456;0.3504;OFICIAL;URBANA;45;411;0;0;0;La Unión;11;;Valle;Valle del Cauca;SI;
176147000627;LASTENIA DURAN VERNAZA;1;Bajo;456;2.5673;OFICIAL;URBANA;49;407;0;0;0;Cartago;14;;Cartago;Valle del Cauca;SI;
141001003669;LOS PINOS;1;Bajo;456;0.6759;OFICIAL;URBANA;42;414;0;0;0;Neiva;14;1;Neiva;Huila;SI;
219821000485;CENTRO DOCENTE RURAL MIXTO LA PLAYA - SEDE PRINCIPAL;1;Bajo;456;;OFICIAL;RURAL;22;141;147;65;81;Toribío;23;1;;Cauca;;
105001001708;SECCION ESCUELA SEGUROS BOLIVAR;1;Bajo;456;0.1253;OFICIAL;URBANA;74;382;0;0;0;Medellín;19;1;Medellín;Antioquia;;Comfama (Caja de Compensación Familiar de Antioquia)
166001006733;SAMARIA;3;Crítico;456;0.589;OFICIAL;URBANA;64;294;0;0;98;Pereira;;;Pereira;Risaralda;;
276248000061;FRANCISCO DE PAULA SANTANDER;2;Moderado;456;0.3504;OFICIAL;RURAL;62;394;0;0;0;El Cerrito;8;;Valle;Valle del Cauca;;
276001025452;SEDE SAN PEDRO APOSTOL;2;Moderado;455;0.1483;OFICIAL;RURAL;73;382;0;0;0;Cali;16;;Cali;Valle del Cauca;SI;
125040000396;INSTITUCIÓN EDUCATIVA DEPARTAMENTAL INSTITUTO TECNICO OLGA SANTA MARIA;2;Moderado;454;0.1694;OFICIAL;URBANA;0;0;301;125;28;Anolaima;28;2;Cundinamarca;Cundinamarca;;
217614000456;INSTITUCION EDUCATIVA SAN JERONIMO - SEDE PRINCIPAL;1;Bajo;454;0.5652;;RURAL;10;126;218;100;0;Riosucio;23;3;Caldas;Caldas;;Caja de Compensación Familiar de Caldas
276233000260;SANTA TERESITA DEL NIÑO JESUS;2;Moderado;453;0.3481;OFICIAL;RURAL;25;167;160;56;45;Dagua;21;2;Valle;Valle del Cauca;SI;Fundación Carvajal
163001000949;GRAN COLOMBIA;2;Moderado;453;1.1195;OFICIAL;URBANA;38;167;192;56;0;Armenia;18;;Armenia;Quindio;SI;Claro Colombia
227001003237;IE BERNARDINO BECERRA RODRIGUEZ - SEDE PRINCIPAL;2;Moderado;453;0.3978;OFICIAL;URBANA;38;203;164;47;1;Río Quito;28;1;Choco;Chocó;SI;
176001004060;LIZANDRO FRANKY;2;Moderado;453;0.1476;OFICIAL;URBANA;23;177;176;48;29;Cali;13;;Cali;Valle del Cauca;SI;
117001005256;INSTITUCIÓN EDUCATIVA LICEO MIXTO SINAI;1;Bajo;452;0.9515;OFICIAL;URBANA;15;108;176;53;100;Manizales;25;2;Manizales;Caldas;SI;Fundación Corona | Fundación Luker | Fundación Nutresa | Red Papaz
119100002474;DOMINGO BELISARIO GOMEZ (sede principal);1;Bajo;452;;OFICIAL;URBANA;0;0;257;136;59;Bolívar;24;3;;Cauca;;
105001026581;INSTITUCION EDUCATIVA LA SIERRA;1;Bajo;452;0.1242;OFICIAL;URBANA;17;0;314;121;0;Medellín;26;3;Medellín;Antioquia;;Comfama (Caja de Compensación Familiar de Antioquia)
173349000093;I.E.T. GENERAL SANTANDER - SEDE PRINCIPAL;1;Bajo;451;0.323;OFICIAL;URBANA;55;144;199;53;0;Honda;26;2;Tolima;Tolima;;Claro Colombia | Fundación Carvajal
176834000556;SEDE NO. 23 RUBEN CRUZ VELEZ;2;Moderado;451;1.636;OFICIAL;URBANA;0;0;451;0;0;Tuluá;1;;Tuluá;Valle del Cauca;;
276147000222;INSTITUTO AGRICOLA ZARAGOZA;3;Crítico;450;2.5335;OFICIAL;RURAL;0;72;282;96;0;Cartago;25;4;Cartago;Valle del Cauca;SI;Red Papaz
305001004854;INSTITUCION EDUCATIVA ALVERNIA;1;Bajo;450;0.1236;OFICIAL;URBANA;14;205;171;60;0;Medellín;29;2;Medellín;Antioquia;;Fundación Nutresa
125286000344;CONCENTRACION URBANA EL HATO;1;Bajo;449;2.4669;OFICIAL;URBANA;102;347;0;0;0;Funza;14;;Funza;Cundinamarca;SI;
176563000130;SANTA ISABEL;1;Bajo;449;0.345;OFICIAL;URBANA;0;0;286;163;0;Pradera;18;2;Valle;Valle del Cauca;SI;
276109008589;NONAM;3;Crítico;449;0.8049;OFICIAL;RURAL;31;132;120;28;138;Buenaventura;17;2;Buenaventura;Valle del Cauca;SI;
376111000263;COL MAYOR CIUDAD DE BUGA;1;Bajo;448;2.4878;NO OFICIAL;URBANA;38;188;172;50;0;Guadalajara de Buga;;;Buga;Valle del Cauca;SI;
105360002299;INSTITUCION EDUCATIVA CIUDAD ITAGUI - SEDE PRINCIPAL;1;Bajo;448;1.1977;OFICIAL;URBANA;0;0;285;103;60;Itagüí;26;2;Itagui;Antioquia;SI;Comfama (Caja de Compensación Familiar de Antioquia) | Fundación Carvajal | Fundación Nutresa
105129000089;I. E. GABRIEL ECHAVARRIA;2;Moderado;448;0.1032;OFICIAL;RURAL;12;153;231;52;0;Caldas;22;2;Antioquia;Antioquia;;Fundación Nutresa
105001010855;INSTITUCION EDUCATIVA ANA DE CASTRILLON;1;Bajo;448;0.1231;OFICIAL;URBANA;0;0;326;122;0;Medellín;24;2;Medellín;Antioquia;;Fundación Nutresa | Red Papaz
223001000801;IE SAN ISIDRO;2;Moderado;448;0.4544;;RURAL;31;160;187;70;0;Montería;28;2;Monteria;Córdoba;;Fundación SURA
150001000201;COLEGIO ABRAHAM LINCOLN;1;Bajo;447;0.4659;OFICIAL;URBANA;19;148;218;62;0;Villavicencio;23;2;Villavicencio;Meta;;
166001000913;INSTITUCION EDUCATIVA RAFAEL URIBE URIBE;3;Crítico;447;0.5774;OFICIAL;URBANA;0;50;247;150;0;Pereira;31;2;Pereira;Risaralda;;Fundación Frisby | Fundación Nutresa | Fundación SURA
176892000558;CEAT GENERAL PIERO MARIOTTI;2;Moderado;447;1.9871;OFICIAL;URBANA;45;211;149;42;0;Yumbo;24;4;Yumbo;Valle del Cauca;;Fundación Corona | Fundación Mixta Univalle Yumbo
105660000271;LICEO SAN LUIS;2;Moderado;446;0.1028;OFICIAL;URBANA;0;0;202;162;82;San Luis;18;2;Antioquia;Antioquia;SI;Fundación Fraternidad Medellín
127615001902;IE NUESTROS ESFUERZOS - SEDE PRINCIPAL;2;Moderado;446;0.3916;OFICIAL;URBANA;21;197;150;59;19;Riosucio;25;2;Choco;Chocó;SI;Fundación Carvajal
105001010995;SECCION ESCUELA SAN LORENZO DE ABURRA;1;Bajo;446;0.1225;OFICIAL;URBANA;45;401;0;0;0;Medellín;15;2;Medellín;Antioquia;;
117042000650;INSTITUCION EDUCATIVA ESCUELA NORMAL SUPERIOR REBECA SIERRA CARDONA - SEDE PRINCIPAL;1;Bajo;446;0.5552;;URBANA;26;123;158;35;104;Anserma;28;2;Caldas;Caldas;;
219473006512;MAXIMO GOMEZ (sede principal);2;Moderado;445;;OFICIAL;RURAL;19;159;193;46;28;Morales;27;2;;Cauca;;
205425000056;I. E. R. LA FLORESTA;2;Moderado;445;0.1025;OFICIAL;RURAL;30;187;169;59;0;Maceo;20;2;Antioquia;Antioquia;;
273270000661;I.E. NORMAL SUPERIOR FABIO LOZANO TORRIJOS - SEDE PRINCIPAL;3;Crítico;445;0.3187;OFICIAL;RURAL;0;0;253;122;70;Falan;33;4;Tolima;Tolima;;
105266000282;INSTITUCION EDUCATIVA SAN VICENTE ALTO DE LAS FLORES;1;Bajo;445;1.5216;;URBANA;21;158;183;83;0;Envigado;26;2;Envigado;Antioquia;;Periódico El Mundo
327361002538;IE SAN RAFAEL EL DOS - SEDE PRINCIPAL;3;Crítico;444;0.3899;OFICIAL;RURAL;24;169;162;41;48;Unión Panamericana;29;2;Choco;Chocó;SI;Fundación Carvajal
166682000142;SE HOGAR EL AMPARO;2;Moderado;444;1.0005;OFICIAL;URBANA;90;354;0;0;0;Santa Rosa de Cabal;16;;Risaralda;Risaralda;;Comfamiliar Risaralda
176275000915;CIUDAD FLORIDA;2;Moderado;443;0.3404;OFICIAL;URBANA;0;0;316;123;4;Florida;26;2;Valle;Valle del Cauca;SI;Natura Cosmeticos Ltda.
105001003271;INSTITUCION EDUCATIVA OCTAVIO HARRY - JACQUELINE KENNEDY;1;Bajo;443;0.1217;OFICIAL;URBANA;25;0;300;118;0;Medellín;25;3;Medellín;Antioquia;;
166001000395;INSTITUCION EDUCATIVA FRANCISCO DE PAULA SANTANDER;3;Crítico;443;0.5722;OFICIAL;URBANA;43;177;145;46;32;Pereira;26;1;Pereira;Risaralda;;Pereira Cómo Vamos
105034000740;LICEO JUAN DE DIOS URIBE;2;Moderado;440;0.1014;OFICIAL;URBANA;30;139;169;44;58;Andes;20;2;Antioquia;Antioquia;;Fundación Fraternidad Medellín
163001000779;CIUDAD MILARO;1;Bajo;439;1.0849;OFICIAL;URBANA;19;125;213;82;0;Armenia;12;;Armenia;Quindio;SI;
163130000998;TECNOLÓGICO;1;Bajo;439;;;;26;144;193;76;0;Calarcá;31;2;;Quindio;;
176622000068;BELISARIO PEÑA PIÑEIRO;3;Crítico;439;0.3374;OFICIAL;URBANA;0;0;259;114;66;Roldanillo;30;3;Valle;Valle del Cauca;;Fundación Carvajal
117013000306;INSTITUCION EDUCATIVA MARINO GOMEZ ESTRADA - SEDE PRINCIPAL;1;Bajo;439;0.5465;;URBANA;26;156;154;103;0;Aguadas;23;1;Caldas;Caldas;;Caja de Compensación Familiar de Caldas
276892000242;MANUEL MARIA SANCHEZ;3;Crítico;438;1.9471;OFICIAL;URBANA;37;184;164;41;12;Yumbo;16;1;Yumbo;Valle del Cauca;;Claro Colombia
105045800012;INSTITUCIÓN EDUCATIVA SAN JOSE OBRERO BLOQUE TRES;2;Moderado;437;1.6004;OFICIAL;URBANA;52;213;172;0;0;Apartadó;15;;Apartado;Antioquia;SI;
141001003162;MAURICIO SANCHEZ GARCIA;1;Bajo;437;0.6478;OFICIAL;URBANA;32;267;138;0;0;Neiva;19;;Neiva;Huila;SI;
117001006112;INSTITUCIÓN EDUCATIVA LA LINDA;1;Bajo;437;0.9199;OFICIAL;URBANA;28;179;170;60;0;Manizales;33;2;Manizales;Caldas;SI;Colombia Evidencia Potencial en Educación | Federación Nacional de Cafeteros de Colombia
176147000112;INSTITUTO TECNICO INDUSTRIAL;3;Crítico;436;2.4547;OFICIAL;URBANA;0;0;329;107;0;Cartago;31;4;Cartago;Valle del Cauca;SI;
376111000280;LIC DE LOS ANDES;1;Bajo;436;2.4211;NO OFICIAL;URBANA;0;182;176;78;0;Guadalajara de Buga;;;Buga;Valle del Cauca;SI;Fundación Nutresa
227615001290;IE HERACLIO LARA ARROYO - SEDE PRINCIPAL;1;Bajo;436;0.3828;OFICIAL;URBANA;24;199;150;63;0;Carmen del Darién;23;3;Choco;Chocó;SI;
273001004286;SEDE 1 FERNANDO VILLALOBOS ARANGO;2;Moderado;435;0.4525;OFICIAL;RURAL;0;124;217;82;12;Ibagué;23;1;Ibague;Tolima;SI;
276109005806;INSTITUCIÓN AGROPECUARIA JOSÉ MARÍA - SEDE PRINCIPAL;1;Bajo;435;0.7798;OFICIAL;RURAL;25;115;164;65;66;Buenaventura;38;4;Buenaventura;Valle del Cauca;SI;Fundación SURA
163001001082;LA FACHADA JUAN XXIII;2;Moderado;435;1.0751;OFICIAL;URBANA;46;389;0;0;0;Armenia;16;;Armenia;Quindio;SI;
119256000587;LIBORIO MEJIA (sede principal);3;Crítico;435;;OFICIAL;URBANA;24;147;183;81;0;El Tambo;25;3;;Cauca;;
219137000751;GUILLERMO LEON VALENCIA (sede principal);1;Bajo;435;;OFICIAL;RURAL;0;0;315;120;0;Caldono;24;3;;Cauca;;
376111000271;COL DIOCESANO GIMNASIO CENTRAL DEL VALLE;1;Bajo;434;2.41;NO OFICIAL;URBANA;34;145;176;79;0;Guadalajara de Buga;;;Buga;Valle del Cauca;SI;
105001006483;INSTITUCION EDUCATIVA RODRIGO CORREA PALACIO;1;Bajo;434;0.1192;OFICIAL;URBANA;17;118;177;106;16;Medellín;23;2;Medellín;Antioquia;;Fundación Fraternidad Medellín | Fundación Nutresa
176001800061;SEÑOR DE LOS MILAGROS;2;Moderado;433;0.1411;OFICIAL;URBANA;74;346;0;0;13;Cali;4;;Cali;Valle del Cauca;SI;Colombia Evidencia Potencial en Educación | Fundación Carvajal
176520001990;SANTA TERESITA (U);2;Moderado;433;0.8785;OFICIAL;URBANA;71;362;0;0;0;Palmira;13;1;Palmira;Valle del Cauca;;Claro Colombia
117495005407;INSTITUCIÓN EDUCATIVA SAN GERARDO MARIA MAYELA - SEDE PRINCIPAL;1;Bajo;433;0.5391;;URBANA;0;0;303;130;0;Norcasia;23;3;Caldas;Caldas;;Caja de Compensación Familiar de Caldas
173870000512;I.E. ESCUELA NORMAL SUPERIOR DE VILLAHERMOSA - SEDE PRINCIPAL;2;Moderado;432;0.3094;OFICIAL;URBANA;35;110;134;65;88;Villahermosa;27;4;Tolima;Tolima;SI;
176001006470;RAFAEL POMBO;2;Moderado;432;0.1408;OFICIAL;URBANA;37;395;0;0;0;Cali;11;;Cali;Valle del Cauca;SI;
105284000214;I. E. MANUEL ANTONIO TORO;2;Moderado;432;0.0995;OFICIAL;URBANA;38;239;114;41;0;Frontino;19;2;Antioquia;Antioquia;;Comfama (Caja de Compensación Familiar de Antioquia) | Parque Explora
176892000345;ELIAS QUINTERO;2;Moderado;432;1.9204;OFICIAL;URBANA;16;151;192;73;0;Yumbo;12;1;Yumbo;Valle del Cauca;;Fundación Mixta Univalle Yumbo
117050000316;INSTITUCION EDUCATIVA ESCUELA NORMAL SUPERIOR SAGRADO CORAZON - SEDE PRINCIPAL;2;Moderado;432;0.5378;;URBANA;0;0;171;100;161;Aranzazu;24;2;Caldas;Caldas;;Caja de Compensación Familiar de Caldas
105001000396;INSTITUCION EDUCATIVA JOSE ACEVEDO Y GOMEZ;1;Bajo;431;0.1184;OFICIAL;URBANA;0;94;283;0;54;Medellín;23;1;Medellín;Antioquia;;Fundación Nutresa | Red Papaz
125530000017;CONCENTRACIÓN URBANA PARATEBUENO;2;Moderado;431;0.1608;OFICIAL;URBANA;0;431;0;0;0;Paratebueno;14;;Cundinamarca;Cundinamarca;;
125754002015;SEDE DUCALES;1;Bajo;431;0.3448;OFICIAL;URBANA;50;381;0;0;0;Soacha;6;;Soacha;Cundinamarca;;
117001005701;INSTITUCIÓN EDUCATIVA LA SULTANA;1;Bajo;430;0.9052;OFICIAL;URBANA;29;150;46;86;119;Manizales;15;2;Manizales;Caldas;SI;
117001004942;INSTITUCION EDUCATIVA LA ASUNCION SEDE B;1;Bajo;430;0.9052;OFICIAL;URBANA;20;231;179;0;0;Manizales;10;;Manizales;Caldas;SI;
276233000715;BORRERO AYERBE;3;Crítico;430;0.3304;OFICIAL;RURAL;0;0;320;110;0;Dagua;23;3;Valle;Valle del Cauca;SI;Fundación Carvajal
363001001421;NUESTRA SE½ORA DE FATIMA;1;Bajo;430;1.0627;OFICIAL;RURAL;25;198;148;59;0;Armenia;;;Armenia;Quindio;;Fundación Nutresa
117001001765;INSTITUCIÓN EDUCATIVA LICEO ISABEL LA CATOLICA;3;Crítico;429;0.9031;OFICIAL;URBANA;16;120;195;98;0;Manizales;31;1;Manizales;Caldas;SI;Fundación Luker | Red Papaz
105001013081;SECCION ESCUELA NUEVO HORIZONTE 2;1;Bajo;428;0.1176;OFICIAL;URBANA;21;407;0;0;0;Medellín;16;1;Medellín;Antioquia;;Comfama (Caja de Compensación Familiar de Antioquia)
163001003528;LAS COLINAS;2;Moderado;428;1.0578;OFICIAL;URBANA;48;208;128;44;0;Armenia;25;2;Armenia;Quindio;;
341483000024;COLEGIO LAS MERCEDES;2;Moderado;427;0.335;OFICIAL;URBANA;0;0;243;101;83;Nátaga;22;3;Huila;Huila;SI;
217001006133;INSTITUCIÓN EDUCATIVA RURAL JOSE ANTONIO GALAN;1;Bajo;427;0.8989;OFICIAL;RURAL;26;124;217;60;0;Manizales;26;2;Manizales;Caldas;SI;Colombia Evidencia Potencial en Educación | Federación Nacional de Cafeteros de Colombia | Fundación Nutresa
276109000235;I.E. FRANCISCO JAVIER CISNEROS;2;Moderado;426;0.7637;OFICIAL;RURAL;15;95;168;54;94;Buenaventura;33;2;Buenaventura;Valle del Cauca;SI;Fundación Carvajal
319355000865;SAGRADA FAMILIA DE NAZARETH (SEDE PRINCIPAL);1;Bajo;426;;OFICIAL;URBANA;18;117;205;86;0;Inzá;26;1;;Cauca;;
105001002861;SECCION ESCUELA JULIO ARBOLEDA;1;Bajo;426;0.117;OFICIAL;URBANA;83;343;0;0;0;Medellín;15;;Medellín;Antioquia;;Fundación Carvajal
205001001397;SECCION ESCUELA SAN JOSE;1;Bajo;426;0.117;OFICIAL;RURAL;43;215;111;57;0;Medellín;17;1;Medellín;Antioquia;;
117486000168;INSTITUCION EDUCATVA NUESTRA SENORA DEL ROSARIO - SEDE PRINCIPAL;2;Moderado;425;0.5291;;URBANA;0;0;292;133;0;Neira;25;3;Caldas;Caldas;;Caja de Compensación Familiar de Caldas
176109000770;INSTITUCION EDUCATIVA VASCO NUÑEZ DE BALBOA;2;Moderado;424;0.7601;OFICIAL;URBANA;9;109;120;44;142;Buenaventura;32;3;Buenaventura;Valle del Cauca;SI;Fundación Carvajal
105030000206;E U MARIA AUXILIADORA;2;Moderado;424;0.0977;OFICIAL;URBANA;54;370;0;0;0;Amagá;12;;Antioquia;Antioquia;;
105001000183;SECCION ESCUELA LA UNION;1;Bajo;424;0.1165;OFICIAL;URBANA;51;373;0;0;0;Medellín;14;1;Medellín;Antioquia;;
117174000071;CONCENTRACIÓN GENERAL SANTANDER;2;Moderado;424;0.5279;;URBANA;0;0;424;0;0;Chinchiná;19;;Caldas;Caldas;;
117513000469;INSTITUCION EDUCATIVA ESCUELA NORMAL SUPERIOR SAN JOSE - SEDE PRINCIPAL;1;Bajo;424;0.5279;;URBANA;37;102;102;60;123;Pácora;21;2;Caldas;Caldas;;Caja de Compensación Familiar de Caldas
127615000043;IE SAULO SANCHEZ CORDOBA - SEDE PRINCIPAL;1;Bajo;423;0.3714;OFICIAL;URBANA;0;0;266;65;92;Riosucio;15;2;Choco;Chocó;SI;TRASO
115835000011;I.E. DIEGO DE TORRES - SEDE PRINCIPAL;1;Bajo;422;0.3234;OFICIAL;URBANA;11;117;178;91;25;Turmequé;24;3;Boyaca;Boyacá;NO;
376364001002;COLEGIO LA MERCED;1;Bajo;420;1.5175;NO OFICIAL;URBANA;40;135;168;77;0;Jamundí;;;Jamundí;Valle del Cauca;SI;Fundación Nutresa
154418000331;COL RAIMUNDO ORDOÑEZ YAÑEZ;2;Moderado;419;0.2647;OFICIAL;URBANA;24;119;160;79;37;Lourdes;25;1;Norte Santander;Norte de Santander;SI;
327001000631;CENT EDUC CATALINA;1;Bajo;419;1.1407;NO OFICIAL;URBANA;97;322;0;0;0;Quibdó;;;Quibdó;Chocó;SI;
176020000181;SANTO TOMAS DE AQUINO;1;Bajo;419;0.322;OFICIAL;URBANA;48;371;0;0;0;Alcalá;15;;Valle;Valle del Cauca;SI;
176109001008;SAN BUENAVENTURA;1;Bajo;419;0.7511;OFICIAL;URBANA;51;175;151;42;0;Buenaventura;7;;Buenaventura;Valle del Cauca;SI;
105001013633;INSTITUCION EDUCATIVA LOMA HERMOSA;1;Bajo;419;0.1151;OFICIAL;RURAL;23;189;109;72;26;Medellín;27;2;Medellín;Antioquia;;Comfama (Caja de Compensación Familiar de Antioquia) | Fundación Carvajal | Fundación Nutresa
176520003623;CENTRO ALFONSO LOPEZ;2;Moderado;419;0.8501;OFICIAL;URBANA;0;0;0;0;419;Palmira;;1;Palmira;Valle del Cauca;;
205837005133;C.E. MONTE VERDE;2;Moderado;418;1.1165;OFICIAL;RURAL;25;100;216;62;15;Turbo;24;2;Turbo;Antioquia;SI;Fundación Carvajal
273449000141;I.E.T CUALAMANA - SEDE PRINCIPAL;3;Crítico;418;0.2994;OFICIAL;RURAL;0;0;241;109;68;Melgar;25;2;Tolima;Tolima;;
176892000337;PEDRO ANTONIO SANCHEZ TELLO;2;Moderado;418;1.8582;OFICIAL;URBANA;70;348;0;0;0;Yumbo;12;;Yumbo;Valle del Cauca;;
117001002346;INSTITUCIÓN EDUCATIVA INEM BALDOMERO SANIN CANO;1;Bajo;417;0.8778;OFICIAL;URBANA;2;42;245;88;40;Manizales;35;2;Manizales;Caldas;SI;Colombia Evidencia Potencial en Educación | Fundación Corona | Fundación Luker
276001800260;SAN GABRIEL;2;Moderado;417;0.1359;OFICIAL;RURAL;11;154;167;68;17;Cali;27;1;Cali;Valle del Cauca;SI;
105036000097;I. E. SAN JOSE;2;Moderado;417;0.0961;OFICIAL;URBANA;32;158;125;56;46;Angelópolis;18;1;Antioquia;Antioquia;;Comfama (Caja de Compensación Familiar de Antioquia)
105001013072;INSTITUCION EDUCATIVA MAESTRO PEDRO NEL GOMEZ;1;Bajo;417;0.1145;OFICIAL;URBANA;0;417;0;0;0;Medellín;27;3;Medellín;Antioquia;;Comfama (Caja de Compensación Familiar de Antioquia) | Fundación Nutresa | Red Papaz
163001000523;ANTONIA SANTOS;2;Moderado;417;1.0306;OFICIAL;URBANA;49;151;192;0;25;Armenia;10;;Armenia;Quindio;;
119780000322;MARIA INMACULADA;1;Bajo;416;;OFICIAL;URBANA;77;339;0;0;0;Suárez;14;;;Cauca;;
419355000479;SAN JOSÉ (sede principal);3;Crítico;416;;OFICIAL;RURAL;18;151;140;45;62;Inzá;20;3;;Cauca;;
105579000160;COLEGIO BOMBONA;2;Moderado;416;0.0959;OFICIAL;URBANA;17;188;211;0;0;Puerto Berrío;23;3;Antioquia;Antioquia;;Comfama (Caja de Compensación Familiar de Antioquia)
219698001595;JOSE MARIA CORDOBA (sede principal);1;Bajo;415;;OFICIAL;RURAL;0;0;291;124;0;Santander de Quilichao;28;4;;Cauca;;
217614000596;INSTITUCION EDUCATIVA SAN LORENZO - SEDE PRINCIPAL;2;Moderado;415;0.5167;;RURAL;0;0;250;106;59;Riosucio;24;3;Caldas;Caldas;;Caja de Compensación Familiar de Caldas
176109000290;MATTIAS MULUMBA;1;Bajo;414;0.7422;OFICIAL;URBANA;14;142;124;52;82;Buenaventura;16;;Buenaventura;Valle del Cauca;SI;
219137000182;CENTRO DOCENTE RURAL MIXTO PUEBLO NUEVO;2;Moderado;414;;OFICIAL;RURAL;47;367;0;0;0;Caldono;27;;;Cauca;;
176001004868;CELIMO RUEDA;2;Moderado;413;0.1346;OFICIAL;URBANA;40;330;0;0;43;Cali;12;1;Cali;Valle del Cauca;SI;
117444000061;ESCUELA ANEXA SANTA MONICA;2;Moderado;413;0.5142;;URBANA;92;321;0;0;0;Marquetalia;17;;Caldas;Caldas;;
219821000124;CENTRO DOCENTE RURAL INTEGRADO TACUEYUO;1;Bajo;412;;OFICIAL;RURAL;56;356;0;0;0;Toribío;23;;;Cauca;;
176001005716;INSTITUCION EDUCATIVA JOAQUIN DE CAYCEDO Y CUERO;2;Moderado;411;0.1339;OFICIAL;URBANA;0;0;383;0;28;Cali;33;2;Cali;Valle del Cauca;SI;Fundación Carvajal
176001007905;SEDE LUIS ENRIQUE MONTOYA;2;Moderado;411;0.1339;OFICIAL;URBANA;49;362;0;0;0;Cali;10;1;Cali;Valle del Cauca;SI;Colombia Evidencia Potencial en Educación
105001000230;SECCION ESCUELA GRACIELA JIMENEZ DE BUSTAMANTE;1;Bajo;411;0.1129;OFICIAL;URBANA;15;175;110;66;45;Medellín;24;;Medellín;Antioquia;;
276520001919;MONSEÑOR GUILLERMO BECERRA CABAL;2;Moderado;411;0.8338;OFICIAL;RURAL;125;286;0;0;0;Palmira;17;;Palmira;Valle del Cauca;;
163001000531;NUEVA GRANADA;2;Moderado;409;1.0108;OFICIAL;URBANA;57;329;0;0;23;Armenia;15;;Armenia;Quindio;SI;Claro Colombia
276109003994;PATRICIO OLAVE ANGULO;3;Crítico;409;0.7332;OFICIAL;RURAL;0;0;220;55;134;Buenaventura;16;2;Buenaventura;Valle del Cauca;SI;Fundación SURA
163594000397;INSTITUTO QUIMBAYA;2;Moderado;408;;;;0;0;307;101;0;Quimbaya;37;3;;Quindio;;Fundación Nutresa | Fundapanaca
223001004823;IE SAN ANTERITO;1;Bajo;408;0.4138;;RURAL;0;98;240;70;0;Montería;36;2;Monteria;Córdoba;;
163001000299;TERESITA MONTES;2;Moderado;406;1.0034;OFICIAL;URBANA;0;0;123;283;0;Armenia;36;5;Armenia;Quindio;SI;Red Papaz
117001002567;INSTITUCIÓN EDUCATIVA MALABAR;1;Bajo;406;0.8546;OFICIAL;URBANA;0;0;261;145;0;Manizales;25;3;Manizales;Caldas;SI;Fundación Corona | Fundación Luker | Red Papaz
105001000221;SECCION ESCUELA PEDRO DE CASTRO;1;Bajo;406;0.1115;OFICIAL;URBANA;46;360;0;0;0;Medellín;11;1;Medellín;Antioquia;;
405001021265;SECCION ESCUELA VENTANITAS;1;Bajo;404;0.111;OFICIAL;URBANA;50;354;0;0;0;Medellín;9;1;Medellín;Antioquia;;
152001000319;SEDE CAPUSIGRA;2;Moderado;403;0.6804;OFICIAL;URBANA;2;30;113;38;220;Pasto;10;1;Pasto;Nariño;NO;Fundación Telefónica
105091000012;I. E. PERLA DEL CITARA;2;Moderado;403;0.0929;OFICIAL;URBANA;0;0;282;121;0;Betania;31;3;Antioquia;Antioquia;SI;Comfama (Caja de Compensación Familiar de Antioquia) | Universidad De Los Andes
105001018759;INSTITUCION EDUCATIVA FE Y ALEGRIA EL LIMONAR;1;Bajo;403;0.1107;OFICIAL;URBANA;0;0;312;91;0;Medellín;21;1;Medellín;Antioquia;;Fundación SURA | Red Papaz
176892000124;JUAN B. PALOMINO;2;Moderado;403;1.7915;OFICIAL;URBANA;48;355;0;0;0;Yumbo;13;;Yumbo;Valle del Cauca;;
176147002174;CIUDAD DE CARTAGO;1;Bajo;402;2.2633;OFICIAL;URBANA;0;0;229;94;79;Cartago;27;4;Cartago;Valle del Cauca;SI;Red Papaz
219517000061;ESCUELA RURAL MIXTA DE COHETANDO;1;Bajo;401;;OFICIAL;RURAL;14;91;227;69;0;Páez;29;2;;Cauca;;
163001000728;EUDORO GRANADA;2;Moderado;399;0.9861;OFICIAL;URBANA;0;0;291;108;0;Armenia;24;3;Armenia;Quindio;SI;Red Papaz
176122000371;ESC NORMAL SUPERIOR MARIA INMACULADA;2;Moderado;399;0.3066;OFICIAL;URBANA;0;0;256;96;47;Caicedonia;42;5;Valle;Valle del Cauca;SI;Claro Colombia | Fundación Carvajal
119780000306;FRANCISCO DE PAULA SANTANDER;2;Moderado;399;;OFICIAL;URBANA;55;344;0;0;0;Suárez;13;;;Cauca;;
105001026735;SECCION ESCUELA AURES;1;Bajo;399;0.1096;OFICIAL;URBANA;22;124;196;0;57;Medellín;14;;Medellín;Antioquia;;
141551002848;LOS NOGALES;3;Crítico;399;1.2782;OFICIAL;URBANA;47;352;0;0;0;Pitalito;13;;Pitalito;Huila;;
152001000891;ESC # 6 EL TEJAR;1;Bajo;398;0.672;OFICIAL;URBANA;59;339;0;0;0;Pasto;8;;Pasto;Nariño;NO;
176892000272;LAS AMERICAS;1;Bajo;398;1.7693;OFICIAL;URBANA;73;325;0;0;0;Yumbo;14;;Yumbo;Valle del Cauca;;
117614000656;ESCUELA FRANCISCO DE PAULA SANTANDER;1;Bajo;398;0.4955;;URBANA;54;344;0;0;0;Riosucio;10;;Caldas;Caldas;;
105001002798;INSTITUCION EDUCATIVA MATER DEI;1;Bajo;397;0.1091;OFICIAL;URBANA;0;141;183;73;0;Medellín;23;2;Medellín;Antioquia;;Fundación Nutresa
105360001063;INSTITUCION EDUCATIVA MARIA JESUS MEJIA;1;Bajo;396;1.0587;OFICIAL;URBANA;0;0;283;113;0;Itagüí;21;2;Itagui;Antioquia;SI;Comfama (Caja de Compensación Familiar de Antioquia) | Fundación Incolmotos Yamaha | Fundación Nutresa
176520002180;TERESA CALDERÓN DE LASSO;3;Crítico;395;0.8014;OFICIAL;URBANA;10;93;163;72;57;Palmira;25;2;Palmira;Valle del Cauca;SI;
176020000172;MARIA AUXILIADORA;2;Moderado;395;0.3035;OFICIAL;URBANA;62;333;0;0;0;Alcalá;14;1;Valle;Valle del Cauca;SI;
117433000387;INSTITUCION EDUCATIVA NUESTRA SEÑORA DEL ROSARIO - SEDE PRINCIPAL;1;Bajo;394;0.4905;OFICIAL;URBANA;0;0;270;124;0;Manzanares;19;1;Caldas;Caldas;SI;Caja de Compensación Familiar de Caldas
176001006071;INSTITUCION EDUCATIVA SANTA FE;2;Moderado;394;0.1284;OFICIAL;URBANA;0;0;107;210;77;Cali;29;4;Cali;Valle del Cauca;SI;Claro Colombia | Fundación Nutresa | Fundación SURA | Natura Cosmeticos Ltda.
327491000111;IE CARLOS HOLGUIN MALLARINO - SEDE PRINCIPAL;2;Moderado;394;0.346;OFICIAL;URBANA;0;0;280;79;35;Nóvita;28;2;Choco;Chocó;SI;
219455000370;COMERCIAL EL ORTIGAL (sede principal);1;Bajo;394;;OFICIAL;RURAL;0;0;263;131;0;Miranda;28;3;;Cauca;;Fundación Carvajal | Fundación Corona | INGENIO DEL CAUCA S.A.S.
105101800004;LA INMACULADA;2;Moderado;394;0.0908;OFICIAL;URBANA;0;175;219;0;0;Ciudad Bolívar;16;;Antioquia;Antioquia;;
176109000745;MARIA AUXILIADORA;2;Moderado;393;0.7045;OFICIAL;URBANA;49;287;0;0;57;Buenaventura;23;;Buenaventura;Valle del Cauca;SI;
163001001449;REPUBLICA DE FRANCIA;1;Bajo;393;0.9713;OFICIAL;URBANA;33;178;119;45;18;Armenia;22;2;Armenia;Quindio;;Fundación Nutresa | Red Papaz
176147000414;GABO PRIMARIA;1;Bajo;392;2.207;OFICIAL;URBANA;141;251;0;0;0;Cartago;13;;Cartago;Valle del Cauca;SI;
141357000010;MARIA AUXILIADORA;2;Moderado;391;0.3067;OFICIAL;URBANA;0;0;217;96;78;Íquira;19;3;Huila;Huila;SI;
127787000886;SEDE SAN PEDRO;2;Moderado;391;0.3433;OFICIAL;URBANA;60;331;0;0;0;Tadó;16;;Choco;Chocó;SI;
463130000550;BAUDILIO MONTOYA;1;Bajo;391;1.0771;OFICIAL;RURAL;0;0;275;116;0;Calarcá;30;3;Quindio;Quindio;;
176520001931;PAULO VI;2;Moderado;391;0.7932;OFICIAL;URBANA;11;153;165;62;0;Palmira;24;2;Palmira;Valle del Cauca;;Fundación Manuelita | Fundación Nutresa | Red Papaz
276248000363;JORGE ISAACS SEDE PRINCIPAL;2;Moderado;391;0.3005;OFICIAL;RURAL;0;0;227;125;39;El Cerrito;25;3;Valle;Valle del Cauca;;Fundación Carvajal | Fundación Nutresa
176834000351;SEDE PRINCIPAL NO. 3 TOMAS URIBE URIBE;2;Moderado;390;1.4147;OFICIAL;URBANA;0;0;208;182;0;Tuluá;25;5;Tuluá;Valle del Cauca;;Claro Colombia | Fundación Corona | Fundación Levapan | Fundación Nutresa
163001003387;SIMON RODRIGUEZ;3;Crítico;389;0.9614;OFICIAL;URBANA;42;203;117;27;0;Armenia;8;;Armenia;Quindio;SI;Natura Cosmeticos Ltda.
117001004438;INSTITUCIÓN EDUCATIVA SAN JUAN BAUTISTA LA SALLE;1;Bajo;389;0.8189;OFICIAL;URBANA;0;0;249;140;0;Manizales;4;1;Manizales;Caldas;SI;Fundación Corona | Fundación Luker | Fundación Nutresa
117001002087;INSTITUCIÓN EDUCATIVA COLEGIO PERPETUO SOCORRO;1;Bajo;389;0.8189;OFICIAL;URBANA;13;177;147;52;0;Manizales;18;1;Manizales;Caldas;SI;Claro Colombia | Fundación Luker
176001002962;SUSANA VINASCO DE QUINTANA;2;Moderado;388;0.1264;OFICIAL;URBANA;38;350;0;0;0;Cali;9;;Cali;Valle del Cauca;SI;Colombia Evidencia Potencial en Educación
119573000339;LA MILAGROSA (sede principal);1;Bajo;388;;OFICIAL;URBANA;20;164;137;67;0;Puerto Tejada;31;2;;Cauca;;Fundación Colombianitos
105001001716;INSTITUCION EDUCATIVA SANTA CATALINA DE SIENA;1;Bajo;388;0.1066;OFICIAL;URBANA;24;138;156;70;0;Medellín;20;2;Medellín;Antioquia;;Comfama (Caja de Compensación Familiar de Antioquia) | Fundación Nutresa | Parque Explora
176109001172;ENRIQUE OLAYA HERRERA;1;Bajo;387;0.6938;OFICIAL;URBANA;22;161;104;48;52;Buenaventura;8;;Buenaventura;Valle del Cauca;SI;
176001007336;PURIFICACION TRUJILLO;2;Moderado;386;0.1258;OFICIAL;URBANA;34;352;0;0;0;Cali;13;;Cali;Valle del Cauca;SI;
166318000030;SE INSTITUTO GUATICA - SEDE PRINCIPAL;2;Moderado;385;0.8675;OFICIAL;URBANA;22;128;163;72;0;Guática;22;2;Risaralda;Risaralda;SI;Fundación Nutresa
117001001714;INSTITUCIÓN EDUCATIVA MALABAR SEDE A;2;Moderado;385;0.8104;OFICIAL;URBANA;16;240;52;0;77;Manizales;13;;Manizales;Caldas;SI;
376111002258;COLEGIO SAN PABLO - SEDE PRINCIPAL;1;Bajo;385;2.1379;NO OFICIAL;URBANA;12;83;236;54;0;Guadalajara de Buga;;;Buga;Valle del Cauca;SI;
176001006496;POLICARPA SALAVARRIETA;2;Moderado;385;0.1254;OFICIAL;URBANA;26;218;118;0;23;Cali;8;;Cali;Valle del Cauca;SI;
105847000453;E U CACIQUE TONE;2;Moderado;385;0.0887;OFICIAL;URBANA;52;333;0;0;0;Urrao;12;;Antioquia;Antioquia;;
105001002062;SECCION ESCUELA BEATO HERMANO SALOMON;1;Bajo;384;0.1055;OFICIAL;URBANA;47;337;0;0;0;Medellín;12;;Medellín;Antioquia;;
117174000616;INSTITUCION EDUCATIVA SANTO DOMINGO SAVIO - SEDE PRINCIPAL;2;Moderado;384;0.4781;;URBANA;0;0;135;249;0;Chinchiná;30;5;Caldas;Caldas;;Caja de Compensación Familiar de Caldas
117877000103;INSTITUCION EDUCATIVA LA MILAGROSA - SEDE PRINCIPAL;2;Moderado;384;0.4781;;URBANA;0;0;225;96;63;Viterbo;25;2;Caldas;Caldas;;
268500000255;ESCUELA INDUSTRIAL;2;Moderado;383;0.2847;OFICIAL;RURAL;0;0;249;134;0;Oiba;26;2;Santander;Santander;;
176869000061;POLICARPA SALAVARRIETA;2;Moderado;382;0.2936;OFICIAL;URBANA;0;382;0;0;0;Vijes;13;;Valle;Valle del Cauca;SI;
176834000572;CENTRO DOCENTE NO.. 25 JHON F. KENEDDY;1;Bajo;382;1.3857;OFICIAL;URBANA;21;160;201;0;0;Tuluá;12;;Tuluá;Valle del Cauca;;Fundación Levapan
276233000561;CAMILO TORRES;3;Crítico;382;0.2936;OFICIAL;RURAL;30;170;150;32;0;Dagua;15;1;Valle;Valle del Cauca;;Fundación Carvajal
105266000428;INSTITUCION EDUCATIVA MARIA POUSSEPIN;1;Bajo;382;1.3062;;URBANA;26;165;147;44;0;Envigado;21;2;Envigado;Antioquia;;Periódico El Mundo
163594000257;SIMÓN BOLÍVAR;2;Moderado;381;1.0495;OFICIAL;URBANA;0;97;189;95;0;Quimbaya;20;2;Quindio;Quindio;;
166572000015;SE SAN PABLO - SEDE PRINCIPAL;3;Crítico;380;0.8563;OFICIAL;URBANA;0;0;255;94;31;Pueblo Rico;18;3;Risaralda;Risaralda;SI;
105001006491;SECCION ESCUELA MINERVA;1;Bajo;380;0.1044;OFICIAL;URBANA;47;333;0;0;0;Medellín;13;1;Medellín;Antioquia;;
176001004671;POLICARPA SALAVARRIETA;2;Moderado;379;0.1235;OFICIAL;URBANA;37;269;0;0;73;Cali;7;;Cali;Valle del Cauca;SI;Fundación Incolmotos Yamaha
176020000032;SAN JOSÉ;2;Moderado;379;0.2912;OFICIAL;URBANA;0;0;304;75;0;Alcalá;23;2;Valle;Valle del Cauca;SI;Fundación Carvajal
105212000368;I. E. VILLANUEVA;2;Moderado;379;0.0873;OFICIAL;URBANA;21;163;148;47;0;Copacabana;15;1;Antioquia;Antioquia;;Fundación Nutresa | Periódico El Mundo
241615000075;NUCLEO ESCOLAR EL GUADUAL;2;Moderado;378;0.2965;OFICIAL;RURAL;8;75;162;49;84;Rivera;23;1;Huila;Huila;SI;
105001019062;INSTITUCION EDUCATIVA ALFONSO MORA NARANJO;1;Bajo;378;0.1038;OFICIAL;URBANA;0;0;227;84;67;Medellín;18;2;Medellín;Antioquia;;Claro Colombia | Fundación Nutresa
123417002876;SIMON LOPEZ REBOLLEDO;3;Crítico;378;1.6786;;URBANA;56;322;0;0;0;Lorica;13;1;Lorica;Córdoba;;
176520000381;ALEJANDRO DURAN;1;Bajo;377;0.7648;OFICIAL;URBANA;35;342;0;0;0;Palmira;15;2;Palmira;Valle del Cauca;SI;
250680000014;SEDE PRINCIPAL ISABEL LA CATOLICA;1;Bajo;377;0.3307;OFICIAL;RURAL;36;171;123;47;0;San Carlos de Guaroa;19;1;Meta;Meta;NO;
176318000183;AUGUSTO DOMINGUEZ;2;Moderado;377;0.2897;OFICIAL;URBANA;48;166;163;0;0;Guacarí;7;1;Valle;Valle del Cauca;SI;
205001009754;SECCION ESCUELA GUSTAVO RODAS ISAZA;1;Bajo;377;0.1036;OFICIAL;URBANA;50;327;0;0;0;Medellín;11;1;Medellín;Antioquia;;
125154000248;INSTITUCION EDUCATIVA DEPARTAMENTAL CARMEN DE CARUPA;2;Moderado;377;0.1407;OFICIAL;URBANA;0;0;233;101;43;Carmen de Carupa;21;2;Cundinamarca;Cundinamarca;;Fundación Alquería Cavelier
105190000181;LICEO CISNEROS;2;Moderado;376;0.0866;OFICIAL;URBANA;0;0;190;155;31;Cisneros;19;4;Antioquia;Antioquia;SI;Comfama (Caja de Compensación Familiar de Antioquia) | Fundación Nutresa | Red Papaz
176147000295;EMPERATRIZ BUENO;1;Bajo;376;2.1169;OFICIAL;URBANA;56;320;0;0;0;Cartago;14;;Cartago;Valle del Cauca;SI;
176001004434;ANA MARIA LLOREDA;2;Moderado;376;0.1225;OFICIAL;URBANA;44;332;0;0;0;Cali;10;;Cali;Valle del Cauca;SI;Colombia Evidencia Potencial en Educación
223417001998;LAS FLORES - SEDE PRINCIPAL;3;Crítico;376;1.6697;;RURAL;42;117;141;76;0;Lorica;28;2;Lorica;Córdoba;;
141001000902;LUIS CALIXTO LEIVA;1;Bajo;375;0.5559;OFICIAL;URBANA;62;313;0;0;0;Neiva;17;;Neiva;Huila;SI;
176001004302;ANA MARIA VERNAZA;2;Moderado;375;0.1222;OFICIAL;URBANA;46;329;0;0;0;Cali;9;;Cali;Valle del Cauca;SI;Colombia Evidencia Potencial en Educación
125718000243;INSTITUCION EDUCATIVA DEPTAL SAN NICOLAS;2;Moderado;375;0.1399;OFICIAL;URBANA;24;101;160;67;23;Sasaima;24;2;Cundinamarca;Cundinamarca;;Fundación Alquería Cavelier
117088000255;INSTITUCION EDUCATIVA CRISTO REY - SEDE PRINCIPAL;1;Bajo;375;0.4669;;URBANA;0;0;256;99;20;Belalcázar;25;2;Caldas;Caldas;;
227361000409;SEDE MANAGRU;2;Moderado;374;0.3284;OFICIAL;URBANA;49;325;0;0;0;El Cantón del San Pablo;15;;Choco;Chocó;SI;
117653000647;INSTITUCION EDUCATIVA DE LA PRESENTACION - SEDE PRINCIPAL;2;Moderado;374;0.4656;;URBANA;38;120;126;90;0;Salamina;26;1;Caldas;Caldas;;Caja de Compensación Familiar de Caldas
117001002176;INSTITUCIÓN EDUCATIVA SAN PIO X;1;Bajo;373;0.7852;OFICIAL;URBANA;0;0;249;124;0;Manizales;20;2;Manizales;Caldas;SI;Colombia Evidencia Potencial en Educación | Fundación Corona | Fundación Luker | Red Papaz
205837007365;EL TANCON;2;Moderado;372;0.9936;OFICIAL;RURAL;0;372;0;0;0;Turbo;12;;Turbo;Antioquia;SI;
115322000016;I.E. TECNICA ENRIQUE OLAYA HERRERA - SEDE PRINCIPAL;1;Bajo;372;0.285;OFICIAL;URBANA;0;0;260;112;0;Guateque;23;3;Boyaca;Boyacá;NO;
119473000064;INTEGRADA;3;Crítico;372;;OFICIAL;URBANA;48;324;0;0;0;Morales;10;;;Cauca;;
219137000395;I.T.A. KWE´SX FXI´ZENXI KIWE ANDALUCIA;1;Bajo;372;;OFICIAL;RURAL;26;176;131;39;0;Caldono;23;;;Cauca;;
105001007447;SECCION CONCENTRACION EDUCATIVA KENNEDY;1;Bajo;372;0.1022;OFICIAL;URBANA;26;301;0;0;45;Medellín;15;;Medellín;Antioquia;;Fundación SURA
166001002746;INSTITUCION EDUCATIVA SOFIA HERNANDEZ MARIN;3;Crítico;372;0.4805;OFICIAL;URBANA;35;185;110;42;0;Pereira;21;1;Pereira;Risaralda;;Comfamiliar Risaralda
115673000012;I.E. NORMAL SUPERIOR - SEDE PRINCIPAL;1;Bajo;371;0.2843;OFICIAL;URBANA;22;79;129;86;55;San Mateo;31;2;Boyaca;Boyacá;NO;
127245000057;IE MARCO FIDEL SUAREZ - SEDE PRINCIPAL;1;Bajo;370;0.3249;OFICIAL;RURAL;0;0;269;101;0;El Carmen de Atrato;25;2;Choco;Chocó;SI;Fundación Carvajal
176147000465;HELIODORO PEÑA;1;Bajo;369;2.0775;OFICIAL;URBANA;62;307;0;0;0;Cartago;12;;Cartago;Valle del Cauca;SI;
176001004507;ULPIANO LLOREDA;2;Moderado;369;0.1202;OFICIAL;URBANA;43;326;0;0;0;Cali;5;;Cali;Valle del Cauca;SI;Colombia Evidencia Potencial en Educación
176400000027;JUAN DE DIOS GIRON;1;Bajo;369;0.2836;OFICIAL;URBANA;23;118;156;72;0;La Unión;22;1;Valle;Valle del Cauca;SI;Fundación Carvajal
176001004701;CAMILO TORRES;2;Moderado;368;0.1199;OFICIAL;URBANA;11;137;44;176;0;Cali;7;1;Cali;Valle del Cauca;SI;
176248000458;JOSE IGNACIO RENGIFO;1;Bajo;368;0.2828;OFICIAL;URBANA;53;278;0;0;37;El Cerrito;8;;Valle;Valle del Cauca;SI;
105001018872;SECCION ESCUELA MUNICIPAL SAN JAVIER;1;Bajo;368;0.1011;OFICIAL;URBANA;47;321;0;0;0;Medellín;12;1;Medellín;Antioquia;;Claro Colombia | Comfama (Caja de Compensación Familiar de Antioquia)
119698000233;FRANCISCO DE PAULA SANTANDER;1;Bajo;367;;OFICIAL;URBANA;54;313;0;0;0;Santander de Quilichao;12;;;Cauca;;
105837003586;E.U. GONZALO MEJIA;2;Moderado;366;0.9776;OFICIAL;URBANA;63;303;0;0;0;Turbo;14;1;Turbo;Antioquia;SI;Comfama (Caja de Compensación Familiar de Antioquia)
276275000278;REGIONAL SIMON BOLIVAR;2;Moderado;366;0.2813;OFICIAL;RURAL;0;0;240;101;25;Florida;26;3;Valle;Valle del Cauca;SI;Natura Cosmeticos Ltda.
219698000033;ESCUELA RURAL MIXTA LA CONCEPCION;1;Bajo;364;;OFICIAL;RURAL;12;80;175;55;42;Santander de Quilichao;15;2;;Cauca;;
127135000019;IE JOSE MANUEL PALACIOS PALACIOS - SEDE PRINCIPAL;2;Moderado;363;0.3187;OFICIAL;URBANA;0;0;281;71;11;El Cantón del San Pablo;28;2;Choco;Chocó;SI;
219743000147;CENTRO DOCENTE RURAL MIXTO QUICHAYA;1;Bajo;363;;OFICIAL;RURAL;19;167;145;32;0;Silvia;20;2;;Cauca;;
176126000082;GABRIELA MISTRAL;2;Moderado;363;0.2789;OFICIAL;URBANA;0;363;0;0;0;Calima;6;;Valle;Valle del Cauca;;
117174000314;INSTITUCION EDUCATIVA BARTOLOME MITRE - SEDE PRINCIPAL;1;Bajo;363;0.4519;;URBANA;0;0;236;127;0;Chinchiná;23;3;Caldas;Caldas;;
170001000261;CUARTA EL SALVADOR;2;Moderado;362;0.5866;OFICIAL;URBANA;135;227;0;0;0;Sincelejo;11;1;Sincelejo;Sucre;NO;Natura Cosmeticos Ltda.
176001004728;HONORIO VILLEGAS;2;Moderado;361;0.1176;OFICIAL;URBANA;26;335;0;0;0;Cali;8;;Cali;Valle del Cauca;SI;
176403000036;MANUEL ANTONIO BONILLA;3;Crítico;361;0.2774;OFICIAL;URBANA;0;0;253;108;0;La Victoria;22;3;Valle;Valle del Cauca;SI;Fundación Carvajal | Red Papaz
276233000511;SEDE PRINCIPAL- INSTITUCION EDUCATIVA EL PALMAR;3;Crítico;361;0.2774;OFICIAL;RURAL;23;117;147;48;26;Dagua;9;1;Valle;Valle del Cauca;;Fundación Carvajal
176001003071;RICARDO NIETO;2;Moderado;360;0.1173;OFICIAL;URBANA;0;0;360;0;0;Cali;8;;Cali;Valle del Cauca;SI;Natura Cosmeticos Ltda.
105042000091;E U JOSE MARIA MARTINEZ PARDO;2;Moderado;360;0.083;OFICIAL;URBANA;45;315;0;0;0;Santa Fé de Antioquia;14;1;Antioquia;Antioquia;;
205541000403;I. E. R. PALMIRA;2;Moderado;359;0.0827;OFICIAL;RURAL;10;98;111;47;93;Peñol;13;1;Antioquia;Antioquia;SI;Comfama (Caja de Compensación Familiar de Antioquia) | Fundación Fraternidad Medellín
276130000822;INSTITUCION EDUCATIVA MARINO RENGIFO SALCEDO;1;Bajo;359;0.2759;OFICIAL;RURAL;0;0;251;108;0;Candelaria;29;4;Valle;Valle del Cauca;;
117380000207;ESCUELA MIGUEL DE CERVANTES SAAVEDRA;1;Bajo;359;0.4469;;URBANA;47;312;0;0;0;La Dorada;5;;Caldas;Caldas;;
166594000035;SE SAN ANDRES - SEDE PRINCIPAL;3;Crítico;358;0.8067;OFICIAL;URBANA;0;0;237;99;22;Quinchía;18;2;Risaralda;Risaralda;;
117486000028;ESCUELA JOSÉ MARÍA CÓRDOBA;3;Crítico;358;0.4457;;URBANA;48;310;0;0;0;Neira;10;;Caldas;Caldas;;
276122000228;SAGRADO CORAZON DE JESUS;1;Bajo;357;0.2743;OFICIAL;RURAL;0;0;209;72;76;Caicedonia;18;2;Valle;Valle del Cauca;SI;Fundación Carvajal
219137000883;LOS COMUNEROS (sede principal);2;Moderado;357;;OFICIAL;RURAL;0;0;268;89;0;Caldono;22;2;;Cauca;;
319418000011;PABLO VI (SEDE PRINCIPAL);3;Crítico;357;;OFICIAL;URBANA;0;0;275;82;0;López de Micay;29;2;;Cauca;;Fundación Empresarios por la Educación
105001014435;SECCION ESCUELA VEINTE DE JULIO;1;Bajo;357;0.0981;OFICIAL;URBANA;52;305;0;0;0;Medellín;11;1;Medellín;Antioquia;;Comfama (Caja de Compensación Familiar de Antioquia)
227001000475;IE DE SAMURINDO - SEDE PRINCIPAL;3;Crítico;356;0.3126;OFICIAL;RURAL;19;111;151;56;19;Atrato;35;2;Choco;Chocó;SI;
227075000213;IE NORMAL SUPERIOR SANTA TERESITA - SEDE PRINCIPAL;2;Moderado;356;0.3126;OFICIAL;RURAL;18;0;186;85;67;Bahía Solano;25;3;Choco;Chocó;SI;
376111001146;COL SANTA TERESITA;1;Bajo;355;1.9713;NO OFICIAL;URBANA;9;89;191;66;0;Guadalajara de Buga;;;Buga;Valle del Cauca;SI;
141001001291;CANDIDO LEGUIZAMO;1;Bajo;355;0.5262;OFICIAL;URBANA;42;313;0;0;0;Neiva;12;;Neiva;Huila;SI;
119698000012;JOSE EDMUNDO SANDOVAL;1;Bajo;355;;OFICIAL;URBANA;52;303;0;0;0;Santander de Quilichao;12;1;;Cauca;;
105001000299;SECCION ESCUELA REPUBLICA DEL PERU;1;Bajo;355;0.0975;OFICIAL;URBANA;50;305;0;0;0;Medellín;12;;Medellín;Antioquia;;
105001026743;SECCION ESCUELA ALTOS DE LA TORRE;1;Bajo;355;0.0975;OFICIAL;URBANA;53;302;0;0;0;Medellín;11;;Medellín;Antioquia;;
263001000498;PUERTO ESPEJO;2;Moderado;355;0.8773;OFICIAL;URBANA;56;299;0;0;0;Armenia;11;;Armenia;Quindio;;Claro Colombia
213473001580;I.E. EMA TRONCOSO RABELO - SEDE PRINCIPAL;3;Crítico;354;0.1557;OFICIAL;RURAL;12;74;161;59;48;Arenal;22;2;Bolivar;Bolívar;NO;
266001002244;CENT EDUC FILOBONITO;3;Crítico;354;0.4573;OFICIAL;RURAL;0;0;220;70;64;Pereira;31;3;Pereira;Risaralda;SI;
219050000691;SINAI (sede principal);1;Bajo;354;;OFICIAL;RURAL;37;132;100;37;48;Argelia;26;2;;Cauca;;
105001002020;INSTITUCION EDUCATIVA RAFAEL URIBE URIBE;1;Bajo;354;0.0972;OFICIAL;URBANA;0;0;226;128;0;Medellín;23;2;Medellín;Antioquia;;Fundación Centro Manos de Cristal | Fundación Nutresa
105001002071;INSTITUCION EDUCATIVA BENJAMIN HERRERA;1;Bajo;354;0.0972;OFICIAL;URBANA;0;0;199;93;62;Medellín;20;2;Medellín;Antioquia;;Fundación Nutresa | Fundación SURA | Red Papaz
166001003700;GUAYACANES;3;Crítico;354;0.4573;OFICIAL;URBANA;42;312;0;0;0;Pereira;5;;Pereira;Risaralda;;
166400000111;SE GENERAL SANTANDER;2;Moderado;354;0.7977;OFICIAL;URBANA;56;298;0;0;0;La Virginia;15;;Risaralda;Risaralda;;Comfamiliar Risaralda
117662002792;INSTITUCION EDUCATIVA SAN AGUSTIN - SEDE PRINCIPAL;2;Moderado;353;0.4395;;URBANA;0;0;213;140;0;Samaná;27;3;Caldas;Caldas;;
127001001892;SEDE MELVIN JHONS;3;Crítico;352;0.9583;OFICIAL;URBANA;34;316;0;0;2;Quibdó;14;;Quibdó;Chocó;SI;Natura Cosmeticos Ltda.
427361000068;IE FRANCISCO EUTIMIO MUNERA - SEDE PRINCIPAL;3;Crítico;351;0.3082;OFICIAL;URBANA;19;125;127;60;20;Medio San Juan;25;2;Choco;Chocó;SI;Cámara de Comercio De Armenia Y El Quindío
105576000096;LICEO EL SALVADOR;1;Bajo;351;0.0809;OFICIAL;URBANA;0;0;189;99;63;Pueblorrico;17;3;Antioquia;Antioquia;SI;Comfama (Caja de Compensación Familiar de Antioquia)
105789000278;INSTITUCION EDUCATIVA INSTITUTO TECNICO AGROPECUARIO- ITA;2;Moderado;351;0.0809;OFICIAL;RURAL;0;0;204;92;55;Támesis;21;2;Antioquia;Antioquia;;Comfama (Caja de Compensación Familiar de Antioquia) | Fundación Fraternidad Medellín
219355001212;PROMOCION SOCIAL DE GUANACAS (sede principal);1;Bajo;350;;OFICIAL;RURAL;16;107;174;53;0;Inzá;22;1;;Cauca;;
219548000370;TUNIA (sede principal);1;Bajo;350;;OFICIAL;RURAL;0;0;252;98;0;Piendamó - Tunía;34;3;;Cauca;;
125513000046;ESTABLECIMIENTO EDUCATIVO COLONIA ALBERTO NIETO CANO;1;Bajo;350;0.1306;OFICIAL;URBANA;54;136;106;54;0;Pacho;14;;Cundinamarca;Cundinamarca;;Fundación Alquería Cavelier
176147000333;SOR MARIA ANASTASIA;1;Bajo;349;1.9649;OFICIAL;URBANA;49;300;0;0;0;Cartago;11;;Cartago;Valle del Cauca;SI;
219780000777;LA BETULIA (sede principal);1;Bajo;349;;OFICIAL;RURAL;25;101;185;38;0;Suárez;21;1;;Cauca;;
105001005461;SECCION ESCUELA AGRIPINA MONTES DEL VALLE;1;Bajo;349;0.0959;OFICIAL;URBANA;38;311;0;0;0;Medellín;9;;Medellín;Antioquia;;Parque Explora
225513000032;INSTITUCION EDUCATIVA DEPARTAMENTAL INSTITUTO TECNICO AGRICOLA - SEDE PRINCIPAL;1;Bajo;349;0.1302;OFICIAL;RURAL;0;0;204;113;32;Pacho;24;2;Cundinamarca;Cundinamarca;;Fundación Alquería Cavelier | Fundación Nutresa
163001002593;LA ADIELA;2;Moderado;349;0.8625;OFICIAL;URBANA;54;223;61;0;11;Armenia;49;4;Armenia;Quindio;;
117653000663;INSTITUCION EDUCATIVA PIO XII - SEDE PRINCIPAL;1;Bajo;348;0.4332;;URBANA;32;150;113;53;0;Salamina;19;1;Caldas;Caldas;;Caja de Compensación Familiar de Caldas
227615800079;IE BLANQUICET - SEDE PRINCIPAL;3;Crítico;347;0.3047;OFICIAL;RURAL;30;108;119;47;43;Nuevo Belén de Bajirá;20;1;Choco;Chocó;SI;
150001002271;INSTITUCION EDUCATIVA GARCIA MARQUEZ;1;Bajo;347;0.3617;OFICIAL;URBANA;81;171;95;0;0;Villavicencio;10;;Villavicencio;Meta;;
163001000906;JORGE ELICER GAITAN;1;Bajo;347;0.8576;OFICIAL;URBANA;60;287;0;0;0;Armenia;10;;Armenia;Quindio;;Claro Colombia
127073000041;IE NUESTRA SEÑORA DE LA CANDELARIA - SEDE PRINCIPAL;3;Crítico;346;0.3038;OFICIAL;URBANA;18;140;122;66;0;Bagadó;26;2;Choco;Chocó;SI;
105055000022;I. E. SANTA TERESA;2;Moderado;346;0.0797;OFICIAL;URBANA;0;118;148;80;0;Argelia;23;2;Antioquia;Antioquia;SI;Fundación Empresarios por la Educación
125754003836;SEDE MINUTO DE DIOS;1;Bajo;346;0.2768;OFICIAL;URBANA;39;307;0;0;0;Soacha;12;;Soacha;Cundinamarca;;
117001000033;INSTITUCIÓN EDUCATIVA SIETE DE AGOSTO;1;Bajo;345;0.7262;OFICIAL;URBANA;18;92;176;59;0;Manizales;24;2;Manizales;Caldas;SI;Colombia Evidencia Potencial en Educación | Fundación Corona | Fundación Luker | Fundación Nutresa
205306000099;I.E.R. SANTA ROSA DE LIMA;2;Moderado;345;0.0795;OFICIAL;RURAL;15;100;101;47;82;Giraldo;13;;Antioquia;Antioquia;;
205376000070;I. E. FRANCISCO MARIA CARDONA;2;Moderado;345;0.0795;OFICIAL;RURAL;19;147;106;73;0;La Ceja;14;1;Antioquia;Antioquia;;Fundación Fraternidad Medellín
117001002737;INSTITUCIÓN EDUCATIVA LA ASUNCION;3;Crítico;344;0.7241;OFICIAL;URBANA;0;0;198;146;0;Manizales;31;3;Manizales;Caldas;SI;Fundación Corona | Fundación Luker
115097000265;I.E. TECNICO INDUSTRIAL MARISCAL SUCRE - SEDE PRINCIPAL;1;Bajo;344;0.2636;OFICIAL;URBANA;26;109;153;56;0;Boavita;22;1;Boyaca;Boyacá;NO;
205148000469;I. E.R. LA AURORA;1;Bajo;344;0.0793;OFICIAL;RURAL;20;165;126;33;0;El Carmen de Viboral;14;2;Antioquia;Antioquia;SI;Fundación Fraternidad Medellín
119142000145;OSCAR PINO ESPINAL;1;Bajo;344;;OFICIAL;URBANA;43;301;0;0;0;Caloto;15;;;Cauca;;
105093000079;E U BLANCA CORREA;2;Moderado;344;0.0793;OFICIAL;URBANA;62;282;0;0;0;Betulia;13;;Antioquia;Antioquia;;
141001000937;ELISEO CABRERA;1;Bajo;343;0.5084;OFICIAL;URBANA;63;280;0;0;0;Neiva;16;;Neiva;Huila;SI;
176001004442;JHON F. KENNEDY;2;Moderado;342;0.1114;OFICIAL;URBANA;44;298;0;0;0;Cali;10;1;Cali;Valle del Cauca;SI;
205051001959;COLEGIO LA CANDELARIA;1;Bajo;342;0.0788;OFICIAL;RURAL;31;96;146;69;0;Arboletes;19;2;Antioquia;Antioquia;;Fundación SURA | Parque Explora
173236000020;I.E. ANTONIA SANTOS - SEDE PRINCIPAL;2;Moderado;342;0.245;OFICIAL;URBANA;0;0;219;85;38;Dolores;17;1;Tolima;Tolima;;
105266000347;ESCUELA URBANA MARCELIANO VELEZ;2;Moderado;342;1.1694;;URBANA;42;300;0;0;0;Envigado;19;1;Envigado;Antioquia;;Periódico El Mundo
223417003001;CANDELARIA HACIENDA - SEDE PRINCIPAL;3;Crítico;342;1.5187;;RURAL;13;102;166;61;0;Lorica;21;1;Lorica;Córdoba;;
441799000322;SAN ANDRES;2;Moderado;341;0.2675;OFICIAL;RURAL;15;69;180;77;0;Tello;22;2;Huila;Huila;SI;
205837005524;I.E. PUEBLO BELLO;2;Moderado;341;0.9108;OFICIAL;RURAL;0;124;138;79;0;Turbo;27;3;Turbo;Antioquia;SI;Parque Explora
205837800180;CARLOS CERVELIO MOSQUERA PESTAÑA;2;Moderado;341;0.9108;OFICIAL;RURAL;341;0;0;0;0;Turbo;12;;Turbo;Antioquia;SI;
105607800011;IGNACIO BOTERO VALLEJO BLOQUE II;2;Moderado;339;0.0781;OFICIAL;URBANA;68;271;0;0;0;Retiro;;;Antioquia;Antioquia;;
173319000081;I.E. SOR JOSEFA DEL CASTILLO - SEDE PRINCIPAL;1;Bajo;338;0.2421;OFICIAL;URBANA;0;0;246;92;0;Guamo;18;4;Tolima;Tolima;SI;
105579000798;E U LA ISLA;2;Moderado;338;0.0779;OFICIAL;URBANA;25;126;74;95;18;Puerto Berrío;11;;Antioquia;Antioquia;;
105001002887;SECCION ESCUELA RAFAEL URIBE URIBE;1;Bajo;338;0.0928;OFICIAL;URBANA;36;302;0;0;0;Medellín;13;2;Medellín;Antioquia;;
276892001133;JOSE ANTONIO GALAN;3;Crítico;338;1.5026;OFICIAL;RURAL;23;139;105;35;36;Yumbo;22;2;Yumbo;Valle del Cauca;;Fundación Corona
117541000652;INSTITUCION EDUCATIVA ESC. NORMAL SUPERIOR DE LA PRESENTACION - SEDE PRINCIPAL;3;Crítico;338;0.4208;;URBANA;0;0;189;99;50;Pensilvania;27;2;Caldas;Caldas;;Caja de Compensación Familiar de Caldas | Fundación Corona
266594001087;SE INSTITUTO INTEGRADO IRRA - SEDE PRINCIPAL;2;Moderado;337;0.7594;OFICIAL;RURAL;0;0;184;95;58;Quinchía;19;2;Risaralda;Risaralda;;
176109015441;NUESTRA SEÑORA DE LA MISERICORDIA;1;Bajo;336;0.6023;OFICIAL;URBANA;20;165;108;43;0;Buenaventura;14;;Buenaventura;Valle del Cauca;SI;
419355000649;I.E. AGROPECUARIA KPI SX ZUN CALDERAS - CALDERAS - SEDE PRINCIPAL;1;Bajo;336;;OFICIAL;RURAL;28;179;108;21;0;Inzá;22;1;;Cauca;;
125899000347;SEDE FRANCISCO DE PAULA SANTANDER;1;Bajo;336;1.2089;OFICIAL;URBANA;0;336;0;0;0;Zipaquirá;10;;Zipaquirá;Cundinamarca;;Fundación Alquería Cavelier
163001000434;NUESTRA SEÓORA DE BELEN;2;Moderado;335;0.8279;OFICIAL;URBANA;0;0;244;91;0;Armenia;28;3;Armenia;Quindio;SI;
176122000436;CENTRO DOCENTE NO 01 ANEXA MARIA INMACULADA;1;Bajo;335;0.2574;OFICIAL;URBANA;26;309;0;0;0;Caicedonia;3;;Valle;Valle del Cauca;SI;
219130003739;PATHYU LUUCX;1;Bajo;335;;OFICIAL;RURAL;38;192;105;0;0;Cajibío;21;;;Cauca;;
152001001277;SEDE PRINCIPAL I.E.M ANTONIO NARIÑO - SEDE CENTRO;3;Crítico;334;0.5639;OFICIAL;URBANA;2;75;101;45;111;Pasto;27;2;Pasto;Nariño;NO;
317001000121;COLEGIO SANTA INÉS;1;Bajo;334;0.7031;NO OFICIAL;URBANA;23;165;110;36;0;Manizales;;;Manizales;Caldas;SI;
119824000236;LA INMACULADA;1;Bajo;334;;OFICIAL;URBANA;50;284;0;0;0;Totoró;13;;;Cauca;;
105789000235;COLEGIO RAFAEL J. MEJIA;2;Moderado;334;0.077;OFICIAL;URBANA;0;0;222;112;0;Támesis;22;3;Antioquia;Antioquia;;Comfama (Caja de Compensación Familiar de Antioquia) | Fundación Fraternidad Medellín | Fundación Nutresa
125572000238;INSTITUCION EDUCATIVA DEPARTAMENTAL MIXTO;2;Moderado;334;0.1246;OFICIAL;URBANA;0;34;209;91;0;Puerto Salgar;23;2;Cundinamarca;Cundinamarca;;Fundación Alquería Cavelier
166001002886;INSTITUCION EDUCATIVA LENINGRADO;3;Crítico;334;0.4314;OFICIAL;URBANA;16;112;145;61;0;Pereira;25;1;Pereira;Risaralda;;
117433000336;CONCENTRACIÓN SAN LUIS GONZAGA;1;Bajo;334;0.4158;;URBANA;36;298;0;0;0;Manzanares;7;;Caldas;Caldas;;
276670000210;MIGUEL ANTONIO CARO;1;Bajo;333;0.2559;OFICIAL;RURAL;20;114;150;49;0;San Pedro;26;2;Valle;Valle del Cauca;SI;Fundación Carvajal | Fundación Nutresa
163470000224;JESÚS MARÍA OBANDO;1;Bajo;333;0.9173;OFICIAL;URBANA;28;305;0;0;0;Montenegro;5;;Quindio;Quindio;;Claro Colombia
205387000128;I. E. R JORGE ENRIQUE VILLEGAS;2;Moderado;333;0.0767;OFICIAL;RURAL;27;84;115;44;63;Pto Nare(La Magdalena);19;1;Antioquia;Antioquia;;Comfama (Caja de Compensación Familiar de Antioquia) | Fundación SURA | Red Papaz
225817000055;ESCUELA RURAL LA DIANA;1;Bajo;333;0.1243;OFICIAL;RURAL;47;286;0;0;0;Tocancipá;11;;Cundinamarca;Cundinamarca;;Fundación Bavaria
266001001175;ENRIQUE MILLAN RUBIO;3;Crítico;333;0.4301;OFICIAL;RURAL;40;226;0;0;67;Pereira;1;;Pereira;Risaralda;;Comfamiliar Risaralda
168547001000;CONCENTRACION ESCOLAR SAN CRISTOBAL;3;Crítico;332;0.9971;OFICIAL;URBANA;40;292;0;0;0;Piedecuesta;9;;Piedecuesta;Santander;NO;
176233000044;ANTONIA SANTOS;3;Crítico;332;0.2551;OFICIAL;URBANA;82;250;0;0;0;Dagua;15;;Valle;Valle del Cauca;SI;
105001002046;SECCION ESCUELA MARCO FIDEL SUAREZ;1;Bajo;332;0.0912;OFICIAL;URBANA;37;295;0;0;0;Medellín;11;1;Medellín;Antioquia;;
166001000573;MARIELA LEMUS GUTIERREZ;3;Crítico;332;0.4288;OFICIAL;URBANA;89;243;0;0;0;Pereira;;;Pereira;Risaralda;;
127001001256;IE SANTO DOMINGO DE GUZMAN;2;Moderado;331;0.9011;OFICIAL;URBANA;20;62;193;56;0;Quibdó;29;3;Quibdó;Chocó;SI;Fundación Carvajal
163470000232;GENERAL SANTANDER;1;Bajo;331;0.9118;OFICIAL;URBANA;15;0;224;92;0;Montenegro;34;3;Quindio;Quindio;;
105038000019;LICEO MARIANO DE J EUSSE;1;Bajo;331;0.0763;OFICIAL;URBANA;0;0;192;93;46;Angostura;17;2;Antioquia;Antioquia;;Comfama (Caja de Compensación Familiar de Antioquia)
225488000201;INSTITUCION EDUCATIVA DEPARTAMENTAL LA ESMERALDA;1;Bajo;331;0.1235;OFICIAL;RURAL;14;108;156;53;0;Nilo;23;1;Cundinamarca;Cundinamarca;;
176622000149;JHON F. KENNEDY;3;Crítico;331;0.2544;OFICIAL;URBANA;46;285;0;0;0;Roldanillo;7;;Valle;Valle del Cauca;;
241872000141;LA VICTORIA;2;Moderado;330;0.2589;OFICIAL;RURAL;22;134;141;33;0;Villavieja;18;1;Huila;Huila;SI;
166001000786;INSTITUCION EDUCATIVA REMIGIO ANTONIO CAÑARTE;3;Crítico;330;0.4263;OFICIAL;URBANA;38;125;59;108;0;Pereira;54;3;Pereira;Risaralda;;
176147002484;I.D.E.I PARA JOVENES Y ADULTOS ALFONSO LOPEZ;1;Bajo;329;1.8523;OFICIAL;URBANA;0;0;231;98;0;Cartago;28;5;Cartago;Valle del Cauca;SI;
176001004680;NUESTRA SEÑORA DE LOS REMEDIOS;2;Moderado;329;0.1072;OFICIAL;URBANA;56;273;0;0;0;Cali;9;;Cali;Valle del Cauca;SI;Colombia Evidencia Potencial en Educación | Fundación Carvajal
163690000195;LICEO QUINDÍO;1;Bajo;329;0.9063;OFICIAL;URBANA;0;0;207;75;47;Salento;28;2;Quindio;Quindio;;Red Papaz
105101800012;ISABEL SOLIS;2;Moderado;329;0.0758;OFICIAL;URBANA;63;153;113;0;0;Ciudad Bolívar;14;;Antioquia;Antioquia;;
141001000759;CENTRO DOCENTE MONSERRATE;1;Bajo;328;0.4862;OFICIAL;URBANA;31;297;0;0;0;Neiva;13;;Neiva;Huila;SI;
176895000346;MARÍA INMACULADA;2;Moderado;328;0.2521;OFICIAL;URBANA;55;273;0;0;0;Zarzal;10;;Valle;Valle del Cauca;SI;
163470000259;RAFAEL URIBE URIBE;1;Bajo;328;0.9035;OFICIAL;URBANA;0;328;0;0;0;Montenegro;11;1;Quindio;Quindio;;Claro Colombia
205607000175;I. E. R. DOLORES E ISMAEL RESTREPO;2;Moderado;328;0.0756;OFICIAL;RURAL;16;110;107;32;63;Retiro;14;2;Antioquia;Antioquia;;Comfama (Caja de Compensación Familiar de Antioquia) | Fundación Fraternidad Medellín
105756000124;I. E. TECNICO INDUSTRIAL ANTONIO ALVAREZ RESTREPO;2;Moderado;328;0.0756;OFICIAL;URBANA;23;128;123;54;0;Sonsón;15;2;Antioquia;Antioquia;;Comfama (Caja de Compensación Familiar de Antioquia)
127001000004;SEDE MARIA BERCHMANS;1;Bajo;327;0.8902;OFICIAL;URBANA;67;242;0;0;18;Quibdó;14;;Quibdó;Chocó;SI;
105282000233;E U MARCO FIDEL SUAREZ;2;Moderado;326;0.0751;OFICIAL;URBANA;46;280;0;0;0;Fredonia;12;;Antioquia;Antioquia;;
176834000459;SEDE NO. 12 MARIA LUISA ROMAN;1;Bajo;326;1.1826;OFICIAL;URBANA;53;273;0;0;0;Tuluá;7;;Tuluá;Valle del Cauca;;
173001010095;SEDE 2 NUEVO COMBEIMA;2;Moderado;325;0.3381;OFICIAL;URBANA;38;287;0;0;0;Ibagué;14;;Ibague;Tolima;SI;
176823000384;NUESTRA SEÑORA DE LA CONSOLACION;2;Moderado;325;0.2497;OFICIAL;URBANA;0;0;219;106;0;Toro;25;2;Valle;Valle del Cauca;SI;FUNDACIÓN PARA EL MEJORAMIENTO DE LA PRODUCTIVIDAD DEL CULTIVO DE CAÑA DE AZUCAR
219698000173;SAN ANTONIO (sede principal);2;Moderado;325;;OFICIAL;RURAL;12;129;131;53;0;Santander de Quilichao;17;3;;Cauca;;
273504000270;I.E.T. OLAYA HERRERA - SEDE PRINCIPAL;2;Moderado;324;0.2321;OFICIAL;RURAL;23;98;140;63;0;Ortega;23;3;Tolima;Tolima;;
119212000024;POLICARPA SALAVARRIETA;1;Bajo;323;;OFICIAL;URBANA;57;266;0;0;0;Corinto;11;;;Cauca;;
205656000164;COLEGIO AGRICOLA;2;Moderado;323;0.0744;OFICIAL;URBANA;0;0;244;79;0;San Jerónimo;19;2;Antioquia;Antioquia;;
225269000157;ESCUELA RURAL TIERRA MORAD;2;Moderado;323;1.3435;OFICIAL;RURAL;22;142;121;38;0;Facatativá;18;;Facatativá;Cundinamarca;;
227205000954;IE JESUS ANTONIO RIVAS - SEDE PRINCIPAL;2;Moderado;322;0.2827;OFICIAL;URBANA;0;0;235;87;0;Río Iró;24;3;Choco;Chocó;SI;
227615060750;IE CARACOLI ALTO - SEDE PRINCIPAL;1;Bajo;322;0.2827;OFICIAL;RURAL;0;25;218;79;0;Riosucio;12;1;Choco;Chocó;SI;
276001003394;CENTRO DOCENTE NUESTRA SEÑORA DE LAS LAJAS;2;Moderado;322;0.1049;OFICIAL;RURAL;15;145;123;39;0;Cali;7;;Cali;Valle del Cauca;SI;
166001002215;LICEO DE LAS AMERICAS;3;Crítico;322;0.4159;OFICIAL;URBANA;38;284;0;0;0;Pereira;;;Pereira;Risaralda;;
276834002243;SEDE PRINCIPAL CONCENTRACIÓN DE DESARROLLO RURAL;2;Moderado;322;1.1681;OFICIAL;RURAL;0;0;204;88;30;Tuluá;20;3;Tuluá;Valle del Cauca;;Fundación Corona
276130000318;ANTONIA SANTOS;1;Bajo;322;0.2474;OFICIAL;RURAL;0;322;0;0;0;Candelaria;6;;Valle;Valle del Cauca;;
276892000196;JOSE ANTONIO GALAN DEL PEDREGAL;3;Crítico;322;1.4314;OFICIAL;RURAL;26;143;121;19;13;Yumbo;6;;Yumbo;Valle del Cauca;;
117042000561;INSTITUCION EDUCATIVA DE OCCIDENTE - SEDE PRINCIPAL;1;Bajo;322;0.4009;;URBANA;0;0;164;158;0;Anserma;30;3;Caldas;Caldas;;
205837001880;I.E. SAN VICENTE DEL CONGO;2;Moderado;321;0.8574;OFICIAL;RURAL;6;82;114;69;50;Turbo;25;3;Turbo;Antioquia;SI;Parque Explora
176520001825;GREGORIO HERNANDEZ;1;Bajo;321;0.6512;OFICIAL;URBANA;0;0;321;0;0;Palmira;8;1;Palmira;Valle del Cauca;SI;Claro Colombia
119573000774;ANA SILENA ARROYAVE (sede principal);1;Bajo;321;;OFICIAL;URBANA;18;117;123;63;0;Puerto Tejada;24;1;;Cauca;;Fundación Colombianitos | Fundación Nutresa | Tecnoquimicas S.A.
105001003310;SECCION ESCUELA EPIFANIO MEJIA;1;Bajo;321;0.0882;OFICIAL;URBANA;0;306;0;0;15;Medellín;10;;Medellín;Antioquia;;
227615001222;SEDE LLANO RICO;2;Moderado;320;0.281;OFICIAL;RURAL;45;151;102;22;0;Nuevo Belén de Bajirá;18;;Choco;Chocó;SI;
263548000298;LUIS GRANADA MEJÍA;2;Moderado;320;0.8815;OFICIAL;RURAL;0;0;176;65;79;Pijao;18;3;Quindio;Quindio;;
176834001102;SEDE NO. 31 JUAN DEL CORRAL;3;Crítico;320;1.1608;OFICIAL;URBANA;39;281;0;0;0;Tuluá;12;;Tuluá;Valle del Cauca;;
176248000245;JOSE CELESTINO MUTIS;1;Bajo;319;0.2451;OFICIAL;URBANA;0;319;0;0;0;El Cerrito;8;1;Valle;Valle del Cauca;SI;
176890000020;POLICARPA SALAVARRIETA;2;Moderado;319;0.2451;OFICIAL;URBANA;0;319;0;0;0;Yotoco;6;1;Valle;Valle del Cauca;;
117174000501;FUNDACIÓN CARTON DE COLOMBIA;2;Moderado;319;0.3971;;URBANA;40;279;0;0;0;Chinchiná;5;;Caldas;Caldas;;
176036000091;JUAN DE DIOS RODRIGUEZ;3;Crítico;318;0.2444;OFICIAL;URBANA;0;126;192;0;0;Andalucía;2;;Valle;Valle del Cauca;SI;
219110001748;PALO BLANCO (sede principal);1;Bajo;318;;OFICIAL;RURAL;22;103;125;68;0;Buenos Aires;22;2;;Cauca;;
225817000136;ESCUELA RURAL CANAVITA;2;Moderado;318;0.1187;OFICIAL;RURAL;25;293;0;0;0;Tocancipá;11;;Cundinamarca;Cundinamarca;;Fundación Enel Colombia
176126000074;MARIA INMACULADA;3;Crítico;318;0.2444;OFICIAL;URBANA;83;235;0;0;0;Calima;9;;Valle;Valle del Cauca;;
252356001485;INSTITUCION EDUCATIVA AGROINDUSTRIAL LOS PASTOS;2;Moderado;317;1.5073;OFICIAL;RURAL;0;0;246;71;0;Ipiales;17;2;Ipiales;Nariño;NO;
163001001546;JUAN PABLO I;1;Bajo;317;0.7834;OFICIAL;URBANA;25;158;134;0;0;Armenia;14;;Armenia;Quindio;SI;
176828000081;ELIAS ENRIQUE QUIJANO;3;Crítico;317;0.2436;OFICIAL;URBANA;31;235;0;0;51;Trujillo;7;;Valle;Valle del Cauca;SI;
176828000064;SAGRADO CORAZON DE JESUS;2;Moderado;317;0.2436;;;0;291;0;0;26;Trujillo;16;1;Valle;Valle del Cauca;SI;Red Papaz
119573000100;PERICO NEGRO #2;1;Bajo;317;;OFICIAL;URBANA;57;260;0;0;0;Puerto Tejada;17;1;;Cauca;;Fundación Colombianitos | Tecnoquimicas S.A.
163001000396;ENRIQUE OLAYA HERRERA;1;Bajo;316;0.781;OFICIAL;URBANA;39;277;0;0;0;Armenia;18;2;Armenia;Quindio;SI;
276520002371;LUIS GERARDO SALAMANCA;2;Moderado;316;0.6411;OFICIAL;RURAL;0;0;163;112;41;Palmira;17;1;Palmira;Valle del Cauca;;
266572000061;SE KUNDUMI LA PRADERA - SEDE PRINCIPAL;2;Moderado;315;0.7098;OFICIAL;RURAL;17;83;104;59;52;Pueblo Rico;16;2;Risaralda;Risaralda;SI;
205837003670;VILLA MARIA;2;Moderado;315;0.8414;OFICIAL;RURAL;0;0;225;90;0;Turbo;25;2;Turbo;Antioquia;SI;Comfama (Caja de Compensación Familiar de Antioquia)
176895000168;EFRAIN VARELA VACA;3;Crítico;315;0.2421;OFICIAL;URBANA;36;277;0;0;2;Zarzal;29;7;Valle;Valle del Cauca;SI;
219050000810;BOTAFOGO (sede principal);3;Crítico;315;;OFICIAL;RURAL;33;102;85;36;59;Argelia;16;1;;Cauca;;
219142000263;LA NIÑA MARIA - CRUCERO DE GUALI (sede principal);1;Bajo;315;;OFICIAL;RURAL;22;106;133;54;0;Caloto;22;2;;Cauca;;
176113000377;DIEGO RENGIFO SALAZAR;2;Moderado;314;0.2413;OFICIAL;URBANA;4;75;152;53;30;Bugalagrande;15;2;Valle;Valle del Cauca;SI;Fundación Carvajal | Fundación Corona
176520002261;NIÑA MARIA;2;Moderado;314;0.637;OFICIAL;URBANA;0;314;0;0;0;Palmira;12;;Palmira;Valle del Cauca;SI;
163470000411;NUESTRA SEÑORA DE LA SOLEDAD;2;Moderado;314;0.865;OFICIAL;URBANA;48;266;0;0;0;Montenegro;10;;Quindio;Quindio;;Claro Colombia
105091800010;JUAN XXIII;2;Moderado;314;0.0724;OFICIAL;URBANA;42;272;0;0;0;Betania;;;Antioquia;Antioquia;;
105282000390;COLEGIO EFE GOMEZ;2;Moderado;314;0.0724;OFICIAL;URBANA;0;0;212;102;0;Fredonia;16;3;Antioquia;Antioquia;;Comfama (Caja de Compensación Familiar de Antioquia) | Fundación Fraternidad Medellín
141078000158;ANTONIO BARAYA;2;Moderado;313;0.2455;OFICIAL;RURAL;0;0;229;84;0;Baraya;15;2;Huila;Huila;SI;
117541001748;INSTITUCIÓN EDUCATIVA PENSILVANIA - SEDE PRINCIPAL;1;Bajo;313;0.3897;;URBANA;0;0;182;93;38;Pensilvania;20;2;Caldas;Caldas;;Caja de Compensación Familiar de Caldas | Fundación Corona
241807000427;EL TEJAR;2;Moderado;312;0.2448;OFICIAL;RURAL;7;31;176;74;24;Timaná;21;2;Huila;Huila;SI;
219418001439;I.E.A. MAXIMINO GARABATO ANTES (I.E. INDÍGENA MAXIMINO GARABATO) - SEDE PRINCIPAL;3;Crítico;312;;OFICIAL;RURAL;17;86;142;67;0;López de Micay;18;1;;Cauca;;
219698000041;COLEGIO AGRICOLA LA AURORA (FUS.ESC LA AURORA);1;Bajo;312;;OFICIAL;RURAL;6;42;187;43;34;Santander de Quilichao;19;2;;Cauca;;
219780001218;ASNAZU (sede principal);1;Bajo;311;;OFICIAL;RURAL;0;0;225;86;0;Suárez;21;2;;Cauca;;
105001001775;SECCION ESCUELA SANTISIMA TRINIDAD;1;Bajo;311;0.0854;OFICIAL;URBANA;48;263;0;0;0;Medellín;9;;Medellín;Antioquia;;
176834000599;SEDE INSTITUTO CAMPESTRE SANTA CECILIA;1;Bajo;311;1.1282;OFICIAL;URBANA;0;311;0;0;0;Tuluá;12;;Tuluá;Valle del Cauca;;Natura Cosmeticos Ltda.
205837004013;COL. VEINTE DE JULIO;2;Moderado;310;0.828;OFICIAL;RURAL;108;202;0;0;0;Turbo;9;;Turbo;Antioquia;SI;
176001004850;EDUARDO RIASCOS GRUESO;2;Moderado;310;0.101;OFICIAL;URBANA;98;212;0;0;0;Cali;6;1;Cali;Valle del Cauca;SI;Colombia Evidencia Potencial en Educación
176130000054;GENERAL SANTANDER;1;Bajo;310;0.2382;OFICIAL;URBANA;0;310;0;0;0;Candelaria;10;;Valle;Valle del Cauca;SI;
105001012165;INSTITUCION EDUCATIVA GUADALUPE;1;Bajo;309;0.0849;OFICIAL;URBANA;0;0;261;48;0;Medellín;16;3;Medellín;Antioquia;;Comfama (Caja de Compensación Familiar de Antioquia) | Fundación Carvajal | Fundación Nutresa
127413000068;SEDE JULIO FIGUEROA VILLA;2;Moderado;308;0.2704;OFICIAL;URBANA;37;271;0;0;0;Lloró;13;;Choco;Chocó;SI;
117174000331;ESCUELA SANTA JUAN DE ARCO;1;Bajo;308;0.3834;;URBANA;21;179;108;0;0;Chinchiná;14;;Caldas;Caldas;;
205837000042;I.E. SAN JOSE DE MULATOS;2;Moderado;307;0.82;OFICIAL;RURAL;12;79;71;145;0;Turbo;17;1;Turbo;Antioquia;SI;Parque Explora
252001800396;SEDE CANCHALA;1;Bajo;307;0.5183;OFICIAL;URBANA;0;307;0;0;0;Pasto;;;Pasto;Nariño;NO;
166001006458;ESCUELA DE LA PALABRA;3;Crítico;307;0.3965;OFICIAL;URBANA;0;69;158;80;0;Pereira;30;1;Pereira;Risaralda;SI;Comfamiliar Risaralda
125862000355;INSTITUCION EDUCATIVA DEPARTAMENTAL FIDEL LEON TRIANA;2;Moderado;307;0.1146;OFICIAL;URBANA;0;0;179;94;34;Vergara;18;2;Cundinamarca;Cundinamarca;;Fundación Alquería Cavelier
163001000809;ROSANA LONDOÑO;1;Bajo;307;0.7587;OFICIAL;URBANA;57;199;31;0;20;Armenia;8;;Armenia;Quindio;;Claro Colombia
276109000243;JUAN CHACO;1;Bajo;306;0.5486;OFICIAL;RURAL;26;105;141;34;0;Buenaventura;24;2;Buenaventura;Valle del Cauca;SI;Fundación Carvajal
105789000472;E U ELADIA MEJIA G;2;Moderado;306;0.0705;OFICIAL;URBANA;0;306;0;0;0;Támesis;12;;Antioquia;Antioquia;;Comfama (Caja de Compensación Familiar de Antioquia) | Corporación Centro de Ciencia y Tecnología de Antioquia -CTA
117653000124;INSTITUCION EDUCATIVA ESCUELA NORMAL SUPERIOR MARIA ESCOLASTICA - SEDE PRINCIPAL;1;Bajo;306;0.381;;URBANA;18;96;96;22;74;Salamina;22;2;Caldas;Caldas;;
205148000281;E U PEDRO A URIBE;1;Bajo;305;0.0703;OFICIAL;RURAL;59;246;0;0;0;El Carmen de Viboral;12;;Antioquia;Antioquia;SI;Fundación Fraternidad Medellín | Fundación Secretos Para Contar
205837006440;E.R. CARIBE NO. 2;2;Moderado;304;0.812;OFICIAL;RURAL;133;171;0;0;0;Turbo;9;;Turbo;Antioquia;SI;
105364000398;E.U. MOISÉS ROJAS PELÁEZ;3;Crítico;304;0.0701;OFICIAL;URBANA;0;198;106;0;0;Jardín;12;;Antioquia;Antioquia;SI;Fundación Fraternidad Medellín
217524800003;ESCUELA AVENIDA EL FERROCARRIL;1;Bajo;303;0.3772;;RURAL;60;243;0;0;0;Palestina;3;;Caldas;Caldas;;
219780000343;CENTRO DOCENTE AGUA CLARA - SEDE PRINCIPAL;2;Moderado;302;;OFICIAL;RURAL;19;86;153;37;7;Suárez;21;2;;Cauca;;
176520001701;MARIA AUXILIADORA;2;Moderado;301;0.6107;OFICIAL;URBANA;0;0;270;31;0;Palmira;10;1;Palmira;Valle del Cauca;SI;
176001004493;REPUBLICA DE PANAMA;2;Moderado;301;0.0981;OFICIAL;URBANA;43;258;0;0;0;Cali;8;;Cali;Valle del Cauca;SI;Natura Cosmeticos Ltda.
119743000444;NINAS SAN PEDRO;1;Bajo;301;;OFICIAL;URBANA;50;251;0;0;0;Silvia;10;;;Cauca;;
219455000221;EL ORTIGAL # 1;1;Bajo;301;;OFICIAL;RURAL;56;245;0;0;0;Miranda;12;;;Cauca;;INGENIO DEL CAUCA S.A.S.
176834001196;SEDE NO. 21 URBANA MARIA GORETTY;1;Bajo;301;1.0919;OFICIAL;URBANA;72;229;0;0;0;Tuluá;12;;Tuluá;Valle del Cauca;;Natura Cosmeticos Ltda.
117042000471;CENTRO EDUCATIVO SIMON BOLIVAR;1;Bajo;301;0.3747;;URBANA;40;261;0;0;0;Anserma;7;;Caldas;Caldas;;
376364001011;FRAY LUIS APOSTOL;1;Bajo;300;1.0839;NO OFICIAL;URBANA;16;69;79;41;95;Jamundí;;;Jamundí;Valle del Cauca;SI;
176111000515;MANUEL ANTONIO SANCLEMENTE - SEDE PRINCIPAL;2;Moderado;300;1.6659;OFICIAL;URBANA;0;0;209;91;0;Guadalajara de Buga;24;2;Buga;Valle del Cauca;SI;Claro Colombia | Fundación Nutresa
376364001967;COLEGIO BAHAI SIMMONS;1;Bajo;300;1.0839;NO OFICIAL;URBANA;0;155;106;39;0;Jamundí;;;Jamundí;Valle del Cauca;SI;Fundación Nutresa
176147000392;ANTONIO NARIÑO;1;Bajo;300;1.689;OFICIAL;URBANA;38;262;0;0;0;Cartago;11;;Cartago;Valle del Cauca;SI;
115759001160;VALDES TAVERA;1;Bajo;300;1.197;OFICIAL;URBANA;50;250;0;0;0;Sogamoso;11;;Sogamoso;Boyacá;NO;
119807000583;ANTONIO JOSE DE SUCRE;1;Bajo;300;;OFICIAL;URBANA;43;257;0;0;0;Timbío;11;;;Cauca;;
219532000272;SANTA ROSA BAJA (sede principal);1;Bajo;300;;OFICIAL;RURAL;10;33;90;51;116;Patía;13;1;;Cauca;;
205364000163;I. E. R. EMBERÁ KARMATARÚA;2;Moderado;300;0.0691;OFICIAL;RURAL;20;140;67;18;55;Jardín;15;1;Antioquia;Antioquia;;Comfama (Caja de Compensación Familiar de Antioquia) | Fundación Fraternidad Medellín
166001004978;PROVIDENCIA;3;Crítico;300;0.3875;OFICIAL;URBANA;51;249;0;0;0;Pereira;;;Pereira;Risaralda;;
176377000251;SAN PIO X;3;Crítico;299;0.2298;OFICIAL;URBANA;0;0;156;76;67;La Cumbre;18;2;Valle;Valle del Cauca;SI;Fundación Bolívar Davivienda
141770000079;DANIEL JARAMILLO LÒPEZ;2;Moderado;299;0.2346;OFICIAL;URBANA;0;299;0;0;0;Suaza;9;;Huila;Huila;SI;
105360001004;INSTITUCION EDUCATIVA CIUDAD ITAGUI SEDE TABLAZO;1;Bajo;299;0.7993;OFICIAL;URBANA;35;264;0;0;0;Itagüí;8;1;Itagui;Antioquia;SI;Comfama (Caja de Compensación Familiar de Antioquia) | Periódico El Mundo
176001006062;LA INMACULADA;2;Moderado;299;0.0974;OFICIAL;URBANA;18;137;86;0;58;Cali;16;;Cali;Valle del Cauca;SI;
176130000062;SANTO DOMINGO SAVIO;2;Moderado;299;0.2298;OFICIAL;URBANA;124;175;0;0;0;Candelaria;6;;Valle;Valle del Cauca;SI;
105576000223;E U BERTILDA POSADA A;1;Bajo;299;0.0689;OFICIAL;URBANA;40;259;0;0;0;Pueblorrico;12;;Antioquia;Antioquia;;
105001010367;INSTITUCION EDUCATIVA SANTOS ANGELES CUSTODIOS;1;Bajo;299;0.0821;OFICIAL;URBANA;0;0;206;93;0;Medellín;20;2;Medellín;Antioquia;;Comfama (Caja de Compensación Familiar de Antioquia)
223417001351;SAN ANTERITO - SEDE PRINCIPAL;3;Crítico;299;1.3278;;RURAL;18;95;132;54;0;Lorica;19;2;Lorica;Córdoba;;
225035000072;INSTITUCION EDUCATIVA RURAL DEPARTAMENTAL SAN ANTONIO;2;Moderado;298;0.1112;OFICIAL;RURAL;16;103;134;45;0;Anapoima;19;1;Cundinamarca;Cundinamarca;;Fundación Corona | Fundación Nutresa
176147000261;MERCEDES ABREGO;3;Crítico;297;1.6721;OFICIAL;URBANA;46;251;0;0;0;Cartago;11;;Cartago;Valle del Cauca;SI;
176400000060;ESCUELITA SAN JOSE;1;Bajo;297;0.2282;OFICIAL;URBANA;21;276;0;0;0;La Unión;6;;Valle;Valle del Cauca;SI;
219256000191;CUATRO ESQUINAS (sede principal);1;Bajo;297;;OFICIAL;RURAL;16;93;124;64;0;El Tambo;23;1;;Cauca;;
219548000337;PISITAO CHICO (sede principal);3;Crítico;297;;OFICIAL;RURAL;19;97;123;58;0;Piendamó - Tunía;15;1;;Cauca;;
176520002163;DOMINGO IRURITA;2;Moderado;297;0.6025;OFICIAL;URBANA;0;0;146;151;0;Palmira;17;2;Palmira;Valle del Cauca;;Red Papaz
119532001061;SEGISMUNDO ZAPATA RIOS;1;Bajo;296;;OFICIAL;URBANA;44;252;0;0;0;Patía;12;;;Cauca;;
219473000549;ESCUELA RURAL MIXTA AGUA NEGRA;3;Crítico;296;;OFICIAL;RURAL;31;120;110;35;0;Morales;18;1;;Cauca;;
225843000063;INSTITUCION EDUCATIVA DEPARTAMENTAL EL VOLCAN;2;Moderado;296;0.1105;OFICIAL;RURAL;4;37;156;84;15;Villa de San Diego de Ubaté;17;2;Cundinamarca;Cundinamarca;;Fundación Nutresa
176520002708;SANTA BARBARA;1;Bajo;296;0.6005;OFICIAL;URBANA;8;96;100;36;56;Palmira;18;2;Palmira;Valle del Cauca;;Red Papaz
117662000145;ESCUELA FRANCISCO JOSÉ DE CALDAS;1;Bajo;296;0.3685;;URBANA;79;217;0;0;0;Samaná;1;;Caldas;Caldas;;
176001004132;SANTO TOMAS DE AQUINO;2;Moderado;295;0.0961;OFICIAL;URBANA;15;142;138;0;0;Cali;7;;Cali;Valle del Cauca;SI;
176001005066;JOSE ACEVEDO Y GOMEZ;2;Moderado;295;0.0961;OFICIAL;URBANA;25;270;0;0;0;Cali;6;;Cali;Valle del Cauca;SI;Claro Colombia | Colombia Evidencia Potencial en Educación
217001001085;INSTITUCIÓN EDUCATIVA RURAL MARIA GORETTI;3;Crítico;294;0.6189;OFICIAL;RURAL;17;38;111;43;85;Manizales;16;1;Manizales;Caldas;SI;Colombia Evidencia Potencial en Educación | Fundación Incolmotos Yamaha
105660000221;E U MADRE LAURA;2;Moderado;294;0.0677;OFICIAL;URBANA;0;0;294;0;0;San Luis;12;;Antioquia;Antioquia;SI;
119075000011;VARONES BALBOA;1;Bajo;294;;OFICIAL;URBANA;0;294;0;0;0;Balboa;9;;;Cauca;;
219256000697;PIAGUA (sede principal);2;Moderado;294;;OFICIAL;RURAL;9;64;85;26;110;El Tambo;17;2;;Cauca;;
117013001167;INSTITUCION EDUCATIVA ESCUELA NORMAL SUPERIOR CLAUDINA MUNERA - SEDE PRINCIPAL;1;Bajo;294;0.366;;URBANA;0;0;166;54;74;Aguadas;29;2;Caldas;Caldas;;
176403000079;SANTA TERESITA;3;Crítico;293;0.2252;OFICIAL;URBANA;0;65;173;55;0;La Victoria;21;2;Valle;Valle del Cauca;SI;Red Papaz
213744001238;I.E.T. AGROPECUARIA Y EMPRESARIAL DE MONTERREY;2;Moderado;293;0.1289;OFICIAL;RURAL;17;137;112;27;0;Simití;15;2;Bolivar;Bolívar;NO;
117001005132;INSTITUCIÓN EDUCATIVA SANTO DOMINGO SAVIO;1;Bajo;293;0.6168;OFICIAL;URBANA;17;128;96;52;0;Manizales;25;1;Manizales;Caldas;SI;Colombia Evidencia Potencial en Educación | Fundación Corona | Fundación Luker | Red Papaz
176100000254;MANUEL DOLORES MONDRAGON;2;Moderado;293;0.2252;OFICIAL;URBANA;0;0;175;104;14;Bolívar;15;3;Valle;Valle del Cauca;SI;Fundación Carvajal
176130000305;ANTONIO NARIÑO;2;Moderado;293;0.2252;OFICIAL;URBANA;0;0;293;0;0;Candelaria;15;;Valle;Valle del Cauca;SI;
219355000283;ESCUELA RURAL MIXTA LA MILAGROSA;1;Bajo;292;;OFICIAL;RURAL;20;80;142;50;0;Inzá;23;3;;Cauca;;
276890000253;ANTONIA SANTOS;2;Moderado;292;0.2244;OFICIAL;RURAL;23;190;41;0;38;Yotoco;5;;Valle;Valle del Cauca;;
176111800031;GABRIEL GARCIA MARQUEZ;2;Moderado;291;1.6159;OFICIAL;URBANA;0;0;0;0;291;Guadalajara de Buga;;;Buga;Valle del Cauca;SI;
266318000468;SE SANTA ANA - SEDE PRINCIPAL;2;Moderado;291;0.6557;OFICIAL;RURAL;0;0;143;60;88;Guática;19;2;Risaralda;Risaralda;;
276520002796;CARDENAS (BOLO);2;Moderado;290;0.5883;OFICIAL;RURAL;0;69;221;0;0;Palmira;12;1;Palmira;Valle del Cauca;SI;
276520002231;JOSE MARIA VIVAS BALCAZAR;2;Moderado;290;0.5883;OFICIAL;RURAL;19;133;99;39;0;Palmira;15;1;Palmira;Valle del Cauca;;
176834002052;SEDE NO. 96 JUAN MARIA MARCELINO GILIBERT;2;Moderado;290;1.052;OFICIAL;URBANA;34;256;0;0;0;Tuluá;10;;Tuluá;Valle del Cauca;;
117380000142;CONCENTRACION ESCOLAR LA CONCORDIA;2;Moderado;290;0.361;;URBANA;36;254;0;0;0;La Dorada;9;;Caldas;Caldas;;
217524000015;INSTITUTO MONSEÑOR ALFONSO DE LOS RIOS - SEDE PRINCIPAL;1;Bajo;290;0.361;;RURAL;0;0;173;86;31;Palestina;26;3;Caldas;Caldas;;Federación Nacional de Cafeteros de Colombia
317001001519;COLEGIO FILIPENSE NUESTRA SEÑORA DE LOURDES;1;Bajo;289;0.6084;NO OFICIAL;URBANA;14;122;105;48;0;Manizales;;;Manizales;Caldas;SI;
476109007786;SAN JUAN BAUTISTA;3;Crítico;289;0.5181;OFICIAL;RURAL;23;87;82;53;44;Buenaventura;;;Buenaventura;Valle del Cauca;SI;
117050000324;INSTITUCION EDUCATIVA PIO XI - SEDE PRINCIPAL;1;Bajo;289;0.3598;;URBANA;0;0;224;65;0;Aranzazu;15;3;Caldas;Caldas;;Caja de Compensación Familiar de Caldas
117174000039;ESCUELA JUAN XXIII;1;Bajo;289;0.3598;;URBANA;40;249;0;0;0;Chinchiná;12;;Caldas;Caldas;;
205837004129;I.E. PUERTO CESAR - SEDE PRINCIPAL;2;Moderado;288;0.7693;OFICIAL;RURAL;22;101;116;49;0;Turbo;18;1;Turbo;Antioquia;SI;Fundación Carvajal
205034000248;I. E. TAPARTO;2;Moderado;288;0.0664;OFICIAL;RURAL;0;0;195;49;44;Andes;26;2;Antioquia;Antioquia;SI;Comfama (Caja de Compensación Familiar de Antioquia) | Fundación Fraternidad Medellín
119743000401;EZEQUIEL HURTADO (sede principal);1;Bajo;288;;OFICIAL;URBANA;0;0;209;79;0;Silvia;17;2;;Cauca;;
227001000513;IE ANTONIO ABAD HINESTROZA - SEDE PRINCIPAL;2;Moderado;287;0.252;OFICIAL;URBANA;0;0;211;67;9;Atrato;36;3;Choco;Chocó;SI;
176400000035;SIMON BOLIVAR;1;Bajo;286;0.2198;OFICIAL;URBANA;33;121;132;0;0;La Unión;9;;Valle;Valle del Cauca;SI;
205101000304;I. E. R. JUAN TAMAYO;2;Moderado;286;0.0659;OFICIAL;RURAL;13;91;88;41;53;Ciudad Bolívar;18;1;Antioquia;Antioquia;;Comfama (Caja de Compensación Familiar de Antioquia) | Fundación Fraternidad Medellín | Fundación Nutresa
173001002173;SEDE 1 BOYACA;1;Bajo;285;0.2965;OFICIAL;URBANA;0;57;134;39;55;Ibagué;22;2;Ibague;Tolima;SI;Red Papaz
176001003128;CACIQUE DE GUATAVITA;2;Moderado;285;0.0929;OFICIAL;URBANA;36;249;0;0;0;Cali;7;;Cali;Valle del Cauca;SI;Fundación Carvajal
176318000329;FRANCISCO JOSE DE CALDAS;1;Bajo;285;0.219;OFICIAL;URBANA;71;214;0;0;0;Guacarí;8;;Valle;Valle del Cauca;SI;
219110000229;LA ESPERANZA;1;Bajo;284;;OFICIAL;RURAL;20;116;107;41;0;Buenos Aires;14;;;Cauca;;
105001001171;SECCION ESCUELA CARLOS FRANCO;1;Bajo;284;0.078;OFICIAL;URBANA;120;164;0;0;0;Medellín;19;1;Medellín;Antioquia;;Comfama (Caja de Compensación Familiar de Antioquia)
276109001509;SAGRADO CORAZÓN;1;Bajo;283;0.5073;OFICIAL;RURAL;52;231;0;0;0;Buenaventura;17;;Buenaventura;Valle del Cauca;SI;
163594000303;GENERAL SANTANDER;2;Moderado;283;0.7796;OFICIAL;URBANA;44;239;0;0;0;Quimbaya;4;;Quindio;Quindio;;Claro Colombia
141013000045;NUESTRA SEÑORA DEL ROSARIO;2;Moderado;282;0.2212;OFICIAL;URBANA;0;282;0;0;0;Agrado;10;;Huila;Huila;SI;
176001005368;INSTITUCION EDUCATIVA REPUBLICA DE ARGENTINA;2;Moderado;282;0.0919;OFICIAL;URBANA;0;0;219;63;0;Cali;25;2;Cali;Valle del Cauca;SI;Fundación Carvajal | Fundación Nutresa | Fundación Scarpetta Gnecco | Tecnoquimicas S.A.
119622000226;MADRE CARIDAD BRADER (sede principal);1;Bajo;282;;OFICIAL;URBANA;18;103;112;49;0;Rosas;17;;;Cauca;;
266001002228;TREINTA DE AGOSTO;3;Crítico;282;0.3643;OFICIAL;RURAL;48;234;0;0;0;Pereira;16;1;Pereira;Risaralda;;
173861000101;LICEO VENADILLO;2;Moderado;282;0.202;OFICIAL;URBANA;57;225;0;0;0;Venadillo;15;;Tolima;Tolima;;
176834002516;SEDE NO. 99 MARINO DAVALOS GRISALES;1;Bajo;282;1.023;OFICIAL;URBANA;0;282;0;0;0;Tuluá;12;;Tuluá;Valle del Cauca;;Natura Cosmeticos Ltda.
123001003199;ESCUELA ANTONIO JOSE DE SUCRE;3;Crítico;282;0.286;;URBANA;282;0;0;0;0;Montería;15;;Monteria;Córdoba;;
176890000038;JOHN F KENNEDY;2;Moderado;281;0.2159;OFICIAL;URBANA;86;195;0;0;0;Yotoco;7;;Valle;Valle del Cauca;SI;
219824001024;COLEGIO BASICO PUEBLO DE TOTORO (ANTC.D. BETANIA);1;Bajo;281;;OFICIAL;RURAL;15;76;143;47;0;Totoró;22;3;;Cauca;;
163470000216;FRANCISCO JOSE DE CALDAS;3;Crítico;281;0.7741;OFICIAL;URBANA;26;137;118;0;0;Montenegro;11;1;Quindio;Quindio;;Claro Colombia
125662000156;INSTITUCION EDUCATIVA DEPARTAMENTAL SAN JUAN DE RIOSECO;1;Bajo;281;0.1049;OFICIAL;URBANA;0;0;190;91;0;San Juan de Rioseco;19;2;Cundinamarca;Cundinamarca;;Fundación Alquería Cavelier | Fundación Corona | Fundación Nutresa
163001001201;AGUSTIN NIETO CABALLERO;2;Moderado;281;0.6945;OFICIAL;URBANA;45;236;0;0;0;Armenia;7;;Armenia;Quindio;;Claro Colombia
213440000430;I.E. DE MAMONCITO - SEDE PRINCIPAL;2;Moderado;279;0.1227;OFICIAL;RURAL;0;0;151;81;47;Margarita;14;3;Bolivar;Bolívar;NO;
141001003821;ESCUELA POPULAR CLARETIANA;1;Bajo;279;0.4136;OFICIAL;URBANA;31;248;0;0;0;Neiva;12;;Neiva;Huila;SI;
219137000425;INSTITUTO TÉCNICO AGROPECUARIO NASA WESX KIWE DE GRANADILLO;2;Moderado;279;;OFICIAL;RURAL;11;75;149;44;0;Caldono;18;;;Cauca;;
125513000950;INSTITUCION EDUCATIVA DEPARTAMENTAL PIO XII;2;Moderado;279;0.1041;OFICIAL;URBANA;0;0;227;0;52;Pacho;32;3;Cundinamarca;Cundinamarca;;Claro Colombia | Fundación Alquería Cavelier | Fundación Nutresa | Fundación SURA
376364001665;COLEGIO SENDEROS;1;Bajo;278;1.0044;NO OFICIAL;URBANA;13;101;117;47;0;Jamundí;;;Jamundí;Valle del Cauca;SI;Fundación Nutresa
176001020383;JOSE CARDONA HOYOS;2;Moderado;278;0.0906;OFICIAL;URBANA;44;234;0;0;0;Cali;9;1;Cali;Valle del Cauca;SI;
219473006504;HERMES MARTINEZ (sede principal);1;Bajo;278;;OFICIAL;RURAL;12;86;143;37;0;Morales;20;3;;Cauca;;
263470000270;MARCO FIDEL SUÁREZ;3;Crítico;278;0.7658;OFICIAL;RURAL;0;0;173;60;45;Montenegro;22;3;Quindio;Quindio;;Caja de Compensación Familiar de Caldas
276892000081;POLICARPA SALAVARRIETA;1;Bajo;278;1.2358;OFICIAL;RURAL;0;86;120;50;22;Yumbo;18;2;Yumbo;Valle del Cauca;;Fundación Corona | Fundación Nutresa
105001000922;SECCION ESCUELA JOSE MANUEL MORA VASQUEZ;1;Bajo;277;0.0761;OFICIAL;URBANA;25;252;0;0;0;Medellín;13;1;Medellín;Antioquia;;
219001000774;SEDE SANTA ROSA;2;Moderado;277;0.4854;OFICIAL;RURAL;19;104;111;43;0;Popayán;16;1;Popayán;Cauca;;
227615001664;SEDE LAS AMERICAS;2;Moderado;276;0.2423;OFICIAL;URBANA;29;247;0;0;0;Riosucio;13;;Choco;Chocó;SI;
227413000623;SEDE LLORO;2;Moderado;276;0.2423;OFICIAL;URBANA;67;209;0;0;0;Lloró;7;;Choco;Chocó;SI;
205030000111;I.E.R BELISARIO BETANCUR CUARTAS;1;Bajo;276;0.0636;OFICIAL;RURAL;29;143;79;25;0;Amagá;16;2;Antioquia;Antioquia;;Colombia Evidencia Potencial en Educación | Comfama (Caja de Compensación Familiar de Antioquia)
205664000068;I. E. R. OVEJAS;2;Moderado;276;0.0636;OFICIAL;RURAL;15;88;130;43;0;San Pedro de los Milagros;18;1;Antioquia;Antioquia;;
105861800013;I.E. SAN JOSE DE VENECIA - SEDE II;1;Bajo;276;0.0636;OFICIAL;URBANA;32;244;0;0;0;Venecia;11;;Antioquia;Antioquia;;Comfama (Caja de Compensación Familiar de Antioquia)
266001000411;INSTITUCION EDUCATIVA SAN FRANCISCO DE ASIS;3;Crítico;276;0.3565;OFICIAL;RURAL;0;0;195;81;0;Pereira;31;3;Pereira;Risaralda;;Fundación Nutresa
376111001596;ESCUELA OBRA SOCIAL EL MILAGRO - SEDE PRINCIPAL;1;Bajo;275;1.5271;NO OFICIAL;URBANA;47;228;0;0;0;Guadalajara de Buga;;;Buga;Valle del Cauca;SI;
176520001736;JOSE MARIA CORDOBA;1;Bajo;275;0.5579;OFICIAL;URBANA;79;196;0;0;0;Palmira;10;;Palmira;Valle del Cauca;SI;
119532000022;NUESTRA SENORA DE LAS MERCEDES;1;Bajo;275;;OFICIAL;URBANA;43;232;0;0;0;Patía;11;1;;Cauca;;
219517000681;ESCUELA RURAL MIXTA LA CEJA;1;Bajo;275;;OFICIAL;RURAL;13;111;121;30;0;Páez;18;2;;Cauca;;
163130000165;SAN JOSÉ;1;Bajo;275;0.7575;OFICIAL;URBANA;29;119;96;31;0;Calarcá;21;2;Quindio;Quindio;;
105212000597;E U PABLO VI;2;Moderado;275;0.0634;OFICIAL;URBANA;37;238;0;0;0;Copacabana;12;;Antioquia;Antioquia;;
176869000028;JORGE ROBLEDO;3;Crítico;275;0.2113;OFICIAL;URBANA;0;0;100;144;31;Vijes;31;3;Valle;Valle del Cauca;;Red Papaz
276890000091;GABRIELA MISTRAL;2;Moderado;275;0.2113;OFICIAL;RURAL;24;68;109;36;38;Yotoco;15;1;Valle;Valle del Cauca;;Fundación Carvajal | Fundación Nutresa
217614000723;INSTITUCION EDUCATIVA BONAFONT - SEDE PRINCIPAL;3;Crítico;275;0.3424;;RURAL;0;0;193;63;19;Riosucio;20;3;Caldas;Caldas;;Caja de Compensación Familiar de Caldas
176736000068;MARIA INMACULADA;3;Crítico;274;0.2106;OFICIAL;URBANA;0;274;0;0;0;Sevilla;3;;Valle;Valle del Cauca;SI;
219110001641;VALENTIN CARABALI (sede principal);1;Bajo;274;;OFICIAL;RURAL;0;0;199;75;0;Buenos Aires;19;2;;Cauca;;
163190000288;LIBRE;1;Bajo;274;0.7548;OFICIAL;URBANA;0;61;135;78;0;Circasia;28;3;Quindio;Quindio;;Red Papaz
119532002033;CAPITAN BERMUDEZ (SEDE PRINCIPAL);2;Moderado;273;;OFICIAL;RURAL;22;72;119;32;28;Patía;21;2;;Cauca;;
225736000051;CENTRO EDUCATIVO RURAL NESCUATA;2;Moderado;273;0.1019;OFICIAL;RURAL;24;140;109;0;0;Sesquilé;6;;Cundinamarca;Cundinamarca;;Cámara de Comercio De Bogotá
105837005571;E.U. JORGE ELIECER GAITAN;2;Moderado;272;0.7265;OFICIAL;URBANA;41;199;32;0;0;Turbo;6;;Turbo;Antioquia;SI;Comfama (Caja de Compensación Familiar de Antioquia)
205837007411;E.R. GETSEMANI;2;Moderado;272;0.7265;OFICIAL;RURAL;39;233;0;0;0;Turbo;5;;Turbo;Antioquia;SI;
176001004311;MANUEL REBOLLEDO;2;Moderado;272;0.0886;OFICIAL;URBANA;0;272;0;0;0;Cali;12;;Cali;Valle del Cauca;SI;Claro Colombia | Natura Cosmeticos Ltda.
119212000016;ADOLFO LEON QUINTANA;1;Bajo;272;;OFICIAL;URBANA;37;235;0;0;0;Corinto;13;;;Cauca;;
219824000061;CENTRO DOCENTE RURAL MIXTO JEBALA (SEDE PRINCIPAL);1;Bajo;272;;OFICIAL;RURAL;25;112;106;29;0;Totoró;16;1;;Cauca;;
105001026158;SECCION ESCUELA DARIO LONDOÑO CARDONA;1;Bajo;272;0.0747;OFICIAL;URBANA;40;173;0;0;59;Medellín;16;1;Medellín;Antioquia;;Comfama (Caja de Compensación Familiar de Antioquia) | Fundación Carvajal
105001000191;SECCION ESCUELA IMPERIO DEL JAPON;1;Bajo;272;0.0747;OFICIAL;URBANA;32;240;0;0;0;Medellín;13;1;Medellín;Antioquia;;
205837002771;I.E. LA GALLETA;2;Moderado;271;0.7238;OFICIAL;RURAL;14;41;109;55;52;Turbo;15;1;Turbo;Antioquia;SI;Parque Explora
176130000330;ALFONSO LOPEZ PUMAREJO;2;Moderado;271;0.2083;OFICIAL;URBANA;0;271;0;0;0;Candelaria;9;;Valle;Valle del Cauca;SI;
105001002496;INSTITUCION EDUCATIVA CRISTO REY;1;Bajo;271;0.0744;OFICIAL;URBANA;0;0;179;92;0;Medellín;19;2;Medellín;Antioquia;;Red Papaz
105001001333;SECCION ESCUELA MERCEDES YEPES ISAZA;1;Bajo;271;0.0744;OFICIAL;URBANA;65;206;0;0;0;Medellín;8;1;Medellín;Antioquia;;
117380000037;ESCUELA FRANCISCO DE PAULA SANTANDER;1;Bajo;271;0.3374;;URBANA;39;232;0;0;0;La Dorada;9;;Caldas;Caldas;;
205284000464;I. E. R. GABRIELA WHITE DE VELEZ;2;Moderado;270;0.0622;OFICIAL;RURAL;8;80;137;45;0;Frontino;16;2;Antioquia;Antioquia;SI;Parque Explora
219142000999;I.E. ETNOEDUCATIVO DE TOEZ - SEDE PRINCIPAL;2;Moderado;270;;OFICIAL;RURAL;19;122;85;31;13;Caloto;16;1;;Cauca;;Fundación Nutresa | Fundación Telefónica
166001002924;INSTITUCION EDUCATIVA MATECAÑA;3;Crítico;270;0.3488;OFICIAL;URBANA;27;89;110;44;0;Pereira;21;2;Pereira;Risaralda;;
141298000370;NAZARETH;2;Moderado;269;0.211;OFICIAL;URBANA;47;222;0;0;0;Garzón;8;;Huila;Huila;SI;
127001000861;SEDE TOMAS PEREZ;2;Moderado;269;0.7323;OFICIAL;URBANA;40;205;0;0;24;Quibdó;10;;Quibdó;Chocó;SI;
176233000061;SANTA LUCIA;2;Moderado;269;0.2067;OFICIAL;URBANA;26;202;26;0;15;Dagua;5;;Valle;Valle del Cauca;SI;
105001007722;SECCION ESCUELA JUAN PABLO II;1;Bajo;269;0.0739;OFICIAL;URBANA;31;238;0;0;0;Medellín;10;;Medellín;Antioquia;;
176111800075;SEDE TEÓFILO DORRONSORO;2;Moderado;268;1.4882;OFICIAL;URBANA;40;228;0;0;0;Guadalajara de Buga;;;Buga;Valle del Cauca;SI;
176109007383;EL OLIMPICO;1;Bajo;268;0.4804;OFICIAL;URBANA;44;171;0;0;53;Buenaventura;6;;Buenaventura;Valle del Cauca;SI;
166383000012;SE LICEO DE OCCIDENTE - SEDE PRINCIPAL;3;Crítico;267;0.6016;OFICIAL;URBANA;0;0;175;92;0;La Celia;21;3;Risaralda;Risaralda;;
117013000292;INSTITUCION EDUCATIVA LICEO CLAUDINA MUNERA - SEDE PRINCIPAL;3;Crítico;267;0.3324;;URBANA;0;0;178;89;0;Aguadas;20;2;Caldas;Caldas;;Caja de Compensación Familiar de Caldas
176400000272;ARGEMIRO ESCOBAR CARDONA;3;Crítico;266;0.2044;OFICIAL;URBANA;0;0;169;97;0;La Unión;24;1;Valle;Valle del Cauca;SI;Fundación Carvajal
176109002101;ALFONSO LOPEZ PUMAREJO;3;Crítico;266;0.4768;OFICIAL;URBANA;0;0;178;46;42;Buenaventura;9;;Buenaventura;Valle del Cauca;SI;
105209800028;ANTONIO JOSE RESTREPO;2;Moderado;266;0.0613;OFICIAL;URBANA;0;234;0;0;32;Concordia;;;Antioquia;Antioquia;;
205364000171;I. E. DE DESARROLLO RURAL MIGUEL VALENCIA;2;Moderado;266;0.0613;OFICIAL;RURAL;5;74;116;71;0;Jardín;16;1;Antioquia;Antioquia;;Comfama (Caja de Compensación Familiar de Antioquia) | Fundación Fraternidad Medellín
105001012548;SECCION JARDIN INFANTIL NO 1;1;Bajo;266;0.0731;OFICIAL;URBANA;0;266;0;0;0;Medellín;5;;Medellín;Antioquia;;
266001001523;ESPERANZA GALICIA;3;Crítico;266;0.3436;OFICIAL;RURAL;44;150;0;0;72;Pereira;;;Pereira;Risaralda;;
176109001822;STELLA DELGADO DE NAVIA;1;Bajo;265;0.4751;OFICIAL;URBANA;51;214;0;0;0;Buenaventura;8;;Buenaventura;Valle del Cauca;SI;
266001001558;I.E. EL RETIRO - SEDE PRINCIPAL;3;Crítico;265;0.3423;OFICIAL;RURAL;10;81;130;44;0;Pereira;21;2;Pereira;Risaralda;;
476736000258;CONCENTRACIÓN RURAL AGRIC HERACLIO URIBE URIBE;2;Moderado;265;0.2036;OFICIAL;RURAL;0;0;159;53;53;Sevilla;19;2;Valle;Valle del Cauca;;
176823000066;FRAY JOSE JOAQUIN ESCOBAR;3;Crítico;264;0.2029;OFICIAL;URBANA;0;0;158;64;42;Toro;16;2;Valle;Valle del Cauca;SI;Red Papaz
125875000231;CONCENTRACION URBANA GUILLERMO LEON VALENCIA;3;Crítico;264;0.0985;OFICIAL;URBANA;0;264;0;0;0;Villeta;11;;Cundinamarca;Cundinamarca;;Fundación Alquería Cavelier
266001001655;SAGRADO CORAZON;3;Crítico;264;0.341;OFICIAL;RURAL;48;216;0;0;0;Pereira;;;Pereira;Risaralda;;
176834000432;SEDE NO. 11 MARIA JOSEFA HORMAZA;2;Moderado;264;0.9577;OFICIAL;URBANA;0;0;0;264;0;Tuluá;17;;Tuluá;Valle del Cauca;;
219212000690;INSTITUTO AGRICOLA CARMENCITA CARDONA DE GUTIERREZ;1;Bajo;263;;OFICIAL;RURAL;0;0;185;78;0;Corinto;24;4;;Cauca;;
276275000197;ATANASIO GIRARDOT;2;Moderado;262;0.2013;OFICIAL;RURAL;28;74;94;34;32;Florida;16;1;Valle;Valle del Cauca;SI;Natura Cosmeticos Ltda.
219585000291;I.E.A. GUILLEMO LEON VALENCIA - SEDE PRINCIPAL;1;Bajo;262;;OFICIAL;URBANA;0;0;195;67;0;Puracé;16;2;;Cauca;;
125745000069;CONCENTRACIÓN URBANA MANUEL BRICEÑO;2;Moderado;262;0.0978;OFICIAL;URBANA;0;262;0;0;0;Simijaca;8;;Cundinamarca;Cundinamarca;;
276892000269;SAN PEDRO CLAVER;1;Bajo;262;1.1647;OFICIAL;RURAL;22;84;124;32;0;Yumbo;12;1;Yumbo;Valle del Cauca;;
219130000586;LA CAPILLA (sede principal);1;Bajo;261;;OFICIAL;RURAL;10;76;111;64;0;Cajibío;21;2;;Cauca;;
376111032580;C. E. FORMAL DISCENTER S - SEDE PRINCIPAL;1;Bajo;260;1.4438;NO OFICIAL;URBANA;0;0;0;0;260;Guadalajara de Buga;;;Buga;Valle del Cauca;SI;
125491000241;INSTITUCIÓN EDUCATIVA DEPARTAMENTAL NORMAL SUPERIOR - SEDE PRINCIPAL;3;Crítico;260;0.097;OFICIAL;URBANA;0;0;167;64;29;Nocaima;23;2;Cundinamarca;Cundinamarca;;Fundación Alquería Cavelier | Fundación Enel Colombia
141001000929;ENRIQUETA SOLANO DURAN;1;Bajo;259;0.3839;OFICIAL;URBANA;51;208;0;0;0;Neiva;13;;Neiva;Huila;SI;Fundación Telefónica
276622000534;TOMAS IGNACIO ESQUIVEL;3;Crítico;259;0.199;OFICIAL;URBANA;38;221;0;0;0;Roldanillo;3;;Valle;Valle del Cauca;SI;
225815000392;ESCUELA RURAL PUBENZA;2;Moderado;259;0.0966;OFICIAL;RURAL;6;47;138;59;9;Tocaima;13;2;Cundinamarca;Cundinamarca;;Fundación Alquería Cavelier
163001000485;LA FLORIDA;1;Bajo;259;0.6401;OFICIAL;URBANA;70;189;0;0;0;Armenia;5;;Armenia;Quindio;;
276828000441;MANUEL MARÍA MALLARINO;3;Crítico;259;0.199;OFICIAL;RURAL;0;0;197;62;0;Trujillo;19;2;Valle;Valle del Cauca;;Fundación Carvajal | Fundación Nutresa
176895000184;JOHN F. KENNEDY;3;Crítico;258;0.1983;OFICIAL;URBANA;32;226;0;0;0;Zarzal;11;;Valle;Valle del Cauca;SI;
127001000250;SEDE LISANDRO MOSQUERA;2;Moderado;257;0.6997;OFICIAL;URBANA;75;182;0;0;0;Quibdó;11;;Quibdó;Chocó;SI;Claro Colombia
176001004965;REPUBLICA DEL ECUADOR;2;Moderado;257;0.0837;OFICIAL;URBANA;16;179;0;0;62;Cali;9;;Cali;Valle del Cauca;SI;Colombia Evidencia Potencial en Educación
219075000211;LA BERMEJA (sede principal);1;Bajo;257;;OFICIAL;RURAL;11;49;125;52;20;Balboa;19;1;;Cauca;;
219137000271;ESCUELA RURAL MIXTA DE FILIPINAS;1;Bajo;257;;OFICIAL;RURAL;16;124;94;23;0;Caldono;15;1;;Cauca;;
219532000434;CAMILO TORRES (sede principal);1;Bajo;257;;OFICIAL;RURAL;5;102;124;26;0;Patía;15;2;;Cauca;;
205034001317;I. E. SAN PERUCHITO;2;Moderado;257;0.0592;OFICIAL;RURAL;8;86;117;46;0;Andes;15;2;Antioquia;Antioquia;;Comfama (Caja de Compensación Familiar de Antioquia) | Fundación Fraternidad Medellín
117662000137;ESCUELA DANIEL MARÍA LÓPEZ;1;Bajo;257;0.32;;URBANA;0;166;91;0;0;Samaná;13;;Caldas;Caldas;;
276318000226;JOSE IGNACIO OSPINA;2;Moderado;256;0.1967;OFICIAL;RURAL;18;95;94;49;0;Guacarí;14;1;Valle;Valle del Cauca;SI;Fundación Nutresa
227075000604;SEDE SANTA TERESITA;1;Bajo;256;0.2248;OFICIAL;RURAL;40;198;0;0;18;Bahía Solano;11;;Choco;Chocó;SI;
176520002139;MARIA MONTESSORI;1;Bajo;256;0.5194;OFICIAL;URBANA;14;148;94;0;0;Palmira;11;;Palmira;Valle del Cauca;;
123417001403;SANTO DOMINGO SAVIO;3;Crítico;256;1.1368;;URBANA;32;224;0;0;0;Lorica;12;;Lorica;Córdoba;;Fundación Incolmotos Yamaha
219780000149;UNION OLIVARES;1;Bajo;255;;OFICIAL;RURAL;20;117;103;15;0;Suárez;15;1;;Cauca;;
105101000172;I. E. MARIA AUXILIADORA;2;Moderado;255;0.0588;OFICIAL;URBANA;0;76;29;118;32;Ciudad Bolívar;13;4;Antioquia;Antioquia;;Comfama (Caja de Compensación Familiar de Antioquia) | Fundación Fraternidad Medellín | Fundación Nutresa
273043000027;I.E. GENERAL ANZOATEGUI - SEDE PRINCIPAL;2;Moderado;255;0.1827;OFICIAL;RURAL;14;83;117;41;0;Anzoátegui;16;1;Tolima;Tolima;;
223001800183;SEDE CENTRO SAN ANTERITO;1;Bajo;254;0.2576;;RURAL;81;173;0;0;0;Montería;;;Monteria;Córdoba;;
141206000701;PAULO VI;2;Moderado;253;0.1985;OFICIAL;URBANA;0;0;185;68;0;Colombia;18;2;Huila;Huila;SI;
317001002043;COLEGIO NUEVO GIMNASIO;1;Bajo;253;0.5326;NO OFICIAL;URBANA;8;74;120;51;0;Manizales;;;Manizales;Caldas;SI;
127073000017;IE CORAZON DE MARIA - SEDE PRINCIPAL;2;Moderado;253;0.2222;OFICIAL;URBANA;11;85;100;55;2;Bagadó;20;1;Choco;Chocó;SI;
276233000651;GIMNASIO DEL DAGUA QUEREMAL;2;Moderado;253;0.1944;OFICIAL;RURAL;0;0;189;64;0;Dagua;18;2;Valle;Valle del Cauca;SI;Fundación Carvajal
219698000564;JUAN IGNACIO (sede principal);1;Bajo;253;;OFICIAL;RURAL;11;64;119;59;0;Santander de Quilichao;22;;;Cauca;;Fundación Colombianitos | Tecnoquimicas S.A.
219780000599;I.E. DE PROMOCION VOCACIONAL DE ALTAMIRA - SEDE PRINCIPAL;1;Bajo;253;;OFICIAL;RURAL;23;96;77;15;42;Suárez;17;1;;Cauca;;
105001010740;SECCION ESCUELA CRISTO REY-APOLO;1;Bajo;253;0.0695;OFICIAL;URBANA;26;227;0;0;0;Medellín;12;;Medellín;Antioquia;;
163001000981;CAMILO TORRES;1;Bajo;252;0.6228;OFICIAL;URBANA;0;0;194;58;0;Armenia;22;3;Armenia;Quindio;;
376109003671;INSTITUTO COOPERATIVO SOFONIAS YACUP;;Reporta afectación sin definir el impacto;251;0.45;NO OFICIAL;URBANA;20;100;91;40;0;Buenaventura;;;Buenaventura;Valle del Cauca;SI;
227615000714;IE CUCHILLO BLANCO - SEDE PRINCIPAL;2;Moderado;251;0.2204;OFICIAL;RURAL;22;91;68;22;48;Nuevo Belén de Bajirá;16;1;Choco;Chocó;SI;
219355001158;LUIS NELSON CUELLAR (sede principal);2;Moderado;251;;OFICIAL;RURAL;0;0;184;67;0;Inzá;21;2;;Cauca;;
173675000010;I.E. JOSE MARIA CARBONELL - SEDE PRINCIPAL;1;Bajo;250;0.1791;OFICIAL;URBANA;0;0;62;137;51;San Antonio;16;4;Tolima;Tolima;SI;
176497000085;GENERAL SANTANDER;2;Moderado;250;0.1921;OFICIAL;URBANA;76;174;0;0;0;Obando;7;;Valle;Valle del Cauca;;
141001002549;ALBERTO GALINDO;1;Bajo;249;0.3691;OFICIAL;URBANA;33;216;0;0;0;Neiva;12;;Neiva;Huila;SI;
176001003101;SAAVEDRA GALINDO;2;Moderado;249;0.0811;OFICIAL;URBANA;34;215;0;0;0;Cali;3;;Cali;Valle del Cauca;SI;Colombia Evidencia Potencial en Educación
125339000261;INSTITUCION EDUCATIVA DEPARTAMENTAL DE GUTIERREZ;1;Bajo;249;0.0929;OFICIAL;URBANA;0;0;183;66;0;Gutiérrez;16;2;Cundinamarca;Cundinamarca;;Cámara de Comercio De Bogotá | Fundación Alquería Cavelier
219532001252;EL ESTRECHO (sede principal);1;Bajo;248;;OFICIAL;RURAL;0;0;147;51;50;Patía;21;3;;Cauca;;
205001013514;INSTITUCION EDUCATIVA RURAL MARTIN EDUARDO RIOS LLANOS;2;Moderado;248;0.848;;RURAL;0;0;202;46;0;Medellín;21;2;Envigado;Antioquia;;
213006001797;I.E. SAN MIGUEL DE TRES CRUCES - SEDE PRINCIPAL;2;Moderado;247;0.1086;OFICIAL;RURAL;12;72;128;35;0;Achí;17;;Bolivar;Bolívar;NO;
141006000528;SICANDES;2;Moderado;247;0.1938;OFICIAL;URBANA;47;200;0;0;0;Acevedo;9;;Huila;Huila;SI;
119050000017;GABRIEL GARCIA MARQUEZ;1;Bajo;247;;OFICIAL;URBANA;74;173;0;0;0;Argelia;13;;;Cauca;;
119212000059;JOSE MARIA OBANDO (sede principal);1;Bajo;247;;OFICIAL;URBANA;0;0;181;66;0;Corinto;21;3;;Cauca;;Red Papaz
219256000182;EL ZARZAL (sede principal);1;Bajo;247;;OFICIAL;RURAL;11;94;104;38;0;El Tambo;16;1;;Cauca;;
105001000906;SECCION ESCUELA REPUBLICA DE PANAMA;1;Bajo;247;0.0679;OFICIAL;URBANA;24;172;0;0;51;Medellín;6;;Medellín;Antioquia;;
176890000798;JORGE ELIÉCER GAITÁN;2;Moderado;247;0.1898;OFICIAL;URBANA;0;0;247;0;0;Yotoco;4;;Valle;Valle del Cauca;;
166001004641;INSTITUCION EDUCATIVA MANOS UNIDAS;3;Crítico;246;0.3178;OFICIAL;URBANA;20;112;73;0;41;Pereira;52;2;Pereira;Risaralda;;Pereira Cómo Vamos
176248000296;MARIA MONTESSORI;3;Crítico;245;0.1883;OFICIAL;URBANA;181;64;0;0;0;El Cerrito;4;;Valle;Valle del Cauca;SI;
227205000342;SEDE SANTA RITA;2;Moderado;245;0.2151;OFICIAL;URBANA;14;231;0;0;0;Río Iró;5;;Choco;Chocó;SI;
219137000018;EL ROSARIO (sede principal);1;Bajo;245;;OFICIAL;RURAL;20;93;97;35;0;Caldono;15;1;;Cauca;;
217777000089;INSTITUCION EDUCATIVA CAÑAMOMO Y LOMAPRIETA - SEDE PRINCIPAL;3;Crítico;245;0.305;;RURAL;14;81;111;39;0;Supía;16;3;Caldas;Caldas;;Federación Nacional de Cafeteros de Colombia
227001001871;IE AGROPECUARIA CRISTO REY DE TUTUNENDO - SEDE PRINCIPAL;3;Crítico;244;0.6643;OFICIAL;RURAL;0;0;197;47;0;Quibdó;20;2;Quibdó;Chocó;SI;
317001001179;COL. FRANCISCANO AGUSTIN GEMELLI;1;Bajo;244;0.5136;NO OFICIAL;URBANA;7;103;98;36;0;Manizales;;;Manizales;Caldas;SI;
176834000530;SEDE NO. 20 SAN JUDAS TADEO;1;Bajo;244;0.8851;OFICIAL;URBANA;35;209;0;0;0;Tuluá;12;;Tuluá;Valle del Cauca;;Claro Colombia
105125000254;LICEO SAN JUAN BOSCO;2;Moderado;243;0.056;OFICIAL;URBANA;0;0;179;64;0;Caicedo;16;2;Antioquia;Antioquia;SI;Comfama (Caja de Compensación Familiar de Antioquia) | Fundación Empresarios por la Educación
105001011975;SECCION ESCUELA LOS COMUNEROS;1;Bajo;241;0.0662;OFICIAL;URBANA;26;200;0;0;15;Medellín;8;1;Medellín;Antioquia;;
276895000782;LUIS GABRIEL UMAÑA MORALES;2;Moderado;241;0.1852;OFICIAL;RURAL;23;100;78;24;16;Zarzal;14;2;Valle;Valle del Cauca;;
223417000061;LOS GÓMEZ - SEDE PRINCIPAL;1;Bajo;241;1.0702;;RURAL;11;65;120;45;0;Lorica;19;2;Lorica;Córdoba;;
123417000369;JESUS MARIA LUGO;3;Crítico;241;1.0702;;URBANA;44;197;0;0;0;Lorica;8;;Lorica;Córdoba;;
276364000940;JOSE MARIA CORDOBA-SEDE PRINCIPAL;3;Crítico;240;0.8671;OFICIAL;RURAL;0;0;167;63;10;Jamundí;18;2;Jamundí;Valle del Cauca;SI;Fundación Nutresa
276364001661;GENERAL SANTANDER-SEDE PRINCIPAL;3;Crítico;240;0.8671;OFICIAL;RURAL;0;0;161;52;27;Jamundí;16;3;Jamundí;Valle del Cauca;SI;Fundación Nutresa | Fundación Telefónica
105101000717;I. E. JOSE MARIA HERRAN;2;Moderado;240;0.0553;OFICIAL;URBANA;0;0;182;58;0;Ciudad Bolívar;25;2;Antioquia;Antioquia;SI;Fundación Fraternidad Medellín
317001005425;LICEO INFANTIL NIÑOS 2000;1;Bajo;240;0.5052;NO OFICIAL;URBANA;45;195;0;0;0;Manizales;;;Manizales;Caldas;SI;
117001000653;INSTITUCIÓN EDUCATIVA ATANASIO GIRARDOT;1;Bajo;240;0.5052;OFICIAL;URBANA;10;97;91;42;0;Manizales;20;1;Manizales;Caldas;SI;Fundación Corona | Fundación Luker | Red Papaz
119698000195;ANTONIO NARINO;1;Bajo;240;;OFICIAL;URBANA;21;219;0;0;0;Santander de Quilichao;11;1;;Cauca;;
105044000128;I. E. ANZA;2;Moderado;240;0.0553;OFICIAL;URBANA;19;85;87;49;0;Anzá;10;1;Antioquia;Antioquia;;Comfama (Caja de Compensación Familiar de Antioquia) | Fundación Empresarios por la Educación
105001002569;SECCION ESCUELA CARLOS OBANDO VELASCO;1;Bajo;240;0.0659;OFICIAL;URBANA;45;195;0;0;0;Medellín;1;;Medellín;Antioquia;;Fundación Carvajal
166001002975;GENERAL MOSQUERA;3;Crítico;240;0.31;OFICIAL;URBANA;49;191;0;0;0;Pereira;7;;Pereira;Risaralda;;
227615001478;SEDE EL DIEZ;1;Bajo;239;0.2099;OFICIAL;RURAL;28;139;72;0;0;Riosucio;4;;Choco;Chocó;SI;
176318000256;SAULO RICARDO MOLINA;2;Moderado;239;0.1837;OFICIAL;URBANA;0;239;0;0;0;Guacarí;6;;Valle;Valle del Cauca;SI;
176895000770;DIVINO NIÑO JESÚS;3;Crítico;239;0.1837;OFICIAL;URBANA;39;200;0;0;0;Zarzal;7;;Valle;Valle del Cauca;SI;
125095000255;INSTITUCION EDUCATIVA DEPARTAMENTAL JOSE MARIA VERGARA Y VERGARA;2;Moderado;239;0.0892;OFICIAL;URBANA;0;0;180;59;0;Bituima;15;1;Cundinamarca;Cundinamarca;;Fundación Alquería Cavelier
127077000372;SEDE ZOILA EMILIA GARCES;2;Moderado;238;0.209;OFICIAL;URBANA;19;219;0;0;0;Bajo Baudó;12;;Choco;Chocó;SI;
127006000509;SEDE LOS LIBERTADORES;2;Moderado;238;0.209;OFICIAL;URBANA;27;211;0;0;0;Acandí;10;;Choco;Chocó;SI;
286001000633;IE RUR ALTO AFAN - SEDE PRINCIPAL;2;Moderado;238;0.3457;OFICIAL;RURAL;7;66;134;31;0;Mocoa;16;1;Putumayo;Putumayo;SI;
105209800010;LUCIANA RESTREPO;2;Moderado;238;0.0548;OFICIAL;URBANA;69;169;0;0;0;Concordia;;;Antioquia;Antioquia;SI;
173675000028;RAFAEL ROCHA;1;Bajo;238;0.1705;OFICIAL;URBANA;36;202;0;0;0;San Antonio;11;;Tolima;Tolima;SI;
176275000265;JULIO CASTAÑO;2;Moderado;238;0.1829;OFICIAL;URBANA;127;111;0;0;0;Florida;8;1;Valle;Valle del Cauca;SI;Natura Cosmeticos Ltda.
176823000333;INSTITUTO AGRICOLA;3;Crítico;238;0.1829;OFICIAL;URBANA;8;82;104;44;0;Toro;18;2;Valle;Valle del Cauca;SI;FUNDACIÓN PARA EL MEJORAMIENTO DE LA PRODUCTIVIDAD DEL CULTIVO DE CAÑA DE AZUCAR | Fundación Carvajal
219517000738;ESCUELA LA PALMA;1;Bajo;238;;OFICIAL;RURAL;10;127;83;18;0;Páez;18;1;;Cauca;;
105042000546;E U LAURA HOYOS DE MARTINEZ;2;Moderado;238;0.0548;OFICIAL;URBANA;26;212;0;0;0;Santa Fé de Antioquia;8;1;Antioquia;Antioquia;;
105756000311;I. E. ESCUELA NORMAL SUPERIOR PRESBITERO JOSE GOMEZ ISAZA;2;Moderado;238;0.0548;OFICIAL;RURAL;0;0;158;51;29;Sonsón;16;3;Antioquia;Antioquia;;Comfama (Caja de Compensación Familiar de Antioquia) | Fundación Fraternidad Medellín
176616000170;PEDRO MARIA MARMOLEJO;1;Bajo;238;0.1829;OFICIAL;URBANA;38;200;0;0;0;Riofrío;7;;Valle;Valle del Cauca;;
205001010108;CENTRO ED. RURAL LA CRUZ DEL PORVENIR;1;Bajo;238;0.8138;;RURAL;39;199;0;0;0;Medellín;14;;Envigado;Antioquia;;
276111000781;TULIO ENRIQUE TASCON CHAMBIMBAL - SEDE PRINCIPAL;2;Moderado;237;1.3161;OFICIAL;RURAL;12;81;76;35;33;Guadalajara de Buga;24;2;Buga;Valle del Cauca;SI;Fundación Nutresa
105856000067;E U MODELO GUILLERMO VALENCIA;2;Moderado;237;0.0546;OFICIAL;URBANA;32;189;0;0;16;Valparaíso;11;;Antioquia;Antioquia;;
125885001596;INSTITUCION EDUCATIVA DEPARTAMENTAL EDUARDO SANTOS;1;Bajo;237;0.0884;OFICIAL;URBANA;0;0;164;56;17;Yacopí;15;2;Cundinamarca;Cundinamarca;;Fundación Alquería Cavelier | Fundación Enel Colombia
273217001061;INSTITUCION EDUCATIVA CHENCHE BALSILLAS - SEDE PRINCIPAL;2;Moderado;237;0.1698;OFICIAL;RURAL;22;67;102;46;0;Coyaima;16;2;Tolima;Tolima;;
117877000243;ESCUELA LA MILAGROSA;2;Moderado;237;0.2951;;URBANA;0;237;0;0;0;Viterbo;4;;Caldas;Caldas;;
252001000275;I.E.M. NUESTRA SEÑORA DE LA VISITACION - SEDE PRINCIPAL;1;Bajo;236;0.3985;OFICIAL;RURAL;9;86;106;35;0;Pasto;18;1;Pasto;Nariño;NO;
176306000421;INMACULADA CONCEPCION;1;Bajo;236;0.1814;OFICIAL;RURAL;36;200;0;0;0;Ginebra;30;2;Valle;Valle del Cauca;SI;Fundación Carvajal | Fundación Nutresa
166001006725;ESC RUR MIX PERLA DEL SUR;3;Crítico;236;0.3048;OFICIAL;RURAL;23;213;0;0;0;Pereira;;;Pereira;Risaralda;;
176869800008;MANUEL JOSE REINA COLLAZOS;2;Moderado;236;0.1814;OFICIAL;URBANA;0;0;236;0;0;Vijes;;;Valle;Valle del Cauca;;
476054000019;SANTIAGO GUTIERREZ ANGEL;3;Crítico;235;0.1806;OFICIAL;RURAL;17;11;151;56;0;Argelia;17;1;Valle;Valle del Cauca;SI;
127001003143;SEDE BARRIO OBRERO;2;Moderado;235;0.6398;OFICIAL;URBANA;37;198;0;0;0;Quibdó;13;;Quibdó;Chocó;SI;
315293000141;I.E. JUAN JOSE NEIRA - SEDE PRINCIPAL;1;Bajo;235;0.1801;OFICIAL;URBANA;0;0;148;87;0;Gachantivá;22;1;Boyaca;Boyacá;NO;
276130000156;FRANCISCO JOSE DE CALDAS;1;Bajo;235;0.1806;OFICIAL;RURAL;15;30;163;27;0;Candelaria;18;2;Valle;Valle del Cauca;SI;
119548000154;JUAN XXIII;2;Moderado;235;;OFICIAL;URBANA;26;209;0;0;0;Piendamó - Tunía;11;;;Cauca;;
205051000189;C. E. R. SAN JUANCITO;2;Moderado;235;0.0542;OFICIAL;RURAL;4;25;128;36;42;Arboletes;9;;Antioquia;Antioquia;;
125317000101;CONCENTRACION URBANA ANTONIA SANTOS;1;Bajo;235;0.0877;OFICIAL;URBANA;42;193;0;0;0;Guachetá;11;;Cundinamarca;Cundinamarca;;
225758000046;INSTITUCIÓN EDUCATIVA DPTAL LA VIOLETA;2;Moderado;235;0.0877;OFICIAL;RURAL;0;0;139;79;17;Sopó;19;1;Cundinamarca;Cundinamarca;;Cámara de Comercio De Bogotá | Fundación Alquería Cavelier | Fundación Corona
273067001075;I.E. JORGE ELIECER GAITAN - SEDE PRINCIPAL;2;Moderado;235;0.1683;OFICIAL;RURAL;12;84;110;29;0;Ataco;17;3;Tolima;Tolima;;
217662000964;INSTITUCION EDUCATIVA FELIX NARANJO - SEDE PRINCIPAL;2;Moderado;235;0.2926;;RURAL;0;0;154;68;13;Samaná;24;2;Caldas;Caldas;;Federación Nacional de Cafeteros de Colombia
117001000572;INSTITUCIÓN EDUCATIVA GRAN COLOMBIA;3;Crítico;234;0.4926;OFICIAL;URBANA;0;0;129;44;61;Manizales;10;1;Manizales;Caldas;SI;Fundación Corona | Fundación Luker | Red Papaz
125168000216;INSTITUCION EDUCATIVA DEPTAL IFRAY JOSE LEDO;2;Moderado;234;0.0873;OFICIAL;URBANA;0;0;145;63;26;Chaguaní;14;1;Cundinamarca;Cundinamarca;;Fundación Alquería Cavelier | Fundación Corona
176834000424;SEDE NO. 10 JULIA BECERRA;2;Moderado;234;0.8488;OFICIAL;URBANA;20;214;0;0;0;Tuluá;11;;Tuluá;Valle del Cauca;;
205030000243;LICEO PASCUAL CORREA FLOREZ;1;Bajo;233;0.0537;OFICIAL;URBANA;0;0;171;62;0;Amagá;14;2;Antioquia;Antioquia;;Comfama (Caja de Compensación Familiar de Antioquia) | Fundación Postobón
117777000343;ESCUELA NATIVIDAD MONTAÑO;2;Moderado;233;0.2901;;URBANA;0;233;0;0;0;Supía;6;;Caldas;Caldas;;
227615800044;IE NUEVO ORIENTE - SEDE PRINCIPAL;3;Crítico;231;0.2028;OFICIAL;RURAL;12;71;81;29;38;Nuevo Belén de Bajirá;14;1;Choco;Chocó;SI;
105059000116;I. E. ROSA MESA DE MEJIA;2;Moderado;231;0.0532;OFICIAL;URBANA;13;78;108;32;0;Armenia;14;1;Antioquia;Antioquia;SI;Comfama (Caja de Compensación Familiar de Antioquia)
205660000853;I. E. R. LA JOSEFINA;2;Moderado;231;0.0532;OFICIAL;RURAL;22;79;101;29;0;San Luis;12;1;Antioquia;Antioquia;SI;Comfama (Caja de Compensación Familiar de Antioquia) | Fundación Fraternidad Medellín
176670000070;RAFAEL URIBE URIBE;1;Bajo;231;0.1775;OFICIAL;URBANA;49;182;0;0;0;San Pedro;2;;Valle;Valle del Cauca;SI;
219418001595;SAN ANTONIO DE CHUARE (sede principal);1;Bajo;231;;OFICIAL;RURAL;20;90;86;35;0;López de Micay;17;2;;Cauca;;
219821000159;C.E. SAN FRANCISCO - SEDE PRINCIPAL;1;Bajo;231;;OFICIAL;RURAL;32;199;0;0;0;Toribío;14;1;;Cauca;;
225592000221;INSTITUCION EDUCATIVA DEPARTAMENTAL LA MAGDALENA;2;Moderado;231;0.0862;OFICIAL;RURAL;0;0;165;66;0;Quebradanegra;20;2;Cundinamarca;Cundinamarca;;Fundación Alquería Cavelier | Fundación Enel Colombia | Fundación Nutresa
266001004301;IE EL PITAL;3;Crítico;231;0.2984;OFICIAL;RURAL;0;0;184;47;0;Pereira;31;3;Pereira;Risaralda;;
266001004654;INST EDUC MUNDO NUEVO;3;Crítico;231;0.2984;OFICIAL;RURAL;12;104;86;29;0;Pereira;18;1;Pereira;Risaralda;;
227745000198;IE UNION CHARCO LARGO - SEDE PRINCIPAL;3;Crítico;230;0.202;OFICIAL;RURAL;17;110;78;25;0;Sipí;13;1;Choco;Chocó;SI;
213744000096;I.E. LA ORIGINAL DE LAS BRISAS - SEDE PRINCIPAL;2;Moderado;230;0.1011;OFICIAL;RURAL;14;67;80;26;43;Simití;12;1;Bolivar;Bolívar;NO;
117001001323;INSTITUCION EDUCATIVA INSTITUTO LATINOAMERICANO SEDE A;1;Bajo;230;0.4842;OFICIAL;URBANA;0;230;0;0;0;Manizales;8;;Manizales;Caldas;SI;
225288000087;CONCENTRACION RURAL MARIA AUXILIADORA;2;Moderado;230;0.0858;OFICIAL;RURAL;0;230;0;0;0;Fúquene;8;;Cundinamarca;Cundinamarca;;
173152000016;I.E.T. GENERAL JOSE JOAQUIN GARCIA - SEDE PRINCIPAL;1;Bajo;230;0.1647;OFICIAL;URBANA;0;0;152;78;0;Casabianca;16;3;Tolima;Tolima;;
176834000408;ESCUELA DE FORMACION DEPORTIVA OSMIRO COLONIA;1;Bajo;230;0.8343;OFICIAL;URBANA;0;0;230;0;0;Tuluá;7;;Tuluá;Valle del Cauca;;
227075000060;IE INMACULADO CORAZON DE MARIA - SEDE PRINCIPAL;2;Moderado;229;0.2011;OFICIAL;RURAL;17;98;79;35;0;Bahía Solano;18;1;Choco;Chocó;SI;
119075000372;NIÑAS BALBOA;3;Crítico;229;;OFICIAL;URBANA;0;229;0;0;0;Balboa;7;;;Cauca;;
119418000331;SANTA INES DE ASIS;3;Crítico;229;;OFICIAL;URBANA;39;190;0;0;0;López de Micay;8;;;Cauca;;Fundación Telefónica
266594000285;SE FEDERICO DREWS CASTRO;2;Moderado;229;0.516;OFICIAL;RURAL;20;209;0;0;0;Quinchía;10;;Risaralda;Risaralda;;
105284000575;I. E. LAS MERCEDES;2;Moderado;228;0.0525;OFICIAL;URBANA;18;68;99;43;0;Frontino;12;;Antioquia;Antioquia;;Fundación Empresarios por la Educación | Fundación Empresas Públicas De Medellín
266001004255;INSTITUCION EDUCATIVA LA CARBONERA;3;Crítico;228;0.2945;OFICIAL;RURAL;25;111;67;25;0;Pereira;19;1;Pereira;Risaralda;;
223417000461;SAN LUIS CAMPO ALEGRE - SEDE PRINCIPAL;1;Bajo;228;1.0125;;RURAL;0;12;134;48;34;Lorica;21;2;Lorica;Córdoba;;
217524000040;INSTITUCION EDUCATIVA SANTAGUEDA - SEDE PRINCIPAL;2;Moderado;227;0.2826;;RURAL;7;98;84;38;0;Palestina;17;1;Caldas;Caldas;;Federación Nacional de Cafeteros de Colombia
176250000414;SANTISIMO SACRAMENTO;2;Moderado;226;0.1737;OFICIAL;URBANA;45;162;0;0;19;El Dovio;4;;Valle;Valle del Cauca;SI;
219137001162;CERRO ALTO (sede principal);1;Bajo;226;;OFICIAL;RURAL;0;0;165;61;0;Caldono;17;1;;Cauca;;
105001000477;SECCION ESCUELA REPUBLICA DE COSTA RICA;1;Bajo;226;0.0621;OFICIAL;URBANA;0;101;0;96;29;Medellín;18;1;Medellín;Antioquia;;
176834000386;SEDE NO. ANTONIA SANTOS;2;Moderado;226;0.8198;OFICIAL;URBANA;0;226;0;0;0;Tuluá;11;;Tuluá;Valle del Cauca;;
319532001389;FUNDACION LICEO COMERCIAL CIUDAD DE EL BORDO;3;Crítico;225;;NO OFICIAL;URBANA;39;94;69;23;0;Patía;;;;Cauca;;
419355000207;ESCUELA RURAL MIXTA TUMBICHUCUE;1;Bajo;225;;OFICIAL;RURAL;16;100;74;35;0;Inzá;16;1;;Cauca;;
105440000408;INSTITUTO TECNICO DE MARINILLA;2;Moderado;225;0.0518;OFICIAL;RURAL;0;0;178;47;0;Marinilla;16;2;Antioquia;Antioquia;;Comfama (Caja de Compensación Familiar de Antioquia) | Fundación Fraternidad Medellín
205670000339;COLEGIO CRISTALES;1;Bajo;225;0.0518;OFICIAL;RURAL;8;40;93;53;31;San Roque;11;1;Antioquia;Antioquia;;
105686001136;MARIA AUXILIADORA;1;Bajo;225;0.0518;OFICIAL;URBANA;33;192;0;0;0;Santa Rosa de Osos;6;;Antioquia;Antioquia;;Comfama (Caja de Compensación Familiar de Antioquia) | Fundación Grupo Argos
117614000702;CENTRO DOCENTE PIO XII;1;Bajo;225;0.2801;OFICIAL;URBANA;56;169;0;0;0;Riosucio;4;;Caldas;Caldas;;
166001003572;INSTITUCION EDUCATIVA HERNANDO VELEZ MARULANDA;3;Crítico;225;0.2906;OFICIAL;URBANA;0;0;170;55;0;Pereira;26;2;Pereira;Risaralda;;Fundación Nutresa | Pereira Cómo Vamos
176054000023;GILBERTO ALZATE AVENDAÑO;1;Bajo;224;0.1721;OFICIAL;URBANA;0;0;113;47;64;Argelia;12;2;Valle;Valle del Cauca;SI;Red Papaz
276113000011;INSTITUTO AGRICOLA CEILAN;3;Crítico;224;0.1721;OFICIAL;RURAL;12;0;159;53;0;Bugalagrande;19;2;Valle;Valle del Cauca;SI;Fundación Carvajal | Fundación Nutresa
105856000296;COLEGIO RAFAEL URIBE URIBE;2;Moderado;224;0.0516;OFICIAL;URBANA;0;0;165;59;0;Valparaíso;16;2;Antioquia;Antioquia;;Comfama (Caja de Compensación Familiar de Antioquia)
105001000213;SECCION ESCUELA SAN MARTIN DE PORRES;1;Bajo;224;0.0615;OFICIAL;URBANA;27;176;0;0;21;Medellín;9;;Medellín;Antioquia;;
219137001502;CENTRO DE FORMACION INTEGRAL COMUNITARIA KWE SX UMA KIWE - CEFIC;2;Moderado;223;;OFICIAL;RURAL;0;0;129;94;0;Caldono;10;;;Cauca;;
225258000244;INSTITUCION EDUCATIVA DEPARTAMENTAL TALAUTA;2;Moderado;223;0.0832;OFICIAL;RURAL;6;54;106;38;19;El Peñón;12;2;Cundinamarca;Cundinamarca;;Fundación Alquería Cavelier | Fundación SURA
276834004882;SAN FRANCISCO;1;Bajo;223;0.8089;OFICIAL;RURAL;28;195;0;0;0;Tuluá;12;;Tuluá;Valle del Cauca;;
276890000237;SAN JUAN BOSCO;3;Crítico;223;0.1714;OFICIAL;RURAL;13;31;123;42;14;Yotoco;15;2;Valle;Valle del Cauca;;Fundación Carvajal | Fundación Nutresa
141770000087;MERCEDES MOTTA;2;Moderado;222;0.1742;OFICIAL;URBANA;65;157;0;0;0;Suaza;9;;Huila;Huila;SI;
119100001214;MARCO FIDEL SUAREZ (sede principal);1;Bajo;222;;OFICIAL;URBANA;0;0;138;61;23;Bolívar;14;2;;Cauca;;
163594000249;ANTONIA SANTOS;1;Bajo;222;0.6115;OFICIAL;URBANA;25;197;0;0;0;Quimbaya;8;;Quindio;Quindio;;
217867000011;INSTITUCION EDUCATIVA ISAZA - SEDE PRINCIPAL;3;Crítico;222;0.2764;;RURAL;17;79;90;36;0;Victoria;19;2;Caldas;Caldas;;Federación Nacional de Cafeteros de Colombia
205282000351;C. E. R. ALFONSO PALACIO ARANGO;2;Moderado;221;0.0509;OFICIAL;RURAL;15;101;71;34;0;Fredonia;14;;Antioquia;Antioquia;;Comfama (Caja de Compensación Familiar de Antioquia) | Fundación Fraternidad Medellín
117050000251;ESCUELA MANUEL GUTIERREZ ROBLEDO;2;Moderado;221;0.2751;;URBANA;25;196;0;0;0;Aranzazu;10;;Caldas;Caldas;;
223417000941;COLEGIO EL CARITO;3;Crítico;221;0.9814;;RURAL;68;153;0;0;0;Lorica;19;;Lorica;Córdoba;;
105001020036;SECCION ESCUELA MUNICIPAL KENNEDY;1;Bajo;220;0.0604;OFICIAL;URBANA;23;174;0;0;23;Medellín;9;1;Medellín;Antioquia;;
117001000459;INSTITUCION EDUCATIVA INSTITUTO PABLO VI SEDE B;2;Moderado;219;0.461;OFICIAL;URBANA;0;0;136;83;0;Manizales;5;;Manizales;Caldas;SI;
176147000350;RIGOBERTO OROZCO CARDONA;1;Bajo;219;1.233;OFICIAL;URBANA;45;174;0;0;0;Cartago;8;;Cartago;Valle del Cauca;SI;
273124000366;I.E.T. AGROINDUSTRIAL DE CAJAMARCA - SEDE PRINCIPAL;3;Crítico;218;0.1562;OFICIAL;RURAL;12;71;95;40;0;Cajamarca;18;2;Tolima;Tolima;SI;
219100001821;ANDINO (sede principal);1;Bajo;218;;OFICIAL;RURAL;0;0;158;60;0;Bolívar;19;2;;Cauca;;
305147000478;E U I BARRIO OBRERO;2;Moderado;218;0.0502;OFICIAL;URBANA;94;124;0;0;0;Carepa;6;;Antioquia;Antioquia;;
205034800024;IE TAPARTO SEDE II;2;Moderado;217;0.05;OFICIAL;RURAL;25;192;0;0;0;Andes;;;Antioquia;Antioquia;SI;
141524000850;CAMILO TOR.RESTREPO;2;Moderado;217;0.1702;OFICIAL;URBANA;0;217;0;0;0;Palermo;8;;Huila;Huila;SI;
227075000043;IE DEL VALLE - SEDE PRINCIPAL;1;Bajo;217;0.1905;OFICIAL;RURAL;22;103;75;17;0;Bahía Solano;17;1;Choco;Chocó;SI;
117013000373;ESCUELA NORMAL SUPERIOR CLAUDINA MÚNERA (ANEXA);1;Bajo;217;0.2702;;URBANA;42;175;0;0;0;Aguadas;;;Caldas;Caldas;;
276845000102;MARIA INMACULADA;2;Moderado;216;0.166;OFICIAL;RURAL;24;92;63;18;19;Ulloa;15;1;Valle;Valle del Cauca;SI;Fundación Carvajal
219517000339;INSTITUCION EDUCATIVA EL CANELO;1;Bajo;216;;OFICIAL;RURAL;14;75;116;11;0;Páez;13;1;;Cauca;;
266001000501;INSTITUCION EDUCATIVA HECTOR ANGEL ARCILA;3;Crítico;216;0.279;OFICIAL;RURAL;0;0;127;66;23;Pereira;29;2;Pereira;Risaralda;;
276520002338;JULIA LOPEZ DE ESCOBAR;2;Moderado;216;0.4382;OFICIAL;RURAL;13;125;78;0;0;Palmira;13;1;Palmira;Valle del Cauca;;
217777000208;SEDE GUAMAL;3;Crítico;216;0.2689;;RURAL;12;93;83;28;0;Supía;12;;Caldas;Caldas;;Federación Nacional de Cafeteros de Colombia
117001001773;INSTITUCIÓN EDUCATIVA INSTITUTO CHIPRE SEDE A;1;Bajo;215;0.4526;OFICIAL;URBANA;43;172;0;0;0;Manizales;13;;Manizales;Caldas;SI;Fundación Luker
219130000144;LA VIUDA (sede principal);1;Bajo;215;;OFICIAL;RURAL;9;95;68;43;0;Cajibío;15;2;;Cauca;;
219355001191;INSTITUCION EDUCATIVA MICROEMPRESARIAL AGROPECUARIO SAN ANDRES (sede principal);3;Crítico;215;;OFICIAL;RURAL;0;0;142;48;25;Inzá;17;2;;Cauca;;
117444000818;INSTITUCION EDUCATIVA JUAN XXIII - SEDE PRINCIPAL;1;Bajo;215;0.2677;;URBANA;0;0;145;70;0;Marquetalia;26;2;Caldas;Caldas;;Caja de Compensación Familiar de Caldas
141244000307;MARIA AUXILIADORA;2;Moderado;214;0.1679;OFICIAL;URBANA;0;0;161;53;0;Elías;16;2;Huila;Huila;SI;
105887000499;E U EPIFANIO MEJIA;2;Moderado;214;0.0493;OFICIAL;URBANA;0;81;89;44;0;Yarumal;12;;Antioquia;Antioquia;;Comfama (Caja de Compensación Familiar de Antioquia)
127001800206;CEI SAMPER;3;Crítico;213;0.5799;OFICIAL;URBANA;213;0;0;0;0;Quibdó;14;;Quibdó;Chocó;SI;
152001000564;ESC JULIAN BUCHELY;1;Bajo;213;0.3596;OFICIAL;URBANA;25;188;0;0;0;Pasto;8;;Pasto;Nariño;NO;
276248000274;JORGE ISAACS;2;Moderado;213;0.1637;OFICIAL;RURAL;0;213;0;0;0;El Cerrito;4;;Valle;Valle del Cauca;SI;
176520001817;FRANCISCO DE PAULA SANTANDER;1;Bajo;213;0.4321;OFICIAL;URBANA;0;86;101;0;26;Palmira;11;;Palmira;Valle del Cauca;;
219100003050;COLEGIO DEPARTAMENTAL NUESTRA SENORA DE LOS REMEDIOS;1;Bajo;212;;OFICIAL;RURAL;6;34;120;52;0;Bolívar;17;1;;Cauca;;
205086000033;I. E. R. LABORES;2;Moderado;212;0.0489;OFICIAL;RURAL;9;70;103;30;0;Belmira;15;1;Antioquia;Antioquia;;Comfama (Caja de Compensación Familiar de Antioquia)
215759001768;INSTITUCIÓN EDUCATIVA NUESTRA SEÑORA DE MORCA;2;Moderado;211;0.8419;OFICIAL;RURAL;12;57;95;47;0;Sogamoso;15;1;Sogamoso;Boyacá;NO;
252001003282;I.E.M. JOSE ANTONIO GALAN - SEDE PRINCIPAL;1;Bajo;211;0.3563;OFICIAL;RURAL;0;0;118;93;0;Pasto;21;1;Pasto;Nariño;NO;
119110000500;MARIA AUXILIADORA (sede principal);3;Crítico;211;;OFICIAL;URBANA;0;0;157;54;0;Buenos Aires;13;2;;Cauca;;
163130000173;SEGUNDO HENAO;1;Bajo;211;0.5812;OFICIAL;URBANA;0;0;162;49;0;Calarcá;14;2;Quindio;Quindio;;
205789000370;E.U. VICTOR MANUEL OROZCO;1;Bajo;211;0.0486;OFICIAL;URBANA;39;157;0;0;15;Támesis;8;;Antioquia;Antioquia;;Comfama (Caja de Compensación Familiar de Antioquia) | Fundación Fraternidad Medellín
176001001001;SEDE LA PRESENTACION;2;Moderado;210;0.0684;OFICIAL;URBANA;20;190;0;0;0;Cali;3;;Cali;Valle del Cauca;SI;
227135002580;IE PUERTO PERVEL - SEDE PRINCIPAL;2;Moderado;210;0.1844;OFICIAL;RURAL;0;0;141;43;26;El Cantón del San Pablo;13;1;Choco;Chocó;SI;
117088000123;ESCUELA RAFAEL POMBO;1;Bajo;210;0.2614;;URBANA;0;210;0;0;0;Belalcázar;7;;Caldas;Caldas;;
219743001062;MARINA BELTRAN DE USENDA (SEDE PRINCIPAL);1;Bajo;209;;OFICIAL;RURAL;9;66;105;29;0;Silvia;14;;;Cauca;;
105792000190;LICEO JOSE PRIETO ARANGO;1;Bajo;209;0.0482;OFICIAL;URBANA;0;0;137;48;24;Tarso;9;2;Antioquia;Antioquia;;Comfama (Caja de Compensación Familiar de Antioquia) | Fundación Fraternidad Medellín
117614001385;ESCUELA URBANA ANTONIO NARIÑO;1;Bajo;209;0.2602;OFICIAL;URBANA;19;190;0;0;0;Riosucio;6;;Caldas;Caldas;;
266594001109;SE AGROPECUARIO NARANJAL - SEDE PRINCIPAL;1;Bajo;209;0.471;OFICIAL;RURAL;0;0;115;45;49;Quinchía;14;3;Risaralda;Risaralda;;Fundación Nutresa
241001000460;EL TRIUNFO;2;Moderado;208;0.3083;OFICIAL;RURAL;16;108;84;0;0;Neiva;11;;Neiva;Huila;SI;
117001003890;INSTITUCIÓN EDUCATIVA LICEO MIXTO SINAI SEDE A;1;Bajo;208;0.4378;OFICIAL;URBANA;33;175;0;0;0;Manizales;13;;Manizales;Caldas;SI;
219760000401;LOS ROBLES (sede principal);1;Bajo;208;;OFICIAL;RURAL;7;64;90;47;0;Sotará - Paispamba;17;1;;Cauca;;
205129000130;COLEGIO SALINAS;2;Moderado;208;0.0479;OFICIAL;RURAL;10;78;90;30;0;Caldas;13;2;Antioquia;Antioquia;;Fundación Nutresa | Parque Explora
205234001672;I. E. R. INDIGENISTA LLANO GORDO;2;Moderado;208;0.0479;OFICIAL;RURAL;3;19;148;38;0;Dabeiba;8;1;Antioquia;Antioquia;;
217380000040;INSTITUCION EDUCATIVA EL JAPON - SEDE PRINCIPAL;1;Bajo;208;0.2589;;RURAL;9;95;58;21;25;La Dorada;14;1;Caldas;Caldas;;Federación Nacional de Cafeteros de Colombia
276233000642;RAFAEL NUÑEZ;2;Moderado;207;0.1591;OFICIAL;RURAL;0;207;0;0;0;Dagua;8;1;Valle;Valle del Cauca;SI;
219212000339;COLEGIO RURAL AGROPECUARIO CARRIZALES (E.R.M. CARRIZALES);1;Bajo;207;;OFICIAL;RURAL;10;70;98;29;0;Corinto;17;1;;Cauca;;
219743000961;I.E. CENTRO INTEGRADO DE SERVICIOS CIS (FUS. BUENAVISTA) - SEDE PRINCIPAL;3;Crítico;207;;OFICIAL;RURAL;8;70;98;31;0;Silvia;15;1;;Cauca;;
276892001125;PANORAMA;3;Crítico;207;0.9202;OFICIAL;URBANA;46;161;0;0;0;Yumbo;6;;Yumbo;Valle del Cauca;;Fundación Incolmotos Yamaha
217662002801;INSTITUCION EDUCATIVA PIO XII - SEDE PRINCIPAL;2;Moderado;207;0.2577;;RURAL;9;81;61;56;0;Samaná;20;2;Caldas;Caldas;;Federación Nacional de Cafeteros de Colombia
176041000440;MARCO FIDEL SUAREZ;3;Crítico;206;0.1583;OFICIAL;URBANA;0;189;0;0;17;Ansermanuevo;6;;Valle;Valle del Cauca;SI;
176001004124;ADAN CORDOVEZ CORDOBA;2;Moderado;206;0.0671;OFICIAL;URBANA;0;0;147;59;0;Cali;;;Cali;Valle del Cauca;SI;
219050000135;LA BELLEZA (SEDE PRINCIPAL);1;Bajo;206;;OFICIAL;RURAL;16;66;82;24;18;Argelia;15;1;;Cauca;;
219698000131;MONDOMO-SANTA TERESITA DEL NINO JESUS;1;Bajo;206;;OFICIAL;RURAL;30;176;0;0;0;Santander de Quilichao;13;;;Cauca;;Fundación Telefónica
163190000342;FRANCISCO LONDOÑO;2;Moderado;206;0.5675;OFICIAL;URBANA;5;101;100;0;0;Circasia;8;;Quindio;Quindio;;Claro Colombia
166001000921;PRIMERO DE MAYO;3;Crítico;206;0.2661;OFICIAL;URBANA;31;175;0;0;0;Pereira;6;;Pereira;Risaralda;;
273408000137;I.E. SAN FRANCISCO DE LA SIERRA - SEDE PRINCIPAL;2;Moderado;205;0.1468;OFICIAL;RURAL;12;84;87;22;0;Lérida;15;1;Tolima;Tolima;SI;
219743000252;I.E. LA CAMPANA - SEDE PRINCIPAL;1;Bajo;205;;OFICIAL;RURAL;2;51;126;26;0;Silvia;14;;;Cauca;;Fundación Nutresa
219780000173;MARI LOPEZ BELLAVISTA (sede principal);3;Crítico;205;;OFICIAL;RURAL;13;90;75;27;0;Suárez;14;1;;Cauca;;
117541000610;ESCUELA ANEXA SANTA IMELDA;1;Bajo;205;0.2552;;URBANA;0;205;0;0;0;Pensilvania;7;;Caldas;Caldas;;
163001002712;LA PAVONA;1;Bajo;204;0.5042;OFICIAL;URBANA;46;158;0;0;0;Armenia;2;;Armenia;Quindio;SI;Claro Colombia
176895000176;POLICARPA SALAVARRIETA;2;Moderado;204;0.1568;OFICIAL;URBANA;35;169;0;0;0;Zarzal;5;;Valle;Valle del Cauca;SI;
105002000047;I. E. FUNDACION CELIA DUQUE DE DUQUE;2;Moderado;203;0.0468;OFICIAL;URBANA;0;0;108;54;41;Abejorral;10;2;Antioquia;Antioquia;SI;Comfama (Caja de Compensación Familiar de Antioquia) | Fundación Empresarios por la Educación
115087000038;SECCION PRIMARIA;1;Bajo;203;0.1556;OFICIAL;URBANA;31;172;0;0;0;Belén;9;;Boyaca;Boyacá;NO;
317001800145;COLEGIO REGGIO EMILIA - SEDE PRINCIPAL;1;Bajo;203;0.4273;NO OFICIAL;URBANA;10;90;63;40;0;Manizales;;;Manizales;Caldas;SI;
219022001096;COLEGIO SANTA MARIA DE CAQUIONA;1;Bajo;203;;OFICIAL;RURAL;6;39;96;30;32;Almaguer;23;3;;Cauca;;
217388000405;INSTITUCION EDUCATIVA LA FELISA - SEDE PRINCIPAL;1;Bajo;203;0.2527;;RURAL;26;85;69;23;0;La Merced;18;1;Caldas;Caldas;;Federación Nacional de Cafeteros de Colombia
217662000450;ESCUELA JOSE MARIA CORDOBA;1;Bajo;203;0.2527;;URBANA;0;203;0;0;0;Samaná;8;;Caldas;Caldas;;
241396000226;EL CARMELO;2;Moderado;202;0.1585;OFICIAL;RURAL;6;51;103;42;0;La Plata;14;2;Huila;Huila;SI;
273200000150;I.E. CARLOS LLERAS RESTREPO - SEDE PRINCIPAL;1;Bajo;202;0.1447;OFICIAL;RURAL;17;79;71;35;0;Coello;17;1;Tolima;Tolima;SI;
276130000202;JOSE MARIA CORDOBA;1;Bajo;202;0.1552;OFICIAL;RURAL;12;120;70;0;0;Candelaria;10;;Valle;Valle del Cauca;SI;
219110000270;TIMBA;1;Bajo;202;;OFICIAL;RURAL;31;171;0;0;0;Buenos Aires;6;;;Cauca;;
219110001659;BRISAS DE MARILOPEZ (sede principal);1;Bajo;202;;OFICIAL;RURAL;3;37;117;45;0;Buenos Aires;16;;;Cauca;;
263401000063;LA POPA;2;Moderado;202;0.5564;OFICIAL;RURAL;15;74;86;27;0;La Tebaida;20;2;Quindio;Quindio;;Fundación Gimnasio Inglés
125001000371;CONCENTRACION URBANA ELOISA CONTRERAS DE REY;2;Moderado;202;0.0754;OFICIAL;URBANA;23;179;0;0;0;Agua de Dios;2;;Cundinamarca;Cundinamarca;;
217777000151;INSTITUCIÓN EDUCATIVA HOJAS ANCHAS - SEDE PRINCIPAL;2;Moderado;202;0.2515;;RURAL;10;46;63;28;55;Supía;15;3;Caldas;Caldas;;
205660000977;I.E.R. ALTAVISTA;1;Bajo;201;0.0463;OFICIAL;RURAL;13;77;80;31;0;San Luis;13;1;Antioquia;Antioquia;SI;Comfama (Caja de Compensación Familiar de Antioquia) | Fundación Fraternidad Medellín | Fundación SURA
176147000716;RAMÓN MARTINEZ BENITEZ;2;Moderado;201;1.1316;OFICIAL;URBANA;0;186;0;0;15;Cartago;8;4;Cartago;Valle del Cauca;SI;Red Papaz
376364001266;CENTRO EDUCATIVO TÉCNICO INTEGRAL CETI;1;Bajo;201;0.7262;NO OFICIAL;URBANA;23;65;78;18;17;Jamundí;;;Jamundí;Valle del Cauca;SI;Fundación Nutresa
215759000575;INSTITUCION EDUCATIVA INTEGRADA MARCO ANTONIO QUIJANO RICO;1;Bajo;201;0.802;OFICIAL;RURAL;10;73;88;30;0;Sogamoso;18;2;Sogamoso;Boyacá;NO;Fundación Corona
176001002822;FERNANDO DE ARAGON;2;Moderado;201;0.0655;OFICIAL;URBANA;23;178;0;0;0;Cali;4;;Cali;Valle del Cauca;SI;Colombia Evidencia Potencial en Educación
276616000581;HERNANDO LLORENTE ARROYO;2;Moderado;201;0.1545;OFICIAL;RURAL;0;0;126;44;31;Riofrío;19;3;Valle;Valle del Cauca;SI;Fundación Carvajal | Fundación Nutresa
219824000150;CENTRO DOCENTE RURAL MIXTO NOVIRAO;1;Bajo;201;;OFICIAL;RURAL;14;79;85;23;0;Totoró;15;1;;Cauca;;
105142000136;I. E. GABRIEL CORREA VELEZ;2;Moderado;200;0.0461;OFICIAL;URBANA;0;0;142;58;0;Caracolí;10;2;Antioquia;Antioquia;SI;Comfama (Caja de Compensación Familiar de Antioquia)
176001008791;INSTITUCION EDUCATIVA BOYACA;2;Moderado;200;0.0652;OFICIAL;URBANA;0;0;144;56;0;Cali;12;3;Cali;Valle del Cauca;SI;Red Papaz
219142000328;INSTITUCION EDUCATIVA SAN JACINTO (SEDE PRINCIPAL);1;Bajo;200;;OFICIAL;RURAL;17;60;88;35;0;Caloto;13;1;;Cauca;;Fundación Corona
252260000275;INSTITUCION EDUCATIVA JORGE ELIECER GAITAN SEDE PRINCIPAL;3;Crítico;200;0.1665;OFICIAL;URBANA;0;0;133;67;0;El Tambo;19;1;Nariño;Nariño;;
117616000203;ESCUELA LA SALLE;2;Moderado;200;0.249;;URBANA;51;149;0;0;0;Risaralda;8;;Caldas;Caldas;;
219355000704;SAN ANTONIO (sede principal);1;Bajo;199;;OFICIAL;RURAL;24;62;85;28;0;Inzá;15;1;;Cauca;;
105172001269;EL CAMPING;2;Moderado;199;0.0459;OFICIAL;URBANA;88;111;0;0;0;Chigorodó;7;;Antioquia;Antioquia;;
105001001058;SECCION ESCUELA REPUBLICA DE CUBA;1;Bajo;199;0.0547;OFICIAL;URBANA;20;179;0;0;0;Medellín;13;1;Medellín;Antioquia;;
205837001821;I.E. ALTO DE MULATOS - SEDE PRINCIPAL;2;Moderado;198;0.5289;OFICIAL;RURAL;15;73;70;40;0;Turbo;16;1;Turbo;Antioquia;SI;
117001000602;INSTITUCIÓN EDUCATIVA EUGENIO PACELLI;1;Bajo;198;0.4168;OFICIAL;URBANA;0;0;155;43;0;Manizales;12;2;Manizales;Caldas;SI;Fundación Corona | Fundación Luker | Fundación Nutresa
176364800195;SEDE LAS FLORES;1;Bajo;198;0.7154;OFICIAL;URBANA;47;151;0;0;0;Jamundí;;;Jamundí;Valle del Cauca;SI;
276616000654;ALFREDO GARRIDO TOVAR;3;Crítico;198;0.1522;OFICIAL;RURAL;0;0;155;43;0;Riofrío;16;2;Valle;Valle del Cauca;SI;Fundación Carvajal
276823000061;NUESTRA SEÑORA DE FATIMA;3;Crítico;198;0.1522;OFICIAL;RURAL;11;85;83;19;0;Toro;11;;Valle;Valle del Cauca;SI;
276109004036;MARINA SOLANO;1;Bajo;198;0.3549;OFICIAL;RURAL;8;70;89;31;0;Buenaventura;13;;Buenaventura;Valle del Cauca;SI;
117513000558;INSTITUCION EDUCATIVA MARCO FIDEL SUAREZ - SEDE PRINCIPAL;2;Moderado;198;0.2465;;URBANA;0;0;129;69;0;Pácora;13;1;Caldas;Caldas;;Caja de Compensación Familiar de Caldas
223417000185;NUESTRA SEÑORA DEL ROSARIO;3;Crítico;198;0.8793;;RURAL;31;167;0;0;0;Lorica;7;;Lorica;Córdoba;;
176403000061;MARCO FIDEL SUAREZ;3;Crítico;197;0.1514;OFICIAL;URBANA;0;197;0;0;0;La Victoria;5;;Valle;Valle del Cauca;SI;
127001003151;SEDE NIÑO JESUS;2;Moderado;197;0.5363;OFICIAL;URBANA;20;152;0;0;25;Quibdó;8;;Quibdó;Chocó;SI;Directv
119573000223;JOSE HILARIO LOPEZ (sede principal);1;Bajo;197;;OFICIAL;URBANA;0;0;149;48;0;Puerto Tejada;18;2;;Cauca;;Fundación Colombianitos
105686000369;ARENALES;2;Moderado;197;0.0454;OFICIAL;URBANA;24;173;0;0;0;Santa Rosa de Osos;6;;Antioquia;Antioquia;;Comfama (Caja de Compensación Familiar de Antioquia)
276113000126;ANTONIO RICAURTE;3;Crítico;196;0.1506;OFICIAL;RURAL;13;65;67;23;28;Bugalagrande;9;;Valle;Valle del Cauca;SI;
266572001245;SE INTERCULTURAL DOKABU - SEDE PRINCIPAL;2;Moderado;196;0.4417;OFICIAL;RURAL;0;0;87;31;78;Pueblo Rico;12;3;Risaralda;Risaralda;SI;Fundación Nutresa
376364002475;ALAS COLEGIO - SEDE PRINCIPAL;1;Bajo;196;0.7081;NO OFICIAL;URBANA;12;80;75;29;0;Jamundí;;;Jamundí;Valle del Cauca;SI;
219355001131;E.R.M. EL LAGO - SEDE PRINCIPAL;1;Bajo;196;;OFICIAL;RURAL;6;13;119;58;0;Inzá;15;1;;Cauca;;
163111000162;INSTITUTO BUENAVISTA;3;Crítico;196;;;;12;55;86;43;0;Buenavista;17;1;;Quindio;;
176520002643;JOSE MARIA CALVACHE;2;Moderado;196;0.3976;OFICIAL;URBANA;0;11;113;61;11;Palmira;9;1;Palmira;Valle del Cauca;;
276520001447;CARDENAS;2;Moderado;196;0.3976;OFICIAL;RURAL;0;0;53;143;0;Palmira;10;1;Palmira;Valle del Cauca;;Fundación Nutresa
217433000802;INSTITUCION EDUCATIVA GREGORIO GUTIERREZ GONZALEZ - SEDE PRINCIPAL;2;Moderado;196;0.244;;RURAL;8;0;95;31;62;Manzanares;12;2;Caldas;Caldas;;Federación Nacional de Cafeteros de Colombia
176041000423;MARIA INMACULADA;3;Crítico;195;0.1498;OFICIAL;URBANA;83;112;0;0;0;Ansermanuevo;4;;Valle;Valle del Cauca;SI;
176036000105;ANTONIA SANTOS;2;Moderado;195;0.1498;OFICIAL;URBANA;18;177;0;0;0;Andalucía;;;Valle;Valle del Cauca;SI;
276520006635;MONSEÑOR JOSÉ MANUEL SALCEDO;2;Moderado;195;0.3956;OFICIAL;RURAL;31;164;0;0;0;Palmira;13;2;Palmira;Valle del Cauca;SI;
219548000329;LOS UVALES (sede principal);1;Bajo;195;;OFICIAL;RURAL;8;62;78;47;0;Piendamó - Tunía;14;1;;Cauca;;
105147000738;C. E. R. 25 DE AGOSTO;2;Moderado;195;0.0449;OFICIAL;RURAL;28;117;50;0;0;Carepa;9;1;Antioquia;Antioquia;;Comfama (Caja de Compensación Familiar de Antioquia)
217001000364;INSTITUCIÓN EDUCATIVA RURAL RAFAEL POMBO;2;Moderado;194;0.4084;OFICIAL;RURAL;20;99;61;14;0;Manizales;17;1;Manizales;Caldas;SI;Federación Nacional de Cafeteros de Colombia
219743000317;CENT EDUC DE ARTES Y OFICIOS NAMUY MISAK ANTES CENT DOC RUR MIXT EL SALADO;1;Bajo;194;;OFICIAL;RURAL;11;81;76;26;0;Silvia;12;;;Cauca;;
223417002064;NO LO CREEN - SEDE PRINCIPAL;3;Crítico;194;0.8615;;RURAL;16;51;78;32;17;Lorica;2;;Lorica;Córdoba;;
223417002463;JOSÉ ISABEL GONZÁLEZ - SEDE PRINCIPAL;3;Crítico;194;0.8615;;RURAL;5;26;101;62;0;Lorica;18;2;Lorica;Córdoba;;
276109001011;ROSA ZARATE DE PEÑA;1;Bajo;193;0.346;OFICIAL;RURAL;17;104;52;8;12;Buenaventura;22;2;Buenaventura;Valle del Cauca;SI;
219824000087;CENTRO DOCENTE SAN JOSE;1;Bajo;193;;OFICIAL;RURAL;12;68;88;25;0;Totoró;10;;;Cauca;;
117042000501;ESCUELA ANTONIO JOSE DE SUCRE;1;Bajo;193;0.2403;;URBANA;23;170;0;0;0;Anserma;8;;Caldas;Caldas;;
217388000383;INSTITUCION EDUCATIVA LLANADAS - SEDE PRINCIPAL;2;Moderado;193;0.2403;;RURAL;4;44;78;26;41;La Merced;12;2;Caldas;Caldas;;Federación Nacional de Cafeteros de Colombia
376364800002;COLEGIO TALLER DE MARIA - SEDE PRINCIPAL;1;Bajo;192;0.6937;NO OFICIAL;URBANA;12;98;56;26;0;Jamundí;;;Jamundí;Valle del Cauca;SI;
176736000041;SAN JUAN BOSCO;2;Moderado;192;0.1475;OFICIAL;URBANA;0;140;0;0;52;Sevilla;5;;Valle;Valle del Cauca;SI;
119513000046;JOSE HILARIO LOPEZ;1;Bajo;192;;OFICIAL;URBANA;0;192;0;0;0;Padilla;7;;;Cauca;;
219355001221;EL PEDREGAL;2;Moderado;192;;OFICIAL;RURAL;46;146;0;0;0;Inzá;9;;;Cauca;;
125307000226;SEDE BUENOS AIRES;2;Moderado;192;1.0581;OFICIAL;URBANA;0;192;0;0;0;Girardot;7;;Girardot;Cundinamarca;;
217614000855;INSTITUCION EDUCATIVA SAN JOSE - SEDE PRINCIPAL;2;Moderado;192;0.239;;RURAL;4;49;97;42;0;Riosucio;11;1;Caldas;Caldas;;
163001000507;LOS FUNDADORES;1;Bajo;191;0.472;OFICIAL;URBANA;42;149;0;0;0;Armenia;4;;Armenia;Quindio;;
273585000996;I.E.T. TULIO VARON - SEDE PRINCIPAL;2;Moderado;191;0.1368;OFICIAL;RURAL;0;0;143;48;0;Purificación;17;1;Tolima;Tolima;;
217380000376;INSTITUCION EDUCATIVA BUENAVISTA - SEDE PRINCIPAL;1;Bajo;191;0.2378;;RURAL;24;74;69;24;0;La Dorada;16;1;Caldas;Caldas;;Federación Nacional de Cafeteros de Colombia
117433000361;ESCUELA SANTA TERESITA;1;Bajo;190;0.2365;OFICIAL;URBANA;0;190;0;0;0;Manzanares;9;;Caldas;Caldas;SI;
117001002729;INSTITUCIÓN EDUCATIVA MALTERIA;1;Bajo;190;0.4;OFICIAL;URBANA;13;60;86;31;0;Manizales;19;1;Manizales;Caldas;SI;Colombia Evidencia Potencial en Educación
176895000231;SANTA CECILIA;3;Crítico;190;0.146;OFICIAL;URBANA;43;147;0;0;0;Zarzal;6;;Valle;Valle del Cauca;SI;
105001000957;SECCION ESCUELA JUAN MANUEL GONZALEZ ARBELAEZ;1;Bajo;190;0.0522;OFICIAL;URBANA;30;160;0;0;0;Medellín;9;;Medellín;Antioquia;;
217442000246;INSTITUCION EDUCATIVA GENERAL RAMON MARIN - SEDE PRINCIPAL;1;Bajo;190;0.2365;;RURAL;0;0;136;54;0;Marmato;11;1;Caldas;Caldas;;Federación Nacional de Cafeteros de Colombia
223417001220;VILLA CONCEPCIÓN - SEDE PRINCIPAL;3;Crítico;190;0.8437;;RURAL;5;33;88;51;13;Lorica;17;2;Lorica;Córdoba;;
305541000438;INSTITUTO REGIONAL COREDI;1;Bajo;189;0.0436;NO OFICIAL;RURAL;16;110;63;0;0;Peñol;;;Antioquia;Antioquia;SI;Comfama (Caja de Compensación Familiar de Antioquia)
176403000087;SAGRADO CORAZON DE JESUS;3;Crítico;189;0.1452;OFICIAL;URBANA;75;114;0;0;0;La Victoria;7;;Valle;Valle del Cauca;SI;
276109001894;SAN MARTIN;1;Bajo;189;0.3388;OFICIAL;URBANA;26;163;0;0;0;Buenaventura;;;Buenaventura;Valle del Cauca;SI;
225878000708;INSTITUCION EDUCATIVA DEPARTAMENTAL SAN GABRIEL;2;Moderado;189;0.0705;OFICIAL;RURAL;0;0;133;36;20;Viotá;16;2;Cundinamarca;Cundinamarca;;Fundación Alquería Cavelier
273411000725;I.E.T. LEPANTO - SEDE PRINCIPAL;3;Crítico;189;0.1354;OFICIAL;URBANA;0;21;133;35;0;Líbano;14;2;Tolima;Tolima;;
376364002505;COLEGIO CARRUSEL DE AMIGOS - SEDE PRINCIPAL;3;Crítico;188;0.6792;NO OFICIAL;URBANA;22;106;60;0;0;Jamundí;;;Jamundí;Valle del Cauca;SI;
219137000701;CENTRO DOCENTE BETANIA;1;Bajo;188;;OFICIAL;RURAL;13;97;61;17;0;Caldono;11;;;Cauca;;
205861000037;I. E. ORLANDO VELASQUEZ ARANGO;2;Moderado;188;0.0433;OFICIAL;URBANA;0;0;149;39;0;Venecia;12;1;Antioquia;Antioquia;;Comfama (Caja de Compensación Familiar de Antioquia) | Fundación Fraternidad Medellín
176834000475;SEDE NO. 14 ANTONIO JOSE DE SUCRE;1;Bajo;188;0.682;OFICIAL;URBANA;0;166;0;0;22;Tuluá;4;;Tuluá;Valle del Cauca;;Claro Colombia | Natura Cosmeticos Ltda.
176892000744;HECTOR ALFONSO SAVEDRA;1;Bajo;188;0.8357;OFICIAL;URBANA;25;128;0;0;35;Yumbo;7;1;Yumbo;Valle del Cauca;;
276100000518;MANUEL DOLORES MONDRAGON;2;Moderado;187;0.1437;OFICIAL;RURAL;22;19;83;25;38;Bolívar;12;2;Valle;Valle del Cauca;SI;Fundación Carvajal
219130000381;LA MESETA (sede principal);3;Crítico;187;;OFICIAL;RURAL;10;43;89;45;0;Cajibío;13;1;;Cauca;;
205148000272;CENTRO EDUCATIVO RURAL LA RIVERA;1;Bajo;187;0.0431;OFICIAL;RURAL;11;76;75;25;0;El Carmen de Viboral;10;;Antioquia;Antioquia;;
285001004667;TILODIRAN;1;Bajo;186;0.4736;OFICIAL;RURAL;52;134;0;0;0;Yopal;8;;Yopal;Casanare;NO;
276130000237;LUIS CARLOS PEÑA;1;Bajo;186;0.1429;;;20;106;39;0;21;Candelaria;7;;Valle;Valle del Cauca;SI;
219022001207;LA HERRADURA (sede principal);1;Bajo;186;;OFICIAL;RURAL;10;51;91;34;0;Almaguer;15;2;;Cauca;;
219110001691;NUEVA VISION DE HONDURAS (sede principal);1;Bajo;186;;OFICIAL;RURAL;0;0;121;65;0;Buenos Aires;18;2;;Cauca;;
219130003666;NUESTRA SEÑORA DE LAS MERCEDES (sede principal);2;Moderado;186;;OFICIAL;RURAL;0;0;135;51;0;Cajibío;13;2;;Cauca;;
205591000072;I. E. R. ESTACION COCORNA;1;Bajo;186;0.0429;OFICIAL;RURAL;15;75;76;20;0;Puerto Triunfo;13;1;Antioquia;Antioquia;;
176520001761;ALFONSO CABAL MADRIÑAN;2;Moderado;185;0.3753;OFICIAL;URBANA;62;123;0;0;0;Palmira;9;;Palmira;Valle del Cauca;SI;
205837005931;E.R. ANTONIO NARÑO;2;Moderado;185;0.4941;OFICIAL;RURAL;0;185;0;0;0;Turbo;8;;Turbo;Antioquia;SI;
119743000584;FRANCISCO JOSE DE CALDAS (sede principal);1;Bajo;185;;OFICIAL;URBANA;0;0;91;57;37;Silvia;18;2;;Cauca;;
219743000180;CENTRO DOCENTE RURAL MIXTO MIRAFLORES;1;Bajo;185;;OFICIAL;RURAL;11;71;76;27;0;Silvia;13;1;;Cauca;;
105001007471;SECCION ESCUELA CONTRANAL;1;Bajo;185;0.0508;OFICIAL;URBANA;21;164;0;0;0;Medellín;7;;Medellín;Antioquia;;
225530000267;INSTITUCIÓN EDUCATIVA RURAL DEPARTAMENTAL SANTA CECILIA;3;Crítico;185;0.069;OFICIAL;RURAL;14;53;85;33;0;Paratebueno;12;1;Cundinamarca;Cundinamarca;;Fundación Alquería Cavelier | Fundación Corona
176834001021;SEDE NO. 78 JESUS MAESTRO;2;Moderado;185;0.6711;OFICIAL;URBANA;19;166;0;0;0;Tuluá;5;;Tuluá;Valle del Cauca;;
217042000263;INSTITUCION EDUCATIVA JUAN XXIII - SEDE PRINCIPAL;1;Bajo;185;0.2303;;RURAL;14;89;42;19;21;Anserma;12;2;Caldas;Caldas;;Federación Nacional de Cafeteros de Colombia
217174000432;INSTITUCIÓN EDUCATIVA EL TREBOL - SEDE PRINCIPAL;3;Crítico;185;0.2303;;RURAL;0;0;132;53;0;Chinchiná;17;2;Caldas;Caldas;;Federación Nacional de Cafeteros de Colombia
117272000578;INSTITUCION EDUCATIVA FILADELFIA - SEDE PRINCIPAL;1;Bajo;185;0.2303;;URBANA;0;0;117;68;0;Filadelfia;19;1;Caldas;Caldas;;
217001000526;INSTITUCIÓN EDUCATIVA RURAL SERAFICO SAN ANTONIO DE PADUA;3;Crítico;184;0.3873;OFICIAL;RURAL;17;53;82;32;0;Manizales;17;1;Manizales;Caldas;SI;Colombia Evidencia Potencial en Educación | Federación Nacional de Cafeteros de Colombia
163001000060;PINARES;2;Moderado;184;0.4547;OFICIAL;URBANA;23;148;0;0;13;Armenia;5;;Armenia;Quindio;SI;Claro Colombia | Universidad La Gran Colombia Seccional Armenia
227615001061;SEDE LAS CAMELIAS;2;Moderado;184;0.1616;OFICIAL;RURAL;38;137;0;0;9;Carmen del Darién;7;;Choco;Chocó;SI;
219137000042;CENTRO DE FORMACION AGROAMBIENTAL - KIWE ÇEHK FXI´ZE WA´ -EL PORVENIR CALDONO- CEFAKIÇ;1;Bajo;184;;OFICIAL;RURAL;22;107;55;0;0;Caldono;12;;;Cauca;;
205400000035;I. E. R. SAN JUAN;2;Moderado;184;0.0424;OFICIAL;RURAL;14;67;78;25;0;La Unión;13;1;Antioquia;Antioquia;;Corporación Empresarial Del Oriente Antioqueño
205679000331;I. E. EL GUAYABO;2;Moderado;184;0.0424;OFICIAL;RURAL;12;55;83;34;0;Santa Bárbara;13;1;Antioquia;Antioquia;;Comfama (Caja de Compensación Familiar de Antioquia) | Fundación Fraternidad Medellín
205686000223;I.E.R. MONSEÑOR MIGUEL ANGEL BUILES;2;Moderado;184;0.0424;OFICIAL;RURAL;11;74;69;30;0;Santa Rosa de Osos;12;2;Antioquia;Antioquia;;Fundación Empresas Públicas De Medellín
305001020191;SECCION ESCUELA EL TRIUNFO;1;Bajo;184;0.0505;OFICIAL;URBANA;28;156;0;0;0;Medellín;;;Medellín;Antioquia;;
176834000416;SEDE NO. 9 MARIA INMACULADA;1;Bajo;184;0.6675;OFICIAL;URBANA;20;157;0;0;7;Tuluá;6;;Tuluá;Valle del Cauca;;
176892099767;VILLA ESPERANZA;1;Bajo;184;0.818;OFICIAL;URBANA;26;158;0;0;0;Yumbo;6;;Yumbo;Valle del Cauca;;
105360000172;INSTITUCIÓN EDUCATIVA MARÍA JOSEFA ESCOBAR-SEDE JUAN ECHEVERRY ABAD;2;Moderado;183;0.4892;OFICIAL;URBANA;24;94;65;0;0;Itagüí;8;;Itagui;Antioquia;SI;Fundación Carvajal | Fundación Nutresa
285001001633;EL TRIUNFO;1;Bajo;183;0.466;OFICIAL;RURAL;15;57;81;30;0;Yopal;15;;Yopal;Casanare;NO;
176001004469;GENERAL SANTANDER;2;Moderado;183;0.0596;OFICIAL;URBANA;16;167;0;0;0;Cali;5;;Cali;Valle del Cauca;SI;
276109005270;ANIBAL MUÑOZ DUQUE.;1;Bajo;183;0.3281;OFICIAL;RURAL;13;134;36;0;0;Buenaventura;4;;Buenaventura;Valle del Cauca;SI;
217777000534;INSTITUCION EDUCATIVA OBISPO - SEDE PRINCIPAL;1;Bajo;183;0.2278;;RURAL;3;44;102;34;0;Supía;12;1;Caldas;Caldas;;
219698000319;BAJO SAN FRANCISCO (sede principal);2;Moderado;182;;OFICIAL;RURAL;10;59;94;19;0;Santander de Quilichao;12;;;Cauca;;
217653000684;INSTITUCION EDUCATIVA SAN FELIX - SEDE PRINCIPAL;1;Bajo;182;0.2266;;RURAL;13;72;70;27;0;Salamina;19;2;Caldas;Caldas;;Federación Nacional de Cafeteros de Colombia
117001006104;INSTITUCIÓN EDUCATIVA ADOLFO HOYOS OCAMPO;2;Moderado;181;0.381;OFICIAL;URBANA;8;28;95;43;7;Manizales;16;2;Manizales;Caldas;SI;Fundación Corona | Fundación Luker
117001004373;COLEGIO NUESTRA SEÑORA DE FATIMA;2;Moderado;181;0.381;OFICIAL;URBANA;0;0;126;55;0;Manizales;;;Manizales;Caldas;SI;Caja de Compensación Familiar de Caldas | Claro Colombia
105360001179;INSTITUCION EDUCATIVA CIUDAD ITAGUI SEDE MARIA BERNAL;1;Bajo;181;0.4839;OFICIAL;URBANA;20;161;0;0;0;Itagüí;7;;Itagui;Antioquia;SI;Comfama (Caja de Compensación Familiar de Antioquia) | Periódico El Mundo
117001002265;INSTITUCIÓN EDUCATIVA VILLA DEL PILAR SEDE A;1;Bajo;181;0.381;OFICIAL;URBANA;24;157;0;0;0;Manizales;8;;Manizales;Caldas;SI;Fundación Luker
176001004116;CRISTINA SERRANO DE LOURIDO;2;Moderado;181;0.059;OFICIAL;URBANA;31;150;0;0;0;Cali;3;;Cali;Valle del Cauca;SI;
227073000411;IE SAN ISIDRO - SEDE PRINCIPAL;2;Moderado;181;0.1589;OFICIAL;RURAL;12;78;78;13;0;Bagadó;16;2;Choco;Chocó;SI;
219256003734;CHISQUIO (sede principal);2;Moderado;181;;OFICIAL;RURAL;10;84;60;27;0;El Tambo;14;;;Cauca;;Fundación Smurfit Westrock Colombia
219473000263;EL MANGO (sede principal);1;Bajo;181;;OFICIAL;RURAL;10;52;83;36;0;Morales;12;1;;Cauca;;
219548000574;COLEGIO AGROINDUSTRIAL INTEGRADO LA MARIA;1;Bajo;181;;OFICIAL;RURAL;8;53;92;28;0;Piendamó - Tunía;13;;;Cauca;;
419130001450;INSTITUTO TECNICO AGROPECUARIO FORESTAL SMURFIT CARTON DE C.;1;Bajo;181;;NO OFICIAL;RURAL;0;0;132;49;0;Cajibío;;;;Cauca;;Fundación Corona | Fundación Nutresa | Liceo Pino Verde
205237000081;I. E. R. BENILDA VALENCIA;2;Moderado;181;0.0417;OFICIAL;RURAL;7;79;78;17;0;Donmatías;13;1;Antioquia;Antioquia;;
276834000771;SEDE NO 47 . NUESTRA SEÑORA DEL CARMEN;1;Bajo;181;0.6566;OFICIAL;RURAL;0;181;0;0;0;Tuluá;6;;Tuluá;Valle del Cauca;;
276113000754;ANTONIO NARIÑO;2;Moderado;180;0.1383;;;0;0;114;28;38;Bugalagrande;11;1;Valle;Valle del Cauca;SI;
219050000178;EL DIVISO- SEDE PRINCIPAL (sede principal);3;Crítico;180;;OFICIAL;RURAL;10;65;65;16;24;Argelia;15;1;;Cauca;;
219075000636;SAN ALFONSO (sede principal);1;Bajo;180;;OFICIAL;RURAL;0;0;127;53;0;Balboa;16;1;;Cauca;;
219743000295;CENTRO DOCENTE RURAL MIXTO EL TENGO;1;Bajo;180;;OFICIAL;RURAL;20;70;62;28;0;Silvia;12;;;Cauca;;
105142800001;RODOLFO CEBALLOS;2;Moderado;180;0.0415;OFICIAL;URBANA;29;151;0;0;0;Caracolí;6;;Antioquia;Antioquia;;
266001001370;INSTITUCION EDUCATIVA LA PALMILLA;3;Crítico;180;0.2325;OFICIAL;RURAL;7;0;128;45;0;Pereira;24;2;Pereira;Risaralda;;
150001006861;ESCUELA DE SORDOS;1;Bajo;179;0.1866;OFICIAL;URBANA;59;120;0;0;0;Villavicencio;5;1;Villavicencio;Meta;;
117013001086;INSTITUCION EDUCATIVA ROBERTO PELAEZ - SEDE PRINCIPAL;2;Moderado;179;0.2228;;URBANA;0;0;114;65;0;Aguadas;12;1;Caldas;Caldas;;Caja de Compensación Familiar de Caldas
276306000174;MANUELA BELTRAN;2;Moderado;178;0.1368;OFICIAL;RURAL;7;0;64;63;44;Ginebra;12;1;Valle;Valle del Cauca;SI;Fundación Nutresa
317001005221;INSTITUTO PARA LA CIENCIA;1;Bajo;178;0.3747;NO OFICIAL;URBANA;0;47;89;42;0;Manizales;;;Manizales;Caldas;SI;
405837002257;BOCAS DEL ATRATO;2;Moderado;178;0.4754;OFICIAL;RURAL;7;81;70;20;0;Turbo;14;1;Turbo;Antioquia;SI;Parque Explora
219698000122;JOSE EUSTACIO RIVERA;1;Bajo;178;;OFICIAL;RURAL;27;151;0;0;0;Santander de Quilichao;11;;;Cauca;;Fundación Telefónica
217444000821;INSTITUCION EDUCATIVA ANTONIO MARIA HINCAPIE - SEDE PRINCIPAL;2;Moderado;178;0.2216;;RURAL;0;0;122;56;0;Marquetalia;15;2;Caldas;Caldas;;
217662000484;ESCUELA JORGE ISAAC;1;Bajo;178;0.2216;;URBANA;53;125;0;0;0;Samaná;6;;Caldas;Caldas;;
217614000634;ESCUELA RURAL MIXTA SIMON BOLIVAR;1;Bajo;178;0.2216;;RURAL;25;153;0;0;0;Riosucio;2;;Caldas;Caldas;;
223417001670;EL LAZO - SEDE PRINCIPAL;1;Bajo;178;0.7904;;RURAL;16;56;73;33;0;Lorica;15;1;Lorica;Córdoba;;
119212000725;EL JARDIN;1;Bajo;177;;OFICIAL;URBANA;25;152;0;0;0;Corinto;6;;;Cauca;;
119743000169;ADRIANO MUNOZ;1;Bajo;177;;OFICIAL;URBANA;25;152;0;0;0;Silvia;8;;;Cauca;;
205308000312;I.E.R. NUESTRA SEÑORA DEL CARMEN;2;Moderado;177;0.0408;OFICIAL;RURAL;14;62;63;38;0;Girardota;10;2;Antioquia;Antioquia;;Comfama (Caja de Compensación Familiar de Antioquia) | Fundación Incolmotos Yamaha | Fundación Nutresa
205001014189;CENTRO EDUCATIVO EL PLACER;1;Bajo;177;0.0486;OFICIAL;RURAL;21;156;0;0;0;Medellín;8;;Medellín;Antioquia;;Comfama (Caja de Compensación Familiar de Antioquia)
276250000893;NACION EMBERA DEL VALLE DEL CAUCA IENEV;3;Crítico;177;0.136;OFICIAL;RURAL;35;79;60;3;0;El Dovio;30;4;Valle;Valle del Cauca;;
117380000151;ESCUELA POLICARPA SALAVARRIETA;2;Moderado;177;0.2204;;URBANA;35;142;0;0;0;La Dorada;6;;Caldas;Caldas;;
127001004131;SEDE BARRIO SAMPER;3;Crítico;176;0.4791;OFICIAL;URBANA;41;129;0;0;6;Quibdó;14;;Quibdó;Chocó;SI;Natura Cosmeticos Ltda.
127001000039;SEDE LOS ANGELES;3;Crítico;176;0.4791;OFICIAL;URBANA;26;150;0;0;0;Quibdó;7;;Quibdó;Chocó;SI;Natura Cosmeticos Ltda.
127001000047;SEDE ALAMEDA REYES;2;Moderado;176;0.4791;OFICIAL;URBANA;17;159;0;0;0;Quibdó;11;;Quibdó;Chocó;SI;
105837000161;E.U. SIETE DE AGOSTO;2;Moderado;176;0.4701;OFICIAL;RURAL;23;153;0;0;0;Turbo;5;;Turbo;Antioquia;SI;
376111001804;COLEGIO SANTIAGO VERGARA CRESPO;1;Bajo;176;0.9773;NO OFICIAL;URBANA;70;106;0;0;0;Guadalajara de Buga;;;Buga;Valle del Cauca;SI;
205837007152;INTEGRADA DE RIO GRANDE;2;Moderado;176;0.4701;OFICIAL;RURAL;20;156;0;0;0;Turbo;7;;Turbo;Antioquia;SI;
117001002303;INSTITUCIÓN EDUCATIVA MARISCAL SUCRE;1;Bajo;176;0.3705;OFICIAL;URBANA;0;0;43;133;0;Manizales;24;2;Manizales;Caldas;SI;Fundación Corona | Fundación Luker
276001011184;TIERRA DE HOMBRES SEDE PRINCIPAL;2;Moderado;176;0.0573;OFICIAL;RURAL;11;90;75;0;0;Cali;15;2;Cali;Valle del Cauca;SI;Red Papaz
119364000062;CENTRO DOCENTE URBANO MIXTO JAMBALO;2;Moderado;176;;OFICIAL;URBANA;16;160;0;0;0;Jambaló;10;;;Cauca;;
219455000299;CENTRO DOCENTE RURAL MIXTO EL CABILDO;1;Bajo;176;;OFICIAL;RURAL;15;44;76;41;0;Miranda;16;2;;Cauca;;
125899000274;SEDE RAFAEL POMBO;1;Bajo;176;0.6333;OFICIAL;URBANA;21;155;0;0;0;Zipaquirá;8;;Zipaquirá;Cundinamarca;;Fundación Alquería Cavelier
427800000461;IE ALCIDES FERNANDEZ - SEDE PRINCIPAL;2;Moderado;175;0.1537;OFICIAL;RURAL;0;0;144;31;0;Unguía;14;2;Choco;Chocó;SI;
217174000131;INSTITUCION EDUCATIVA EDUARDO GOMEZ ARRUBLA - SEDE PRINCIPAL;3;Crítico;175;0.2179;;RURAL;4;61;75;35;0;Chinchiná;15;1;Caldas;Caldas;;Federación Nacional de Cafeteros de Colombia
217873000308;INSTITUCION EDUCATIVA PARTIDAS - SEDE PRINCIPAL;2;Moderado;175;0.2179;;RURAL;8;54;85;28;0;Villamaría;14;1;Caldas;Caldas;;Federación Nacional de Cafeteros de Colombia
241396000790;SAN MIGUEL;2;Moderado;174;0.1365;OFICIAL;RURAL;8;48;96;22;0;La Plata;17;1;Huila;Huila;SI;
176113000041;MARÍA INMACULADA;2;Moderado;174;0.1337;OFICIAL;URBANA;23;151;0;0;0;Bugalagrande;4;;Valle;Valle del Cauca;SI;
119513000020;ANTONIA SANTOS;1;Bajo;174;;OFICIAL;URBANA;63;111;0;0;0;Padilla;9;;;Cauca;;
273236000172;I.E. SAN ANDRES - SEDE PRINCIPAL;3;Crítico;173;0.1239;OFICIAL;RURAL;6;40;87;40;0;Dolores;14;1;Tolima;Tolima;SI;
276364002543;SEDE TRINIDAD VIAFARA;2;Moderado;173;0.625;OFICIAL;RURAL;30;143;0;0;0;Jamundí;8;;Jamundí;Valle del Cauca;SI;
125286000263;CONCENTRACION URBANA MEXICO;1;Bajo;173;0.9505;OFICIAL;URBANA;25;148;0;0;0;Funza;6;;Funza;Cundinamarca;SI;
305380000046;COLEGIO LIZARDI MONTOYA;1;Bajo;173;1.2414;NO OFICIAL;URBANA;0;59;87;27;0;La Estrella;;;La Estrella;Antioquia;SI;Fundación Bien Humano
141001005998;PANORAMA;1;Bajo;173;0.2564;OFICIAL;URBANA;20;153;0;0;0;Neiva;10;;Neiva;Huila;SI;
119212000687;LA COLOMBIANA;1;Bajo;173;;OFICIAL;URBANA;34;139;0;0;0;Corinto;3;;;Cauca;;
219693000019;SANTIAGO (sede principal);1;Bajo;173;;OFICIAL;RURAL;5;36;83;49;0;San Sebastián;16;1;;Cauca;;
419698002329;INSTITUTO TECNICO AGROPECUARIO JUAN TAMA;1;Bajo;173;;OFICIAL;RURAL;0;0;121;52;0;Santander de Quilichao;14;1;;Cauca;;
176520001906;GRAN COLOMBIA;2;Moderado;172;0.3489;OFICIAL;URBANA;21;151;0;0;0;Palmira;7;;Palmira;Valle del Cauca;SI;
276233001223;BELLAVISTA;2;Moderado;172;0.1322;OFICIAL;RURAL;0;172;0;0;0;Dagua;7;;Valle;Valle del Cauca;SI;
219585000487;MARGARITA LEGARDA (sede principal);1;Bajo;172;;OFICIAL;RURAL;0;0;116;56;0;Puracé;13;2;;Cauca;;Fundación Barco
163130000106;EDUARDO NORRIS;1;Bajo;172;0.4738;OFICIAL;URBANA;25;147;0;0;0;Calarcá;3;;Quindio;Quindio;;
105266000681;ESCUELA EL TRIANON;1;Bajo;172;0.5881;;URBANA;15;157;0;0;0;Envigado;7;;Envigado;Antioquia;;Periódico El Mundo
376364001797;LICEO ÁGORA;2;Moderado;171;0.6178;NO OFICIAL;URBANA;0;64;61;26;20;Jamundí;;;Jamundí;Valle del Cauca;SI;
276001022267;JOSE HOLGUIN GARCES;2;Moderado;171;0.0557;OFICIAL;RURAL;0;0;108;47;16;Cali;13;2;Cali;Valle del Cauca;SI;
219780000319;NINA MARIA;1;Bajo;171;;OFICIAL;RURAL;18;153;0;0;0;Suárez;8;;;Cauca;;
105001001686;SECCION ESCUELA RICARDO URIBE ESCOBAR;1;Bajo;171;0.047;OFICIAL;URBANA;0;46;96;29;0;Medellín;11;2;Medellín;Antioquia;;Comfama (Caja de Compensación Familiar de Antioquia) | Fundación Nutresa
117777000432;INSTITUCION EDUCATIVA SAN VICTOR - SEDE PRINCIPAL;2;Moderado;171;0.2129;;URBANA;22;32;83;34;0;Supía;23;1;Caldas;Caldas;;Caja de Compensación Familiar de Caldas
217867000061;INSTITUCION EDUCATIVA CAÑAVERAL - SEDE PRINCIPAL;2;Moderado;171;0.2129;;RURAL;21;35;84;31;0;Victoria;13;2;Caldas;Caldas;;Federación Nacional de Cafeteros de Colombia
127001004115;SEDE EL PARAISO;1;Bajo;170;0.4628;OFICIAL;URBANA;26;120;0;0;24;Quibdó;11;;Quibdó;Chocó;SI;
176248000440;GUILLERMO LEON VALENCIA;2;Moderado;170;0.1306;OFICIAL;URBANA;0;170;0;0;0;El Cerrito;4;;Valle;Valle del Cauca;SI;
219418000297;BOCA GRANDE (sede principal);1;Bajo;170;;OFICIAL;RURAL;11;70;77;12;0;López de Micay;11;1;;Cauca;;
150001000561;CONC ESC ANTONIA SANTOS;1;Bajo;170;0.1772;OFICIAL;URBANA;14;156;0;0;0;Villavicencio;9;;Villavicencio;Meta;;
266088000528;SE COLEGIO TECNICO AGROPECUARIO TAPARCAL - SEDE PRINCIPAL;3;Crítico;170;0.3831;OFICIAL;RURAL;0;0;116;41;13;Belén de Umbría;12;2;Risaralda;Risaralda;;Fundación Nutresa
376111002673;LIC JUVENIL;3;Crítico;169;0.9385;NO OFICIAL;URBANA;7;74;67;21;0;Guadalajara de Buga;;;Buga;Valle del Cauca;SI;
176520001973;BENILDA CAICEDO DE EDER;3;Crítico;169;0.3429;OFICIAL;URBANA;20;149;0;0;0;Palmira;5;;Palmira;Valle del Cauca;SI;
176606000198;GRAN COLOMBIA;3;Crítico;169;0.1299;OFICIAL;URBANA;20;149;0;0;0;Restrepo;5;;Valle;Valle del Cauca;SI;
276275000944;SIMON BOLIVAR;2;Moderado;169;0.1299;OFICIAL;RURAL;0;169;0;0;0;Florida;5;;Valle;Valle del Cauca;SI;Natura Cosmeticos Ltda.
219392000986;NUEVA GENERACION (sede principal);1;Bajo;169;;OFICIAL;RURAL;0;0;121;48;0;La Sierra;14;2;;Cauca;;
205147000627;CENTRO EDUCATIVO LA ESPERANZA;1;Bajo;169;0.0389;OFICIAL;RURAL;24;71;58;16;0;Carepa;;;Antioquia;Antioquia;;Comfama (Caja de Compensación Familiar de Antioquia)
176834000521;SEDE NO. 19 JOSE JOAQUIN JARAMILLO;2;Moderado;169;0.6131;OFICIAL;URBANA;8;161;0;0;0;Tuluá;8;;Tuluá;Valle del Cauca;;
276616000590;NEMESIO RODRIGUEZ;1;Bajo;169;0.1299;OFICIAL;RURAL;0;0;106;35;28;Riofrío;11;2;Valle;Valle del Cauca;;Fundación Carvajal | Fundación Nutresa
217873000499;INSTITUCION EDUCATIVA FORTUNATO GAVIRIA BOTERO - SEDE PRINCIPAL;1;Bajo;169;0.2104;;RURAL;0;0;111;58;0;Villamaría;14;2;Caldas;Caldas;;Alca Sistemas Sas | Fundación Barco | Fundación Corona
176845000019;LEOCADIO SALAZAR;1;Bajo;168;0.1291;OFICIAL;URBANA;0;0;89;61;18;Ulloa;18;2;Valle;Valle del Cauca;SI;Red Papaz
276109800011;HECTOR EPALZA QUINTERO;3;Crítico;168;0.3012;OFICIAL;RURAL;17;78;51;0;22;Buenaventura;3;;Buenaventura;Valle del Cauca;SI;
276233000545;NUESTRA SEÑORA DE FATIMA;1;Bajo;168;0.1291;OFICIAL;RURAL;95;73;0;0;0;Dagua;7;;Valle;Valle del Cauca;;
217513000722;INSTITUCION EDUCATIVA LAS COLES - SEDE PRINCIPAL;2;Moderado;167;0.2079;OFICIAL;RURAL;6;49;79;33;0;Pácora;16;2;Caldas;Caldas;SI;Federación Nacional de Cafeteros de Colombia
117001002702;INSTITUCIÓN EDUCATIVA MALABAR SEDE B;1;Bajo;167;0.3515;OFICIAL;URBANA;35;132;0;0;0;Manizales;5;;Manizales;Caldas;SI;
176001014120;ALEJANDRO CABAL POMBO;2;Moderado;167;0.0544;OFICIAL;URBANA;15;131;21;0;0;Cali;8;;Cali;Valle del Cauca;SI;
119137001559;CENTRO DE FORMACIÓN INTEGRAL COMUNITARIO HOGARES CALDONO - CEFIC;1;Bajo;167;;OFICIAL;RURAL;0;0;120;47;0;Caldono;11;;;Cauca;;
119698002198;NARINO UNIDO;1;Bajo;167;;OFICIAL;URBANA;15;152;0;0;0;Santander de Quilichao;9;1;;Cauca;;
219075000342;INSTITUCION EDUCATIVA PURETO (SEDE PRINCIPAL);1;Bajo;167;;OFICIAL;RURAL;6;47;100;14;0;Balboa;13;1;;Cauca;;
219397000542;LOS UVOS (sede principal);1;Bajo;167;;OFICIAL;RURAL;15;49;82;21;0;La Vega;15;1;;Cauca;;
219824000532;CENTRO LA ESTELA;1;Bajo;167;;OFICIAL;RURAL;6;65;71;25;0;Totoró;12;1;;Cauca;;
205002000777;I. E. R. PANTANILLO;1;Bajo;167;0.0385;OFICIAL;RURAL;13;55;65;34;0;Abejorral;12;1;Antioquia;Antioquia;;Comfama (Caja de Compensación Familiar de Antioquia)
176520006525;CARLOS ARTURO RODRIGUEZ;2;Moderado;166;0.3368;OFICIAL;URBANA;23;143;0;0;0;Palmira;6;;Palmira;Valle del Cauca;SI;
227787000031;IE TECNICO AGROAMBIENTAL - SEDE PRINCIPAL;1;Bajo;166;0.1458;OFICIAL;URBANA;0;0;119;47;0;Tadó;18;1;Choco;Chocó;SI;
176736000122;SAN JOSE;2;Moderado;166;0.1276;OFICIAL;URBANA;27;139;0;0;0;Sevilla;2;;Valle;Valle del Cauca;SI;
219110000156;ESCUELA RURAL MIXTA DOS RIOS;1;Bajo;166;;OFICIAL;RURAL;16;77;73;0;0;Buenos Aires;9;;;Cauca;;
273067000303;CASA DE ZINC;2;Moderado;166;0.1189;OFICIAL;RURAL;10;68;73;15;0;Ataco;11;;Tolima;Tolima;;
176246000337;LA PRESENTACIÓN;3;Crítico;165;0.1268;OFICIAL;URBANA;0;0;119;46;0;El Cairo;14;1;Valle;Valle del Cauca;SI;Fundación Carvajal
219110000636;ESCUELA RURAL MIXTA LAS DELICIAS;2;Moderado;165;;OFICIAL;RURAL;16;70;63;16;0;Buenos Aires;16;1;;Cauca;;
219455000558;SANTA ANA (sede principal);1;Bajo;165;;OFICIAL;RURAL;0;0;79;16;70;Miranda;14;1;;Cauca;;
163130000149;POLICARPA SALAVARRIETA;1;Bajo;165;0.4545;OFICIAL;URBANA;21;144;0;0;0;Calarcá;4;;Quindio;Quindio;;
205318000248;C. E. R. COLORADOS;2;Moderado;165;0.038;OFICIAL;RURAL;24;141;0;0;0;Guarne;6;;Antioquia;Antioquia;;Corporación Empresarial Del Oriente Antioqueño
105001019798;INSTITUCION EDUCATIVA ALFONSO LOPEZ;1;Bajo;165;0.0453;OFICIAL;URBANA;0;0;165;0;0;Medellín;12;1;Medellín;Antioquia;;Fundación Carvajal
105001015181;SECCION ESCUELA REFUGIO DEL NIÑO;1;Bajo;165;0.0453;OFICIAL;URBANA;24;141;0;0;0;Medellín;7;1;Medellín;Antioquia;;Fundación Incolmotos Yamaha
125489000447;INSTITUCION EDUCATIVA DEPARTAMENTAL CACIQUE ANAMAY;1;Bajo;165;0.0616;OFICIAL;URBANA;5;50;66;29;15;Nimaima;11;1;Cundinamarca;Cundinamarca;;Fundación Alquería Cavelier | Fundación Nutresa
166001003947;LIBERTAD;3;Crítico;165;0.2131;OFICIAL;URBANA;47;118;0;0;0;Pereira;6;;Pereira;Risaralda;;
217088000497;ESCUELA RURAL SIMON BOLIVAR;2;Moderado;165;0.2054;;RURAL;14;92;59;0;0;Belalcázar;8;;Caldas;Caldas;;
217442000041;INSTITUCION EDUCATIVA CABRAS - SEDE PRINCIPAL;1;Bajo;165;0.2054;;RURAL;9;66;69;21;0;Marmato;13;1;Caldas;Caldas;;Federación Nacional de Cafeteros de Colombia
268547000121;ESCUELA RURAL SEVILLA;3;Crítico;164;0.4926;OFICIAL;RURAL;3;25;99;37;0;Piedecuesta;10;;Piedecuesta;Santander;NO;
176520001809;RICARDO NIETO;2;Moderado;164;0.3327;OFICIAL;URBANA;22;142;0;0;0;Palmira;6;;Palmira;Valle del Cauca;SI;
241001001890;CHAPINERO;1;Bajo;164;0.2431;OFICIAL;RURAL;12;51;79;22;0;Neiva;12;2;Neiva;Huila;SI;Fundación Barco
176250000295;JOSE JOAQUIN JARAMILLO;1;Bajo;164;0.126;OFICIAL;URBANA;23;141;0;0;0;El Dovio;4;;Valle;Valle del Cauca;SI;
219693000621;VALENCIA (sede principal);1;Bajo;164;;OFICIAL;RURAL;11;57;75;21;0;San Sebastián;13;1;;Cauca;;
219809001395;SANTA ROSA (sede principal);1;Bajo;164;;OFICIAL;RURAL;10;31;93;30;0;Timbiquí;14;2;;Cauca;;
276377000353;CONCENTRACION DE DESARROLLO RURAL;3;Crítico;163;0.1253;OFICIAL;RURAL;0;0;118;45;0;La Cumbre;15;;Valle;Valle del Cauca;SI;
176823000031;LA INMACULADA;2;Moderado;163;0.1253;OFICIAL;URBANA;8;121;0;0;34;Toro;5;;Valle;Valle del Cauca;SI;
119698000276;EL ROSARIO;1;Bajo;163;;OFICIAL;URBANA;19;144;0;0;0;Santander de Quilichao;7;1;;Cauca;;
217042000166;INSTITUCION EDUCATIVA GOMEZ FERNANDEZ - SEDE PRINCIPAL;3;Crítico;163;0.2029;;RURAL;3;28;88;44;0;Anserma;12;1;Caldas;Caldas;;Federación Nacional de Cafeteros de Colombia
176606000422;JORGE ELIECER GAITAN;3;Crítico;162;0.1245;OFICIAL;URBANA;0;0;0;162;0;Restrepo;31;2;Valle;Valle del Cauca;SI;Fundación Nutresa | Red Papaz
117001001072;INSTITUCION EDUCATIVA SIETE DE AGOSTO SEDE A;1;Bajo;162;0.341;OFICIAL;URBANA;15;147;0;0;0;Manizales;5;;Manizales;Caldas;SI;
276001011770;SEDE ANDRES JOAQUIN LENIS;2;Moderado;162;0.0528;OFICIAL;RURAL;25;137;0;0;0;Cali;5;1;Cali;Valle del Cauca;SI;
276109009747;UNION AGUA CLARA;3;Crítico;162;0.2904;OFICIAL;RURAL;11;69;82;0;0;Buenaventura;;;Buenaventura;Valle del Cauca;SI;
376109008001;SAGRADO CORAZON DE MARIA;1;Bajo;162;0.2904;OFICIAL;URBANA;30;132;0;0;0;Buenaventura;6;;Buenaventura;Valle del Cauca;SI;
219256000247;URIBE (sede principal);1;Bajo;162;;OFICIAL;RURAL;14;39;74;35;0;El Tambo;16;1;;Cauca;;Fundación Smurfit Westrock Colombia
219355000909;SAN ANDRES;3;Crítico;162;;OFICIAL;RURAL;22;140;0;0;0;Inzá;8;;;Cauca;;
219450001378;ISRAEL MARÍA NARVÁEZ (sede principal);1;Bajo;162;;OFICIAL;RURAL;0;0;104;58;0;Mercaderes;15;2;;Cauca;;
205101000355;I. E. R. FARALLONES;2;Moderado;162;0.0373;OFICIAL;RURAL;11;57;71;23;0;Ciudad Bolívar;11;1;Antioquia;Antioquia;;Comfama (Caja de Compensación Familiar de Antioquia) | Fundación Fraternidad Medellín
105001018821;SECCION ESCUELA MUNICIPAL CASTILLA;1;Bajo;162;0.0445;OFICIAL;URBANA;0;0;57;105;0;Medellín;9;;Medellín;Antioquia;;
225878000112;I.E.D. BAJO PALMAR - SEDE PRINCIPAL;2;Moderado;162;0.0605;OFICIAL;RURAL;7;27;80;36;12;Viotá;11;1;Cundinamarca;Cundinamarca;;Fundación Alquería Cavelier | Fundación Corona
217272000106;INSTITUCION EDUCATIVA CRISANTO LUQUE - SEDE PRINCIPAL;1;Bajo;162;0.2017;;RURAL;14;59;72;17;0;Filadelfia;17;2;Caldas;Caldas;;
263130800000;LA BELLA;1;Bajo;161;0.4435;OFICIAL;RURAL;19;142;0;0;0;Calarcá;7;;Quindio;Quindio;;
266001001698;EL PLACER;3;Crítico;161;0.208;OFICIAL;RURAL;41;120;0;0;0;Pereira;5;;Pereira;Risaralda;;
241396000510;CAMPESTRE SAN JOSE;2;Moderado;160;0.1255;OFICIAL;RURAL;6;37;81;36;0;La Plata;11;2;Huila;Huila;SI;
219397092111;COLEGIO AGROPECUARIO YANACONAS;1;Bajo;160;;OFICIAL;RURAL;7;54;73;26;0;La Vega;23;2;;Cauca;;
219698800049;CENTRO EDUCATIVO JERUSALEN - SEDE PRINCIPAL;2;Moderado;160;;OFICIAL;RURAL;28;132;0;0;0;Santander de Quilichao;;1;;Cauca;;
219824000133;CENTRO DOCENTE RURAL MIXTO PANIQUITA;2;Moderado;160;;OFICIAL;RURAL;19;141;0;0;0;Totoró;9;;;Cauca;;
125491000233;INSTITUCION EDUCATIVA DEPARTAMENTAL;1;Bajo;160;0.0597;OFICIAL;RURAL;0;0;98;35;27;Nocaima;10;1;Cundinamarca;Cundinamarca;;Fundación Alquería Cavelier | Fundación Enel Colombia | Fundación Nutresa
125513000232;CONCENTRACION URBANA LA PALMITA CHAPALA;2;Moderado;160;0.0597;OFICIAL;URBANA;38;122;0;0;0;Pacho;8;;Cundinamarca;Cundinamarca;;Fundación SURA
173270000021;ESC ANEXA;1;Bajo;160;0.1146;OFICIAL;URBANA;50;110;0;0;0;Falan;9;;Tolima;Tolima;;
276834002626;SEDE PRINCIPAL TRES ESQUINAS;2;Moderado;160;0.5804;OFICIAL;RURAL;0;0;113;47;0;Tuluá;13;2;Tuluá;Valle del Cauca;;Fundación Nutresa
176869000460;ALVARO ORTIZ CORREA;2;Moderado;159;0.1222;OFICIAL;URBANA;69;90;0;0;0;Vijes;5;;Valle;Valle del Cauca;SI;
219473006661;CENTRO INTEGRAL DE FORMACIÓN E INVESTIGACIÓN WAMPIANO - SEDE PRINCIPAL;2;Moderado;159;;OFICIAL;RURAL;14;59;67;19;0;Morales;10;1;;Cauca;;
219548000060;CAÑA DULCE (sede principal);1;Bajo;159;;OFICIAL;RURAL;7;54;69;29;0;Piendamó - Tunía;14;1;;Cauca;;
219824000371;INSTITUTO AGROPECUARIO MANUEL JOSE MOSQUERA VIDAL;1;Bajo;159;;OFICIAL;RURAL;0;0;106;53;0;Totoró;15;2;;Cauca;;
125513000526;CONCENTRACION URBANA SAN JOSE;2;Moderado;159;0.0593;OFICIAL;URBANA;8;151;0;0;0;Pacho;5;;Cundinamarca;Cundinamarca;;Fundación Alquería Cavelier
276828000387;RODRIGO LLOREDA;3;Crítico;158;0.1214;OFICIAL;RURAL;24;34;49;20;31;Bolívar;17;1;Valle;Valle del Cauca;SI;Fundación Carvajal
317001800101;CENSA - SEDE PRINCIPAL;1;Bajo;158;0.3326;NO OFICIAL;URBANA;0;0;0;0;158;Manizales;;;Manizales;Caldas;SI;
276001012831;JOSE HOLGUIN GARCES;2;Moderado;158;0.0515;OFICIAL;RURAL;0;0;102;40;16;Cali;11;2;Cali;Valle del Cauca;SI;Red Papaz
276248000304;GREGORIA BENAVIDES;2;Moderado;158;0.1214;OFICIAL;RURAL;48;110;0;0;0;El Cerrito;7;;Valle;Valle del Cauca;SI;
219585000045;ESCUELA URBANA MIXTA DE COCONUCO;1;Bajo;158;;OFICIAL;URBANA;0;158;0;0;0;Puracé;6;;;Cauca;;
419517001202;SEMINARIO INDIGENA PAEZ;1;Bajo;158;;OFICIAL;RURAL;0;0;142;16;0;Páez;16;2;;Cauca;;
205209000122;I. E. R. MORELIA;2;Moderado;158;0.0364;OFICIAL;RURAL;9;65;61;23;0;Concordia;10;2;Antioquia;Antioquia;;Comfama (Caja de Compensación Familiar de Antioquia)
176834000548;SEDE NO. 22 FRAY MARTIN DE PORRES;2;Moderado;158;0.5731;OFICIAL;URBANA;13;145;0;0;0;Tuluá;6;;Tuluá;Valle del Cauca;;
276834000704;SEDE PRINCIPAL UNIDAD DOCENTE SAN JUAN DE BARRAGAN;1;Bajo;158;0.5731;OFICIAL;RURAL;17;61;46;26;8;Tuluá;16;1;Tuluá;Valle del Cauca;;Fundación Levapan
117513000426;ESCUELA NUESTRA SEÑORA DE LOURDES;2;Moderado;158;0.1967;;URBANA;20;138;0;0;0;Pácora;4;;Caldas;Caldas;;
205837000883;I.E. NUEVA GRANADA - SEDE PRINCIPAL;2;Moderado;157;0.4193;OFICIAL;RURAL;9;39;66;43;0;Turbo;15;1;Turbo;Antioquia;SI;
176054000163;FABIO MARTÍNEZ CIFUENTES;3;Crítico;157;0.1206;OFICIAL;URBANA;22;135;0;0;0;Argelia;3;;Valle;Valle del Cauca;SI;
219355000500;TURMINA;1;Bajo;157;;OFICIAL;RURAL;22;135;0;0;0;Inzá;10;;;Cauca;;
219698000483;LA PALOMERA (sede principal);1;Bajo;157;;OFICIAL;RURAL;6;51;69;31;0;Santander de Quilichao;15;1;;Cauca;;
219698000777;SAN PEDRO;1;Bajo;157;;OFICIAL;RURAL;25;132;0;0;0;Santander de Quilichao;6;;;Cauca;;
205129000156;C. E. R. CLAUDINA MUNERA;1;Bajo;157;0.0362;OFICIAL;RURAL;9;110;38;0;0;Caldas;8;1;Antioquia;Antioquia;;Comfama (Caja de Compensación Familiar de Antioquia)
227077001900;SEDE NUESTRA SEÑORA LA POBREZA;3;Crítico;156;0.137;OFICIAL;RURAL;14;142;0;0;0;Medio Baudó;11;;Choco;Chocó;SI;
205837006202;E.R. DIVINO NINO;2;Moderado;156;0.4167;OFICIAL;RURAL;27;129;0;0;0;Turbo;6;;Turbo;Antioquia;SI;
276828000115;ANTONIO JOSE DE SUCRE;2;Moderado;156;0.1199;OFICIAL;RURAL;9;0;67;38;42;Trujillo;9;1;Valle;Valle del Cauca;SI;Fundación Carvajal | Fundación Nutresa
176001003896;CROYDON;2;Moderado;156;0.0508;OFICIAL;URBANA;0;156;0;0;0;Cali;1;;Cali;Valle del Cauca;SI;
176113000334;MAGDALENA ORTEGA;1;Bajo;156;0.1199;OFICIAL;URBANA;20;136;0;0;0;Bugalagrande;4;;Valle;Valle del Cauca;SI;
276109002416;ANTONIO JOSE RUIZ;3;Crítico;156;0.2797;OFICIAL;RURAL;10;58;64;24;0;Buenaventura;13;;Buenaventura;Valle del Cauca;SI;
205315000018;I. E. R. LA BRAMADORA;2;Moderado;156;0.0359;OFICIAL;RURAL;8;59;64;25;0;Guadalupe;8;;Antioquia;Antioquia;;
205665000525;C. E. R. ARENAS MONAS;2;Moderado;156;0.0359;OFICIAL;RURAL;2;30;81;43;0;San Pedro de Urabá;13;1;Antioquia;Antioquia;;
117001000947;INSTITUCIÓN EDUCATIVA LA ASUNCION SEDE A;1;Bajo;155;0.3263;OFICIAL;URBANA;15;140;0;0;0;Manizales;12;;Manizales;Caldas;SI;
376001023667;OMAIRA SANCHEZ;2;Moderado;155;0.0505;OFICIAL;URBANA;5;91;36;23;0;Cali;4;;Cali;Valle del Cauca;SI;Fundación Corona
276616000271;LA CARMELITA;3;Crítico;155;0.1191;OFICIAL;RURAL;25;130;0;0;0;Riofrío;5;;Valle;Valle del Cauca;SI;
119698000306;SANTA INES;1;Bajo;155;;OFICIAL;URBANA;18;137;0;0;0;Santander de Quilichao;7;;;Cauca;;
225777000189;INSTITUCIÓN EDUCATIVA RURAL DEPARTAMENTAL EL IMPARAL;2;Moderado;155;0.0578;OFICIAL;RURAL;7;27;70;41;10;Supatá;11;1;Cundinamarca;Cundinamarca;;Fundación Alquería Cavelier
276622000551;BELISARIO PEÑA PIÑEIRO- CAJAMARCA;3;Crítico;155;0.1191;OFICIAL;RURAL;0;0;111;44;0;Roldanillo;13;1;Valle;Valle del Cauca;;
227001001188;SEDE POLICARPA SALAVARRIETA;2;Moderado;154;0.4193;OFICIAL;RURAL;37;117;0;0;0;Quibdó;11;;Quibdó;Chocó;SI;
466572001121;SE BICHUBARA;2;Moderado;154;0.347;OFICIAL;RURAL;42;112;0;0;0;Pueblo Rico;7;;Risaralda;Risaralda;SI;
317001005280;LICEO INTEGRADO MANIZALES;1;Bajo;154;0.3242;NO OFICIAL;URBANA;6;49;76;23;0;Manizales;;;Manizales;Caldas;SI;
176001004710;GENERAL CARLOS ALBAN;2;Moderado;154;0.0502;OFICIAL;URBANA;28;126;0;0;0;Cali;5;1;Cali;Valle del Cauca;SI;
419698001551;ESCUELA RURAL MIXTA ALTO PARAISO;2;Moderado;154;;OFICIAL;RURAL;16;75;63;0;0;Santander de Quilichao;10;;;Cauca;;
266001006983;LA CACHUCHA;3;Crítico;154;0.1989;OFICIAL;RURAL;0;0;120;34;0;Pereira;;;Pereira;Risaralda;;Comfamiliar Risaralda
176834000360;SEDE NO. 4 JOSE ANTONIO GALAN;1;Bajo;154;0.5586;OFICIAL;URBANA;24;130;0;0;0;Tuluá;6;;Tuluá;Valle del Cauca;;
217662000492;ESCUELA MIXTA JUÁN PABLO II;2;Moderado;154;0.1917;;RURAL;23;131;0;0;0;Samaná;8;;Caldas;Caldas;;Federación Nacional de Cafeteros de Colombia
223417000177;CAMPANO DE LOS INDIOS - SEDE PRINCIPAL;3;Crítico;154;0.6839;;RURAL;8;71;56;19;0;Lorica;15;1;Lorica;Córdoba;;
105002800010;JUAN DE J PELAEZ LONDOÑO;2;Moderado;153;0.0353;OFICIAL;URBANA;15;138;0;0;0;Abejorral;6;;Antioquia;Antioquia;SI;
176001004426;MARICE SINISTERRA;2;Moderado;153;0.0499;OFICIAL;URBANA;19;134;0;0;0;Cali;6;;Cali;Valle del Cauca;SI;Colombia Evidencia Potencial en Educación
219760000517;PIEDRA DE LEON (sede principal);1;Bajo;153;;OFICIAL;RURAL;8;55;59;31;0;Sotará - Paispamba;14;1;;Cauca;;
419137001498;INSTITUCION EDUCATIVA TECNICA AGROAMBIENTAL INTERCULTURAL MISAK SHUR PUPEN;1;Bajo;153;;OFICIAL;RURAL;11;53;64;25;0;Caldono;12;1;;Cauca;;
263594000375;NARANJAL;1;Bajo;153;0.4215;OFICIAL;RURAL;7;35;85;26;0;Quimbaya;13;1;Quindio;Quindio;;Fundación Nutresa
105642000141;E U RAMON VELEZ ISAZA;2;Moderado;153;0.0353;OFICIAL;URBANA;19;134;0;0;0;Salgar;7;;Antioquia;Antioquia;;Fundación Incolmotos Yamaha
225572000470;INSTITUCION EDUCATIVA DEPARTAMENTAL PUERTO LIBRE;2;Moderado;153;0.0571;OFICIAL;RURAL;0;0;101;32;20;Puerto Salgar;10;1;Cundinamarca;Cundinamarca;;Fundación Alquería Cavelier | Fundación Corona
166001001006;SAN JUAN;3;Crítico;153;0.1976;OFICIAL;URBANA;23;130;0;0;0;Pereira;;;Pereira;Risaralda;;
266001001671;CORCEGA;3;Crítico;153;0.1976;OFICIAL;RURAL;30;123;0;0;0;Pereira;6;;Pereira;Risaralda;;
223417001572;SANTA LUCIA;3;Crítico;153;0.6794;;RURAL;36;117;0;0;0;Lorica;7;;Lorica;Córdoba;;
276122000872;LA CONSOLITA;3;Crítico;152;0.1168;OFICIAL;RURAL;11;37;73;16;15;Caicedonia;14;1;Valle;Valle del Cauca;SI;
276869000138;ANTONIO JOSE DE SUCRE;3;Crítico;152;0.1168;OFICIAL;RURAL;14;27;74;28;9;Vijes;15;1;Valle;Valle del Cauca;SI;Fundación Carvajal | Fundación Nutresa
119355000840;NUCLEO ESCOLAR INZA;2;Moderado;152;;OFICIAL;URBANA;32;120;0;0;0;Inzá;8;;;Cauca;;
219142000247;INSTITUCION ETNOEDUCATIVA TECNICA AGROAMBIENTAL EL CAMPO ALEGRE;1;Bajo;152;;OFICIAL;RURAL;3;29;63;30;27;Caloto;13;1;;Cauca;;
219256003726;LOS ANAYES (sede principal);2;Moderado;152;;OFICIAL;RURAL;9;25;82;36;0;El Tambo;18;1;;Cauca;;
163594000265;SADEQUI;3;Crítico;152;0.4187;OFICIAL;URBANA;21;131;0;0;0;Quimbaya;8;;Quindio;Quindio;;Claro Colombia
225279000040;INSTITUCIÓN EDUCATIVA RURAL DEPARTAMENTAL SAN LORENZO;2;Moderado;152;0.0567;OFICIAL;RURAL;4;34;79;25;10;Fómeque;11;1;Cundinamarca;Cundinamarca;;Fundación Alquería Cavelier
166001000107;AMERICA MIXTA;3;Crítico;152;0.1963;OFICIAL;URBANA;20;132;0;0;0;Pereira;;;Pereira;Risaralda;;Comfamiliar Risaralda
217042000417;INSTITUCION EDUCATIVA JERONIMO DE TEJELO - SEDE PRINCIPAL;1;Bajo;152;0.1892;;RURAL;17;45;65;25;0;Anserma;12;2;Caldas;Caldas;;Federación Nacional de Cafeteros de Colombia
317001006715;LICEO BOSQUES DEL SABER;1;Bajo;151;0.3179;NO OFICIAL;URBANA;39;112;0;0;0;Manizales;;;Manizales;Caldas;SI;
273563000615;I.E. ISLA DEL SOL - SEDE PRINCIPAL;1;Bajo;151;0.1082;OFICIAL;RURAL;5;36;80;30;0;Prado;13;1;Tolima;Tolima;SI;
119698000292;LOS SAMANES;1;Bajo;151;;OFICIAL;URBANA;21;130;0;0;0;Santander de Quilichao;6;;;Cauca;;
276834000674;SEDE NO. 34 LUIS CARLOS DELGADO;1;Bajo;151;0.5478;OFICIAL;RURAL;0;0;0;151;0;Tuluá;10;;Tuluá;Valle del Cauca;;Natura Cosmeticos Ltda.
217541000649;INSTITUCION EDUCATIVA PABLO VI - SEDE PRINCIPAL;1;Bajo;151;0.188;;RURAL;5;27;74;43;2;Pensilvania;13;2;Caldas;Caldas;;Federación Nacional de Cafeteros de Colombia
105347000015;LICEO SAN RAFAEL;2;Moderado;150;0.0346;OFICIAL;URBANA;0;0;100;29;21;Heliconia;10;2;Antioquia;Antioquia;SI;Comfama (Caja de Compensación Familiar de Antioquia)
276109000979;JORGE ELIECER GAITAN;1;Bajo;150;0.2689;OFICIAL;RURAL;15;71;50;14;0;Buenaventura;7;;Buenaventura;Valle del Cauca;SI;
219824000125;I.E. POLINDARA - SEDE PRINCIPAL;1;Bajo;150;;OFICIAL;RURAL;2;34;79;35;0;Totoró;9;2;;Cauca;;
117388000010;SEDE PRIMARIA FCO JOSE DE CALDAS;1;Bajo;150;0.1867;;URBANA;21;129;0;0;0;La Merced;5;;Caldas;Caldas;;
276147000303;ANTONIA SANTOS;3;Crítico;149;0.8389;OFICIAL;RURAL;0;149;0;0;0;Cartago;6;;Cartago;Valle del Cauca;SI;
376364001304;COLEGIO VILLA DE AMPUDIA;1;Bajo;149;0.5383;NO OFICIAL;URBANA;8;65;55;21;0;Jamundí;;;Jamundí;Valle del Cauca;SI;
127001018086;SEDE JULIO IBARGUEN MOSQUERA;2;Moderado;149;0.4056;OFICIAL;URBANA;18;131;0;0;0;Quibdó;6;;Quibdó;Chocó;SI;
205093000260;LICEO DE ALTAMIRA;1;Bajo;149;0.0343;OFICIAL;RURAL;0;0;113;36;0;Betulia;10;2;Antioquia;Antioquia;SI;Comfama (Caja de Compensación Familiar de Antioquia)
176041000431;PIO XII;3;Crítico;149;0.1145;OFICIAL;URBANA;0;149;0;0;0;Ansermanuevo;3;;Valle;Valle del Cauca;SI;
276400000081;EDELMIRA RAMIREZ;3;Crítico;149;0.1145;OFICIAL;URBANA;77;72;0;0;0;La Unión;4;;Valle;Valle del Cauca;SI;
219256000123;PUEBLO NUEVO CIPRÉS (SEDE PRINCIPAL);1;Bajo;149;;OFICIAL;RURAL;14;56;54;25;0;El Tambo;15;2;;Cauca;;
276834000658;SEDE NO. 32 DAMAZO ZAPATA;2;Moderado;149;0.5405;OFICIAL;RURAL;27;122;0;0;0;Tuluá;4;;Tuluá;Valle del Cauca;;
173675000036;JESUS MARIA HERNANDEZ;1;Bajo;148;0.106;OFICIAL;URBANA;20;128;0;0;0;San Antonio;6;;Tolima;Tolima;SI;
119100000382;FELIPE CASTRO;1;Bajo;148;;OFICIAL;URBANA;25;123;0;0;0;Bolívar;6;;;Cauca;;
219256003700;SEVILLA (sede principal);1;Bajo;148;;OFICIAL;RURAL;7;52;68;21;0;El Tambo;19;2;;Cauca;;
217662001952;INSTITUCION EDUCATIVA BERLIN - SEDE PRINCIPAL;1;Bajo;148;0.1843;;RURAL;0;0;62;38;48;Samaná;8;1;Caldas;Caldas;;Federación Nacional de Cafeteros de Colombia
176736000548;RICARDO NIETO;2;Moderado;147;0.113;OFICIAL;URBANA;15;132;0;0;0;Sevilla;1;;Valle;Valle del Cauca;SI;
276041000363;SANTA INES;3;Crítico;147;0.113;OFICIAL;RURAL;17;31;43;25;31;Ansermanuevo;7;1;Valle;Valle del Cauca;SI;Fundación Carvajal
219517001581;ESCUELA RURAL MIXTA LA VILLA;1;Bajo;147;;OFICIAL;RURAL;5;44;73;25;0;Páez;17;2;;Cauca;;
205001006119;CENTRO EDUCATIVO JUAN ANDRES PATIÑO;1;Bajo;147;0.0404;OFICIAL;RURAL;16;131;0;0;0;Medellín;7;1;Medellín;Antioquia;;Comfama (Caja de Compensación Familiar de Antioquia)
205837005028;E.R. EL PORVENIR;2;Moderado;146;0.39;OFICIAL;RURAL;22;124;0;0;0;Turbo;5;;Turbo;Antioquia;SI;
217001001557;INSTITUCIÓN EDUCATIVA RURAL GRANADA;1;Bajo;146;0.3073;OFICIAL;RURAL;0;0;77;33;36;Manizales;11;2;Manizales;Caldas;SI;Colombia Evidencia Potencial en Educación
119212000041;ANTONIA SANTOS;1;Bajo;146;;OFICIAL;URBANA;24;122;0;0;0;Corinto;6;;;Cauca;;
219212000185;LAS GUACAS (sede principal);1;Bajo;146;;OFICIAL;RURAL;5;60;57;24;0;Corinto;16;2;;Cauca;;
205093000090;E U FRANCISCO CESAR;2;Moderado;146;0.0336;OFICIAL;RURAL;15;131;0;0;0;Betulia;7;;Antioquia;Antioquia;;Comfama (Caja de Compensación Familiar de Antioquia)
152585000196;SEDE 2 NIÑO JESÚS DE PRAGA;2;Moderado;146;0.1215;OFICIAL;URBANA;24;122;0;0;0;Pupiales;4;;Nariño;Nariño;;
173347000011;I.E.T. MARCO FIDEL SUAREZ - SEDE PRINCIPAL;2;Moderado;146;0.1046;OFICIAL;URBANA;0;0;83;63;0;Herveo;12;3;Tolima;Tolima;;
217614000201;INSTITUCIÓN EDUCATIVA SIPIRRA - SEDE PRINCIPAL;3;Crítico;146;0.1818;;RURAL;5;69;54;18;0;Riosucio;10;1;Caldas;Caldas;;Caja de Compensación Familiar de Caldas
217001001581;INSTITUCIÓN EDUCATIVA RURAL LA CABAÑA;3;Crítico;145;0.3052;OFICIAL;RURAL;0;0;112;33;0;Manizales;12;1;Manizales;Caldas;SI;Colombia Evidencia Potencial en Educación | Federación Nacional de Cafeteros de Colombia | Fundación Nutresa
205837002541;E.R. COPE;2;Moderado;145;0.3873;OFICIAL;RURAL;29;116;0;0;0;Turbo;6;;Turbo;Antioquia;SI;
205660000284;I.E.R. EL PRODIGIO;1;Bajo;145;0.0334;OFICIAL;RURAL;18;54;52;21;0;San Luis;10;1;Antioquia;Antioquia;SI;Fundación Fraternidad Medellín
205837000051;E.R. EL CONGO;2;Moderado;145;0.3873;OFICIAL;RURAL;6;45;76;18;0;Turbo;3;;Turbo;Antioquia;SI;
227615001079;SEDE SIETE DE AGOSTO;1;Bajo;145;0.1273;OFICIAL;RURAL;26;119;0;0;0;Riosucio;5;;Choco;Chocó;SI;
176233000036;ANTONIO RICAURTE;3;Crítico;145;0.1114;OFICIAL;URBANA;0;0;145;0;0;Dagua;7;;Valle;Valle del Cauca;SI;
176845000060;ANTONIO JOSE DE SUCRE;2;Moderado;145;0.1114;OFICIAL;URBANA;27;118;0;0;0;Ulloa;3;;Valle;Valle del Cauca;SI;
219142000310;QUINTERO (sede principal);1;Bajo;145;;OFICIAL;RURAL;10;60;53;22;0;Caloto;15;;;Cauca;;
266001001019;NUCLEO ESCOLAR RURAL ALTAGRACIA;3;Crítico;145;0.1873;OFICIAL;RURAL;17;114;0;0;14;Pereira;1;;Pereira;Risaralda;;
176834003172;SEDE NO. 116 EL JAZMIN;3;Crítico;145;0.526;OFICIAL;URBANA;16;129;0;0;0;Tuluá;6;;Tuluá;Valle del Cauca;;
127001017527;SEDE SAN JUDAS TADEO;2;Moderado;144;0.392;OFICIAL;URBANA;11;116;0;0;17;Quibdó;8;;Quibdó;Chocó;SI;
152001001021;ESC # 5 EL CARMEN;2;Moderado;144;0.2431;OFICIAL;URBANA;13;131;0;0;0;Pasto;6;;Pasto;Nariño;NO;
125286000468;CONCENTRACION URBANA SAMARKANDA;1;Bajo;144;0.7912;OFICIAL;URBANA;21;123;0;0;0;Funza;5;;Funza;Cundinamarca;SI;
227361000166;IE MIGUEL ANGEL GUERRERO - SEDE PRINCIPAL;2;Moderado;144;0.1264;OFICIAL;RURAL;2;37;79;26;0;Istmina;20;1;Choco;Chocó;SI;
176377000014;SIMON BOLIVAR;3;Crítico;144;0.1107;OFICIAL;URBANA;0;29;84;31;0;La Cumbre;11;1;Valle;Valle del Cauca;SI;Fundación Carvajal
205034000078;I. E. R. CARBONERA;2;Moderado;144;0.0332;OFICIAL;RURAL;7;47;60;30;0;Andes;10;1;Antioquia;Antioquia;;Comfama (Caja de Compensación Familiar de Antioquia) | Fundación Fraternidad Medellín
205001001486;SECCION ESCUELA RURAL SANTA ELENA;1;Bajo;144;0.0396;OFICIAL;RURAL;12;132;0;0;0;Medellín;7;1;Medellín;Antioquia;;
163001000604;REPUBLICA DE URUGUAY;2;Moderado;144;0.3559;OFICIAL;URBANA;144;0;0;0;0;Armenia;5;;Armenia;Quindio;;
273449000150;CALCUTA;3;Crítico;144;0.1031;OFICIAL;RURAL;13;131;0;0;0;Melgar;7;;Tolima;Tolima;;
217777000313;ESCUELA MARISCAL ROBLEDO;1;Bajo;144;0.1793;;RURAL;26;118;0;0;0;Supía;;;Caldas;Caldas;;
376111001928;COLEGIO INTEGRAL Y MODERNO DE BUGA;1;Bajo;143;0.7941;NO OFICIAL;URBANA;0;21;56;35;31;Guadalajara de Buga;;;Buga;Valle del Cauca;SI;
117001005841;INSTITUCIÓN EDUCATIVA VILLA DEL PILAR;1;Bajo;143;0.301;OFICIAL;URBANA;0;0;102;41;0;Manizales;17;1;Manizales;Caldas;SI;Fundación Corona | Fundación Luker | Red Papaz
117001001625;INSTITUCIÓN EDUCATIVA GRAN COLOMBIA SEDE A;1;Bajo;143;0.301;OFICIAL;URBANA;16;127;0;0;0;Manizales;5;;Manizales;Caldas;SI;Editorial La Patria
227001000564;IE BOCA DE BEBARA - SEDE PRINCIPAL;2;Moderado;143;0.1256;OFICIAL;RURAL;5;28;67;24;19;Medio Atrato;8;1;Choco;Chocó;SI;
276100000381;ANTONIO NARIÑO;2;Moderado;143;0.1099;OFICIAL;RURAL;24;119;0;0;0;Bolívar;8;;Valle;Valle del Cauca;SI;
276400000072;ANTONIO NARIÑO;3;Crítico;143;0.1099;OFICIAL;URBANA;0;143;0;0;0;La Unión;3;2;Valle;Valle del Cauca;SI;
276563000479;FRANCISCO ANTONIO ZEA;2;Moderado;143;0.1099;OFICIAL;RURAL;0;0;102;41;0;Pradera;8;;Valle;Valle del Cauca;SI;
163594000656;ESPÍRITU SANTO;1;Bajo;143;0.3939;OFICIAL;URBANA;22;121;0;0;0;Quimbaya;5;;Quindio;Quindio;;Claro Colombia
205656000423;I. E. R. BENIGNO MENA GONZALEZ;2;Moderado;143;0.033;OFICIAL;RURAL;12;67;56;8;0;San Jerónimo;10;;Antioquia;Antioquia;;Fundación Incolmotos Yamaha
266594001214;SE SANTA ELENA - SEDE PRINCIPAL;2;Moderado;143;0.3222;OFICIAL;RURAL;0;0;79;28;36;Quinchía;11;2;Risaralda;Risaralda;;
141078000018;ROMULO BORRERO DURAN;2;Moderado;142;0.1114;OFICIAL;URBANA;20;122;0;0;0;Baraya;6;;Huila;Huila;SI;
227491000273;CE SAN ONOFRE - SEDE PRINCIPAL;2;Moderado;142;0.1247;OFICIAL;RURAL;10;34;46;9;43;Nóvita;9;2;Choco;Chocó;SI;
252001001603;IEM EL CAMPANERO - SEDE PRINCIPAL;2;Moderado;142;0.2398;OFICIAL;RURAL;7;47;60;28;0;Pasto;19;1;Pasto;Nariño;NO;
119807000168;SAN CAYETANO;1;Bajo;142;;OFICIAL;URBANA;14;128;0;0;0;Timbío;5;;;Cauca;;
219473000131;LA ESTACION;1;Bajo;142;;OFICIAL;RURAL;17;86;39;0;0;Morales;7;;;Cauca;;
252001000127;I.E.M. MORASURCO - SEDE PRINCIPAL;2;Moderado;141;0.2381;OFICIAL;RURAL;6;35;60;40;0;Pasto;14;1;Pasto;Nariño;NO;
317001004917;COLEGIO HIJAS DE LOS SAGRADOS CORAZONES;1;Bajo;141;0.2968;NO OFICIAL;URBANA;34;107;0;0;0;Manizales;;;Manizales;Caldas;SI;
176001004191;ABRAHAN DOMINGUEZ;2;Moderado;141;0.0459;OFICIAL;URBANA;0;15;86;0;40;Cali;4;1;Cali;Valle del Cauca;SI;
105001008231;SECCION ESCUELA LA COLINA;1;Bajo;141;0.0387;OFICIAL;URBANA;0;141;0;0;0;Medellín;9;1;Medellín;Antioquia;;Comfama (Caja de Compensación Familiar de Antioquia)
105001015202;SECCION ESCUELA NUESTRA SEÑORA DEL ROSARIO;1;Bajo;141;0.0387;OFICIAL;URBANA;12;129;0;0;0;Medellín;7;1;Medellín;Antioquia;;
105001000345;SECCION ESCUELA SANTA MARIA GORETTI;1;Bajo;141;0.0387;OFICIAL;URBANA;22;119;0;0;0;Medellín;6;;Medellín;Antioquia;;
266001002121;CENTRO EDUCATIVO MARIA CRISTINA GOMEZ;3;Crítico;141;0.1821;OFICIAL;RURAL;27;114;0;0;0;Pereira;9;;Pereira;Risaralda;;
273870000193;I.E. YARUMAL - SEDE PRINCIPAL;2;Moderado;141;0.101;OFICIAL;RURAL;10;36;68;27;0;Villahermosa;12;1;Tolima;Tolima;;
176736000114;JOHN FITZGERALD KENNEDY;1;Bajo;141;0.1084;OFICIAL;URBANA;0;0;141;0;0;Sevilla;3;;Valle;Valle del Cauca;;
223417001386;LA PEINADA - SEDE PRINCIPAL;1;Bajo;141;0.6261;;RURAL;32;109;0;0;0;Lorica;11;1;Lorica;Córdoba;;
476364002372;LICEO YAMPAI - SEDE PRINCIPAL;2;Moderado;140;0.5058;NO OFICIAL;URBANA;6;67;50;17;0;Jamundí;;;Jamundí;Valle del Cauca;SI;
176001002831;JOSE HILARIO LOPEZ;2;Moderado;140;0.0456;OFICIAL;URBANA;22;118;0;0;0;Cali;5;;Cali;Valle del Cauca;SI;Colombia Evidencia Potencial en Educación
176306000056;ANTONIA SANTOS;1;Bajo;140;0.1076;OFICIAL;URBANA;0;140;0;0;0;Ginebra;3;;Valle;Valle del Cauca;SI;
476606000469;JULIO FERNANDEZ MEDINA;3;Crítico;140;0.1076;OFICIAL;RURAL;7;21;68;44;0;Restrepo;12;1;Valle;Valle del Cauca;SI;Fundación Juventud
176109009441;SAN MARTIN;3;Crítico;140;0.251;OFICIAL;RURAL;20;62;44;14;0;Buenaventura;5;;Buenaventura;Valle del Cauca;SI;
163001001791;LUIS BERNAL GIRALDO;2;Moderado;140;0.346;OFICIAL;URBANA;24;116;0;0;0;Armenia;4;;Armenia;Quindio;SI;
219130000284;EL CARMELO;1;Bajo;140;;OFICIAL;RURAL;9;131;0;0;0;Cajibío;7;;;Cauca;;
205686000282;I. E. R. BOCA DEL MONTE;2;Moderado;140;0.0323;OFICIAL;RURAL;11;60;57;12;0;Santa Rosa de Osos;10;2;Antioquia;Antioquia;;Fundación Empresas Públicas De Medellín
227025001341;IE MISAEL SOTO CORDOBA - SEDE PRINCIPAL;2;Moderado;139;0.1221;OFICIAL;RURAL;0;0;63;12;64;Alto Baudó;9;1;Choco;Chocó;SI;
176109016251;NUEVO ESFUERZO;1;Bajo;139;0.2492;OFICIAL;URBANA;18;96;25;0;0;Buenaventura;2;;Buenaventura;Valle del Cauca;SI;
219701001160;VILLALOBOS (sede principal;1;Bajo;139;;OFICIAL;RURAL;0;0;111;28;0;Santa Rosa;14;1;;Cauca;;
205440000585;E R MARCOS OSSA GARCIA;2;Moderado;139;0.032;OFICIAL;RURAL;18;121;0;0;0;Marinilla;6;;Antioquia;Antioquia;;Comfama (Caja de Compensación Familiar de Antioquia)
225612000044;ESCUELA RURAL MANUEL SUR;2;Moderado;139;0.0519;OFICIAL;RURAL;15;65;59;0;0;Ricaurte;6;;Cundinamarca;Cundinamarca;;
176520002210;SOR MARIA LUISA MOLINA;1;Bajo;139;0.282;OFICIAL;URBANA;0;139;0;0;0;Palmira;6;1;Palmira;Valle del Cauca;;
117388000028;INSTITUCION EDUCATIVA MONSEÑOR ANTONIO JOSE GIRALDO GOMEZ - SEDE PRINCIPAL;1;Bajo;139;0.173;;URBANA;0;0;102;37;0;La Merced;13;1;Caldas;Caldas;;Caja de Compensación Familiar de Caldas
125307001749;SEDE INTEGRADORA;2;Moderado;138;0.7605;OFICIAL;URBANA;19;119;0;0;0;Girardot;9;;Girardot;Cundinamarca;SI;
127001017675;SEDE LA VICTORIA Nº2;2;Moderado;138;0.3757;OFICIAL;URBANA;9;129;0;0;0;Quibdó;11;;Quibdó;Chocó;SI;
227205000156;IE SANTA BARBARA - SEDE PRINCIPAL;2;Moderado;138;0.1212;OFICIAL;RURAL;9;42;64;23;0;Río Iró;16;1;Choco;Chocó;SI;
176275000311;GABRIELA MISTRAL;2;Moderado;138;0.106;OFICIAL;URBANA;0;0;0;138;0;Florida;7;;Valle;Valle del Cauca;SI;Natura Cosmeticos Ltda.
176823000023;LA GRAN COLOMBIA;3;Crítico;138;0.106;OFICIAL;URBANA;0;138;0;0;0;Toro;6;;Valle;Valle del Cauca;SI;
219142000352;CENTRO DOCENTE RURAL MIXTO LA PALOMERA - SEDE PRINCIPAL;1;Bajo;138;;OFICIAL;RURAL;1;35;64;18;20;Caloto;12;1;;Cauca;;
176520005138;LUIS FERNANDO VALLEJO;2;Moderado;138;0.28;OFICIAL;URBANA;14;124;0;0;0;Palmira;7;;Palmira;Valle del Cauca;;
117088000115;CENTRO DOCENTE MANUELA BELTRAN;1;Bajo;138;0.1718;;URBANA;45;93;0;0;0;Belalcázar;4;;Caldas;Caldas;;
217541000673;COLEGIO JHON F. KENNEDY;1;Bajo;138;0.1718;;RURAL;0;0;91;38;9;Pensilvania;14;2;Caldas;Caldas;;Federación Nacional de Cafeteros de Colombia
215455000099;I.E. TECNICA MIRAFLORES - SEDE PRINCIPAL;1;Bajo;137;0.105;OFICIAL;RURAL;2;16;87;32;0;Miraflores;12;1;Boyaca;Boyacá;NO;
173319000871;EJIDOS;1;Bajo;137;0.0981;OFICIAL;URBANA;26;111;0;0;0;Guamo;7;;Tolima;Tolima;SI;Claro Colombia
176736000262;ARMANDO ROMERO LOZANO;2;Moderado;137;0.1053;OFICIAL;URBANA;61;76;0;0;0;Sevilla;3;;Valle;Valle del Cauca;SI;
219256000271;SEGUENGUE (SEDE PRINCIPAL);1;Bajo;137;;OFICIAL;RURAL;9;39;68;21;0;El Tambo;11;1;;Cauca;;
219397000062;SANTA ROSA DE LIMA ARBELA (sede principal);1;Bajo;137;;OFICIAL;RURAL;5;31;70;31;0;La Vega;13;2;;Cauca;;
225513000253;ESCUELA RURAL LLANO LA HACIENDA;1;Bajo;137;0.0511;OFICIAL;RURAL;12;125;0;0;0;Pacho;6;;Cundinamarca;Cundinamarca;;Fundación Alquería Cavelier
166001002754;LAS PALMAS;3;Crítico;137;0.177;OFICIAL;URBANA;22;115;0;0;0;Pereira;;;Pereira;Risaralda;;
217541001793;INSTITUCION EDUCATIVA DANIEL MARIA LOPEZ RODRIGUEZ - SEDE PRINCIPAL;2;Moderado;137;0.1706;;RURAL;0;0;85;52;0;Pensilvania;9;1;Caldas;Caldas;;Federación Nacional de Cafeteros de Colombia
227077004992;IE HERNANDO PALACIOS - SEDE PRINCIPAL;2;Moderado;136;0.1194;OFICIAL;RURAL;0;0;83;53;0;Bajo Baudó;15;1;Choco;Chocó;SI;
317001003961;COLEGIO SAN MIGUEL LIMITADA;1;Bajo;136;0.2863;NO OFICIAL;URBANA;5;38;70;23;0;Manizales;;;Manizales;Caldas;SI;
173352000088;GABRIELA MISTRAL;2;Moderado;136;0.0974;OFICIAL;URBANA;15;121;0;0;0;Icononzo;4;;Tolima;Tolima;SI;
276109011377;CENTRO DOCENTE LA NUEVA ESPERANZA;1;Bajo;136;0.2438;OFICIAL;URBANA;10;56;53;17;0;Buenaventura;7;;Buenaventura;Valle del Cauca;SI;
219743000023;ESCUELA RURAL MIXTA EL TRANAL;1;Bajo;136;;OFICIAL;RURAL;3;62;50;21;0;Silvia;12;1;;Cauca;;
117513800007;SEDE PRIMARIA ELIAS MEJIA ANGEL;2;Moderado;136;0.1693;;URBANA;15;121;0;0;0;Pácora;;;Caldas;Caldas;;
117001004365;COLEGIO NUESTRA SEÑORA DE FATIMA SEDE A;2;Moderado;135;0.2842;OFICIAL;URBANA;13;122;0;0;0;Manizales;;;Manizales;Caldas;SI;Claro Colombia
125307000323;SEDE JOSÉ ANTONIO GALAN;2;Moderado;135;0.744;OFICIAL;URBANA;0;135;0;0;0;Girardot;6;;Girardot;Cundinamarca;SI;
276109008546;LA PRIMAVERA;3;Crítico;135;0.242;OFICIAL;RURAL;10;28;73;24;0;Buenaventura;8;;Buenaventura;Valle del Cauca;SI;
219100000948;LA CARBONERA (sede principal);1;Bajo;135;;OFICIAL;RURAL;5;48;65;17;0;Bolívar;15;1;;Cauca;;
117272000128;GENERAL SANTANDER;1;Bajo;135;0.1681;;URBANA;33;102;0;0;0;Filadelfia;5;;Caldas;Caldas;;
223417002056;ANTONIO SÁNCHEZ GUTIÉRREZ - SEDE PRINCIPAL;2;Moderado;135;0.5995;;RURAL;8;21;82;24;0;Lorica;12;1;Lorica;Córdoba;;
266572800024;DOKABUSITO;2;Moderado;134;0.302;OFICIAL;RURAL;48;86;0;0;0;Pueblo Rico;5;;Risaralda;Risaralda;SI;
276109001142;ALFREDO VASQUEZ COBO;3;Crítico;134;0.2402;OFICIAL;RURAL;11;31;40;9;43;Buenaventura;9;1;Buenaventura;Valle del Cauca;SI;
219548000183;MATAREDONDA (sede principal);1;Bajo;134;;OFICIAL;RURAL;26;108;0;0;0;Piendamó - Tunía;8;1;;Cauca;;
105145000153;FRANCISCO MONTOYA KENNEDY;2;Moderado;134;0.0309;OFICIAL;URBANA;21;113;0;0;0;Caramanta;6;;Antioquia;Antioquia;;
225053000187;INSTITUCION EDUCATIVA DEPARTAMENTAL RURAL ZARAGOZA;2;Moderado;134;0.05;OFICIAL;RURAL;3;13;68;30;20;Arbeláez;11;1;Cundinamarca;Cundinamarca;;Cámara de Comercio De Bogotá | Fundación Alquería Cavelier | Fundación Corona | Fundación Nutresa
176828000056;MERCEDES ABREGO;3;Crítico;134;0.103;OFICIAL;URBANA;62;72;0;0;0;Trujillo;4;;Valle;Valle del Cauca;;
217042000735;ESCUELA EL PENSIL;1;Bajo;134;0.1668;;URBANA;21;113;0;0;0;Anserma;4;;Caldas;Caldas;;
217614000286;INSTITUCION EDUCATIVA JOHN F. KENNEDY - SEDE PRINCIPAL;1;Bajo;134;0.1668;;RURAL;8;40;61;25;0;Riosucio;9;2;Caldas;Caldas;;
205837005443;E.R. BRISAS DEL MAR;2;Moderado;133;0.3552;OFICIAL;RURAL;25;108;0;0;0;Turbo;4;;Turbo;Antioquia;SI;
276041000461;SIMON BOLÍVAR;2;Moderado;133;0.1022;OFICIAL;RURAL;0;9;0;0;124;Ansermanuevo;1;;Valle;Valle del Cauca;SI;
119050000254;DE NINAS ARGELIA;1;Bajo;133;;OFICIAL;URBANA;0;133;0;0;0;Argelia;3;1;;Cauca;;
219256000743;LA PAZ (sede principal);1;Bajo;133;;OFICIAL;RURAL;7;35;70;21;0;El Tambo;13;1;;Cauca;;
105001007838;SECCION ESCUELA SAN FRANCISCO DE PAULA;1;Bajo;133;0.0365;OFICIAL;URBANA;15;107;0;0;11;Medellín;8;;Medellín;Antioquia;;
225200000180;ESCUELA RURAL RINCÓN SANTO;2;Moderado;133;0.0496;OFICIAL;RURAL;19;114;0;0;0;Cogua;5;;Cundinamarca;Cundinamarca;;Fundación Alquería Cavelier
266594000471;SE NARANJAL;1;Bajo;133;0.2997;OFICIAL;RURAL;21;112;0;0;0;Quinchía;6;;Risaralda;Risaralda;;
268780000727;COLEGIO FRANCISCO SAN JUAN - SEDE PRINCIPAL;2;Moderado;133;0.0989;OFICIAL;RURAL;9;15;66;21;22;Suratá;12;1;Santander;Santander;;
217662000778;INSTITUCION EDUCATIVA RANCHO LARGO - SEDE PRINCIPAL;2;Moderado;133;0.1656;;RURAL;2;8;46;17;60;Samaná;6;2;Caldas;Caldas;;Federación Nacional de Cafeteros de Colombia
205837002479;E.R. MANUEL CUELLO (D);2;Moderado;132;0.3526;OFICIAL;RURAL;22;50;34;26;0;Turbo;5;;Turbo;Antioquia;SI;
105002000055;I. E. MANUEL CANUTO RESTREPO;2;Moderado;132;0.0304;OFICIAL;URBANA;0;19;87;26;0;Abejorral;10;2;Antioquia;Antioquia;SI;Comfama (Caja de Compensación Familiar de Antioquia)
176400000248;JOSE EUSEBIO CARO;1;Bajo;132;0.1014;OFICIAL;URBANA;19;113;0;0;0;La Unión;5;;Valle;Valle del Cauca;SI;
219807000952;EL BOQUERON (sede principal);2;Moderado;132;;OFICIAL;RURAL;0;0;100;32;0;Timbío;10;1;;Cauca;;
319573000486;COMUNAL MUNICIPAL;3;Crítico;132;;OFICIAL;URBANA;21;111;0;0;0;Puerto Tejada;6;;;Cauca;;
273555000398;I.E.T NASAWE´SX FI´ZÑI - SEDE PRINCIPAL;2;Moderado;132;0.0945;OFICIAL;RURAL;0;0;92;40;0;Planadas;11;3;Tolima;Tolima;;
217442000122;INSTITUCION EDUCATIVA RAFAEL POMBO - SEDE PRINCIPAL;1;Bajo;132;0.1643;;RURAL;3;34;67;28;0;Marmato;11;1;Caldas;Caldas;;Federación Nacional de Cafeteros de Colombia
252001000232;I.E.M. LA CALDERA - SEDE PRINCIPAL;2;Moderado;131;0.2212;OFICIAL;RURAL;7;32;69;23;0;Pasto;14;1;Pasto;Nariño;NO;
141001060831;RENACIENDO;1;Bajo;131;0.1942;OFICIAL;URBANA;7;124;0;0;0;Neiva;12;;Neiva;Huila;SI;
276275000049;PARROQUIAL;2;Moderado;131;0.1007;OFICIAL;RURAL;28;103;0;0;0;Florida;7;;Valle;Valle del Cauca;SI;Natura Cosmeticos Ltda.
119110000798;GABRIEL MANRIQUE;2;Moderado;131;;OFICIAL;URBANA;19;112;0;0;0;Buenos Aires;5;;;Cauca;;
219355001301;YU¿ KWET ZUUN;1;Bajo;131;;OFICIAL;RURAL;1;24;92;14;0;Inzá;9;1;;Cauca;;
225288000125;CONCENTRACION RURAL PUENTE PLATA;2;Moderado;131;0.0489;OFICIAL;RURAL;8;123;0;0;0;Fúquene;5;;Cundinamarca;Cundinamarca;;
225307001413;SEDE PIAMONTE;1;Bajo;131;0.7219;OFICIAL;RURAL;21;110;0;0;0;Girardot;7;;Girardot;Cundinamarca;;
217433000535;INSTITUCION EDUCATIVA LLANADAS - SEDE PRINCIPAL;2;Moderado;131;0.1631;;RURAL;0;0;92;39;0;Manzanares;12;2;Caldas;Caldas;;Federación Nacional de Cafeteros de Colombia
217614000146;ESCUELA RURAL JUAN XXIII;1;Bajo;131;0.1631;;RURAL;24;107;0;0;0;Riosucio;6;;Caldas;Caldas;;
176041000831;LAUREANO GOMEZ;2;Moderado;130;0.0999;OFICIAL;URBANA;11;119;0;0;0;Ansermanuevo;4;;Valle;Valle del Cauca;SI;
105837005155;E.U. SANTISIMA TRINIDAD;2;Moderado;130;0.3472;OFICIAL;URBANA;21;109;0;0;0;Turbo;7;;Turbo;Antioquia;SI;
205837004285;E.R. DIECINUEVE DE MARZO;2;Moderado;130;0.3472;OFICIAL;RURAL;0;130;0;0;0;Turbo;4;;Turbo;Antioquia;SI;
141001003651;MI PEQUE?O MUNDO;1;Bajo;130;0.1927;OFICIAL;URBANA;130;0;0;0;0;Neiva;7;;Neiva;Huila;SI;
276233000529;JOSE MARIA CORDOBA;3;Crítico;130;0.0999;OFICIAL;RURAL;36;69;0;0;25;Dagua;6;;Valle;Valle del Cauca;SI;
219110000024;LA BALSA;1;Bajo;130;;OFICIAL;RURAL;19;111;0;0;0;Buenos Aires;5;;;Cauca;;
219130000926;ORTEGA (sede principal);1;Bajo;130;;OFICIAL;RURAL;4;46;68;12;0;Cajibío;11;1;;Cauca;;
219137000069;CERRO ALTO;1;Bajo;130;;OFICIAL;RURAL;19;111;0;0;0;Caldono;6;;;Cauca;;
219517000291;FELIX MARIA ORTIZ (sede principal);1;Bajo;130;;OFICIAL;RURAL;0;0;98;32;0;Páez;11;1;;Cauca;;
205237000031;I. E. PBRO ANTONIO JOSE CADAVID;2;Moderado;130;0.03;OFICIAL;RURAL;6;50;48;26;0;Donmatías;7;1;Antioquia;Antioquia;;
166001000191;GUSTAVO ARANGO GARRIDO;3;Crítico;130;0.1679;OFICIAL;URBANA;19;111;0;0;0;Pereira;2;;Pereira;Risaralda;;
266001001248;LLANO GRANDE;3;Crítico;130;0.1679;OFICIAL;RURAL;31;99;0;0;0;Pereira;3;;Pereira;Risaralda;;
266594001079;SE MIRACAMPOS - SEDE PRINCIPAL;2;Moderado;130;0.2929;OFICIAL;RURAL;0;0;79;38;13;Quinchía;11;2;Risaralda;Risaralda;;Fundación Nutresa
217088000217;INSTITUCION EDUCATIVA EL AGUILA - SEDE PRINCIPAL;3;Crítico;130;0.1618;;RURAL;6;45;47;32;0;Belalcázar;15;3;Caldas;Caldas;;Federación Nacional de Cafeteros de Colombia
219100002789;ALEJANDRO GOMEZ MUNOZ (sede principal);1;Bajo;129;;OFICIAL;RURAL;0;0;83;24;22;Bolívar;11;3;;Cauca;;
219418001668;ESCUELA INDIGENA GUADUALITO;3;Crítico;129;;OFICIAL;RURAL;8;70;51;0;0;López de Micay;7;;;Cauca;;
219824000052;GABRIEL LOPEZ;1;Bajo;129;;OFICIAL;RURAL;16;113;0;0;0;Totoró;6;;;Cauca;;
205308000126;E R SAN DIEGO;2;Moderado;129;0.0297;OFICIAL;RURAL;5;56;55;13;0;Girardota;8;;Antioquia;Antioquia;;Comfama (Caja de Compensación Familiar de Antioquia)
225200000031;ESCUELA RURAL BARRO BLANCO;2;Moderado;129;0.0481;OFICIAL;RURAL;11;118;0;0;0;Cogua;6;;Cundinamarca;Cundinamarca;;Fundación Alquería Cavelier
117873000681;ESCUELA RAFAEL POMBO;2;Moderado;129;0.1606;;URBANA;18;111;0;0;0;Villamaría;1;;Caldas;Caldas;;
227006000511;IE CHUGANDI - SEDE PRINCIPAL;2;Moderado;128;0.1124;OFICIAL;RURAL;7;38;58;25;0;Acandí;8;1;Choco;Chocó;SI;
273236000288;I.E.T. SAN JOSE - SEDE PRINCIPAL;1;Bajo;128;0.0917;OFICIAL;RURAL;6;38;64;20;0;Dolores;13;1;Tolima;Tolima;SI;
176823000058;LA PROVIDENCIA;2;Moderado;128;0.0984;OFICIAL;URBANA;12;116;0;0;0;Toro;3;;Valle;Valle del Cauca;SI;
276736000283;SANTA BARBARA;1;Bajo;128;0.0984;OFICIAL;RURAL;15;29;44;14;26;Sevilla;10;1;Valle;Valle del Cauca;SI;Fundación Carvajal
119022001172;SAN LUIS (sede principal);1;Bajo;128;;OFICIAL;URBANA;2;20;81;25;0;Almaguer;13;2;;Cauca;;
219142000204;OBANDO (sede principal);1;Bajo;128;;OFICIAL;RURAL;14;57;39;18;0;Caloto;17;1;;Cauca;;Fundación Barco
219807000863;PROMOCION SOCIAL (sede principal);1;Bajo;128;;OFICIAL;RURAL;0;0;91;37;0;Timbío;12;1;;Cauca;;
105761000124;E U MARCO FIDEL SUAREZ;2;Moderado;128;0.0295;OFICIAL;URBANA;0;128;0;0;0;Sopetrán;14;;Antioquia;Antioquia;;
217513000676;INSTITUCIÓN EDUCATIVA FRANCISCO JOSE DE CALDAS - SEDE PRINCIPAL;1;Bajo;128;0.1594;;RURAL;5;52;50;21;0;Pácora;14;2;Caldas;Caldas;;Federación Nacional de Cafeteros de Colombia
276364800181;SAN ANTONIO DE BACHILLERATO;2;Moderado;127;0.4588;OFICIAL;RURAL;0;0;94;29;4;Jamundí;;;Jamundí;Valle del Cauca;SI;
205679000498;LICEO LA PINTADA;2;Moderado;127;0.0293;OFICIAL;URBANA;0;0;127;0;0;La Pintada;20;3;Antioquia;Antioquia;SI;Comfama (Caja de Compensación Familiar de Antioquia)
127001002627;SEDE EL PORVENIR;1;Bajo;127;0.3457;OFICIAL;URBANA;23;90;0;0;14;Quibdó;8;;Quibdó;Chocó;SI;
276606000541;TEODORO MUNERA HINCAPIE;2;Moderado;127;0.0976;OFICIAL;RURAL;4;27;53;19;24;Restrepo;8;1;Valle;Valle del Cauca;SI;Fundación Bien Humano | Fundación Nutresa
176520001957;ENELIA RIVERA;1;Bajo;127;0.2577;OFICIAL;URBANA;0;0;90;37;0;Palmira;6;1;Palmira;Valle del Cauca;;
223417002421;EL REMOLINO - SEDE PRINCIPAL;3;Crítico;127;0.564;;RURAL;7;20;48;35;17;Lorica;14;2;Lorica;Córdoba;;
127001001264;SEDE JARDIN INFANTIL DE QUIBDO;2;Moderado;126;0.343;OFICIAL;URBANA;126;0;0;0;0;Quibdó;4;;Quibdó;Chocó;SI;
285001004659;LA LIBERTAD;1;Bajo;126;0.3208;OFICIAL;RURAL;51;75;0;0;0;Yopal;7;;Yopal;Casanare;NO;
176001012844;25 DE JULIO;2;Moderado;126;0.0411;OFICIAL;URBANA;7;119;0;0;0;Cali;6;;Cali;Valle del Cauca;SI;
205034000345;I. E.R FELIPE HENAO JARAMILLO;2;Moderado;126;0.029;OFICIAL;RURAL;0;0;74;52;0;Andes;9;1;Antioquia;Antioquia;;Comfama (Caja de Compensación Familiar de Antioquia) | Fundación Fraternidad Medellín
217013000131;INSTITUCION EDUCATIVA RIOARRIBA - SEDE PRINCIPAL;2;Moderado;126;0.1569;;RURAL;5;36;46;39;0;Aguadas;12;2;Caldas;Caldas;;Federación Nacional de Cafeteros de Colombia
217088000535;INSTITUCIÓN EDUCATIVA SAN ISIDRO - SEDE PRINCIPAL;3;Crítico;126;0.1569;;RURAL;0;0;96;30;0;Belalcázar;12;2;Caldas;Caldas;;Federación Nacional de Cafeteros de Colombia
217524000392;INSTITUCION EDUCATIVA JOSE MARIA CARBONELL - SEDE PRINCIPAL;2;Moderado;126;0.1569;;RURAL;0;0;79;47;0;Palestina;15;2;Caldas;Caldas;;
266088000056;SE COLUMBIA;3;Crítico;125;0.2817;OFICIAL;RURAL;7;55;45;18;0;Belén de Umbría;7;;Risaralda;Risaralda;SI;
376111002606;COL LA FUENTE DEL SABER;1;Bajo;125;0.6941;NO OFICIAL;URBANA;4;17;82;22;0;Guadalajara de Buga;;;Buga;Valle del Cauca;SI;Fundación Nutresa
225286000471;CONCENTRACION RURAL EL CERRITO;1;Bajo;125;0.6868;OFICIAL;RURAL;20;105;0;0;0;Funza;7;;Funza;Cundinamarca;SI;
176001003861;FENALCO ASTURIAS;2;Moderado;125;0.0407;OFICIAL;URBANA;0;125;0;0;0;Cali;5;1;Cali;Valle del Cauca;SI;Colombia Evidencia Potencial en Educación
219693000086;I.E.T. VENECIA - SEDE PRINCIPAL;1;Bajo;125;;OFICIAL;RURAL;2;13;46;24;40;San Sebastián;10;3;;Cauca;;
376111002568;ACADEMIA MILIT CORONEL MIGUEL CABAL BARONA;1;Bajo;124;0.6886;NO OFICIAL;URBANA;6;28;64;26;0;Guadalajara de Buga;;;Buga;Valle del Cauca;SI;
266572001440;SE IUMADE;2;Moderado;124;0.2794;OFICIAL;RURAL;31;93;0;0;0;Pueblo Rico;4;;Risaralda;Risaralda;SI;
176306000064;GENERAL ANZOATEGUI;2;Moderado;124;0.0953;OFICIAL;URBANA;10;114;0;0;0;Ginebra;5;;Valle;Valle del Cauca;SI;
176306000072;SAGRADO CORAZÓN DE JESUS;1;Bajo;124;0.0953;OFICIAL;URBANA;0;124;0;0;0;Ginebra;;;Valle;Valle del Cauca;SI;
176622000017;SAN SEBASTIAN;3;Crítico;124;0.0953;OFICIAL;URBANA;18;106;0;0;0;Roldanillo;3;;Valle;Valle del Cauca;SI;
276670000180;GABRIELA MISTRAL;2;Moderado;124;0.0953;OFICIAL;RURAL;0;0;90;34;0;San Pedro;6;;Valle;Valle del Cauca;SI;
276828000174;SAN ISIDRO;2;Moderado;124;0.0953;OFICIAL;RURAL;10;21;59;19;15;Trujillo;9;1;Valle;Valle del Cauca;SI;Fundación Carvajal
219418001021;BETANIA;1;Bajo;124;;OFICIAL;RURAL;6;54;48;16;0;López de Micay;7;;;Cauca;;
205607000124;I. E. NACIANCENO PELAEZ;2;Moderado;124;0.0286;OFICIAL;RURAL;4;44;51;25;0;Retiro;10;;Antioquia;Antioquia;;
125307000145;SEDE REPÚBLICA ECUADOR;2;Moderado;124;0.6833;OFICIAL;URBANA;35;89;0;0;0;Girardot;8;;Girardot;Cundinamarca;;
217050000400;INSTITUCION EDUCATIVA ALEGRIAS - SEDE PRINCIPAL;1;Bajo;124;0.1544;;RURAL;1;35;67;21;0;Aranzazu;13;2;Caldas;Caldas;;Federación Nacional de Cafeteros de Colombia
117486000401;ANEXA EL ROSARIO;1;Bajo;124;0.1544;;URBANA;10;114;0;0;0;Neira;8;;Caldas;Caldas;;
227205000296;IE MANUEL MOSQUERA MORENO - SEDE PRINCIPAL;2;Moderado;123;0.108;OFICIAL;RURAL;2;0;78;33;10;Condoto;16;1;Choco;Chocó;SI;
176616000188;SAGRADO CORAZON DE JESUS;1;Bajo;123;0.0945;OFICIAL;URBANA;0;123;0;0;0;Riofrío;5;;Valle;Valle del Cauca;SI;
205030000073;LUIS EDUARDO VALENCIA GARCIA;1;Bajo;123;0.0283;OFICIAL;URBANA;14;109;0;0;0;Amagá;6;;Antioquia;Antioquia;;
205138000622;COLEGIO JUNTAS DE URAMITA;2;Moderado;123;0.0283;OFICIAL;RURAL;0;0;77;26;20;Cañasgordas;11;1;Antioquia;Antioquia;;Fundación Incolmotos Yamaha
125513001174;CONCENTRACION URBANA CAMILO TORRES;2;Moderado;123;0.0459;OFICIAL;URBANA;19;104;0;0;0;Pacho;5;;Cundinamarca;Cundinamarca;;Fundación SURA
225596000411;INSTITUCIÓN EDUCATIVA DEPARTAMENTAL AGROPECUARIO LA SIERRA;2;Moderado;123;0.0459;OFICIAL;RURAL;0;0;81;28;14;Quipile;10;1;Cundinamarca;Cundinamarca;;Fundación Alquería Cavelier | Fundación Corona
276122000724;SEDE RURAL LA CAMELIA;2;Moderado;123;0.0945;OFICIAL;RURAL;10;113;0;0;0;Caicedonia;6;;Valle;Valle del Cauca;;
117272000110;COLEGIO MARIA INMACULADA;2;Moderado;123;0.1531;;URBANA;0;78;45;0;0;Filadelfia;3;;Caldas;Caldas;;
227361000662;IE DE TARIDO - SEDE PRINCIPAL;2;Moderado;122;0.1071;OFICIAL;RURAL;10;49;50;13;0;El Cantón del San Pablo;18;1;Choco;Chocó;SI;
205873000067;I. E. SAN ANTONIO DE PADUA;2;Moderado;122;0.0281;OFICIAL;RURAL;5;46;44;27;0;Vigía del Fuerte;11;1;Antioquia;Antioquia;SI;Education Soul S.A.S
227150000313;SEDE BUENA VISTA CAÑO CLARO;2;Moderado;122;0.1071;OFICIAL;RURAL;16;90;0;0;16;Carmen del Darién;3;;Choco;Chocó;SI;
217001006125;INSTITUCIÓN EDUCATIVA RURAL SAN PEREGRINO;1;Bajo;122;0.2568;OFICIAL;RURAL;0;0;78;44;0;Manizales;13;1;Manizales;Caldas;SI;Colombia Evidencia Potencial en Educación | Federación Nacional de Cafeteros de Colombia
176306000307;ALFONSO LINCE;2;Moderado;122;0.0938;OFICIAL;URBANA;70;52;0;0;0;Ginebra;5;1;Valle;Valle del Cauca;SI;
276100000372;MARIA INMACULADA;2;Moderado;122;0.0938;OFICIAL;RURAL;0;22;85;15;0;Bolívar;7;;Valle;Valle del Cauca;SI;
276863000063;ROSA ZARATE DE PEÑA;3;Crítico;122;0.0938;OFICIAL;RURAL;3;19;66;24;10;Versalles;10;;Valle;Valle del Cauca;SI;
219318000435;CHUARE NAPI (sede principal);1;Bajo;122;;OFICIAL;RURAL;6;29;59;28;0;Guapi;11;1;;Cauca;;
219698000327;SAN ISIDRO (sede principal);1;Bajo;122;;OFICIAL;RURAL;3;26;72;21;0;Santander de Quilichao;13;1;;Cauca;;
219743000741;I.E.T. AGROAMBIENTAL SEK BUVX FXIW LA GAITANA - SEDE PRINCIPAL;2;Moderado;122;;OFICIAL;RURAL;8;55;53;6;0;Silvia;7;1;;Cauca;;
205665000860;I. E. R. SAN ISIDRO;2;Moderado;122;0.0281;OFICIAL;RURAL;8;38;46;30;0;San Pedro de Urabá;7;;Antioquia;Antioquia;;Fundación Empresas Públicas De Medellín
205890000356;I. E. R. GUILLERMO AGUILAR;2;Moderado;122;0.0281;OFICIAL;RURAL;3;39;55;25;0;Yolombó;11;1;Antioquia;Antioquia;;Fundación Empresas Públicas De Medellín | Fundación Nutresa
266001005669;EL AZUFRAL;3;Crítico;122;0.1576;OFICIAL;RURAL;15;107;0;0;0;Pereira;7;;Pereira;Risaralda;;
276834001239;SEDE PRINCIPAL NO. 30 ATANASIO GIRARDOT;1;Bajo;122;0.4426;OFICIAL;RURAL;8;23;67;24;0;Tuluá;11;1;Tuluá;Valle del Cauca;;
276834000615;SEDE NO. 29 GUILLERMO MARTÍNEZ NÚÑEZ;1;Bajo;122;0.4426;OFICIAL;RURAL;42;80;0;0;0;Tuluá;6;;Tuluá;Valle del Cauca;;
176246000663;GILBERTO ALZATE AVENDAÑO;1;Bajo;122;0.0938;OFICIAL;URBANA;8;0;76;38;0;El Cairo;11;3;Valle;Valle del Cauca;;Fundación Carvajal
276250000907;KIMI PERNIA DOMICO 2;2;Moderado;122;0.0938;OFICIAL;RURAL;0;0;67;7;48;El Dovio;2;;Valle;Valle del Cauca;;
276400000609;CONCENTRACION ESCOLAR DE DESARROLLO RURAL QUEBRADAGRANDE;1;Bajo;122;0.0938;OFICIAL;RURAL;0;0;84;38;0;La Unión;14;2;Valle;Valle del Cauca;;
217042000344;INSTITUCIÓN EDUCATIVA SAN PEDRO - SEDE PRINCIPAL;3;Crítico;122;0.1519;;RURAL;5;35;60;22;0;Anserma;10;2;Caldas;Caldas;;Federación Nacional de Cafeteros de Colombia
227077002078;IE FRANCISCO EUGENIO MOSQUERA - SEDE PRINCIPAL;3;Crítico;121;0.1062;OFICIAL;RURAL;0;0;94;26;1;Medio Baudó;14;2;Choco;Chocó;SI;
127077002103;SEDE MARIA ISABEL MOSQUERA;2;Moderado;121;0.1062;OFICIAL;URBANA;9;112;0;0;0;Bajo Baudó;8;;Choco;Chocó;SI;
213160000060;I.E. LA VICTORIA - SEDE PRINCIPAL;2;Moderado;121;0.0532;OFICIAL;RURAL;1;20;56;44;0;Cantagallo;11;2;Bolivar;Bolívar;NO;
276364000265;ADAN CORDOBES-SEDE;1;Bajo;121;0.4372;OFICIAL;RURAL;0;0;92;29;0;Jamundí;7;;Jamundí;Valle del Cauca;SI;
176622000882;DIVINO NIÑO;3;Crítico;121;0.093;OFICIAL;URBANA;31;90;0;0;0;Roldanillo;1;;Valle;Valle del Cauca;SI;
276109001479;SAN PEDRO;3;Crítico;121;0.2169;OFICIAL;RURAL;10;32;35;20;24;Buenaventura;5;;Buenaventura;Valle del Cauca;SI;
125483000046;ESCUELA URBANA ANTONIO NARIÑO;2;Moderado;121;0.0452;OFICIAL;URBANA;15;106;0;0;0;Nariño;4;;Cundinamarca;Cundinamarca;;
117380000193;ESCUELA KENNEDY;1;Bajo;121;0.1506;;URBANA;15;106;0;0;0;La Dorada;6;;Caldas;Caldas;;
227001000874;SEDE REPUBLICA DE PANAMA;3;Crítico;120;0.3267;OFICIAL;RURAL;0;60;0;0;60;Quibdó;3;;Quibdó;Chocó;SI;
213673000120;EL PIÑIQUE;2;Moderado;120;0.0528;OFICIAL;RURAL;13;31;76;0;0;Clemencia;6;;Bolivar;Bolívar;NO;Fundación Barco
176001007891;ASTURIAS;2;Moderado;120;0.0391;OFICIAL;URBANA;17;103;0;0;0;Cali;6;;Cali;Valle del Cauca;SI;Colombia Evidencia Potencial en Educación
125483000097;COLEGIO DEPARTAMENTAL ANTONIO NARIÑO;2;Moderado;120;0.0448;OFICIAL;URBANA;0;0;86;23;11;Nariño;9;1;Cundinamarca;Cundinamarca;;Fundación Alquería Cavelier
276243000021;DIONISIO CORTES;3;Crítico;119;0.0914;OFICIAL;RURAL;17;31;34;17;20;El Águila;4;;Valle;Valle del Cauca;SI;
276318000099;GENERAL SANTANDER;1;Bajo;119;0.0914;OFICIAL;RURAL;22;45;39;13;0;Guacarí;11;1;Valle;Valle del Cauca;SI;Fundación Nutresa
176109007421;LA COMUNA;1;Bajo;119;0.2133;OFICIAL;URBANA;18;101;0;0;0;Buenaventura;6;;Buenaventura;Valle del Cauca;SI;
219760000177;LA PAZ (sede principal);1;Bajo;119;;OFICIAL;RURAL;3;30;67;19;0;Sotará - Paispamba;12;2;;Cauca;;
219824000982;VICTOR MANUEL CHAUX VILLAMIL (sede principal);1;Bajo;119;;OFICIAL;RURAL;0;0;91;28;0;Totoró;14;2;;Cauca;;
205306000072;E U FERNANDO HINCAPIE TASCON;2;Moderado;119;0.0274;OFICIAL;RURAL;17;70;32;0;0;Giraldo;4;;Antioquia;Antioquia;;
225572000101;ESCUELA RURAL PUERTO LIBRE;2;Moderado;119;0.0444;OFICIAL;RURAL;27;92;0;0;0;Puerto Salgar;6;;Cundinamarca;Cundinamarca;;
176622000998;EUSTAQUIO PALACIOS;3;Crítico;119;0.0914;OFICIAL;URBANA;10;109;0;0;0;Roldanillo;;;Valle;Valle del Cauca;;
117541000601;CONCENTRACIÓN ESCOLAR BOYACA;2;Moderado;119;0.1481;;URBANA;0;119;0;0;0;Pensilvania;4;;Caldas;Caldas;;
127001800214;CEI CABI;2;Moderado;118;0.3212;OFICIAL;URBANA;118;0;0;0;0;Quibdó;8;;Quibdó;Chocó;SI;
276041000371;JORGE ISAACS;3;Crítico;118;0.0907;OFICIAL;RURAL;13;21;61;23;0;Ansermanuevo;8;1;Valle;Valle del Cauca;SI;Fundación Carvajal
266572001286;SE BACHILLERATO EN BIENESTAR RURAL -PUEBLO RICO- SEDE PRINCIPAL;2;Moderado;118;0.2659;OFICIAL;RURAL;0;0;76;42;0;Pueblo Rico;6;;Risaralda;Risaralda;SI;
276113000070;SIMON BOLIVAR;1;Bajo;118;0.0907;OFICIAL;RURAL;0;90;0;0;28;Bugalagrande;3;;Valle;Valle del Cauca;SI;
276130000326;JOSE CELESTINO MUTIS;1;Bajo;118;0.0907;OFICIAL;RURAL;21;97;0;0;0;Candelaria;6;;Valle;Valle del Cauca;SI;
205318000388;C. E. R. MONSEÑOR ALFONSO URIBE JARAMILLO;2;Moderado;118;0.0272;OFICIAL;RURAL;17;101;0;0;0;Guarne;5;;Antioquia;Antioquia;;Fundación Incolmotos Yamaha
205690000271;COLEGIO BOTERO;2;Moderado;118;0.0272;OFICIAL;RURAL;4;37;50;27;0;Santo Domingo;10;1;Antioquia;Antioquia;;
266088000200;SE LA FLORIDA - SEDE PRINCIPAL;2;Moderado;118;0.2659;OFICIAL;RURAL;4;47;51;16;0;Belén de Umbría;6;;Risaralda;Risaralda;;
166383000195;SE MARIA AUXILIADORA;2;Moderado;118;0.2659;OFICIAL;URBANA;0;118;0;0;0;La Celia;7;;Risaralda;Risaralda;;
241001003906;LAS CAMELIAS;1;Bajo;117;0.1734;OFICIAL;URBANA;18;99;0;0;0;Neiva;6;;Neiva;Huila;SI;
117001005965;INSTITUCION EDUCATIVA INSTITUTO PABLO VI;1;Bajo;117;0.2463;OFICIAL;URBANA;0;117;0;0;0;Manizales;22;2;Manizales;Caldas;SI;Fundación Corona | Fundación Luker
276041000746;EL PLACER;2;Moderado;117;0.0899;OFICIAL;RURAL;11;0;78;28;0;Ansermanuevo;11;1;Valle;Valle del Cauca;SI;Fundación Carvajal
276248000321;HERNANDO BORRERO CUADROS;3;Crítico;117;0.0899;OFICIAL;RURAL;21;0;71;25;0;El Cerrito;9;1;Valle;Valle del Cauca;SI;Fundación Carvajal
119418000322;LA PAZ;3;Crítico;117;;OFICIAL;URBANA;24;93;0;0;0;López de Micay;7;;;Cauca;;Fundación Telefónica
219130000438;ALTO MOJIBIO (SEDE PRINCIPAL);1;Bajo;117;;OFICIAL;RURAL;8;38;56;15;0;Cajibío;13;1;;Cauca;;
219137000743;CENTRO REAL LA ESMERALDA;1;Bajo;117;;OFICIAL;RURAL;20;97;0;0;0;Caldono;7;;;Cauca;;
205686000801;I. E. R. HOYORRICO;1;Bajo;117;0.027;OFICIAL;RURAL;0;0;81;36;0;Santa Rosa de Osos;13;1;Antioquia;Antioquia;;Fundación Empresas Públicas De Medellín
225402000181;INSTITUCION EDUCATIVA DEPARTAMENTAL LUIS ALFONSO VALBUENA ULLOA;2;Moderado;117;0.0437;OFICIAL;RURAL;2;28;50;28;9;La Vega;11;1;Cundinamarca;Cundinamarca;;Fundación Alquería Cavelier | Fundación Nutresa
276233001240;SEDE CENTRAL CRISTOBAL COLON;1;Bajo;117;0.0899;OFICIAL;RURAL;21;0;67;29;0;Dagua;11;;Valle;Valle del Cauca;;Fundación Barco | Fundación Carvajal
217614000588;INSTITUCION EDUCATIVA NUESTRA SEÑORA DE FATIMA - SEDE PRINCIPAL;2;Moderado;117;0.1457;;RURAL;4;11;70;32;0;Riosucio;11;2;Caldas;Caldas;;Federación Nacional de Cafeteros de Colombia
127001017802;SEDE MIS ESFUERZOS;2;Moderado;116;0.3158;OFICIAL;URBANA;0;112;0;0;4;Quibdó;12;;Quibdó;Chocó;SI;
276497000608;MARIA ANALIA ORTIZ HORMAZA;2;Moderado;116;0.0891;OFICIAL;RURAL;2;34;51;13;16;Obando;11;1;Valle;Valle del Cauca;SI;
252001002154;ESC RUR MIX SANTA BARBARA;1;Bajo;116;0.1959;OFICIAL;RURAL;15;101;0;0;0;Pasto;6;;Pasto;Nariño;NO;
376111032289;COLEGIO INTEGRAL LA EXCELENCIA - SEDE PRINCIPAL;1;Bajo;116;0.6442;NO OFICIAL;URBANA;30;86;0;0;0;Guadalajara de Buga;;;Buga;Valle del Cauca;SI;
227800000321;SEDE INMACULADA CONCEPCION;2;Moderado;116;0.1019;OFICIAL;RURAL;9;68;32;7;0;Unguía;7;;Choco;Chocó;SI;
276041000312;CRISTOBAL COLON;1;Bajo;116;0.0891;OFICIAL;RURAL;2;13;0;0;101;Ansermanuevo;1;;Valle;Valle del Cauca;SI;
205607000078;I. E. R. NAZARETH;2;Moderado;116;0.0267;OFICIAL;RURAL;6;44;46;20;0;Retiro;6;;Antioquia;Antioquia;;
166383000209;SE ATANASIO GIRARDOT;3;Crítico;116;0.2614;OFICIAL;URBANA;47;69;0;0;0;La Celia;6;;Risaralda;Risaralda;;
176520002287;MIGUEL MERCADO;1;Bajo;116;0.2353;OFICIAL;URBANA;12;104;0;0;0;Palmira;6;;Palmira;Valle del Cauca;;Claro Colombia
217442000092;ESCUELA RURAL ECHANDIA;1;Bajo;116;0.1444;;RURAL;16;61;29;10;0;Marmato;6;;Caldas;Caldas;;Federación Nacional de Cafeteros de Colombia
127001000799;SEDE MIRAFLORES;3;Crítico;115;0.3131;OFICIAL;URBANA;18;97;0;0;0;Quibdó;7;;Quibdó;Chocó;SI;
205837004421;E.R. MAQUENCAL (UNIT);2;Moderado;115;0.3072;OFICIAL;RURAL;14;54;47;0;0;Turbo;5;;Turbo;Antioquia;SI;
227615001206;SEDE LA ESPERANZA;1;Bajo;115;0.101;OFICIAL;RURAL;17;46;46;6;0;Carmen del Darién;4;;Choco;Chocó;SI;
252001000097;ESC RUR MIX DE JURADO;2;Moderado;115;0.1942;OFICIAL;RURAL;12;33;46;24;0;Pasto;12;1;Pasto;Nariño;;
276126000214;PABLO VI;3;Crítico;114;0.0876;OFICIAL;RURAL;3;27;73;11;0;Calima;10;1;Valle;Valle del Cauca;SI;Fundación Nutresa
117001001030;INSTITUCION EDUCATIVA INSTITUTO LATINOAMERICANO SEDE B;2;Moderado;114;0.24;OFICIAL;URBANA;70;44;0;0;0;Manizales;5;;Manizales;Caldas;SI;
119532001495;MI CASITA;1;Bajo;114;;OFICIAL;URBANA;15;99;0;0;0;Patía;4;;;Cauca;;
119743000452;FRANCISCO JOSE DE CALDAS;1;Bajo;114;;OFICIAL;URBANA;14;100;0;0;0;Silvia;4;;;Cauca;;
219256001910;EL RECUERDO (sede principal);1;Bajo;114;;OFICIAL;RURAL;7;36;57;14;0;El Tambo;14;;;Cauca;;Fundación Smurfit Westrock Colombia
225148000401;INSTITUCION EDUCATIVA DEPARTAMENTAL DINDAL;2;Moderado;114;0.0425;OFICIAL;RURAL;6;41;44;16;7;Caparrapí;12;1;Cundinamarca;Cundinamarca;;Fundación Alquería Cavelier | Fundación Enel Colombia
266440000070;SE ALTO CAUCA - SEDE PRINCIPAL;3;Crítico;114;0.2569;OFICIAL;RURAL;0;0;87;27;0;Marsella;8;2;Risaralda;Risaralda;;
217662000387;INSTITUCION EDUCATIVA EL SILENCIO - SEDE PRINCIPAL;1;Bajo;114;0.1419;;RURAL;3;37;49;25;0;Samaná;13;2;Caldas;Caldas;;Federación Nacional de Cafeteros de Colombia
276243000519;JOSE MARIA CORDOBA;3;Crítico;113;0.0868;OFICIAL;RURAL;0;0;84;29;0;El Águila;7;;Valle;Valle del Cauca;SI;Fundación Barco
117513000825;INSTITUCION EDUCATIVA ELIAS MEJIA ANGEL - SEDE PRINCIPAL;2;Moderado;113;0.1407;OFICIAL;URBANA;0;0;90;23;0;Pácora;17;1;Caldas;Caldas;SI;Caja de Compensación Familiar de Caldas
266001001477;CENTRO EDUCATIVO SAN ANTONIO DE PADUA;3;Crítico;113;0.146;OFICIAL;RURAL;12;101;0;0;0;Pereira;7;1;Pereira;Risaralda;SI;
176736000084;HUGO TORO ECHEVERRY;3;Crítico;113;0.0868;OFICIAL;URBANA;0;113;0;0;0;Sevilla;2;;Valle;Valle del Cauca;SI;
276318000510;SATELITE PEDRO VICENTE ABADIA;3;Crítico;113;0.0868;OFICIAL;RURAL;0;0;88;25;0;Guacarí;11;;Valle;Valle del Cauca;SI;
276616000212;JOSE MARIA CORDOBA;3;Crítico;113;0.0868;OFICIAL;RURAL;0;113;0;0;0;Riofrío;1;;Valle;Valle del Cauca;SI;
276670000198;GENERAL SANTANDER;1;Bajo;113;0.0868;OFICIAL;RURAL;15;98;0;0;0;San Pedro;2;;Valle;Valle del Cauca;SI;
219698000114;LA ARROBLEDA;1;Bajo;113;;OFICIAL;RURAL;21;92;0;0;0;Santander de Quilichao;6;;;Cauca;;
219743000210;C.E. LA OVEJERA - SEDE PRINCIPAL;1;Bajo;113;;OFICIAL;RURAL;16;97;0;0;0;Silvia;7;;;Cauca;;
419807000919;SANTA MARIA (sede principal);1;Bajo;113;;OFICIAL;RURAL;5;30;54;24;0;Timbío;14;1;;Cauca;;
205376000495;C. E. R. EL TAMBO;1;Bajo;113;0.026;OFICIAL;RURAL;13;100;0;0;0;La Ceja;6;1;Antioquia;Antioquia;;Corporación Empresarial Del Oriente Antioqueño
276616000204;LAS AMERICAS;3;Crítico;113;0.0868;OFICIAL;RURAL;17;96;0;0;0;Riofrío;8;;Valle;Valle del Cauca;;
227077000334;CE SIVIRU - SEDE PRINCIPAL;1;Bajo;112;0.0983;OFICIAL;RURAL;4;39;52;17;0;Bajo Baudó;10;1;Choco;Chocó;SI;
227615060741;SEDE BALSA;1;Bajo;112;0.0983;OFICIAL;RURAL;1;35;30;0;46;Riosucio;5;;Choco;Chocó;SI;
176736000076;PRIMITIVO CRESPO;1;Bajo;112;0.0861;OFICIAL;URBANA;0;112;0;0;0;Sevilla;3;;Valle;Valle del Cauca;SI;
219450000321;SAN JOAQUIN;1;Bajo;112;;OFICIAL;RURAL;15;97;0;0;0;Mercaderes;6;;;Cauca;;
163190000407;CONSUELO BETANCOURT;2;Moderado;112;0.3085;OFICIAL;URBANA;17;95;0;0;0;Circasia;6;;Quindio;Quindio;;Claro Colombia
163470800000;LA ISABELA;2;Moderado;112;0.3085;OFICIAL;URBANA;15;97;0;0;0;Montenegro;6;;Quindio;Quindio;;
205679000277;E U LUIS FELIPE FERNANDEZ;2;Moderado;112;0.0258;OFICIAL;URBANA;0;0;23;89;0;Santa Bárbara;9;;Antioquia;Antioquia;;
217013000777;INSTITUCION EDUCATIVA SAN ANTONIO DE ARMA - SEDE PRINCIPAL;3;Crítico;112;0.1394;;RURAL;0;0;80;32;0;Aguadas;11;2;Caldas;Caldas;;Federación Nacional de Cafeteros de Colombia
219585000649;EL PORVENIR;1;Bajo;111;;OFICIAL;RURAL;9;49;44;9;0;Puracé;9;;;Cauca;;
266001001264;VILLA ALVAREZ;3;Crítico;111;0.1434;OFICIAL;URBANA;18;93;0;0;0;Pereira;;;Pereira;Risaralda;;
176036000245;SAN VICENTE FERRER;1;Bajo;110;0.0845;OFICIAL;URBANA;16;94;0;0;0;Andalucía;3;;Valle;Valle del Cauca;SI;
119532000090;FRANCISCO JOSE DE CALDAS;1;Bajo;110;;OFICIAL;URBANA;13;97;0;0;0;Patía;6;;;Cauca;;
125120000036;CONCENTRACION URBANA PANAMERICANA;2;Moderado;110;0.041;OFICIAL;URBANA;23;87;0;0;0;Cabrera;6;;Cundinamarca;Cundinamarca;;
225785000082;ESCUELA RURAL SIMON BOLIVAR;2;Moderado;110;0.041;OFICIAL;RURAL;9;101;0;0;0;Tabio;6;;Cundinamarca;Cundinamarca;;Fundación Alquería Cavelier
117877000065;ESCUELA SEÑORA DE FÁTIMA;2;Moderado;110;0.1369;;URBANA;60;50;0;0;0;Viterbo;2;;Caldas;Caldas;;
227077000849;IE NUESTRA SEÑORA DEL CARMEN - SEDE PRINCIPAL;3;Crítico;109;0.0957;OFICIAL;RURAL;3;36;46;24;0;Bajo Baudó;10;1;Choco;Chocó;SI;
127001004077;SEDE SAN VICENTE DE PAUL;2;Moderado;109;0.2967;OFICIAL;URBANA;22;87;0;0;0;Quibdó;7;;Quibdó;Chocó;SI;
276233000537;INSTITUCIÓN ETNOEDUCATIVA SAN PEDRO CLAVER;2;Moderado;109;0.0838;OFICIAL;RURAL;6;37;48;18;0;Dagua;9;1;Valle;Valle del Cauca;SI;Fundación Carvajal
219548000094;LA LORENA;1;Bajo;109;;OFICIAL;RURAL;0;0;82;27;0;Piendamó - Tunía;8;;;Cauca;;
217042000107;INSTITUCION EDUCATIVA OCUZCA - SEDE PRINCIPAL;1;Bajo;109;0.1357;;RURAL;2;22;63;22;0;Anserma;12;2;Caldas;Caldas;;Federación Nacional de Cafeteros de Colombia
217877000086;INSTITUCION EDUCATIVA EL SOCORRO - SEDE PRINCIPAL;2;Moderado;109;0.1357;;RURAL;9;46;44;10;0;Viterbo;9;2;Caldas;Caldas;;Alca Sistemas Sas
276306000085;MIGUEL ANTONIO CARO;3;Crítico;108;0.083;OFICIAL;RURAL;0;0;108;0;0;Ginebra;7;;Valle;Valle del Cauca;SI;
317001005948;COLEGIO CULTURAL ANDINO;1;Bajo;108;0.2273;NO OFICIAL;URBANA;0;26;61;21;0;Manizales;;;Manizales;Caldas;SI;
176122000312;CENTRO DOCENTE NO 08 TRES DE AGOSTO;1;Bajo;108;0.083;OFICIAL;URBANA;27;81;0;0;0;Caicedonia;;;Valle;Valle del Cauca;SI;
276113001084;ANTONIO NARIÑO CHORRERAS;1;Bajo;108;0.083;OFICIAL;RURAL;0;0;82;26;0;Bugalagrande;6;1;Valle;Valle del Cauca;SI;
276400000099;BELISARIO CAICEDO;1;Bajo;108;0.083;OFICIAL;RURAL;15;42;51;0;0;La Unión;2;;Valle;Valle del Cauca;SI;
205576000180;I. E. R. SINAI;1;Bajo;108;0.0249;OFICIAL;RURAL;4;33;44;27;0;Pueblorrico;6;;Antioquia;Antioquia;;Comfama (Caja de Compensación Familiar de Antioquia) | Fundación Secretos Para Contar
141551002449;EL PORVENIR;2;Moderado;108;0.346;OFICIAL;URBANA;38;70;0;0;0;Pitalito;6;;Pitalito;Huila;;
252260000267;SEDE 2 ESCUELA INTEGRADA EL PEÑOL;2;Moderado;108;0.0899;OFICIAL;URBANA;20;88;0;0;0;El Tambo;2;;Nariño;Nariño;;
266594000382;SE EL TRIUNFO;2;Moderado;108;0.2434;OFICIAL;RURAL;2;19;60;27;0;Quinchía;9;;Risaralda;Risaralda;;
217614000821;ESCUELA RURAL MIXTA LOMITAS;1;Bajo;108;0.1345;;RURAL;16;92;0;0;0;Riosucio;6;;Caldas;Caldas;;
227001017866;SEDE SAN FRANCISCO DEL CARAÑO;3;Crítico;107;0.2913;OFICIAL;URBANA;27;80;0;0;0;Quibdó;9;;Quibdó;Chocó;SI;
276616000255;INSTITUCION EDUCATIVA CAMILO TORRES;3;Crítico;107;0.0822;OFICIAL;RURAL;15;35;40;17;0;Riofrío;10;1;Valle;Valle del Cauca;SI;Fundación Carvajal | Fundación Nutresa
205282000441;I. E. R. MURRAPAL;2;Moderado;107;0.0247;OFICIAL;RURAL;10;37;42;18;0;Fredonia;7;;Antioquia;Antioquia;;
252693000580;SEDE 1 INSTITUCIÓN EDUCATIVA TÉCNICA MANUEL BRICEÑO;1;Bajo;107;0.0891;OFICIAL;RURAL;0;0;75;32;0;San Pablo;11;1;Nariño;Nariño;;
166001000590;ESCUELA MARCO FIDEL SUAREZ;3;Crítico;107;0.1382;OFICIAL;URBANA;21;86;0;0;0;Pereira;;;Pereira;Risaralda;;
273411001586;FRANCISCO JOSE DE CALDAS;3;Crítico;107;0.0766;OFICIAL;URBANA;21;86;0;0;0;Líbano;7;;Tolima;Tolima;;
117013000322;PREESCOLAR Y BASICA PRIMARIA DIVINO NIÑO;2;Moderado;107;0.1332;;URBANA;8;99;0;0;0;Aguadas;6;;Caldas;Caldas;;
217616000666;INSTITUCION EDUCATIVA FRANCISCO JOSE DE CALDAS - SEDE PRINCIPAL;1;Bajo;107;0.1332;;RURAL;5;15;63;24;0;Risaralda;11;2;Caldas;Caldas;;Federación Nacional de Cafeteros de Colombia
273504001250;LOS NARANJOS;3;Crítico;106;0.0759;OFICIAL;RURAL;4;33;50;19;0;Ortega;6;;Tolima;Tolima;SI;
241676000736;SAN JOAQUIN;2;Moderado;106;0.0832;OFICIAL;RURAL;0;0;82;24;0;Santa María;9;1;Huila;Huila;SI;
141244000056;SAN JUAN BOSCO;2;Moderado;106;0.0832;OFICIAL;URBANA;19;87;0;0;0;Elías;6;;Huila;Huila;SI;
205837007217;E.R. ARCUA DOKERAZAVI;2;Moderado;106;0.2831;OFICIAL;RURAL;16;74;16;0;0;Turbo;5;;Turbo;Antioquia;SI;
119573000118;PUERTO TEJADA;1;Bajo;106;;OFICIAL;URBANA;20;86;0;0;0;Puerto Tejada;6;;;Cauca;;Corporación Universitaria Comfacauca
219137800006;CENTRO DE FORMACION INTEGRAL IKH TUKH KIWE LA ESTRELLA;3;Crítico;106;;OFICIAL;RURAL;4;50;52;0;0;Caldono;;;;Cauca;;
205148000078;CRISTO REY;1;Bajo;106;0.0244;OFICIAL;RURAL;11;95;0;0;0;El Carmen de Viboral;6;;Antioquia;Antioquia;;
276828000565;JORGE ROBLEDO;3;Crítico;106;0.0815;OFICIAL;RURAL;0;0;59;34;13;Trujillo;8;1;Valle;Valle del Cauca;;
217662002258;ESCUELA RURAL QUIEBRA DE ROQUE;1;Bajo;106;0.132;;RURAL;7;36;49;14;0;Samaná;6;;Caldas;Caldas;;Federación Nacional de Cafeteros de Colombia
176147000384;ROBERTO DELGADO;2;Moderado;105;0.5911;OFICIAL;URBANA;0;105;0;0;0;Cartago;3;;Cartago;Valle del Cauca;SI;
476364800074;COLEGIO TESLA PRINCIPAL;1;Bajo;105;0.3794;NO OFICIAL;RURAL;16;55;28;6;0;Jamundí;;;Jamundí;Valle del Cauca;SI;
205147000457;I.E.R. EL CERRO;1;Bajo;105;0.0242;OFICIAL;RURAL;7;38;44;16;0;Carepa;;;Antioquia;Antioquia;SI;Comfama (Caja de Compensación Familiar de Antioquia) | Fundación Corona | Fundación Fraternidad Medellín
227001001234;SEDE DE TAGACHI;1;Bajo;105;0.2859;OFICIAL;RURAL;28;77;0;0;0;Quibdó;8;;Quibdó;Chocó;SI;
276736000178;SANTA TERESITA;2;Moderado;105;0.0807;OFICIAL;RURAL;0;0;64;23;18;Sevilla;8;1;Valle;Valle del Cauca;SI;Fundación Carvajal
219548000302;SANTA TERESITA;1;Bajo;105;;OFICIAL;RURAL;13;92;0;0;0;Piendamó - Tunía;5;;;Cauca;;
205001003322;CENTRO EDUCATIVO SAN JOSE DE LA MONTAÑA;1;Bajo;105;0.0288;OFICIAL;RURAL;14;91;0;0;0;Medellín;6;;Medellín;Antioquia;;Comfama (Caja de Compensación Familiar de Antioquia)
217653001117;INSTITUCION EDUCATIVA LUIS FELIPE GUTIERREZ LOAIZA - SEDE PRINCIPAL;2;Moderado;105;0.1307;;RURAL;1;37;40;27;0;Salamina;14;2;Caldas;Caldas;;Federación Nacional de Cafeteros de Colombia
276113000614;MARIANO OSPINA PEREZ;2;Moderado;104;0.0799;OFICIAL;RURAL;11;41;33;0;19;Bugalagrande;7;;Valle;Valle del Cauca;SI;
205308000100;E R SAN ESTEBAN;2;Moderado;104;0.024;OFICIAL;RURAL;10;72;22;0;0;Girardota;5;;Antioquia;Antioquia;SI;Fundación Secretos Para Contar
205837003475;E.R. LOMAS AISLADAS;2;Moderado;104;0.2778;OFICIAL;RURAL;5;33;66;0;0;Turbo;5;;Turbo;Antioquia;SI;
105642000639;E U DELFINA CALAD DE OCHOA;2;Moderado;104;0.024;OFICIAL;URBANA;14;90;0;0;0;Salgar;6;;Antioquia;Antioquia;;Fundación Incolmotos Yamaha
276403000201;CONCENTRACIÓN DE DESARROLLO RURAL SAN JOSE;3;Crítico;104;0.0799;OFICIAL;RURAL;0;0;75;29;0;La Victoria;14;1;Valle;Valle del Cauca;;Fundación Carvajal
176497000018;RICARDO NIETO;1;Bajo;104;0.0799;OFICIAL;URBANA;0;104;0;0;0;Obando;2;;Valle;Valle del Cauca;;
127001800222;CEI OBAPO;3;Crítico;103;0.2804;OFICIAL;URBANA;103;0;0;0;0;Quibdó;8;;Quibdó;Chocó;SI;
219418000378;SAGRADA FAMILIA (SEDE PRINCIPAL);1;Bajo;103;;OFICIAL;RURAL;7;50;43;3;0;López de Micay;11;2;;Cauca;;
419256000599;JOSE MARIA OBANDO (sede principal);1;Bajo;103;;OFICIAL;RURAL;0;0;83;20;0;El Tambo;11;2;;Cauca;;
205093000014;C. E. R. SAN ANTONIO;2;Moderado;103;0.0237;OFICIAL;RURAL;9;51;31;12;0;Betulia;4;;Antioquia;Antioquia;;Comfama (Caja de Compensación Familiar de Antioquia) | Fundación Fraternidad Medellín | Fundación Secretos Para Contar
176892000973;MIGUEL ANTONIO CARO;1;Bajo;103;0.4579;OFICIAL;URBANA;25;78;0;0;0;Yumbo;4;;Yumbo;Valle del Cauca;;
217662000093;INSTITUCION EDUCATIVA ENCIMADAS - SEDE PRINCIPAL;1;Bajo;103;0.1282;;RURAL;2;18;62;21;0;Samaná;12;1;Caldas;Caldas;;Federación Nacional de Cafeteros de Colombia
176109015467;EL JARDIN;3;Crítico;102;0.1829;OFICIAL;URBANA;19;83;0;0;0;Buenaventura;4;;Buenaventura;Valle del Cauca;SI;
176109011348;NUEVO AMANECER;1;Bajo;102;0.1829;OFICIAL;URBANA;12;88;2;0;0;Buenaventura;9;;Buenaventura;Valle del Cauca;SI;
105847001191;C. E. R. ELENA BENITEZ VELEZ;2;Moderado;102;0.0235;OFICIAL;RURAL;18;84;0;0;0;Urrao;6;;Antioquia;Antioquia;;
225785000074;ESCUELA RURAL ANTONIO NARIÑO;1;Bajo;102;0.0381;OFICIAL;RURAL;12;90;0;0;0;Tabio;6;;Cundinamarca;Cundinamarca;;Cámara de Comercio De Bogotá
217042000913;INSTITUCION EDUCATIVA EL HORRO - SEDE PRINCIPAL;3;Crítico;102;0.127;;RURAL;0;0;85;17;0;Anserma;9;2;Caldas;Caldas;;
117444000052;CONCENTRACIÓN ESCOLAR CERVANTES;1;Bajo;102;0.127;;URBANA;15;87;0;0;0;Marquetalia;4;;Caldas;Caldas;;
217614000219;CENTRO EDUCATIVO EL SALADO;2;Moderado;102;0.127;;RURAL;4;33;37;28;0;Riosucio;7;;Caldas;Caldas;;
276111000862;ARMANDO ROMERO LOZANO;2;Moderado;101;0.5609;OFICIAL;RURAL;9;58;34;0;0;Guadalajara de Buga;4;;Buga;Valle del Cauca;SI;
276109000405;PASCUAL DE ANDAGOYA;1;Bajo;101;0.1811;OFICIAL;RURAL;3;18;28;17;35;Buenaventura;;;Buenaventura;Valle del Cauca;SI;
219212000380;ESCUELA RURAL MIXTA CHICHARRONAL;1;Bajo;101;;OFICIAL;RURAL;4;33;48;16;0;Corinto;7;;;Cauca;;
205051000090;C. E. R. SAN JUDAS TADEO;1;Bajo;101;0.0233;OFICIAL;RURAL;6;32;63;0;0;Arboletes;7;1;Antioquia;Antioquia;;Fundación SURA | Fundación Secretos Para Contar
217486000791;INSTITUCION EDUCATIVA EL ROBLE - SEDE PRINCIPAL;2;Moderado;101;0.1257;;RURAL;3;31;50;17;0;Neira;10;2;Caldas;Caldas;;Federación Nacional de Cafeteros de Colombia
276147000486;ANTONIO RICAURTE;3;Crítico;100;0.563;OFICIAL;RURAL;55;45;0;0;0;Cartago;5;;Cartago;Valle del Cauca;SI;
205042000281;I. E. R. NURQUI;2;Moderado;100;0.023;OFICIAL;RURAL;8;34;43;15;0;Santa Fé de Antioquia;8;2;Antioquia;Antioquia;SI;Fundación Empresas Públicas De Medellín
176275000494;JOSE EUSEBIO CARO;1;Bajo;100;0.0768;OFICIAL;URBANA;0;100;0;0;0;Florida;5;;Valle;Valle del Cauca;SI;
176736000718;JARDIN INFANTIL RAFAEL POMBO;1;Bajo;100;0.0768;OFICIAL;URBANA;100;0;0;0;0;Sevilla;2;;Valle;Valle del Cauca;SI;
176845000132;SANTA CECILIA;1;Bajo;100;0.0768;OFICIAL;URBANA;0;0;100;0;0;Ulloa;5;;Valle;Valle del Cauca;SI;
119807000486;JARDIN INFANTIL SAN JUDAS;1;Bajo;100;;OFICIAL;URBANA;100;0;0;0;0;Timbío;1;;;Cauca;;
219513000113;HOLANDA (sede principal);1;Bajo;100;;OFICIAL;RURAL;0;0;71;29;0;Padilla;12;;;Cauca;;INGENIO DEL CAUCA S.A.S.
219698001641;LA ARROBLEDA (sede principal);1;Bajo;100;;OFICIAL;RURAL;0;0;66;34;0;Santander de Quilichao;14;;;Cauca;;
205038000226;I. E. R. CAÑAVERAL ABAJO;2;Moderado;100;0.023;OFICIAL;RURAL;8;52;31;9;0;Angostura;6;;Antioquia;Antioquia;;Fundación Empresas Públicas De Medellín
205690000319;LICEO PEDRO PABLO CASTRILLON;2;Moderado;100;0.023;OFICIAL;RURAL;0;0;56;23;21;Santo Domingo;8;1;Antioquia;Antioquia;;Comfama (Caja de Compensación Familiar de Antioquia)
225572000453;CONSENTRACION URBANA TRES ESQUINAS;1;Bajo;100;0.0373;OFICIAL;URBANA;23;77;0;0;0;Puerto Salgar;7;;Cundinamarca;Cundinamarca;;
266001004999;CENTRO EDUCATIVO PUERTO CALDAS;3;Crítico;100;0.1292;OFICIAL;RURAL;18;53;29;0;0;Pereira;7;1;Pereira;Risaralda;;
223417000495;LOS MORALES;2;Moderado;100;0.4441;;RURAL;37;63;0;0;0;Lorica;1;;Lorica;Córdoba;;
205837004412;E.R. LAS FLORES;2;Moderado;99;0.2644;OFICIAL;RURAL;99;0;0;0;0;Turbo;3;;Turbo;Antioquia;SI;Fundación Secretos Para Contar
117001001340;INSTITUCION EDUCATIVA INSTITUTO PABLO VI SEDE C;1;Bajo;99;0.2084;OFICIAL;URBANA;38;61;0;0;0;Manizales;2;;Manizales;Caldas;SI;
276109004648;SAN PEDRO CLAVER;2;Moderado;99;0.1775;OFICIAL;RURAL;1;41;37;20;0;Buenaventura;10;1;Buenaventura;Valle del Cauca;SI;
176243000093;ANTONIA SANTOS;3;Crítico;99;0.0761;OFICIAL;URBANA;22;77;0;0;0;El Águila;5;;Valle;Valle del Cauca;SI;
276377000388;MARIA AUXILIADORA;1;Bajo;99;0.0761;OFICIAL;RURAL;10;0;62;27;0;La Cumbre;5;1;Valle;Valle del Cauca;SI;
219392000081;PALO GRANDE BAJO (sede principal);1;Bajo;99;;OFICIAL;RURAL;3;24;56;16;0;La Sierra;9;1;;Cauca;;
276834000917;SEDE PRINCIPAL NO. 65 SAN VICENTE DE PAÚL;2;Moderado;99;0.3591;OFICIAL;RURAL;6;31;41;21;0;Tuluá;10;1;Tuluá;Valle del Cauca;;
217486000391;INSTITUCION EDUCATIVA PIO XII - SEDE PRINCIPAL;1;Bajo;99;0.1232;;RURAL;1;32;33;33;0;Neira;8;2;Caldas;Caldas;;Federación Nacional de Cafeteros de Colombia
217614000928;INSTITUCION EDUCATIVA LA IBERIA - SEDE PRINCIPAL;2;Moderado;99;0.1232;;RURAL;1;11;47;40;0;Riosucio;13;1;Caldas;Caldas;;
250330000429;SEDE LA LIBERTAD;1;Bajo;98;0.086;OFICIAL;RURAL;4;33;61;0;0;Mesetas;4;;Meta;Meta;NO;
317001005514;COLEGIO LOS LIBERTADORES;1;Bajo;98;0.2063;NO OFICIAL;URBANA;0;0;0;0;98;Manizales;;;Manizales;Caldas;SI;
273200000095;I.E.T. LA VEGA DE LOS PADRES - SEDE PRINCIPAL;1;Bajo;98;0.0702;OFICIAL;RURAL;8;25;44;21;0;Coello;11;1;Tolima;Tolima;SI;
276622000577;SANTA ROSALIA DE PALERMO;2;Moderado;98;0.0753;OFICIAL;RURAL;0;0;74;24;0;Roldanillo;14;2;Valle;Valle del Cauca;SI;Fundación Carvajal
205686800026;PRESBITERO SANTIAGO CALLE ROLDAN;1;Bajo;98;0.0226;OFICIAL;RURAL;16;82;0;0;0;Santa Rosa de Osos;;;Antioquia;Antioquia;;
225649000095;COLEGIO BÁSICO SANTA RITA;2;Moderado;98;0.0366;OFICIAL;RURAL;10;21;41;26;0;San Bernardo;8;;Cundinamarca;Cundinamarca;;
276834000682;SEDE NO. 36 SIMON BOLIVAR;2;Moderado;98;0.3555;OFICIAL;RURAL;14;84;0;0;0;Tuluá;6;;Tuluá;Valle del Cauca;;Fundación Levapan
176100000441;ALONSO ARAGON QUINTERO;1;Bajo;98;0.0753;OFICIAL;URBANA;0;98;0;0;0;Bolívar;6;;Valle;Valle del Cauca;;
217486000651;INSTITUCION EDUCATIVA PUEBLO RICO - SEDE PRINCIPAL;2;Moderado;98;0.122;;RURAL;0;0;76;22;0;Neira;10;2;Caldas;Caldas;;Federación Nacional de Cafeteros de Colombia
376364001878;LICEO TALLER DE NAZARETH;2;Moderado;97;0.3505;NO OFICIAL;URBANA;12;85;0;0;0;Jamundí;;;Jamundí;Valle del Cauca;SI;
205541000225;I. E. R. GUAMITO;2;Moderado;97;0.0224;OFICIAL;RURAL;3;52;42;0;0;Peñol;6;1;Antioquia;Antioquia;SI;Comfama (Caja de Compensación Familiar de Antioquia) | Fundación Fraternidad Medellín | Fundación Nutresa | Parque Explora
273270000181;I.E. PLAYA RICA - SEDE PRINCIPAL;1;Bajo;97;0.0695;OFICIAL;RURAL;5;32;45;15;0;Palocabildo;9;1;Tolima;Tolima;SI;
217001000968;INSTITUCIÓN EDUCATIVA RURAL SAN PEREGRINO SEDE A;1;Bajo;97;0.2042;OFICIAL;RURAL;0;97;0;0;0;Manizales;5;;Manizales;Caldas;SI;
215533000106;I.E. EL ROSARIO - SEDE PRINCIPAL;1;Bajo;97;0.0743;OFICIAL;RURAL;6;28;40;23;0;Paya;13;1;Boyaca;Boyacá;NO;
219137000131;PESCADOR;1;Bajo;97;;OFICIAL;RURAL;0;97;0;0;0;Caldono;5;;;Cauca;;
205001006224;CENTRO EDUCATIVO PERMANENTE MAZO;1;Bajo;97;0.0266;OFICIAL;RURAL;12;85;0;0;0;Medellín;7;1;Medellín;Antioquia;;
166001004935;LA UNION;3;Crítico;97;0.1253;OFICIAL;URBANA;17;80;0;0;0;Pereira;;;Pereira;Risaralda;;
266001001400;IE LA BELLA;3;Crítico;97;0.1253;OFICIAL;RURAL;26;71;0;0;0;Pereira;25;2;Pereira;Risaralda;;
217013000394;ANGEL DE LA GUARDA;3;Crítico;97;0.1208;;RURAL;8;89;0;0;0;Aguadas;5;;Caldas;Caldas;;Caja de Compensación Familiar de Caldas
241483000119;LAURELES;2;Moderado;96;0.0753;OFICIAL;RURAL;9;28;59;0;0;Nátaga;4;1;Huila;Huila;SI;
105002800028;ESCUELA DOCTOR DIONISIO ARANGO MEJÍA;2;Moderado;96;0.0221;OFICIAL;URBANA;18;78;0;0;0;Abejorral;4;;Antioquia;Antioquia;SI;
176250000015;MARIA INMACULADA;1;Bajo;96;0.0738;OFICIAL;URBANA;0;96;0;0;0;El Dovio;5;;Valle;Valle del Cauca;SI;
219455000078;GUATEMALA;1;Bajo;96;;OFICIAL;RURAL;15;81;0;0;0;Miranda;4;1;;Cauca;;
205209000769;I.E. LAZARO RESTREPO GONZALEZ;2;Moderado;96;0.0221;OFICIAL;URBANA;10;49;37;0;0;Concordia;4;;Antioquia;Antioquia;;
225288000079;CONCENTRACION RURAL SAN JUAN BOSCO;2;Moderado;96;0.0358;OFICIAL;RURAL;49;47;0;0;0;Fúquene;4;;Cundinamarca;Cundinamarca;;
217873000375;INSTITUCION EDUCATIVA COLOMBIA - SEDE PRINCIPAL;2;Moderado;96;0.1195;;RURAL;1;23;61;11;0;Villamaría;10;2;Caldas;Caldas;;Alca Sistemas Sas
217001000275;INSTITUCIÓN EDUCATIVA RURAL LA TRINIDAD;2;Moderado;95;0.2;OFICIAL;RURAL;0;0;70;25;0;Manizales;12;1;Manizales;Caldas;SI;Colombia Evidencia Potencial en Educación
127001000675;SEDE FRANCISCO CORDOBA;1;Bajo;95;0.2586;OFICIAL;URBANA;11;84;0;0;0;Quibdó;5;;Quibdó;Chocó;SI;
205101000029;C. E. R. PAULINA PUERTA;2;Moderado;95;0.0219;OFICIAL;RURAL;9;48;27;11;0;Ciudad Bolívar;5;;Antioquia;Antioquia;;
205212000346;E R CABUYAL;2;Moderado;95;0.0219;OFICIAL;RURAL;12;83;0;0;0;Copacabana;6;;Antioquia;Antioquia;;
205789000591;I. E. R. SAN PABLO;1;Bajo;95;0.0219;OFICIAL;RURAL;2;32;43;18;0;Támesis;7;1;Antioquia;Antioquia;;Comfama (Caja de Compensación Familiar de Antioquia) | Fundación Fraternidad Medellín
223001001328;ESC RURAL MIXTA LOS CEDROS;2;Moderado;95;0.0963;;RURAL;8;87;0;0;0;Montería;6;;Monteria;Córdoba;;
227025000069;IE BELLAVISTA BERREBERRE - SEDE PRINCIPAL;3;Crítico;94;0.0825;OFICIAL;RURAL;5;19;29;6;35;Medio Baudó;7;1;Choco;Chocó;SI;
127001800231;CEI MIA JORGE VALENCIALOZANO;3;Crítico;94;0.2559;OFICIAL;URBANA;94;0;0;0;0;Quibdó;3;;Quibdó;Chocó;SI;
376111032220;LIC DE LOS NIÑOS;1;Bajo;94;0.522;NO OFICIAL;URBANA;33;61;0;0;0;Guadalajara de Buga;;;Buga;Valle del Cauca;SI;
273861000253;I.E. OTONIEL GUZMAN - SEDE PRINCIPAL;1;Bajo;94;0.0673;OFICIAL;RURAL;3;29;43;19;0;Venadillo;10;1;Tolima;Tolima;SI;
205642000774;I E R ABELARDO OCHOA SEDE II;2;Moderado;94;0.0217;OFICIAL;RURAL;15;79;0;0;0;Salgar;;;Antioquia;Antioquia;;
205656000105;C. E. R. EL ALTICO;2;Moderado;94;0.0217;OFICIAL;RURAL;9;50;35;0;0;San Jerónimo;5;1;Antioquia;Antioquia;;Fundación Incolmotos Yamaha
266001001035;JOSE DOMINGO ESCOBAR;3;Crítico;94;0.1214;OFICIAL;RURAL;43;51;0;0;0;Pereira;;;Pereira;Risaralda;;
176520002864;POPULAR MODELO;2;Moderado;94;0.1907;OFICIAL;URBANA;17;77;0;0;0;Palmira;6;;Palmira;Valle del Cauca;;
176126800003;CIUDADELA GERMAN MEJIA TASCON;2;Moderado;94;0.0722;OFICIAL;URBANA;7;87;0;0;0;Calima;3;;Valle;Valle del Cauca;;
205148000795;C. E. R. ALTO GRANDE;1;Bajo;93;0.0214;OFICIAL;RURAL;12;59;22;0;0;El Carmen de Viboral;3;;Antioquia;Antioquia;SI;Corporación Empresarial Del Oriente Antioqueño
176377000057;MARCO FIDEL SUAREZ;3;Crítico;93;0.0715;OFICIAL;URBANA;13;80;0;0;0;La Cumbre;3;;Valle;Valle del Cauca;SI;
176895000478;LAS MERCEDES;3;Crítico;93;0.0715;OFICIAL;URBANA;17;76;0;0;0;Zarzal;5;;Valle;Valle del Cauca;SI;
219450000568;EL ROSARIO (sede principal);1;Bajo;93;;OFICIAL;RURAL;9;48;36;0;0;Mercaderes;7;1;;Cauca;;
219780000246;SANTA MARTA (SEDE PRINCIPAL);1;Bajo;93;;OFICIAL;RURAL;13;35;40;5;0;Suárez;12;1;;Cauca;;
105209000101;I. E. R. CAMILO GONZALEZ FERNANDEZ;2;Moderado;93;0.0214;OFICIAL;RURAL;11;50;32;0;0;Concordia;5;;Antioquia;Antioquia;;
223417000011;LA SUBIDA;2;Moderado;93;0.413;;RURAL;20;73;0;0;0;Lorica;7;;Lorica;Córdoba;;
227361000727;IE DE PRIMAVERA - SEDE PRINCIPAL;3;Crítico;92;0.0808;OFICIAL;RURAL;2;22;48;20;0;Istmina;18;2;Choco;Chocó;SI;
276243000497;SANTA MARTA;3;Crítico;92;0.0707;OFICIAL;RURAL;0;0;63;29;0;El Águila;13;1;Valle;Valle del Cauca;SI;Fundación Carvajal
205042000354;I. E. R. EL PESCADO;2;Moderado;92;0.0212;OFICIAL;RURAL;6;32;37;17;0;Santa Fé de Antioquia;6;2;Antioquia;Antioquia;SI;
266572000940;SE SIKUEDO;2;Moderado;92;0.2073;OFICIAL;RURAL;13;79;0;0;0;Pueblo Rico;4;;Risaralda;Risaralda;SI;
205138000088;I. E. R. SAN PASCUAL;2;Moderado;92;0.0212;OFICIAL;RURAL;3;26;33;30;0;Cañasgordas;5;1;Antioquia;Antioquia;SI;
119075000585;MI PEQUENO MUNDO;1;Bajo;92;;OFICIAL;URBANA;92;0;0;0;0;Balboa;4;1;;Cauca;;
166400000200;SE MANUELITA SAENZ;2;Moderado;92;0.2073;OFICIAL;URBANA;15;77;0;0;0;La Virginia;4;;Risaralda;Risaralda;;
217013000742;INSTITUCION EDUCATIVA LA MERMITA - SEDE PRINCIPAL;3;Crítico;92;0.1145;;RURAL;3;25;48;16;0;Aguadas;7;2;Caldas;Caldas;;Federación Nacional de Cafeteros de Colombia
376364001711;LICEO EL ROSARIO JAMUNDÍ;1;Bajo;91;0.3288;NO OFICIAL;URBANA;2;34;39;16;0;Jamundí;;;Jamundí;Valle del Cauca;SI;
217001002065;INSTITUCIÓN EDUCATIVA LA VIOLETA;2;Moderado;91;0.1916;OFICIAL;RURAL;0;0;58;33;0;Manizales;10;1;Manizales;Caldas;SI;Colombia Evidencia Potencial en Educación | Federación Nacional de Cafeteros de Colombia
117433000328;ESCUELA CLARA VELASQUEZ;1;Bajo;91;0.1133;OFICIAL;URBANA;47;44;0;0;0;Manzanares;6;;Caldas;Caldas;SI;
276233000111;GENERAL CARLOS ALBAN;2;Moderado;91;0.0699;OFICIAL;RURAL;6;34;36;15;0;Dagua;5;;Valle;Valle del Cauca;SI;
276109002661;NTRA SEÑORA DEL PERPETUO SOCORRO;1;Bajo;91;0.1631;OFICIAL;RURAL;11;30;28;4;18;Buenaventura;19;2;Buenaventura;Valle del Cauca;SI;Fundación SURA
419256002711;CORPORACION MAESTRA VIDA;1;Bajo;91;;NO OFICIAL;RURAL;3;38;32;18;0;El Tambo;;;;Cauca;;
405038000004;I. E. R. CHOCHO LA LOMA;2;Moderado;91;0.021;OFICIAL;RURAL;2;26;36;27;0;Angostura;5;;Antioquia;Antioquia;;Fundación Empresas Públicas De Medellín
205001001966;CENTRO EDUCATIVO LA ALDEA;1;Bajo;91;0.025;OFICIAL;RURAL;9;82;0;0;0;Medellín;7;1;Medellín;Antioquia;;Comfama (Caja de Compensación Familiar de Antioquia)
266594000510;SE SAN JOSE;2;Moderado;91;0.2051;OFICIAL;RURAL;3;44;32;12;0;Quinchía;6;;Risaralda;Risaralda;;
205318000302;I.E.R. EZEQUIEL SIERRA;2;Moderado;90;0.0207;OFICIAL;RURAL;4;43;33;10;0;Guarne;6;1;Antioquia;Antioquia;SI;
127001017829;SEDE DIVINO NIÑO;1;Bajo;90;0.245;OFICIAL;URBANA;5;85;0;0;0;Quibdó;6;;Quibdó;Chocó;SI;
273217001214;CHENCHE BUENOS AIRES;1;Bajo;90;0.0645;OFICIAL;RURAL;0;0;67;23;0;Coyaima;8;;Tolima;Tolima;SI;
376111002754;LIC INF SUEÑOS Y FANTASIAS;1;Bajo;90;0.4998;NO OFICIAL;URBANA;21;69;0;0;0;Guadalajara de Buga;;;Buga;Valle del Cauca;SI;
173319000838;SAN MARTIN;1;Bajo;90;0.0645;OFICIAL;URBANA;30;60;0;0;0;Guamo;4;;Tolima;Tolima;SI;
176246000311;BOLIVARIANA;3;Crítico;90;0.0692;OFICIAL;URBANA;11;79;0;0;0;El Cairo;2;2;Valle;Valle del Cauca;SI;
176895000206;FRANCISCO DE PAULA SANTANDER;2;Moderado;90;0.0692;OFICIAL;URBANA;10;80;0;0;0;Zarzal;3;;Valle;Valle del Cauca;SI;
219473000646;LA FLORESTA;1;Bajo;90;;OFICIAL;RURAL;13;57;20;0;0;Morales;8;;;Cauca;;
205656000202;RAFAEL J. MEJIA;2;Moderado;90;0.0207;OFICIAL;RURAL;8;46;30;6;0;San Jerónimo;6;;Antioquia;Antioquia;;
217433000578;INSTITUCION EDUCATIVA JOSE ANTONIO GALAN - SEDE PRINCIPAL;3;Crítico;90;0.112;;RURAL;3;26;47;14;0;Manzanares;7;2;Caldas;Caldas;;Federación Nacional de Cafeteros de Colombia
217662000956;INSTITUCION EDUCATIVA LA ESTRELLA - SEDE PRINCIPAL;2;Moderado;90;0.112;;RURAL;5;19;49;17;0;Samaná;9;2;Caldas;Caldas;;Federación Nacional de Cafeteros de Colombia
127001800249;CEI MI COCOROBÉ;3;Crítico;89;0.2423;OFICIAL;URBANA;89;0;0;0;0;Quibdó;;;Quibdó;Chocó;SI;
276275000324;MANUELA BELTRAN;3;Crítico;89;0.0684;OFICIAL;RURAL;14;10;28;9;28;Florida;5;;Valle;Valle del Cauca;SI;
276318000048;SANTA ROSA DE LIMA;3;Crítico;89;0.0684;OFICIAL;RURAL;13;76;0;0;0;Guacarí;3;;Valle;Valle del Cauca;SI;
276109003170;COLONIA JACI;1;Bajo;89;0.1595;OFICIAL;RURAL;13;61;0;0;15;Buenaventura;1;;Buenaventura;Valle del Cauca;SI;
219473006491;E.R.M. SEMILLERO DE NIÑOS PAECES (LUUCX FXIW) - SEDE PRINCIPAL;1;Bajo;89;;OFICIAL;RURAL;2;29;21;37;0;Morales;6;2;;Cauca;;
219743000821;CENTRO DOCENTE PIENDAMO ARRIBA;1;Bajo;89;;OFICIAL;RURAL;13;76;0;0;0;Silvia;1;;;Cauca;;
205034000108;LA SOLEDAD;2;Moderado;89;0.0205;OFICIAL;RURAL;5;41;37;6;0;Andes;4;;Antioquia;Antioquia;;Comfama (Caja de Compensación Familiar de Antioquia) | Fundación Fraternidad Medellín
205129000890;LUIS JAVIER GARCIA ISAZA;2;Moderado;89;0.0205;OFICIAL;RURAL;9;80;0;0;0;Caldas;5;;Antioquia;Antioquia;;
273411000695;I.E. EL BOSQUE - SEDE PRINCIPAL;3;Crítico;89;0.0637;OFICIAL;RURAL;10;25;32;22;0;Líbano;11;1;Tolima;Tolima;;
223417000894;LAS CAMORRAS - SEDE PRINCIPAL;3;Crítico;89;0.3952;;RURAL;13;48;28;0;0;Lorica;6;1;Lorica;Córdoba;;
223417001921;EL HIERRO;2;Moderado;89;0.3952;;RURAL;15;74;0;0;0;Lorica;4;;Lorica;Córdoba;;
205837003416;PUYA DEL MEDIO;2;Moderado;88;0.235;OFICIAL;RURAL;3;31;54;0;0;Turbo;9;1;Turbo;Antioquia;SI;
219622000069;EL SAUCE (sede principal);1;Bajo;88;;OFICIAL;RURAL;3;27;43;15;0;Rosas;13;2;;Cauca;;
205154000543;E R RISARALDA;2;Moderado;88;0.0203;OFICIAL;RURAL;7;81;0;0;0;Caucasia;3;;Antioquia;Antioquia;;Comfama (Caja de Compensación Familiar de Antioquia)
125095000191;CONCENTRACION URBANA SAN RAFAEL;2;Moderado;88;0.0328;OFICIAL;URBANA;3;85;0;0;0;Bituima;3;;Cundinamarca;Cundinamarca;;
225307000468;SEDE GUABINAL PLAN;2;Moderado;88;0.485;OFICIAL;RURAL;24;64;0;0;0;Girardot;4;;Girardot;Cundinamarca;;
268720000086;COLEGIO JOSE ANTONIO BELTRAN;2;Moderado;88;0.0654;OFICIAL;RURAL;3;33;30;22;0;Santa Helena del Opón;10;1;Santander;Santander;;
273024000482;I.E.T LA ARADA - SEDE PRINCIPAL;3;Crítico;88;0.063;OFICIAL;RURAL;0;0;68;20;0;Alpujarra;11;1;Tolima;Tolima;;
176834001439;SEDE NO. 20 SAN ANTONIO;2;Moderado;88;0.3192;OFICIAL;URBANA;0;88;0;0;0;Tuluá;4;;Tuluá;Valle del Cauca;;Claro Colombia
217088000098;INSTITUCION EDUCATIVA EL MADROÑO - SEDE PRINCIPAL;3;Crítico;88;0.1096;;RURAL;4;35;38;11;0;Belalcázar;9;2;Caldas;Caldas;;Federación Nacional de Cafeteros de Colombia
117380000321;ESCUELA LOS LAURELES;1;Bajo;88;0.1096;;URBANA;3;85;0;0;0;La Dorada;4;;Caldas;Caldas;;
217444000138;INSTITUCION EDUCATIVA EL PLACER - SEDE PRINCIPAL;1;Bajo;88;0.1096;;RURAL;3;13;56;16;0;Marquetalia;11;1;Caldas;Caldas;;Federación Nacional de Cafeteros de Colombia
217486000731;INSTITUCION EDUCATIVA AGUACATAL - SEDE PRINCIPAL;2;Moderado;88;0.1096;;RURAL;6;20;46;16;0;Neira;11;2;Caldas;Caldas;;Federación Nacional de Cafeteros de Colombia
266572000885;SE MENTUARA;2;Moderado;87;0.196;OFICIAL;RURAL;22;65;0;0;0;Pueblo Rico;3;;Risaralda;Risaralda;SI;
176823000074;ELOY HERNANDEZ;2;Moderado;87;0.0669;OFICIAL;URBANA;46;41;0;0;0;Toro;4;;Valle;Valle del Cauca;SI;
276736000747;SATELITE GENERAL SANTANDER;2;Moderado;87;0.0669;OFICIAL;RURAL;36;51;0;0;0;Sevilla;6;;Valle;Valle del Cauca;SI;
219110000628;LA VENTURA;3;Crítico;87;;OFICIAL;RURAL;17;70;0;0;0;Buenos Aires;4;;;Cauca;;
219821000477;CENTRO DOCENTE RURAL MIXTO VICHIQUI;1;Bajo;87;;OFICIAL;RURAL;10;77;0;0;0;Toribío;5;;;Cauca;;
425320000964;CONCENTRACION URBANA CAMILO REAL;2;Moderado;87;0.0325;OFICIAL;URBANA;11;76;0;0;0;Guaduas;4;;Cundinamarca;Cundinamarca;;Fundación Alquería Cavelier
117042000684;ESCUELA SAN ISIDRO;1;Bajo;87;0.1083;;URBANA;26;61;0;0;0;Anserma;4;;Caldas;Caldas;;
205679000234;I. E. DAMASCO;1;Bajo;86;0.0198;OFICIAL;RURAL;0;0;49;37;0;Santa Bárbara;8;1;Antioquia;Antioquia;SI;Comfama (Caja de Compensación Familiar de Antioquia) | Fundación SURA
176736000238;ANTONIA SANTOS;2;Moderado;86;0.0661;OFICIAL;URBANA;0;86;0;0;0;Sevilla;5;;Valle;Valle del Cauca;SI;
276130000164;MANUELA BELTRAN;1;Bajo;86;0.0661;OFICIAL;RURAL;0;86;0;0;0;Candelaria;3;;Valle;Valle del Cauca;SI;
219698000726;EL CHALO (sede principal);1;Bajo;86;;OFICIAL;RURAL;13;73;0;0;0;Santander de Quilichao;5;1;;Cauca;;
225839000121;INSTITUCION EDUCATIVA DEPARTAMENTAL MARCO FIDEL SUAREZ;3;Crítico;86;0.0321;OFICIAL;RURAL;2;14;52;18;0;Ubalá;10;1;Cundinamarca;Cundinamarca;;Fundación Alquería Cavelier | Fundación Corona
217541001301;INSTITUCION EDUCATIVA LA RIOJA - SEDE PRINCIPAL;2;Moderado;86;0.1071;;RURAL;3;16;46;21;0;Pensilvania;7;2;Caldas;Caldas;;Federación Nacional de Cafeteros de Colombia
217616000259;INSTITUCION EDUCATIVA QUIEBRA DE SANTA BARBARA - SEDE PRINCIPAL;2;Moderado;86;0.1071;;RURAL;3;18;55;10;0;Risaralda;10;2;Caldas;Caldas;;Federación Nacional de Cafeteros de Colombia
205837800049;NAZARIO URIBE;2;Moderado;85;0.227;OFICIAL;RURAL;10;39;27;9;0;Turbo;3;;Turbo;Antioquia;SI;
176041000709;ANTONIO JOSE DE SUCRE;1;Bajo;85;0.0653;OFICIAL;URBANA;17;68;0;0;0;Ansermanuevo;5;;Valle;Valle del Cauca;SI;
276113000410;POLICARPA SALAVARRIETA;2;Moderado;85;0.0653;OFICIAL;RURAL;26;59;0;0;0;Bugalagrande;3;;Valle;Valle del Cauca;SI;
276563000231;ANTONIO NARIÑO;2;Moderado;85;0.0653;OFICIAL;RURAL;7;78;0;0;0;Pradera;7;1;Valle;Valle del Cauca;SI;
219548000248;ANTONIO NARINO;1;Bajo;85;;OFICIAL;RURAL;6;79;0;0;0;Piendamó - Tunía;4;;;Cauca;;
205347000095;COLEGIO ALTO DEL CORRAL;2;Moderado;85;0.0196;OFICIAL;RURAL;6;35;27;17;0;Heliconia;5;;Antioquia;Antioquia;;
217042000247;SEDE EL PARAISO;3;Crítico;85;0.1058;;RURAL;13;72;0;0;0;Anserma;3;;Caldas;Caldas;;
317001005182;LICEO INFANTIL ILUSIONES;1;Bajo;84;0.1768;NO OFICIAL;URBANA;12;72;0;0;0;Manizales;;;Manizales;Caldas;SI;
273168001793;EL J0RDAN;1;Bajo;84;0.0602;OFICIAL;RURAL;1;25;42;16;0;Chaparral;5;;Tolima;Tolima;SI;
285001001650;DIVINO SALVADOR;1;Bajo;84;0.2139;OFICIAL;RURAL;0;0;60;24;0;Yopal;14;2;Yopal;Casanare;NO;
276275000871;SATELITE LAS AMERICAS;1;Bajo;84;0.0646;OFICIAL;RURAL;0;0;51;33;0;Florida;7;;Valle;Valle del Cauca;SI;
219100000654;SAN FERNANDO DE MELCHOR (sede principal);1;Bajo;84;;OFICIAL;RURAL;1;13;54;16;0;Bolívar;11;1;;Cauca;;
219517800009;ESCUELA RURAL MIXTA MESA DE BELALCAZAR;1;Bajo;84;;OFICIAL;RURAL;11;73;0;0;0;Páez;5;;;Cauca;;
219585000088;SANTA LETICIA;1;Bajo;84;;OFICIAL;RURAL;0;84;0;0;0;Puracé;5;;;Cauca;;
105038800007;CIPRIANO CARDENAS;1;Bajo;84;0.0194;OFICIAL;URBANA;30;54;0;0;0;Angostura;4;;Antioquia;Antioquia;;
217174000220;ESCUELA RURAL EL TREBOL;1;Bajo;84;0.1046;;RURAL;8;76;0;0;0;Chinchiná;7;;Caldas;Caldas;;Caja de Compensación Familiar de Caldas
217541001360;INSTITUCION EDUCATIVA CAMILO OLIMPO CARDONA - SEDE PRINCIPAL;1;Bajo;84;0.1046;;RURAL;0;0;53;31;0;Pensilvania;13;2;Caldas;Caldas;;Federación Nacional de Cafeteros de Colombia
217616000119;ESCUELA EL CAIRO;1;Bajo;84;0.1046;;RURAL;6;26;36;16;0;Risaralda;;;Caldas;Caldas;;Federación Nacional de Cafeteros de Colombia
176147000597;MANUELA BELTRAN;3;Crítico;83;0.4673;OFICIAL;URBANA;28;55;0;0;0;Cartago;3;;Cartago;Valle del Cauca;SI;
117001004357;INSTITUCIÓN EDUCATIVA LICEO MIXTO SINAI SEDE B;1;Bajo;83;0.1747;OFICIAL;URBANA;15;68;0;0;0;Manizales;4;;Manizales;Caldas;SI;Editorial La Patria
205148000159;C. E. R. CAMARGO;1;Bajo;83;0.0191;OFICIAL;RURAL;8;75;0;0;0;El Carmen de Viboral;4;;Antioquia;Antioquia;SI;Corporación Empresarial Del Oriente Antioqueño
276233000481;GUILLERMO VALENCIA;2;Moderado;83;0.0638;OFICIAL;RURAL;2;19;32;16;14;Dagua;8;1;Valle;Valle del Cauca;SI;Fundación Carvajal
225320001091;ESCUELA RURAL JARDIN INFANTIL;2;Moderado;83;0.031;OFICIAL;RURAL;83;0;0;0;0;Guaduas;3;;Cundinamarca;Cundinamarca;;Fundación Alquería Cavelier
225269000386;ESCUELA RURAL BERMEO;2;Moderado;83;0.3452;OFICIAL;RURAL;0;83;0;0;0;Facatativá;5;;Facatativá;Cundinamarca;;
273319000379;I.E. MERCEDES CAPILLA - SEDE PRINCIPAL;2;Moderado;83;0.0595;OFICIAL;RURAL;0;0;56;27;0;Guamo;11;1;Tolima;Tolima;;
176520005677;EL PARAISO;2;Moderado;83;0.1684;OFICIAL;URBANA;11;72;0;0;0;Palmira;7;1;Palmira;Valle del Cauca;;Claro Colombia
276520002435;JOSE VICENTE CONCHA;1;Bajo;83;0.1684;OFICIAL;RURAL;35;48;0;0;0;Palmira;6;;Palmira;Valle del Cauca;;
217013000041;ESCUELA RURAL TAMBORAL;2;Moderado;83;0.1033;;RURAL;6;31;46;0;0;Aguadas;4;;Caldas;Caldas;;
217013000289;ESCUELA LETICIA;3;Crítico;83;0.1033;;RURAL;5;13;44;21;0;Aguadas;6;;Caldas;Caldas;;
217433000314;INSTITUCION EDUCATIVA AGUABONITA - SEDE PRINCIPAL;3;Crítico;83;0.1033;;RURAL;2;24;37;20;0;Manzanares;7;1;Caldas;Caldas;;Federación Nacional de Cafeteros de Colombia
217614000880;INSTITUCION EDUCATIVA FLORENCIA - SEDE PRINCIPAL;3;Crítico;83;0.1033;;RURAL;7;27;36;13;0;Riosucio;6;2;Caldas;Caldas;;Federación Nacional de Cafeteros de Colombia
227001001722;SEDE LA MOLANA;3;Crítico;82;0.072;OFICIAL;RURAL;7;44;31;0;0;Atrato;4;;Choco;Chocó;SI;
276520002036;JOSE MARIA CABAL;3;Crítico;82;0.1664;OFICIAL;RURAL;16;66;0;0;0;Palmira;6;1;Palmira;Valle del Cauca;SI;
227001003547;INSTITUCION EDUCATIVA AGROPECUARIA DE TAGACHI;2;Moderado;82;0.2232;OFICIAL;RURAL;0;0;65;17;0;Quibdó;10;1;Quibdó;Chocó;SI;
273411000687;I.E. CAMPOALEGRE EUCLIDES BARRAGAN MENDEZ - SEDE PRINCIPAL;1;Bajo;82;0.0587;OFICIAL;RURAL;4;20;44;14;0;Líbano;9;1;Tolima;Tolima;SI;
276109000880;CARLOS BORRERO SINISTERRA;2;Moderado;82;0.147;OFICIAL;RURAL;14;68;0;0;0;Buenaventura;2;;Buenaventura;Valle del Cauca;SI;
119693000472;NUESTRA SEÑORA DEL ROSARIO (sede principal);2;Moderado;82;;OFICIAL;RURAL;0;0;63;19;0;San Sebastián;11;1;;Cauca;;
119701001360;JOSÉ ACEVEDO Y GÓMEZ (sede principal);1;Bajo;82;;OFICIAL;URBANA;0;0;62;20;0;Santa Rosa;12;1;;Cauca;;
219585000100;C.E. EL EMPALIZADO - SEDE PRINCIPAL;1;Bajo;82;;OFICIAL;RURAL;17;65;0;0;0;Puracé;4;1;;Cauca;;
205125000062;I. E. R. EL HATO;2;Moderado;82;0.0189;OFICIAL;RURAL;6;30;22;24;0;Caicedo;6;2;Antioquia;Antioquia;;Fundación Secretos Para Contar
205282000475;I. E. R. EDELMIRA ALVAREZ;2;Moderado;82;0.0189;OFICIAL;RURAL;8;23;37;14;0;Fredonia;5;;Antioquia;Antioquia;;Comfama (Caja de Compensación Familiar de Antioquia) | Fundación Fraternidad Medellín | Fundación SURA
217444000201;INSTITUCION EDUCATIVA LA QUIEBRA - SEDE PRINCIPAL;1;Bajo;82;0.1021;;RURAL;3;16;42;21;0;Marquetalia;9;2;Caldas;Caldas;;Federación Nacional de Cafeteros de Colombia
117541000628;ESCUELA ANTONIA SANTOS;1;Bajo;82;0.1021;;URBANA;44;38;0;0;0;Pensilvania;3;;Caldas;Caldas;;
217001001336;INSTITUCIÓN EDUCATIVA RURAL LA CABAÑA SEDE D;3;Crítico;81;0.1705;OFICIAL;RURAL;28;53;0;0;0;Manizales;3;;Manizales;Caldas;SI;Federación Nacional de Cafeteros de Colombia
276563000312;POLICARPA SALAVARRIETA;3;Crítico;81;0.0622;OFICIAL;RURAL;1;29;40;11;0;Pradera;2;;Valle;Valle del Cauca;SI;
205837007063;INDIGENA EL MANGO;2;Moderado;81;0.2164;OFICIAL;RURAL;9;21;36;15;0;Turbo;13;2;Turbo;Antioquia;SI;Parque Explora
273408000188;DELICIAS;2;Moderado;81;0.058;OFICIAL;RURAL;4;23;41;13;0;Lérida;7;;Tolima;Tolima;SI;
219450000282;ESMERALDAS (sede principal);1;Bajo;81;;OFICIAL;RURAL;5;40;36;0;0;Mercaderes;9;1;;Cauca;;
219455000060;SANTA ANA;1;Bajo;81;;OFICIAL;RURAL;13;68;0;0;0;Miranda;2;;;Cauca;;
125491000136;CONCENTRACION URBANA SAN JOAQUIN;1;Bajo;81;0.0302;OFICIAL;URBANA;9;72;0;0;0;Nocaima;3;;Cundinamarca;Cundinamarca;;Fundación Alquería Cavelier
176834004543;SEDE NO. 16 SAN CAYETANO;3;Crítico;81;0.2938;OFICIAL;URBANA;15;66;0;0;0;Tuluá;3;;Tuluá;Valle del Cauca;;
176834002591;SEDE NO. 16 LA ESPERANZA;3;Crítico;81;0.2938;OFICIAL;URBANA;20;61;0;0;0;Tuluá;5;;Tuluá;Valle del Cauca;;
276100001115;CACIQUE KARABI;3;Crítico;81;0.0622;OFICIAL;RURAL;8;44;27;2;0;Bolívar;2;;Valle;Valle del Cauca;;
176147000287;POLICARPA SALAVARRIETA;3;Crítico;80;0.4504;OFICIAL;URBANA;20;60;0;0;0;Cartago;5;;Cartago;Valle del Cauca;SI;
276364001458;SAN ANTONIO-SEDE PRINCIPAL;3;Crítico;80;0.289;OFICIAL;RURAL;9;68;0;0;3;Jamundí;19;1;Jamundí;Valle del Cauca;SI;Fundación Nutresa
476364800199;COLEGIO LA ALDEA - SEDE PRINCIPAL;1;Bajo;80;0.289;NO OFICIAL;RURAL;4;51;25;0;0;Jamundí;;;Jamundí;Valle del Cauca;SI;
219585000371;LA PLAYA (sede principal);1;Bajo;80;;OFICIAL;RURAL;11;40;26;3;0;Puracé;8;;;Cauca;;
419824000990;I.E.T. AGROAMBIENTAL GRANJA ESCUELA AMALAKA - SEDE PRINCIPAL;1;Bajo;80;;NO OFICIAL;RURAL;9;29;33;9;0;Totoró;;;;Cauca;;
273686000261;I.E.T. BOLIVAR - SEDE PRINCIPAL;1;Bajo;80;0.0573;OFICIAL;RURAL;3;14;43;20;0;Santa Isabel;10;1;Tolima;Tolima;;
276892000480;JULIAN TRUJILLO;1;Bajo;80;0.3556;OFICIAL;RURAL;15;65;0;0;0;Yumbo;2;;Yumbo;Valle del Cauca;;
205837003696;E.R. SAN FRANCISCO;2;Moderado;79;0.211;OFICIAL;RURAL;16;63;0;0;0;Turbo;4;;Turbo;Antioquia;SI;
215667000048;I.E. NUEVA ESPERANZA - SEDE PRINCIPAL;2;Moderado;79;0.0605;OFICIAL;RURAL;6;25;30;18;0;San Luis de Gaceno;7;1;Boyaca;Boyacá;NO;
227077000130;CE SAN LORENZO DE ORPUA - SEDE PRINCIPAL;1;Bajo;79;0.0694;OFICIAL;RURAL;9;17;31;22;0;Bajo Baudó;7;1;Choco;Chocó;SI;
117001002095;INSTITUCIÓN EDUCATIVA SANTO DOMINGO SAVIO SEDE A;1;Bajo;79;0.1663;OFICIAL;URBANA;0;0;65;0;14;Manizales;1;;Manizales;Caldas;SI;
176001005333;ANTONIO RICAURTE;2;Moderado;79;0.0257;OFICIAL;URBANA;9;70;0;0;0;Cali;4;1;Cali;Valle del Cauca;SI;
276497000047;POLICARPA SALAVARRIETA;1;Bajo;79;0.0607;OFICIAL;RURAL;2;22;35;2;18;Obando;8;1;Valle;Valle del Cauca;SI;
276109002939;SEBASTIAN DE BELALCAZAR;2;Moderado;79;0.1416;OFICIAL;RURAL;6;25;35;13;0;Buenaventura;7;;Buenaventura;Valle del Cauca;SI;Fundación SURA
276109008392;SANTA TERESITA;1;Bajo;79;0.1416;OFICIAL;RURAL;9;36;29;5;0;Buenaventura;;;Buenaventura;Valle del Cauca;SI;
219548000078;LOS FARALLONES;1;Bajo;79;;OFICIAL;RURAL;13;66;0;0;0;Piendamó - Tunía;5;;;Cauca;;
225513000776;INSTITUCION EDUCATIVA RURAL DEPARTAMENTAL LIMONCITOS;2;Moderado;79;0.0295;OFICIAL;RURAL;1;15;43;20;0;Pacho;10;1;Cundinamarca;Cundinamarca;;Fundación Alquería Cavelier | Fundación Nutresa | Fundación SURA
227361001863;SEDE BOCA DE SURUCO;2;Moderado;78;0.0685;OFICIAL;RURAL;6;57;15;0;0;Medio San Juan;6;1;Choco;Chocó;SI;
127615001147;SEDE LAS VILLA RUFINA;2;Moderado;78;0.0685;OFICIAL;RURAL;3;41;0;0;34;Riosucio;3;;Choco;Chocó;SI;
141001004631;GUILLERMO LIEVANO;1;Bajo;78;0.1156;OFICIAL;URBANA;24;54;0;0;0;Neiva;4;;Neiva;Huila;SI;Claro Colombia
176001004345;ESTADO DE PUERTO RICO;2;Moderado;78;0.0254;OFICIAL;URBANA;78;0;0;0;0;Cali;7;;Cali;Valle del Cauca;SI;Natura Cosmeticos Ltda.
176248000288;PEDRO VICENTE MONTAÑO;1;Bajo;78;0.0599;OFICIAL;URBANA;78;0;0;0;0;El Cerrito;6;;Valle;Valle del Cauca;SI;
276275000511;ANTONIO JOSE DE SUCRE;3;Crítico;78;0.0599;OFICIAL;RURAL;11;23;34;10;0;Florida;9;1;Valle;Valle del Cauca;SI;
219355000437;ESCUELA RURAL MIXTA EL MESON;1;Bajo;78;;OFICIAL;RURAL;14;64;0;0;0;Inzá;4;;;Cauca;;
276834000305;SEDE NO. 40 SAN FRANCISCO;1;Bajo;78;0.2829;OFICIAL;RURAL;6;45;27;0;0;Tuluá;6;;Tuluá;Valle del Cauca;;
276100001011;CACIQUE TUNAI;3;Crítico;78;0.0599;OFICIAL;RURAL;24;54;0;0;0;Bolívar;3;;Valle;Valle del Cauca;;
276130000199;ANTONIO VILLAVICENCIO;1;Bajo;78;0.0599;OFICIAL;RURAL;15;63;0;0;0;Candelaria;5;;Valle;Valle del Cauca;;
276892000200;GENERAL SANTANDER;2;Moderado;78;0.3467;OFICIAL;RURAL;6;25;33;14;0;Yumbo;10;2;Yumbo;Valle del Cauca;;Fundación Corona
217541000851;INSTITUCION EDUCATIVA FRANCISCO JULIAN OLAYA - SEDE PRINCIPAL;1;Bajo;78;0.0971;;RURAL;0;0;58;20;0;Pensilvania;10;2;Caldas;Caldas;;Federación Nacional de Cafeteros de Colombia
215778000047;I.E. LOS NARANJOS - SEDE PRINCIPAL;2;Moderado;77;0.059;OFICIAL;RURAL;10;13;35;19;0;Sutatenza;11;1;Boyaca;Boyacá;NO;
376111001405;JARD INF MI PEQUEÑO MUNDO;1;Bajo;77;0.4276;NO OFICIAL;URBANA;77;0;0;0;0;Guadalajara de Buga;;;Buga;Valle del Cauca;SI;
376364002581;LICEO MATERNO INFANTIL CASITA MAGICA - SEDE PRINCIPAL;1;Bajo;77;0.2782;NO OFICIAL;URBANA;77;0;0;0;0;Jamundí;;;Jamundí;Valle del Cauca;SI;
276250000150;JUAN SALVADOR GAVIOTA;1;Bajo;77;0.0592;;;13;8;42;14;0;El Dovio;13;1;Valle;Valle del Cauca;SI;Fundación Carvajal
219137000034;EL PITAL (SEDE PRINCIPAL);3;Crítico;77;;OFICIAL;RURAL;13;64;0;0;0;Caldono;8;1;;Cauca;;
225862000384;INSTITUCION EDUCATIVA DEPARTAMENTAL GUACAMAYAS;2;Moderado;77;0.0287;OFICIAL;RURAL;4;32;30;11;0;Vergara;3;;Cundinamarca;Cundinamarca;;
266594000064;SE MORETA;2;Moderado;77;0.1735;OFICIAL;RURAL;5;34;28;10;0;Quinchía;5;;Risaralda;Risaralda;;
217777000011;SEDE SAN PABLO;3;Crítico;77;0.0959;;RURAL;17;60;0;0;0;Supía;3;;Caldas;Caldas;;
276616000239;MERCEDES ABREGO;3;Crítico;76;0.0584;OFICIAL;RURAL;23;53;0;0;0;Riofrío;4;;Valle;Valle del Cauca;SI;
263470000156;ANTONIO NARIÑO;3;Crítico;76;0.2094;OFICIAL;RURAL;0;76;0;0;0;Montenegro;2;;Quindio;Quindio;;
266318800006;NUESTRA SEÑORA DEL CARMEN;2;Moderado;76;0.1713;OFICIAL;RURAL;6;70;0;0;0;Guática;4;;Risaralda;Risaralda;;
276122000201;CENT DOC NO 22 GILBERTO ALZATE AVENDAÑO;1;Bajo;76;0.0584;OFICIAL;RURAL;0;12;21;11;32;Caicedonia;2;;Valle;Valle del Cauca;;Fundación Carvajal
217013001111;INSTITUCION EDUCATIVA VIBORAL - SEDE PRINCIPAL;2;Moderado;76;0.0946;;RURAL;0;0;58;18;0;Aguadas;11;2;Caldas;Caldas;;Federación Nacional de Cafeteros de Colombia
176248000202;PEDRO ANTONIO MOLINA;3;Crítico;75;0.0576;OFICIAL;URBANA;0;0;0;75;0;El Cerrito;17;1;Valle;Valle del Cauca;SI;
276520001561;LUIS EDUARDO NIETO;2;Moderado;75;0.1522;OFICIAL;RURAL;6;69;0;0;0;Palmira;4;1;Palmira;Valle del Cauca;SI;
476364800121;LICEO EL SHADDAI S.A.S. - SEDE PRINCIPAL;1;Bajo;75;0.271;NO OFICIAL;RURAL;4;52;19;0;0;Jamundí;;;Jamundí;Valle del Cauca;SI;
176122000347;CENTRO DOCENTE NO 04 SANTA ISABEL;2;Moderado;75;0.0576;OFICIAL;URBANA;22;53;0;0;0;Caicedonia;;;Valle;Valle del Cauca;SI;
219110000458;MAZAMORRERO (sede principal);1;Bajo;75;;OFICIAL;RURAL;4;21;35;15;0;Buenos Aires;9;1;;Cauca;;
219473000239;SAN RAFAEL (sede principal);1;Bajo;75;;OFICIAL;RURAL;15;60;0;0;0;Morales;6;1;;Cauca;;Fundación Celsia Colombia
219743000171;CENTRO DOCENTE RURAL MIXTO PENEBIO;1;Bajo;75;;OFICIAL;RURAL;2;21;33;19;0;Silvia;9;3;;Cauca;;
125324000027;CONCENTRACION URBANA GABRIELA MISTRAL;2;Moderado;75;0.028;OFICIAL;URBANA;0;75;0;0;0;Guataquí;3;;Cundinamarca;Cundinamarca;;
266001000276;ARABIA;3;Crítico;75;0.0969;OFICIAL;RURAL;0;75;0;0;0;Pereira;;;Pereira;Risaralda;;
276113000916;ANTONIO NARIÑO LA URIBE;2;Moderado;74;0.0569;OFICIAL;RURAL;0;0;45;29;0;Bugalagrande;6;1;Valle;Valle del Cauca;SI;
273504000920;I.E. ALTOZANO - SEDE PRINCIPAL;3;Crítico;74;0.053;OFICIAL;RURAL;1;18;45;10;0;Ortega;8;3;Tolima;Tolima;SI;
176147000406;SAN JOSÉ;2;Moderado;74;0.4166;OFICIAL;URBANA;74;0;0;0;0;Cartago;3;;Cartago;Valle del Cauca;SI;
227025000361;IE HERMANO ANSELMO MOLANO - SEDE PRINCIPAL;2;Moderado;74;0.065;OFICIAL;RURAL;2;13;48;11;0;Alto Baudó;7;1;Choco;Chocó;SI;
205837002827;E.R. SINAI;2;Moderado;74;0.1977;OFICIAL;RURAL;4;38;32;0;0;Turbo;2;;Turbo;Antioquia;SI;
376364002572;LICEO SEMILLAS PARA EL FUTURO - SEDE PRINCIPAL;1;Bajo;74;0.2674;NO OFICIAL;URBANA;19;55;0;0;0;Jamundí;;;Jamundí;Valle del Cauca;SI;
273168001467;JOSE MARIA CORDOBA;1;Bajo;74;0.053;OFICIAL;RURAL;2;25;33;14;0;Chaparral;8;;Tolima;Tolima;SI;
176248000431;SANTA BARBARA;1;Bajo;74;0.0569;OFICIAL;URBANA;0;0;74;0;0;El Cerrito;4;;Valle;Valle del Cauca;SI;
276233000430;SAN VICENTE;2;Moderado;74;0.0569;OFICIAL;RURAL;3;21;24;0;26;Dagua;2;;Valle;Valle del Cauca;SI;
276403000090;ANTONIO NARIÑO;3;Crítico;74;0.0569;OFICIAL;RURAL;0;49;0;0;25;La Victoria;3;;Valle;Valle del Cauca;SI;
276828000760;JULIAN TRUJILLO - ANDINAPOLIS;2;Moderado;74;0.0569;OFICIAL;RURAL;11;63;0;0;0;Trujillo;6;;Valle;Valle del Cauca;SI;
219760000193;EL CRUCERO (sede principal);1;Bajo;74;;OFICIAL;RURAL;4;24;41;5;0;Sotará - Paispamba;10;2;;Cauca;;Fundación Saldarriaga Concha
266001002015;NUBIOLA ESTRADA DE VINASCO;3;Crítico;74;0.0956;OFICIAL;RURAL;7;44;0;0;23;Pereira;3;;Pereira;Risaralda;;
117042000838;LICEO NOCTURNO ANSERMA;1;Bajo;74;0.0921;;URBANA;0;0;0;0;74;Anserma;;;Caldas;Caldas;;
217486000227;ESCUELA POLICARPA SALAVARRIETA;1;Bajo;74;0.0921;;RURAL;5;40;29;0;0;Neira;4;;Caldas;Caldas;;Federación Nacional de Cafeteros de Colombia
217614000391;CENTRO EDUCATIVO PORTACHUELO - SEDE PRINCIPAL;1;Bajo;74;0.0921;;RURAL;4;26;44;0;0;Riosucio;5;1;Caldas;Caldas;;
217873000405;CENTRO DOCENTE DOCE DE OCTUBRE;1;Bajo;74;0.0921;;RURAL;9;65;0;0;0;Villamaría;5;;Caldas;Caldas;;
223001001212;ESC RUR MIX DE BUENAVENTURA;2;Moderado;74;0.075;;RURAL;10;64;0;0;0;Montería;4;;Monteria;Córdoba;;
215835000083;I.E. TEGUANEQUE - SEDE PRINCIPAL;1;Bajo;73;0.0559;OFICIAL;RURAL;6;32;35;0;0;Turmequé;9;1;Boyaca;Boyacá;NO;
276109005431;COCALITO;1;Bajo;73;0.1309;OFICIAL;RURAL;5;17;42;9;0;Buenaventura;2;;Buenaventura;Valle del Cauca;SI;
119318002085;SAN PEDRO;1;Bajo;73;;OFICIAL;URBANA;0;50;23;0;0;Guapi;4;;;Cauca;;
219050001336;20 DE JULIO;1;Bajo;73;;OFICIAL;RURAL;9;16;20;0;28;Argelia;5;;;Cauca;;
219473000123;SAN ROQUE;2;Moderado;73;;OFICIAL;RURAL;9;64;0;0;0;Morales;3;;;Cauca;;
268895000364;INSTITUCIÓN EDUCATIVA LA PLAZUELA;2;Moderado;73;0.0543;OFICIAL;RURAL;3;15;21;9;25;Zapatoca;7;1;Santander;Santander;;
276834000879;SEDE NO. 61 GENERAL ALEJANDRO HENAO;1;Bajo;73;0.2648;OFICIAL;RURAL;73;0;0;0;0;Tuluá;3;;Tuluá;Valle del Cauca;;
217614000766;ESCUELA RURAL AGUAS CLARAS;1;Bajo;73;0.0909;;RURAL;10;63;0;0;0;Riosucio;3;;Caldas;Caldas;;
117877000057;CONCENTRACIÓN ESCOLAR RAFAEL POMBO;2;Moderado;73;0.0909;;URBANA;0;73;0;0;0;Viterbo;2;;Caldas;Caldas;;
105837000200;E.U. LA PLAYA;2;Moderado;72;0.1923;OFICIAL;URBANA;21;51;0;0;0;Turbo;3;;Turbo;Antioquia;SI;
205837007161;E.U.I. SAN LUIS;2;Moderado;72;0.1923;OFICIAL;RURAL;72;0;0;0;0;Turbo;1;;Turbo;Antioquia;SI;
273675000227;EL POLEO;1;Bajo;72;0.0516;OFICIAL;RURAL;8;64;0;0;0;San Antonio;3;;Tolima;Tolima;SI;
276248000371;JORGE ISAACS;1;Bajo;72;0.0553;OFICIAL;RURAL;6;66;0;0;0;El Cerrito;7;;Valle;Valle del Cauca;SI;
276109000014;SAN CIPRIANO;1;Bajo;72;0.1291;OFICIAL;RURAL;7;38;15;0;12;Buenaventura;1;;Buenaventura;Valle del Cauca;SI;
219142000344;CENTRO DOCENTE RURAL LA ESTRELLA;2;Moderado;72;;OFICIAL;RURAL;0;16;0;0;56;Caloto;1;;;Cauca;;
219807000014;CAMPOSANO (sede principal);2;Moderado;72;;OFICIAL;RURAL;11;61;0;0;0;Timbío;5;1;;Cauca;;
176520000608;GABRIELA MISTRAL;1;Bajo;72;0.1461;OFICIAL;URBANA;72;0;0;0;0;Palmira;3;;Palmira;Valle del Cauca;;Claro Colombia
176497000077;GRAN COLOMBIA;3;Crítico;72;0.0553;OFICIAL;URBANA;0;72;0;0;0;Obando;2;;Valle;Valle del Cauca;;
276869000146;ATANASIO GIRARDOT;2;Moderado;72;0.0553;OFICIAL;RURAL;2;22;20;16;12;Vijes;4;;Valle;Valle del Cauca;;
217013000602;INSTITUCION EDUCATIVA ENCIMADAS - SEDE PRINCIPAL;2;Moderado;72;0.0896;;RURAL;3;17;41;11;0;Aguadas;6;2;Caldas;Caldas;;Federación Nacional de Cafeteros de Colombia
217042000042;ANTONIA SANTOS;2;Moderado;72;0.0896;;RURAL;0;39;24;9;0;Anserma;4;;Caldas;Caldas;;
217444000278;INSTITUCION EDUCATIVA PATIO BONITO - SEDE PRINCIPAL;1;Bajo;72;0.0896;;RURAL;4;7;44;17;0;Marquetalia;10;2;Caldas;Caldas;;Federación Nacional de Cafeteros de Colombia
376111002657;LICEO JUGUEMOS APRENDIENDO - SEDE PRINCIPAL;1;Bajo;71;0.3943;NO OFICIAL;URBANA;4;67;0;0;0;Guadalajara de Buga;;;Buga;Valle del Cauca;SI;
173319000617;CAICEDO IBAÑEZ;1;Bajo;71;0.0509;OFICIAL;URBANA;15;56;0;0;0;Guamo;5;;Tolima;Tolima;SI;
219110000946;ESCUELA RURAL MIXTA AGUA CLARA;1;Bajo;71;;OFICIAL;RURAL;9;62;0;0;0;Buenos Aires;4;;;Cauca;;
219473000174;EL PORVENIR (SEDE PRINCIPAL);1;Bajo;71;;OFICIAL;RURAL;10;61;0;0;0;Morales;8;1;;Cauca;;
205034001091;C. E. R. PEÑAS AZULES;2;Moderado;71;0.0164;OFICIAL;RURAL;3;30;20;18;0;Andes;4;;Antioquia;Antioquia;;Comfama (Caja de Compensación Familiar de Antioquia)
205893000446;I. E. R. SAN LUIS BELTRAN;2;Moderado;71;0.0164;OFICIAL;RURAL;0;32;39;0;0;Yondó;4;;Antioquia;Antioquia;;
176100000424;JULIO CAICEDO Y TELLEZ;2;Moderado;71;0.0546;OFICIAL;URBANA;0;71;0;0;0;Bolívar;2;;Valle;Valle del Cauca;;
376111002223;COLEGIO INTEGRAL LA ALEGRIA DEL SABER - SEDE PRINCIPAL;1;Bajo;70;0.3887;NO OFICIAL;URBANA;9;61;0;0;0;Guadalajara de Buga;;;Buga;Valle del Cauca;SI;Fundación Nutresa
127001000098;SEDE JOHN F KENNEDY;2;Moderado;70;0.1906;OFICIAL;URBANA;9;61;0;0;0;Quibdó;5;;Quibdó;Chocó;SI;
227099000206;SEDE POGUE;1;Bajo;70;0.0615;OFICIAL;RURAL;8;29;27;0;6;Bojayá;6;;Choco;Chocó;SI;
119110000011;CONCEPCION DE PALACIOS Y SOJO;1;Bajo;70;;OFICIAL;URBANA;10;60;0;0;0;Buenos Aires;6;;;Cauca;;
219137000115;NUESTRA SEÑORA DEL ROSARIO;1;Bajo;70;;OFICIAL;RURAL;20;50;0;0;0;Caldono;3;;;Cauca;;
217616000593;ESCUELA RAFAEL POMBO;1;Bajo;70;0.0871;;RURAL;1;14;44;11;0;Risaralda;6;;Caldas;Caldas;;Federación Nacional de Cafeteros de Colombia
376364002459;FUNDACION PARA LA EDUCACION POPULAR EL TRABAJO Y EL DESARROLLO HUMANO SIMON MAESTR - SEDE PRINCIPAL;1;Bajo;69;0.2493;NO OFICIAL;URBANA;0;0;0;0;69;Jamundí;;;Jamundí;Valle del Cauca;SI;
205837002762;ARENERA 1;2;Moderado;69;0.1843;OFICIAL;RURAL;16;53;0;0;0;Turbo;2;;Turbo;Antioquia;SI;
263001000421;EL CAIMO;2;Moderado;69;0.1705;OFICIAL;RURAL;16;53;0;0;0;Armenia;17;3;Armenia;Quindio;SI;Red Papaz
205837800065;EL CAUCHO;2;Moderado;69;0.1843;OFICIAL;RURAL;55;14;0;0;0;Turbo;1;;Turbo;Antioquia;SI;Fundación Secretos Para Contar
276041000339;ANTONIO RICAURTE;2;Moderado;69;0.053;OFICIAL;RURAL;4;36;29;0;0;Ansermanuevo;4;;Valle;Valle del Cauca;SI;
219418000831;PLAYA MENUDA JOLI;3;Crítico;69;;OFICIAL;RURAL;11;49;9;0;0;López de Micay;4;;;Cauca;;
219473800006;CENTRO DOCENTE LA CONCORDIA;1;Bajo;69;;OFICIAL;RURAL;10;59;0;0;0;Morales;3;;;Cauca;;
219698000335;SAN RAFAEL;1;Bajo;69;;OFICIAL;RURAL;3;66;0;0;0;Santander de Quilichao;4;;;Cauca;;
205761000102;I. E. R. MONTEGRANDE;2;Moderado;69;0.0159;OFICIAL;RURAL;4;23;32;10;0;Sopetrán;4;;Antioquia;Antioquia;;
225488000081;UNIDAD BASICA PUEBLO NUEVO;2;Moderado;69;0.0257;OFICIAL;RURAL;2;11;40;16;0;Nilo;9;1;Cundinamarca;Cundinamarca;;Fundación Alquería Cavelier | Fundación Corona
217662000689;INSTITUCION EDUCATIVA DULCE NOMBRE - SEDE PRINCIPAL;1;Bajo;69;0.0859;;RURAL;0;17;38;14;0;Samaná;9;2;Caldas;Caldas;;Federación Nacional de Cafeteros de Colombia
205837007209;ARENERA INDÍGENA - SEDE PRINCIPAL;2;Moderado;68;0.1816;OFICIAL;RURAL;9;29;20;10;0;Turbo;3;;Turbo;Antioquia;SI;
205837002789;E.R. LA PUYITA;2;Moderado;68;0.1816;OFICIAL;RURAL;5;34;29;0;0;Turbo;5;;Turbo;Antioquia;SI;
227001004233;SEDE DE CHUSCALITO;1;Bajo;68;0.1851;OFICIAL;RURAL;11;57;0;0;0;Quibdó;;;Quibdó;Chocó;SI;
219142000433;SAN NICOLAS;1;Bajo;68;;OFICIAL;RURAL;10;58;0;0;0;Caloto;6;;;Cauca;;
219397000399;COL NTA SEÑORA DE LA CANDELARIA (ANTES ESC RUR MIX PANCITARA);1;Bajo;68;;OFICIAL;RURAL;2;24;33;9;0;La Vega;16;3;;Cauca;;
219780001358;PORTUGAL;1;Bajo;68;;OFICIAL;RURAL;8;60;0;0;0;Suárez;4;;;Cauca;;
205038000323;C. E. R. PORFIRIO BARBA JACOB;2;Moderado;68;0.0157;OFICIAL;RURAL;9;35;24;0;0;Angostura;3;;Antioquia;Antioquia;;Fundación Secretos Para Contar
205240000866;I. E. R. FATIMA;2;Moderado;68;0.0157;OFICIAL;RURAL;3;16;30;19;0;Ebéjico;5;;Antioquia;Antioquia;;Fundación Empresas Públicas De Medellín
205364000031;C. E. R. JUAN N BARRERA;2;Moderado;68;0.0157;OFICIAL;RURAL;8;22;35;3;0;Jardín;3;;Antioquia;Antioquia;;Comfama (Caja de Compensación Familiar de Antioquia) | Fundación Empresas Públicas De Medellín | Fundación Fraternidad Medellín
205038000021;BERRIO;1;Bajo;68;0.0157;OFICIAL;RURAL;10;58;0;0;0;Angostura;3;;Antioquia;Antioquia;;
205756001729;C. E. R. MANZANARES CENTRO;1;Bajo;68;0.0157;OFICIAL;RURAL;4;40;16;8;0;Sonsón;3;;Antioquia;Antioquia;;Comfama (Caja de Compensación Familiar de Antioquia)
217042000883;INSTITUCION EDUCATIVA ALTO NUBIA - SEDE PRINCIPAL;2;Moderado;68;0.0847;OFICIAL;RURAL;0;9;41;18;0;Anserma;7;2;Caldas;Caldas;;Federación Nacional de Cafeteros de Colombia
225878000325;ESCUELA RURAL LIBERIA;2;Moderado;68;0.0254;OFICIAL;RURAL;18;50;0;0;0;Viotá;8;;Cundinamarca;Cundinamarca;;
173861000411;LUCRECIA BOCANEGRA;2;Moderado;68;0.0487;OFICIAL;URBANA;0;0;47;21;0;Venadillo;7;;Tolima;Tolima;;
276520001200;PEDRO DE HEREDIA;2;Moderado;68;0.138;OFICIAL;RURAL;3;28;21;0;16;Palmira;4;1;Palmira;Valle del Cauca;;
276130000253;NUESTRA SRA DE LOURDES;1;Bajo;68;0.0523;OFICIAL;RURAL;68;0;0;0;0;Candelaria;3;;Valle;Valle del Cauca;;
217662000417;COLEGIO LA AURORA;1;Bajo;68;0.0847;;RURAL;5;30;33;0;0;Samaná;4;;Caldas;Caldas;;Federación Nacional de Cafeteros de Colombia
205042000010;C. E. R. SOCORRO DE SABANAS;2;Moderado;67;0.0154;OFICIAL;RURAL;3;26;23;15;0;Santa Fé de Antioquia;6;;Antioquia;Antioquia;SI;Fundación Empresas Públicas De Medellín
127001018175;SEDE MONSERRATE;2;Moderado;67;0.1824;OFICIAL;URBANA;8;59;0;0;0;Quibdó;5;;Quibdó;Chocó;SI;
205837001201;E.R. DESEADA ABAJO;2;Moderado;67;0.179;OFICIAL;RURAL;13;54;0;0;0;Turbo;2;;Turbo;Antioquia;SI;
266572001431;SE GUAYABAL;2;Moderado;67;0.151;OFICIAL;RURAL;13;54;0;0;0;Pueblo Rico;2;;Risaralda;Risaralda;SI;
176275000141;ANTONIO ISAZA;2;Moderado;67;0.0515;OFICIAL;URBANA;41;26;0;0;0;Florida;10;;Valle;Valle del Cauca;SI;Natura Cosmeticos Ltda.
276109001762;SANTA ELENA;1;Bajo;67;0.1201;OFICIAL;RURAL;13;54;0;0;0;Buenaventura;3;;Buenaventura;Valle del Cauca;SI;
219548000191;CORRALES (sede principal);1;Bajo;67;;OFICIAL;RURAL;10;57;0;0;0;Piendamó - Tunía;7;;;Cauca;;
219809000275;SAN JOSE (SEDE PRINCIPAL);3;Crítico;67;;OFICIAL;RURAL;0;38;24;5;0;Timbiquí;7;1;;Cauca;;
205873000121;C. E. R. MURRI LA PLAYA;1;Bajo;67;0.0154;OFICIAL;RURAL;5;62;0;0;0;Vigía del Fuerte;4;;Antioquia;Antioquia;;
276054000516;DACHI BANIA;3;Crítico;67;0.0515;OFICIAL;RURAL;21;46;0;0;0;Argelia;3;;Valle;Valle del Cauca;;
117446000157;INSTITUCION EDUCATIVA EFREN CARDONA CHICA - SEDE PRINCIPAL;3;Crítico;67;0.0834;;URBANA;0;0;38;22;7;Marulanda;8;2;Caldas;Caldas;;Federación Nacional de Cafeteros de Colombia
217614001126;INSTITUCION EDUCATIVA MARIA FABIOLA LARGO CANO - SEDE PRINCIPAL;2;Moderado;67;0.0834;;RURAL;0;15;38;14;0;Riosucio;10;2;Caldas;Caldas;;
266572800032;ESCUELA NUEVA AGÜITA;2;Moderado;66;0.1487;OFICIAL;RURAL;7;59;0;0;0;Pueblo Rico;5;;Risaralda;Risaralda;SI;
273675000138;LOMA LARGA;1;Bajo;66;0.0473;OFICIAL;RURAL;2;23;34;7;0;San Antonio;6;;Tolima;Tolima;SI;
273675000120;QUINTA CAJON;1;Bajo;66;0.0473;OFICIAL;RURAL;4;32;14;16;0;San Antonio;6;;Tolima;Tolima;SI;
273168002757;LA BEGONIA;1;Bajo;66;0.0473;OFICIAL;RURAL;3;17;39;7;0;Chaparral;5;;Tolima;Tolima;SI;
276670000457;FRANCISCO JOSE DE CALDAS;1;Bajo;66;0.0507;OFICIAL;RURAL;12;54;0;0;0;San Pedro;3;;Valle;Valle del Cauca;SI;
319698001662;EL LLANITO;1;Bajo;66;;OFICIAL;RURAL;8;58;0;0;0;Santander de Quilichao;3;;;Cauca;;
252110000285;SEDE 1 INSTITUCIÓN EDUCATIVA SAN ANTONIO DE PADUA;2;Moderado;66;0.0549;OFICIAL;RURAL;0;4;44;18;0;Buesaco;10;1;Nariño;Nariño;;
273043000710;LA CABA¥A;1;Bajo;66;0.0473;OFICIAL;RURAL;4;24;30;8;0;Anzoátegui;6;;Tolima;Tolima;;
223417002561;LA SELVA;3;Crítico;66;0.2931;;RURAL;6;24;26;10;0;Lorica;1;;Lorica;Córdoba;;
223417001785;RECULA;1;Bajo;66;0.2931;;RURAL;11;55;0;0;0;Lorica;2;;Lorica;Córdoba;;
250226000310;SEDE PRESENTADO;3;Crítico;65;0.057;OFICIAL;RURAL;7;35;23;0;0;Cumaral;3;;Meta;Meta;NO;
205837005311;C.E. VILLA CALLE LARGA;2;Moderado;65;0.1736;OFICIAL;RURAL;13;52;0;0;0;Turbo;4;;Turbo;Antioquia;SI;
276041000266;MARIA MONTESSORI;3;Crítico;65;0.0499;OFICIAL;RURAL;4;34;27;0;0;Ansermanuevo;2;;Valle;Valle del Cauca;SI;
305380800027;JUGANDO CON COLORES - CAPI - SEDE PRINCIPAL;1;Bajo;65;0.4664;NO OFICIAL;URBANA;65;0;0;0;0;La Estrella;;;La Estrella;Antioquia;SI;
273616001970;CIB NASAUUS DOMINGO MEDINA L.M.;1;Bajo;65;0.0466;OFICIAL;RURAL;8;22;24;11;0;Rioblanco;7;;Tolima;Tolima;SI;
276233001029;PEDRO FERMIN DE VARGAS;3;Crítico;65;0.0499;OFICIAL;RURAL;8;13;36;8;0;Dagua;3;1;Valle;Valle del Cauca;SI;Fundación Carvajal
376109006076;JORGE ELIECER GAITAN;1;Bajo;65;0.1165;OFICIAL;URBANA;3;62;0;0;0;Buenaventura;6;;Buenaventura;Valle del Cauca;SI;
219110000407;LA UNION - LLANITO (sede principal);3;Crítico;65;;OFICIAL;RURAL;9;56;0;0;0;Buenos Aires;4;1;;Cauca;;
205690800021;IER PEDRO PABLO CASTRILLON SEDE II;2;Moderado;65;0.015;OFICIAL;RURAL;8;57;0;0;0;Santo Domingo;3;;Antioquia;Antioquia;;Fundación Secretos Para Contar
217513000561;INSTITUCION EDUCATIVA MARISCAL ROBLEDO - SEDE PRINCIPAL;1;Bajo;65;0.0809;;RURAL;0;0;28;21;16;Pácora;8;1;Caldas;Caldas;;Federación Nacional de Cafeteros de Colombia
217541000126;ESCUELA MANUELA BELTRAN;2;Moderado;65;0.0809;;RURAL;7;58;0;0;0;Pensilvania;3;;Caldas;Caldas;;Federación Nacional de Cafeteros de Colombia
273504000059;EL TRIUNFO;3;Crítico;64;0.0458;OFICIAL;RURAL;1;24;29;10;0;Ortega;4;;Tolima;Tolima;SI;
376111032319;COLEGIO SAN FRANCISCO - SEDE PRINCIPAL;1;Bajo;64;0.3554;NO OFICIAL;URBANA;16;48;0;0;0;Guadalajara de Buga;;;Buga;Valle del Cauca;SI;
205002000033;RITA BOTERO;2;Moderado;64;0.0147;OFICIAL;RURAL;6;39;12;7;0;Abejorral;4;;Antioquia;Antioquia;SI;
241298000358;EL CAGUAN;2;Moderado;64;0.0502;OFICIAL;RURAL;14;50;0;0;0;Garzón;3;;Huila;Huila;SI;
205842000280;C. E. R. MURRAPAL;2;Moderado;64;0.0147;OFICIAL;RURAL;4;14;35;11;0;Uramita;3;;Antioquia;Antioquia;SI;
205002000424;C. E. R. AURES;2;Moderado;64;0.0147;OFICIAL;RURAL;3;30;27;4;0;Abejorral;4;;Antioquia;Antioquia;SI;Fundación Escuela Nueva Volvamos a la Gente (FEN)
427001000016;SEDE KILOMETRO 8;1;Bajo;64;0.1742;OFICIAL;RURAL;21;43;0;0;0;Quibdó;3;;Quibdó;Chocó;SI;
219130000071;LA PEDREGOSA;2;Moderado;64;;OFICIAL;RURAL;8;56;0;0;0;Cajibío;5;;;Cauca;;
205368000818;C.E.R PRESBITERO ALFREDO GONZALEZ;2;Moderado;64;0.0147;OFICIAL;RURAL;4;20;31;9;0;Jericó;7;;Antioquia;Antioquia;;Comfama (Caja de Compensación Familiar de Antioquia) | Fundación Fraternidad Medellín
223417002102;CANDELARIA ARRIBA;2;Moderado;64;0.2842;;RURAL;16;48;0;0;0;Lorica;5;1;Lorica;Córdoba;;
241799000102;URRACA;2;Moderado;63;0.0494;OFICIAL;RURAL;3;34;26;0;0;Tello;3;;Huila;Huila;SI;
276109002009;RAUL OREJUELA BUENO;3;Crítico;63;0.1129;OFICIAL;RURAL;10;34;15;4;0;Buenaventura;13;3;Buenaventura;Valle del Cauca;SI;Fundación Carvajal
219110000482;PISAPASITO (sede principal);1;Bajo;63;;OFICIAL;RURAL;7;56;0;0;0;Buenos Aires;7;1;;Cauca;;
105001002917;SECCION ESCUELA CARDENAL CRISANTO LUQUE;1;Bajo;63;0.0173;OFICIAL;URBANA;0;0;0;63;0;Medellín;6;;Medellín;Antioquia;;
276520002222;LA DOLORES;2;Moderado;63;0.1278;OFICIAL;RURAL;4;59;0;0;0;Palmira;3;1;Palmira;Valle del Cauca;;
223417003150;EL SALADO;2;Moderado;63;0.2798;;RURAL;14;49;0;0;0;Lorica;1;;Lorica;Córdoba;;
227787000937;SEDE REYES ARMANDO PEREA;2;Moderado;62;0.0544;OFICIAL;RURAL;7;55;0;0;0;Unión Panamericana;4;;Choco;Chocó;SI;
205002000211;I. E. PEDRO PABLO RAMIREZ;2;Moderado;62;0.0143;OFICIAL;RURAL;3;21;24;14;0;Abejorral;4;;Antioquia;Antioquia;SI;
205837000816;E.R. TIE;2;Moderado;62;0.1656;OFICIAL;RURAL;10;52;0;0;0;Turbo;2;;Turbo;Antioquia;SI;
276520002028;JUAN JOSE RONDON;2;Moderado;62;0.1258;OFICIAL;RURAL;11;51;0;0;0;Palmira;3;;Palmira;Valle del Cauca;SI;
205837000000;LA PITA;2;Moderado;62;0.1656;OFICIAL;RURAL;5;18;39;0;0;Turbo;7;1;Turbo;Antioquia;SI;
476364002569;COLEGIO ALEJANDRIA - SEDE PRINCIPAL;1;Bajo;62;0.224;NO OFICIAL;RURAL;0;22;25;15;0;Jamundí;;;Jamundí;Valle del Cauca;SI;
317001007126;LICEO EDUCATIVO CREARTE;1;Bajo;62;0.1305;NO OFICIAL;URBANA;11;51;0;0;0;Manizales;;;Manizales;Caldas;SI;
276622000810;NUESTRA SEÑORA DE CASIA;2;Moderado;62;0.0476;OFICIAL;RURAL;0;0;53;9;0;Roldanillo;5;;Valle;Valle del Cauca;SI;
276890000075;DIEGO RENGIFO SALAZAR;3;Crítico;62;0.0476;OFICIAL;RURAL;5;43;0;0;14;Yotoco;4;;Valle;Valle del Cauca;SI;
119517001268;ESCUELA RURAL MIXTA CHACHUCUE;1;Bajo;62;;OFICIAL;RURAL;10;52;0;0;0;Páez;2;;;Cauca;;
219517001254;ESCUELA RURAL MIXTA ALTO SAN MIGUEL;1;Bajo;62;;OFICIAL;RURAL;13;49;0;0;0;Páez;3;;;Cauca;;
205002000823;C. E. R. MARIA RESTREPO DE RESTREPO;2;Moderado;62;0.0143;OFICIAL;RURAL;6;25;25;6;0;Abejorral;4;;Antioquia;Antioquia;;Fundación Empresas Públicas De Medellín
205318000337;C. E. R. LA MILAGROSA;2;Moderado;62;0.0143;OFICIAL;RURAL;8;54;0;0;0;Guarne;3;;Antioquia;Antioquia;;Fundación Incolmotos Yamaha
266001001582;EL GURRIO;3;Crítico;62;0.0801;OFICIAL;RURAL;15;47;0;0;0;Pereira;;;Pereira;Risaralda;;
217272000262;SAN LUIS;1;Bajo;62;0.0772;;RURAL;1;25;21;15;0;Filadelfia;5;;Caldas;Caldas;;Federación Nacional de Cafeteros de Colombia
117541000571;COLEGIO BASICO OFICIAL URBANO RUIZ;1;Bajo;62;0.0772;;URBANA;21;41;0;0;0;Pensilvania;7;;Caldas;Caldas;;
117614000681;CENTRO DOCENTE MARIA AUXILIADORA;1;Bajo;62;0.0772;;URBANA;0;0;0;0;62;Riosucio;5;;Caldas;Caldas;;
205837002193;E.R BOCAS DE TIO LOPEZ;2;Moderado;61;0.1629;OFICIAL;RURAL;4;19;29;9;0;Turbo;2;;Turbo;Antioquia;SI;
276113000509;JULIAN URIBE URIBE;1;Bajo;61;0.0469;OFICIAL;RURAL;7;54;0;0;0;Bugalagrande;1;;Valle;Valle del Cauca;SI;
276736000488;JORGE ELIECER GAITAN;2;Moderado;61;0.0469;OFICIAL;RURAL;3;26;0;0;32;Sevilla;1;1;Valle;Valle del Cauca;SI;Fundación Carvajal
219022000162;EL PENOL;2;Moderado;61;;OFICIAL;RURAL;11;50;0;0;0;Almaguer;4;;;Cauca;;
219418001579;ESCUELA INDIGENA RURAL PLAYA BENDITA;3;Crítico;61;;OFICIAL;RURAL;9;52;0;0;0;López de Micay;1;;;Cauca;;
219473000280;SANTA ROSA;1;Bajo;61;;OFICIAL;RURAL;5;56;0;0;0;Morales;2;;;Cauca;;
163401000166;LUIS BERNARDO RIVERA;1;Bajo;61;0.168;OFICIAL;URBANA;9;52;0;0;0;La Tebaida;5;;Quindio;Quindio;;
205282000513;LICEO DE MINAS;2;Moderado;61;0.0141;OFICIAL;RURAL;2;12;31;16;0;Fredonia;4;1;Antioquia;Antioquia;;Fundación SURA
205686000584;LICEO PORFIRIO BARBA JACOB;2;Moderado;61;0.0141;OFICIAL;RURAL;0;0;49;12;0;Santa Rosa de Osos;5;1;Antioquia;Antioquia;;Fundación Empresas Públicas De Medellín
266088000404;SE PIÑALES;3;Crítico;61;0.1375;OFICIAL;RURAL;6;32;23;0;0;Belén de Umbría;5;;Risaralda;Risaralda;;
276147000427;SIMON BOLIVAR;3;Crítico;60;0.3378;OFICIAL;RURAL;3;9;38;10;0;Cartago;5;;Cartago;Valle del Cauca;SI;
273067000214;MESA DE POLE;2;Moderado;60;0.043;OFICIAL;RURAL;1;28;26;5;0;Ataco;4;;Tolima;Tolima;SI;
205209000190;C.E.R. LA ARBOLEDA;2;Moderado;60;0.0138;OFICIAL;RURAL;4;23;26;7;0;Concordia;4;;Antioquia;Antioquia;SI;
205837006466;E.R. LAS MERCEDES;2;Moderado;60;0.1603;OFICIAL;RURAL;2;19;29;10;0;Turbo;2;;Turbo;Antioquia;SI;
376111032645;LICEO INFANTIL CARRUSEL - SEDE PRINCIPAL;1;Bajo;60;0.3332;NO OFICIAL;URBANA;17;43;0;0;0;Guadalajara de Buga;;;Buga;Valle del Cauca;SI;
205837006199;E.R. CAMERÚN;2;Moderado;60;0.1603;OFICIAL;RURAL;8;52;0;0;0;Turbo;3;;Turbo;Antioquia;SI;
317001006863;JARDIN INFANTIL Y CENTRO DE ESTIMULACIÓN HUELLAS;1;Bajo;60;0.1263;NO OFICIAL;URBANA;60;0;0;0;0;Manizales;;;Manizales;Caldas;SI;
217001000178;INSTITUCIÓN EDUCATIVA RURAL MARIA GORETTI SEDE D;1;Bajo;60;0.1263;OFICIAL;RURAL;0;60;0;0;0;Manizales;3;;Manizales;Caldas;SI;
219256000794;LAS PIEDRAS;1;Bajo;60;;OFICIAL;RURAL;7;53;0;0;0;El Tambo;1;;;Cauca;;
219397000020;SANTA JUANA DE ARCO (sede principal);1;Bajo;60;;OFICIAL;RURAL;2;27;31;0;0;La Vega;6;1;;Cauca;;
219824000397;CENTRO DOCENTE RURAL MIXTA LA MESETA;1;Bajo;60;;OFICIAL;RURAL;10;50;0;0;0;Totoró;2;;;Cauca;;
319693000510;SAN SEBASTIAN (sede principal);1;Bajo;60;;OFICIAL;URBANA;0;0;40;20;0;San Sebastián;9;;;Cauca;;
205642000765;EL CEDRO;2;Moderado;60;0.0138;OFICIAL;RURAL;6;21;17;16;0;Salgar;3;;Antioquia;Antioquia;;Comfama (Caja de Compensación Familiar de Antioquia)
225885001884;INSTITUCION EDUCATIVA DEPARTAMENTAL GERARDO BILBAO IBAMA;3;Crítico;60;0.0224;OFICIAL;RURAL;3;12;34;11;0;Yacopí;5;1;Cundinamarca;Cundinamarca;;Fundación Alquería Cavelier
266001001809;BETULIA BAJA;3;Crítico;60;0.0775;OFICIAL;RURAL;16;44;0;0;0;Pereira;;;Pereira;Risaralda;;
217867000088;MARCO FIDEL SUAREZ;2;Moderado;60;0.0747;;RURAL;4;19;29;8;0;Victoria;8;;Caldas;Caldas;;Federación Nacional de Cafeteros de Colombia
241349000099;EL BATAN;2;Moderado;59;0.0463;OFICIAL;RURAL;3;29;27;0;0;Hobo;2;;Huila;Huila;SI;
205837004293;C.E. INDEPENDENCIA DE ANTIOQUIA;2;Moderado;59;0.1576;OFICIAL;RURAL;10;49;0;0;0;Turbo;3;;Turbo;Antioquia;SI;
217001000640;INSTITUCIÓN EDUCATIVA RURAL SERAFICO SAN ANTONIO DE PADUA SEDE A;1;Bajo;59;0.1242;OFICIAL;RURAL;14;45;0;0;0;Manizales;3;;Manizales;Caldas;SI;
276736000321;MARIA AUXILIADORA;1;Bajo;59;0.0453;OFICIAL;RURAL;5;10;39;5;0;Sevilla;7;1;Valle;Valle del Cauca;SI;Fundación Carvajal
219256000816;LOS ANDES (SEDE PRINCIPAL);1;Bajo;59;;OFICIAL;RURAL;4;29;22;4;0;El Tambo;4;1;;Cauca;;
219355000119;LA PALMERA (sede principal);1;Bajo;59;;OFICIAL;RURAL;14;45;0;0;0;Inzá;6;1;;Cauca;;
219698001994;ESCUELA RURAL MIXTA LA CASCADA;1;Bajo;59;;OFICIAL;RURAL;13;46;0;0;0;Santander de Quilichao;5;;;Cauca;;
205347000109;COLEGIO HECTOR HIGINIO BEDOYA VARGAS;2;Moderado;59;0.0136;OFICIAL;RURAL;0;18;30;11;0;Heliconia;5;1;Antioquia;Antioquia;;
225653000041;INSTITUCIÓN EDUCATIVA RURAL DEPARTAMENTAL CUIBUCO;2;Moderado;59;0.022;OFICIAL;RURAL;0;9;31;12;7;San Cayetano;5;1;Cundinamarca;Cundinamarca;;Fundación Alquería Cavelier | Fundación Corona
176497000352;MANUELA BELTRAN;1;Bajo;59;0.0453;OFICIAL;URBANA;0;59;0;0;0;Obando;6;;Valle;Valle del Cauca;;
217486000766;ESCUELA EL VATICANO;2;Moderado;59;0.0735;;RURAL;4;27;18;10;0;Neira;5;;Caldas;Caldas;;Federación Nacional de Cafeteros de Colombia
217777000216;ESCUELA RURAL CABUYAL;2;Moderado;59;0.0735;;RURAL;1;17;30;11;0;Supía;6;;Caldas;Caldas;;Federación Nacional de Cafeteros de Colombia
176377000049;JOSE MARIA CORDOBA;3;Crítico;58;0.0446;OFICIAL;URBANA;2;56;0;0;0;La Cumbre;3;;Valle;Valle del Cauca;SI;
376111800049;LICEO SEMILLITAS DEL SABER - SEDE PRINCIPAL;1;Bajo;58;0.3221;NO OFICIAL;URBANA;8;50;0;0;0;Guadalajara de Buga;;;Buga;Valle del Cauca;SI;
205042000257;C. E. R. LA MILAGROSA;2;Moderado;58;0.0134;OFICIAL;RURAL;2;21;27;8;0;Santa Fé de Antioquia;4;;Antioquia;Antioquia;SI;
205091000301;LIBIA ARRIBA;2;Moderado;58;0.0134;OFICIAL;RURAL;8;33;17;0;0;Betania;3;;Antioquia;Antioquia;SI;Comfama (Caja de Compensación Familiar de Antioquia) | Fundación Secretos Para Contar
376111032211;JARD INF CARITAS FELICES;1;Bajo;58;0.3221;NO OFICIAL;URBANA;16;42;0;0;0;Guadalajara de Buga;;;Buga;Valle del Cauca;SI;
227099000125;SEDE PIEDRA CANELA;1;Bajo;58;0.0509;OFICIAL;RURAL;6;52;0;0;0;Bojayá;4;;Choco;Chocó;SI;
219050001107;EL PINCHE;1;Bajo;58;;OFICIAL;RURAL;11;19;1;0;27;Argelia;5;;;Cauca;;
219130000055;BUENAVISTA (sede principal);3;Crítico;58;;OFICIAL;RURAL;15;43;0;0;0;Cajibío;4;;;Cauca;;
219397000356;ESCUELA RURAL MIXTA SANTA BARBARA;3;Crítico;58;;OFICIAL;RURAL;6;30;22;0;0;La Vega;6;;;Cauca;;
219780000335;CENTRO DOCENTE AGUA BLANCA;2;Moderado;58;;OFICIAL;RURAL;5;26;0;0;27;Suárez;2;;;Cauca;;
125653000291;ESCUELA URBANA MIXTA;2;Moderado;58;0.0216;OFICIAL;URBANA;6;52;0;0;0;San Cayetano;2;;Cundinamarca;Cundinamarca;;
223417002714;LOS AMARILLOS;3;Crítico;58;0.2576;;RURAL;11;47;0;0;0;Lorica;3;;Lorica;Córdoba;;
376111002207;LICEO MIXTO CHIQUIGENIOS - SEDE PRINCIPAL;1;Bajo;57;0.3165;NO OFICIAL;URBANA;13;44;0;0;0;Guadalajara de Buga;;;Buga;Valle del Cauca;SI;
205042000320;C. E. R. LA TOLDA;2;Moderado;57;0.0131;OFICIAL;RURAL;2;18;24;13;0;Santa Fé de Antioquia;3;;Antioquia;Antioquia;SI;Fundación Empresas Públicas De Medellín
205093000243;LA QUIEBRA;2;Moderado;57;0.0131;OFICIAL;RURAL;4;34;19;0;0;Betulia;3;;Antioquia;Antioquia;SI;Comfama (Caja de Compensación Familiar de Antioquia) | Fundación Secretos Para Contar
276233000553;NUESTRA SEÑORA DE FATIMA;2;Moderado;57;0.0438;OFICIAL;RURAL;0;27;30;0;0;Dagua;3;;Valle;Valle del Cauca;SI;
276400000102;MERCEDES ABREGO;1;Bajo;57;0.0438;OFICIAL;RURAL;15;18;0;0;24;La Unión;1;;Valle;Valle del Cauca;SI;
276869000154;MANUELA BELTRAN;2;Moderado;57;0.0438;OFICIAL;RURAL;2;17;28;10;0;Vijes;4;;Valle;Valle del Cauca;SI;
176109016137;CENTRO EDUCATIVO MISIONEROS DEL SABER - SEDE PRINCIPAL;1;Bajo;57;0.1022;OFICIAL;URBANA;0;0;0;0;57;Buenaventura;;;Buenaventura;Valle del Cauca;SI;
205467000196;C. E. R. JUAN CRISOSTOMO MARTINEZ;2;Moderado;57;0.0131;OFICIAL;RURAL;3;25;17;12;0;Montebello;4;;Antioquia;Antioquia;;Comfama (Caja de Compensación Familiar de Antioquia)
205756000153;C. E. R. BEATO FRAY MELQUIADES RAMIREZ;1;Bajo;57;0.0131;OFICIAL;RURAL;9;22;18;8;0;Sonsón;3;;Antioquia;Antioquia;;Comfama (Caja de Compensación Familiar de Antioquia)
205761000081;C. E. R. ROJAS;1;Bajo;57;0.0131;OFICIAL;RURAL;1;13;35;8;0;Sopetrán;4;;Antioquia;Antioquia;;
225799000131;ESCUELA RURAL EL ESTANCO;3;Crítico;57;0.0213;OFICIAL;RURAL;17;40;0;0;0;Tenjo;4;;Cundinamarca;Cundinamarca;;Fundación Alquería Cavelier
225899000996;SEDE PORTACHUELO;2;Moderado;57;0.2051;OFICIAL;RURAL;16;41;0;0;0;Zipaquirá;3;;Zipaquirá;Cundinamarca;;Fundación Alquería Cavelier
266001001256;FRANCISCO MIRANDA;3;Crítico;57;0.0736;OFICIAL;URBANA;31;26;0;0;0;Pereira;;;Pereira;Risaralda;;Comfamiliar Risaralda
273067000133;CASA VERDE;1;Bajo;57;0.0408;OFICIAL;RURAL;17;40;0;0;0;Ataco;3;;Tolima;Tolima;;
276520001854;MANUELA BELTRAN;2;Moderado;57;0.1156;OFICIAL;RURAL;9;48;0;0;0;Palmira;3;;Palmira;Valle del Cauca;;
217614000138;CENTRO EDUCATIVO QUIEBRALOMO - SEDE PRINCIPAL;2;Moderado;57;0.071;;RURAL;8;24;25;0;0;Riosucio;5;1;Caldas;Caldas;;
217614001151;ESCUELA RURAL MIXTA EL ROBLE;1;Bajo;57;0.071;;RURAL;4;26;27;0;0;Riosucio;3;;Caldas;Caldas;;
217513000765;COLEGIO LOS MORROS;1;Bajo;56;0.0697;OFICIAL;RURAL;1;22;22;11;0;Pácora;9;2;Caldas;Caldas;SI;Federación Nacional de Cafeteros de Colombia
205837001120;E.R. PUERTO RICO;2;Moderado;56;0.1496;OFICIAL;RURAL;2;25;29;0;0;Turbo;1;;Turbo;Antioquia;SI;
205837007381;ARCUA ARRIBA;2;Moderado;56;0.1496;OFICIAL;RURAL;11;35;10;0;0;Turbo;1;;Turbo;Antioquia;SI;
217001004157;INSTITUCION EDUCATIVA RURAL LA TRINIDAD SEDE B;1;Bajo;56;0.1179;OFICIAL;RURAL;0;56;0;0;0;Manizales;3;;Manizales;Caldas;SI;
276306000263;ANTONIO NARIÑO;1;Bajo;56;0.043;OFICIAL;RURAL;6;50;0;0;0;Ginebra;3;;Valle;Valle del Cauca;SI;
119573000029;MANUELA BELTRAN;1;Bajo;56;;OFICIAL;URBANA;11;45;0;0;0;Puerto Tejada;2;;;Cauca;;Fundación Colombianitos
219075000253;LA LOMITA (sede principal);1;Bajo;56;;OFICIAL;RURAL;14;42;0;0;0;Balboa;5;1;;Cauca;;
219473000441;EL DANUBIO;1;Bajo;56;;OFICIAL;RURAL;11;45;0;0;0;Morales;2;;;Cauca;;
219698002974;CENT DOC RUR MIX SAN BOSCO;1;Bajo;56;;OFICIAL;RURAL;7;49;0;0;0;Santander de Quilichao;3;;;Cauca;;
268689000803;INSTITUCION EDUCATIVA MIRABEL;2;Moderado;56;0.0416;OFICIAL;RURAL;1;19;30;6;0;San Vicente de Chucurí;5;1;Santander;Santander;;
273622000136;DINAMARCA;2;Moderado;56;0.0401;OFICIAL;RURAL;1;20;20;15;0;Roncesvalles;6;;Tolima;Tolima;;
276250000818;CACIQUE CORTES;2;Moderado;56;0.043;OFICIAL;RURAL;20;36;0;0;0;El Dovio;1;;Valle;Valle del Cauca;;
217873000316;INSTITUCION EDUCATIVA PIO XII - SEDE PRINCIPAL;1;Bajo;56;0.0697;;RURAL;0;0;37;19;0;Villamaría;10;1;Caldas;Caldas;;Federación Nacional de Cafeteros de Colombia
223417002081;GUANÁBANO;3;Crítico;56;0.2487;;RURAL;7;49;0;0;0;Lorica;3;;Lorica;Córdoba;;
376111002231;COL ALONSO ARAGON QUINTERO;1;Bajo;55;0.3054;NO OFICIAL;URBANA;0;0;0;0;55;Guadalajara de Buga;;;Buga;Valle del Cauca;SI;
286001003896;ESC RUR MIX QUINCE DE MAYO;2;Moderado;55;0.0799;OFICIAL;RURAL;8;47;0;0;0;Mocoa;4;;Putumayo;Putumayo;SI;
217541000312;INSTITUCION EDUCATIVA GUACAS - SEDE PRINCIPAL;1;Bajo;55;0.0685;OFICIAL;RURAL;3;24;20;8;0;Pensilvania;10;2;Caldas;Caldas;SI;Federación Nacional de Cafeteros de Colombia
176243000107;SIMON BOLIVAR;2;Moderado;55;0.0423;OFICIAL;URBANA;0;55;0;0;0;El Águila;1;;Valle;Valle del Cauca;SI;
276109001720;SAN JOSE;2;Moderado;55;0.0986;OFICIAL;RURAL;11;33;11;0;0;Buenaventura;3;;Buenaventura;Valle del Cauca;SI;
219256000671;EL CRUCERO;2;Moderado;55;;OFICIAL;RURAL;9;46;0;0;0;El Tambo;5;;;Cauca;;
219517001521;ITAIBE;2;Moderado;55;;OFICIAL;RURAL;6;49;0;0;0;Páez;4;;;Cauca;;
205125000160;C. E. R. CASCAJALA;2;Moderado;55;0.0127;OFICIAL;RURAL;3;35;17;0;0;Caicedo;3;;Antioquia;Antioquia;;Fundación Secretos Para Contar
205361000022;I. E. R. VEINTE DE JULIO;2;Moderado;55;0.0127;OFICIAL;RURAL;6;29;20;0;0;Ituango;2;;Antioquia;Antioquia;;
205679800011;I.E. DAMASCO SEDE II;1;Bajo;55;0.0127;OFICIAL;RURAL;12;43;0;0;0;Santa Bárbara;4;;Antioquia;Antioquia;;Comfama (Caja de Compensación Familiar de Antioquia) | Fundación Secretos Para Contar
217873000014;ESCUELA SIMON BOLIVAR;1;Bajo;55;0.0685;;RURAL;7;25;0;0;23;Villamaría;2;;Caldas;Caldas;;Federación Nacional de Cafeteros de Colombia
427361001340;IE MARIA AUXILIADORA DE ISLA MONO - SEDE PRINCIPAL;2;Moderado;54;0.0474;OFICIAL;RURAL;10;19;19;6;0;El Litoral del San Juan;7;1;Choco;Chocó;SI;
252001003738;ERM SAN ANTONIO CASANARE;2;Moderado;54;0.0912;OFICIAL;RURAL;7;24;23;0;0;Pasto;2;;Pasto;Nariño;NO;
215407000265;ESC LLANO DEL ARBOL;1;Bajo;54;0.0414;OFICIAL;RURAL;19;35;0;0;0;Villa de Leyva;2;;Boyaca;Boyacá;NO;
273217000994;TRES ESQUINAS;1;Bajo;54;0.0387;OFICIAL;RURAL;14;40;0;0;0;Coyaima;3;;Tolima;Tolima;SI;
227361001898;SEDE LA VICTORIA;2;Moderado;54;0.0474;OFICIAL;RURAL;5;23;26;0;0;El Cantón del San Pablo;4;;Choco;Chocó;SI;
176736000131;HERACLIO URIBE URIBE;1;Bajo;54;0.0415;OFICIAL;URBANA;0;54;0;0;0;Sevilla;2;;Valle;Valle del Cauca;SI;
219130001302;VILLA COLOMBIA;1;Bajo;54;;OFICIAL;RURAL;8;46;0;0;0;Cajibío;3;;;Cauca;;
219364000300;CENTRO DOCENTE RURAL MIXTO LOMA LARGA;1;Bajo;54;;OFICIAL;RURAL;10;44;0;0;0;Jambaló;3;;;Cauca;;
219548000124;POLICARPA SALAVARRIETA (sede principal);1;Bajo;54;;OFICIAL;RURAL;11;43;0;0;0;Piendamó - Tunía;5;1;;Cauca;;
205101000053;C. E. R. ALTO DE LOS JARAMILLO;2;Moderado;54;0.0124;OFICIAL;RURAL;6;27;21;0;0;Ciudad Bolívar;3;;Antioquia;Antioquia;;Comfama (Caja de Compensación Familiar de Antioquia) | Fundación Fraternidad Medellín
205240000831;E R BLANQUIZAL;1;Bajo;54;0.0124;OFICIAL;RURAL;0;10;31;13;0;Ebéjico;2;;Antioquia;Antioquia;;
205591000102;C. E. R. LA FLORIDA;1;Bajo;54;0.0124;OFICIAL;RURAL;10;44;0;0;0;Puerto Triunfo;3;;Antioquia;Antioquia;;
205756000692;C. E. R. LLANADAS SANTA CLARA;1;Bajo;54;0.0124;OFICIAL;RURAL;6;25;12;11;0;Sonsón;3;;Antioquia;Antioquia;;Comfama (Caja de Compensación Familiar de Antioquia)
266088000111;SE TAPARCAL;2;Moderado;54;0.1217;OFICIAL;RURAL;7;47;0;0;0;Belén de Umbría;2;;Risaralda;Risaralda;;Comfamiliar Risaralda
268615000135;ESCUELA RURAL BOCAS;1;Bajo;54;0.0401;OFICIAL;RURAL;0;0;54;0;0;Rionegro;4;;Santander;Santander;;
217272000131;INSTITUCIÓN EDUCATIVA ANTONIO NARIÑO - SEDE PRINCIPAL;1;Bajo;54;0.0672;;RURAL;2;17;16;19;0;Filadelfia;7;2;Caldas;Caldas;;Federación Nacional de Cafeteros de Colombia
217446000038;INSTITUCION EDUCATIVA MONTEBONITO - SEDE PRINCIPAL;2;Moderado;54;0.0672;;RURAL;0;0;37;17;0;Marulanda;5;1;Caldas;Caldas;;Federación Nacional de Cafeteros de Colombia
317001005271;COLEGIO AMERICANO;1;Bajo;53;0.1116;NO OFICIAL;URBANA;0;19;23;11;0;Manizales;;;Manizales;Caldas;SI;
205483000457;C. E. R. EL LLANO;1;Bajo;53;0.0122;OFICIAL;RURAL;3;20;17;13;0;Nariño;2;;Antioquia;Antioquia;SI;
376111032661;PREESCOLAR EXPLORANDO MI MUNDO - SEDE PRINCIPAL;1;Bajo;53;0.2943;NO OFICIAL;URBANA;53;0;0;0;0;Guadalajara de Buga;;;Buga;Valle del Cauca;SI;
219450000088;MARSELLA (sede principal);1;Bajo;53;;OFICIAL;RURAL;5;48;0;0;0;Mercaderes;4;1;;Cauca;;
219807000308;LAS GUACAS;1;Bajo;53;;OFICIAL;RURAL;6;47;0;0;0;Timbío;3;;;Cauca;;
219807000677;LAS PIEDRAS;1;Bajo;53;;OFICIAL;RURAL;6;47;0;0;0;Timbío;3;;;Cauca;;
205440000046;C. E. R. ISIDORO GOMEZ;2;Moderado;53;0.0122;OFICIAL;RURAL;5;48;0;0;0;Marinilla;2;;Antioquia;Antioquia;;Comfama (Caja de Compensación Familiar de Antioquia)
266001001396;LA MERCED;3;Crítico;53;0.0685;OFICIAL;RURAL;7;46;0;0;0;Pereira;2;;Pereira;Risaralda;;Comfamiliar Risaralda
276250000311;ROSA ZARATE DE PEÑA;1;Bajo;53;0.0407;OFICIAL;RURAL;0;7;0;0;46;El Dovio;1;;Valle;Valle del Cauca;;
217614000421;ESCUELA RURAL MIXTA PASMI;3;Crítico;53;0.066;;RURAL;5;48;0;0;0;Riosucio;4;;Caldas;Caldas;;
223417001513;LA BUENA;3;Crítico;53;0.2354;;RURAL;6;47;0;0;0;Lorica;1;;Lorica;Córdoba;;
273236000555;PALMALOSA;3;Crítico;52;0.0372;OFICIAL;RURAL;11;41;0;0;0;Dolores;2;;Tolima;Tolima;SI;
276622000241;SANTA RITA # 11;2;Moderado;52;0.04;OFICIAL;RURAL;0;52;0;0;0;Roldanillo;;2;Valle;Valle del Cauca;SI;
176109015459;VISTA HERMOSA;1;Bajo;52;0.0932;OFICIAL;URBANA;11;41;0;0;0;Buenaventura;3;;Buenaventura;Valle del Cauca;SI;
219256003718;LAS BOTAS (sede principal);1;Bajo;52;;OFICIAL;RURAL;3;26;20;3;0;El Tambo;6;1;;Cauca;;
219513000105;RIO NEGRO (sede principal);1;Bajo;52;;OFICIAL;RURAL;8;44;0;0;0;Padilla;2;1;;Cauca;;
219693000540;EL ROSAL;2;Moderado;52;;OFICIAL;RURAL;6;46;0;0;0;San Sebastián;4;;;Cauca;;
219780001340;CENTRO DOCENTE MESOPOTAMIA ALTO RICO;1;Bajo;52;;OFICIAL;RURAL;2;31;0;0;19;Suárez;3;;;Cauca;;
205756000340;C. E. R. LAUREANO GOMEZ;1;Bajo;52;0.012;OFICIAL;RURAL;2;25;19;6;0;Sonsón;2;;Antioquia;Antioquia;;
205873000555;C. E. R. LA LOMA MURRI;1;Bajo;52;0.012;OFICIAL;RURAL;5;47;0;0;0;Vigía del Fuerte;4;;Antioquia;Antioquia;;
266572000818;SE INAMURCITO;1;Bajo;52;0.1172;OFICIAL;RURAL;5;47;0;0;0;Pueblo Rico;3;;Risaralda;Risaralda;;
276275000634;ALFONSO LOPEZ PUMAREJO;2;Moderado;52;0.04;OFICIAL;RURAL;8;44;0;0;0;Florida;2;;Valle;Valle del Cauca;;
252001000992;C.E.M. SANTA TERESITA - SEDE PRINCIPAL;2;Moderado;51;0.0861;OFICIAL;RURAL;3;25;23;0;0;Pasto;13;1;Pasto;Nariño;NO;
376111032297;LICEO INFANTIL ARCO IRIS;1;Bajo;51;0.2832;NO OFICIAL;URBANA;5;46;0;0;0;Guadalajara de Buga;;;Buga;Valle del Cauca;SI;
317001007088;JARDIN INFANTIL EXPLORADORES;1;Bajo;51;0.1074;NO OFICIAL;URBANA;51;0;0;0;0;Manizales;;;Manizales;Caldas;SI;
205665000258;E.R. MANTAGORDA;2;Moderado;51;0.1362;OFICIAL;RURAL;0;23;28;0;0;Turbo;2;;Turbo;Antioquia;SI;Comfama (Caja de Compensación Familiar de Antioquia)
241244000115;JESUS DE LA BUENA ESPERANZA;2;Moderado;51;0.04;OFICIAL;RURAL;4;47;0;0;0;Elías;2;;Huila;Huila;SI;
176248000466;EDUARDO CABAL MOLINA;1;Bajo;51;0.0392;OFICIAL;URBANA;0;27;0;0;24;El Cerrito;1;;Valle;Valle del Cauca;SI;
276100000321;MARIA AGUSTINA MADRID;2;Moderado;51;0.0392;OFICIAL;RURAL;4;47;0;0;0;Bolívar;2;;Valle;Valle del Cauca;SI;
263470000113;EL CARMEN;1;Bajo;51;0.1405;OFICIAL;RURAL;13;38;0;0;0;Montenegro;3;;Quindio;Quindio;;
205079000265;C. E. R. PANTANILLO;2;Moderado;51;0.0118;OFICIAL;RURAL;4;18;23;6;0;Barbosa;3;;Antioquia;Antioquia;;
205197000172;C. E. R. EL TESORO;2;Moderado;51;0.0118;OFICIAL;RURAL;1;22;28;0;0;Cocorná;2;;Antioquia;Antioquia;;Corporación Empresarial Del Oriente Antioqueño
205001022360;CENTRO EDUCATIVO MARIA PAULINA TABORDA;1;Bajo;51;0.014;OFICIAL;RURAL;7;44;0;0;0;Medellín;3;;Medellín;Antioquia;;Comfama (Caja de Compensación Familiar de Antioquia)
266088000315;SE EL ABEJERO;3;Crítico;51;0.1149;OFICIAL;RURAL;4;16;25;6;0;Belén de Umbría;3;;Risaralda;Risaralda;;
276250000796;CACIQUE TASCON;2;Moderado;51;0.0392;OFICIAL;RURAL;2;49;0;0;0;El Dovio;2;;Valle;Valle del Cauca;;
217662000395;CENTRO EDUCATIVO ISABEL LA CATÓLICA;1;Bajo;51;0.0635;;RURAL;2;8;28;13;0;Samaná;6;;Caldas;Caldas;;Federación Nacional de Cafeteros de Colombia
123417002019;SAGRADO CORAZON DE JESUS;3;Crítico;51;0.2265;;RURAL;12;39;0;0;0;Lorica;1;;Lorica;Córdoba;;
266318000682;SE BACHILLERATO EN BIENESTAR RURAL -GUATICA- SEDE PRINCIPAL;3;Crítico;50;0.1127;OFICIAL;RURAL;0;0;33;17;0;Guática;2;;Risaralda;Risaralda;SI;
376111010455;LIC INF RINCON DE LOS SUEÑOS;3;Crítico;50;0.2777;NO OFICIAL;URBANA;50;0;0;0;0;Guadalajara de Buga;;;Buga;Valle del Cauca;SI;
227491000729;SEDE ANTONIO NARIÑO DE CURUNDO;3;Crítico;50;0.0439;OFICIAL;RURAL;4;27;12;7;0;Nóvita;4;;Choco;Chocó;SI;
376364002319;COLEGIO HUMANISTA MAHATMA GANDHI-SEDE PRINCIPAL;1;Bajo;50;0.1806;NO OFICIAL;URBANA;0;0;0;0;50;Jamundí;;;Jamundí;Valle del Cauca;SI;
205042000311;I. E. R. LA CORDILLERA;2;Moderado;50;0.0115;OFICIAL;RURAL;3;20;21;6;0;Santa Fé de Antioquia;2;;Antioquia;Antioquia;SI;
205055000876;C. E. R. RANCHO LARGO;2;Moderado;50;0.0115;OFICIAL;RURAL;1;20;15;14;0;Argelia;2;;Antioquia;Antioquia;SI;Fundación Secretos Para Contar
205093000341;C. E. R. EL INDIO;2;Moderado;50;0.0115;OFICIAL;RURAL;11;22;17;0;0;Betulia;2;;Antioquia;Antioquia;SI;Comfama (Caja de Compensación Familiar de Antioquia) | Fundación Secretos Para Contar
273217000293;I.E. NUESTRA SEÑORA DEL CARMEN - SEDE PRINCIPAL;1;Bajo;50;0.0358;OFICIAL;RURAL;10;40;0;0;0;Coyaima;5;1;Tolima;Tolima;SI;
276233000308;FRANCISCO DE PAULA SANTANDER;2;Moderado;50;0.0384;OFICIAL;RURAL;3;13;24;10;0;Dagua;7;;Valle;Valle del Cauca;SI;
219473006709;ESCUELA RURAL MIXTA CAIMITO;1;Bajo;50;;OFICIAL;RURAL;5;45;0;0;0;Morales;1;;;Cauca;;
219824000516;CENTRO DOCENTE RURAL MIXTO BELLAVISTA;1;Bajo;50;;OFICIAL;RURAL;11;39;0;0;0;Totoró;3;;;Cauca;;
205093000065;JULIO GIRALDO;2;Moderado;50;0.0115;OFICIAL;RURAL;1;26;18;5;0;Betulia;3;;Antioquia;Antioquia;;Comfama (Caja de Compensación Familiar de Antioquia) | Fundación Fraternidad Medellín | Fundación Secretos Para Contar
205686001041;EL ROBLE;2;Moderado;50;0.0115;OFICIAL;RURAL;5;45;0;0;0;Santa Rosa de Osos;2;;Antioquia;Antioquia;;
205789000451;C. E. R. GUAYABAL;1;Bajo;50;0.0115;OFICIAL;RURAL;1;14;28;7;0;Támesis;3;;Antioquia;Antioquia;;Comfama (Caja de Compensación Familiar de Antioquia) | Fundación Fraternidad Medellín
225580000195;INSTITUCIÓN EDUCATIVA DEPARTAMENTAL PALESTINA;2;Moderado;50;0.0187;OFICIAL;RURAL;2;8;21;12;7;Pulí;5;;Cundinamarca;Cundinamarca;;
266001800230;CENTRO DE REEDUCACION DE MENORES - CREEME;3;Crítico;50;0.0646;OFICIAL;RURAL;0;0;0;0;50;Pereira;6;;Pereira;Risaralda;;
176834001447;SEDE JARDIN INFANTIL GABRIELA MISTRAL;1;Bajo;50;0.1814;OFICIAL;URBANA;50;0;0;0;0;Tuluá;4;;Tuluá;Valle del Cauca;;Natura Cosmeticos Ltda.
217272000017;SIMÓN BOLÍVAR;1;Bajo;50;0.0622;;RURAL;3;12;26;9;0;Filadelfia;7;;Caldas;Caldas;;Federación Nacional de Cafeteros de Colombia
217653000021;SEDE ALVARO SERNA BOTERO;2;Moderado;50;0.0622;;RURAL;1;21;22;6;0;Salamina;5;;Caldas;Caldas;;Federación Nacional de Cafeteros de Colombia
217777000275;ESCUELA RURAL LA QUINTA;2;Moderado;50;0.0622;;RURAL;2;12;29;7;0;Supía;5;;Caldas;Caldas;;Federación Nacional de Cafeteros de Colombia
105138800013;INSTITUCION EDUCATIVA RURAL JUNTAS DE URAMITA SEDE II;2;Moderado;49;0.0113;OFICIAL;RURAL;9;40;0;0;0;Cañasgordas;;;Antioquia;Antioquia;SI;
205837006997;E.R TORIBIO MEDIO;2;Moderado;49;0.1309;OFICIAL;RURAL;2;26;21;0;0;Turbo;1;;Turbo;Antioquia;SI;
205660000632;EL SILENCIO;2;Moderado;49;0.0113;OFICIAL;RURAL;4;32;9;4;0;San Luis;3;;Antioquia;Antioquia;SI;Natura Cosmeticos Ltda.
205837005753;E.R. BELLAVISTA;2;Moderado;49;0.1309;OFICIAL;RURAL;8;41;0;0;0;Turbo;2;;Turbo;Antioquia;SI;
205837005958;E.R. ARENOSA NO. UNO;2;Moderado;49;0.1309;OFICIAL;RURAL;0;49;0;0;0;Turbo;2;;Turbo;Antioquia;SI;
205055000281;I. E. R. PRESBITERO MARIO ANGEL;2;Moderado;49;0.0113;OFICIAL;RURAL;1;22;22;4;0;Argelia;4;1;Antioquia;Antioquia;SI;Comfama (Caja de Compensación Familiar de Antioquia) | Fundación Secretos Para Contar
317001005794;LICEO MIS PRIMERAS PINCELADAS;1;Bajo;49;0.1031;NO OFICIAL;URBANA;12;37;0;0;0;Manizales;;;Manizales;Caldas;SI;
273675000260;EL LUGO ALTO;1;Bajo;49;0.0351;OFICIAL;RURAL;3;25;14;7;0;San Antonio;4;;Tolima;Tolima;SI;
276109008171;ESCUELA LA BREA;3;Crítico;49;0.0878;OFICIAL;RURAL;2;47;0;0;0;Buenaventura;3;;Buenaventura;Valle del Cauca;SI;
219130001078;LA COHETERA (sede principal);2;Moderado;49;;OFICIAL;RURAL;7;42;0;0;0;Cajibío;6;1;;Cauca;;
219256001260;VILLA NUEVA;1;Bajo;49;;OFICIAL;RURAL;3;20;26;0;0;El Tambo;2;;;Cauca;;
219318001342;TEMUEY;1;Bajo;49;;OFICIAL;RURAL;22;20;7;0;0;Guapi;8;1;;Cauca;;
219355000887;ESCUELA RURAL MIXTA LOMITAS;1;Bajo;49;;OFICIAL;RURAL;10;39;0;0;0;Inzá;3;;;Cauca;;
219418000238;SAN ANTONIO DE GURUMENDI;3;Crítico;49;;OFICIAL;RURAL;9;40;0;0;0;López de Micay;5;;;Cauca;;
419355000223;ESCUELA RURAL MIXTA YAQUIVA;1;Bajo;49;;OFICIAL;RURAL;5;44;0;0;0;Inzá;5;;;Cauca;;
205034000469;C. E. R. RISARALDA;2;Moderado;49;0.0113;OFICIAL;RURAL;4;31;11;3;0;Andes;3;;Antioquia;Antioquia;;Comfama (Caja de Compensación Familiar de Antioquia) | Fundación Fraternidad Medellín
205364000074;C. E. R. DAVID L CROZZIER;2;Moderado;49;0.0113;OFICIAL;RURAL;0;13;30;6;0;Jardín;3;;Antioquia;Antioquia;;Comfama (Caja de Compensación Familiar de Antioquia) | Fundación Fraternidad Medellín
273168001106;LOS SAUCES;3;Crítico;49;0.0351;OFICIAL;RURAL;4;27;18;0;0;Chaparral;3;;Tolima;Tolima;;
217013000637;GUACO;3;Crítico;49;0.061;;RURAL;2;11;29;7;0;Aguadas;5;;Caldas;Caldas;;Federación Nacional de Cafeteros de Colombia
217001001000;CENTRO EDUCATIVO RURAL LA PALMA;3;Crítico;48;0.101;OFICIAL;RURAL;16;32;0;0;0;Manizales;4;1;Manizales;Caldas;SI;Fundación Luker
219100000271;LERMA;1;Bajo;48;;OFICIAL;RURAL;6;42;0;0;0;Bolívar;3;;;Cauca;;
219130000161;DINDE (sede principal);3;Crítico;48;;OFICIAL;RURAL;2;17;29;0;0;Cajibío;7;1;;Cauca;;
219355000097;SAN PEDRO DE LOS QUINGOS;1;Bajo;48;;OFICIAL;RURAL;8;40;0;0;0;Inzá;3;;;Cauca;;
219473000271;SAN ANTONIO;1;Bajo;48;;OFICIAL;RURAL;9;39;0;0;0;Morales;2;;;Cauca;;
205034800015;SAN JOSÉ - SEDE II;2;Moderado;48;0.0111;OFICIAL;RURAL;0;0;35;13;0;Andes;;;Antioquia;Antioquia;;Fundación Fraternidad Medellín
205467000111;C. E. R. PALMITAS;2;Moderado;48;0.0111;OFICIAL;RURAL;3;25;13;7;0;Montebello;4;;Antioquia;Antioquia;;Comfama (Caja de Compensación Familiar de Antioquia) | Fundación Empresas Públicas De Medellín | Fundación Fraternidad Medellín
266001004310;INSTITUCION EDUCATIVA CREC GUILLERMO HOYOS SALAZAR;3;Crítico;48;0.062;OFICIAL;RURAL;0;0;35;13;0;Pereira;1;;Pereira;Risaralda;;Comfamiliar Risaralda
276250800016;DAIDUMA;3;Crítico;48;0.0369;OFICIAL;RURAL;11;37;0;0;0;El Dovio;3;;Valle;Valle del Cauca;;
223417001033;MANANTIAL ARRIBA;2;Moderado;48;0.2132;;RURAL;10;38;0;0;0;Lorica;1;;Lorica;Córdoba;;
227025000166;SEDE ANTONIO NARIÑO;2;Moderado;47;0.0413;OFICIAL;RURAL;0;47;0;0;0;Alto Baudó;4;;Choco;Chocó;SI;
276828000191;DIEGO FALLON;2;Moderado;47;0.0361;OFICIAL;RURAL;1;8;15;5;18;Bolívar;2;;Valle;Valle del Cauca;SI;
205837007438;CASA VERDE;2;Moderado;47;0.1255;OFICIAL;RURAL;10;18;19;0;0;Turbo;3;;Turbo;Antioquia;SI;Fundación Secretos Para Contar
276622000267;ATANASIO GIRARDOT;3;Crítico;47;0.0361;OFICIAL;RURAL;16;31;0;0;0;Roldanillo;3;;Valle;Valle del Cauca;SI;
276828000468;JUAN XXIII;2;Moderado;47;0.0361;OFICIAL;RURAL;3;16;9;0;19;Trujillo;2;;Valle;Valle del Cauca;SI;
219050000143;LAS PERLAS;1;Bajo;47;;OFICIAL;RURAL;10;37;0;0;0;Argelia;3;;;Cauca;;
219473006717;ESCUELA RURAL MIXTA BELEN;1;Bajo;47;;OFICIAL;RURAL;4;43;0;0;0;Morales;4;;;Cauca;;
219517000347;ESCUELA RURAL MIXTA EL COLORADO;1;Bajo;47;;OFICIAL;RURAL;7;40;0;0;0;Páez;2;;;Cauca;;
219548000639;LOS PINOS;1;Bajo;47;;OFICIAL;RURAL;5;42;0;0;0;Piendamó - Tunía;3;;;Cauca;;
219780000751;C.E. SANTA ANA;2;Moderado;47;;OFICIAL;RURAL;6;41;0;0;0;Suárez;3;;;Cauca;;
219821000108;C.E. SOTO - SEDE PRINCIPAL;1;Bajo;47;;OFICIAL;RURAL;3;44;0;0;0;Toribío;2;1;;Cauca;;
205034000183;C. E. R. EL BARCINO;2;Moderado;47;0.0108;OFICIAL;RURAL;2;21;19;5;0;Andes;3;;Antioquia;Antioquia;;Comfama (Caja de Compensación Familiar de Antioquia) | Fundación Fraternidad Medellín
205034001031;MONTE VERDE;2;Moderado;47;0.0108;OFICIAL;RURAL;3;14;19;11;0;Andes;3;;Antioquia;Antioquia;;Comfama (Caja de Compensación Familiar de Antioquia) | Fundación Fraternidad Medellín
205842000310;C. E. R. CHUPADERO;1;Bajo;47;0.0108;OFICIAL;RURAL;10;37;0;0;0;Uramita;2;;Antioquia;Antioquia;;
205001008561;CENTRO EDUCATIVO PIEDRA GORDA;1;Bajo;47;0.0129;OFICIAL;RURAL;7;40;0;0;0;Medellín;4;;Medellín;Antioquia;;Comfama (Caja de Compensación Familiar de Antioquia)
266001001451;CE HUERTAS;3;Crítico;47;0.0607;OFICIAL;RURAL;9;38;0;0;0;Pereira;4;;Pereira;Risaralda;;
276520002541;ENRIQUE OLAYA HERRERA;2;Moderado;47;0.0954;OFICIAL;RURAL;4;43;0;0;0;Palmira;3;;Palmira;Valle del Cauca;;
276736001425;GENERAL SANTANDER SATELITE QUEBRADA NUEVA;1;Bajo;47;0.0361;OFICIAL;RURAL;0;0;35;12;0;Sevilla;3;;Valle;Valle del Cauca;;
217541000398;ESCUELA POLICARPA SALABARRIETA;2;Moderado;47;0.0585;;RURAL;5;42;0;0;0;Pensilvania;3;;Caldas;Caldas;;Federación Nacional de Cafeteros de Colombia
217662000743;INSTITUCION EDUCATIVA SANTA TERESITA;1;Bajo;47;0.0585;;RURAL;0;9;28;10;0;Samaná;5;;Caldas;Caldas;;Federación Nacional de Cafeteros de Colombia
205837003505;E.R. RIO TURBO ABAJO;2;Moderado;46;0.1229;OFICIAL;RURAL;5;41;0;0;0;Turbo;2;;Turbo;Antioquia;SI;
205837800081;PUERTO RICO;2;Moderado;46;0.1229;OFICIAL;RURAL;8;15;23;0;0;Turbo;1;;Turbo;Antioquia;SI;
227077001519;SEDE SANTA ELENA;1;Bajo;46;0.0404;OFICIAL;RURAL;6;40;0;0;0;Bajo Baudó;2;;Choco;Chocó;SI;
227361000905;SEDE SAN PABLO ADENTRO;1;Bajo;46;0.0404;OFICIAL;RURAL;8;38;0;0;0;Unión Panamericana;4;;Choco;Chocó;SI;
376111032246;CENTRO DE EDUCACION PALPAR/TERRANOVA;1;Bajo;46;0.2554;NO OFICIAL;URBANA;25;21;0;0;0;Guadalajara de Buga;;;Buga;Valle del Cauca;SI;
476248000613;CINCUENTENARIO;2;Moderado;46;0.0353;OFICIAL;URBANA;5;41;0;0;0;El Cerrito;8;1;Valle;Valle del Cauca;SI;
219137000051;EL CABUYAL (sede principal);1;Bajo;46;;OFICIAL;RURAL;4;42;0;0;0;Caldono;3;1;;Cauca;;
219517001751;SEDE EDUCATIVA LA PALMERA;1;Bajo;46;;OFICIAL;RURAL;0;25;21;0;0;Páez;4;;;Cauca;;
205093000171;C. E. R. LA GUAMALA;2;Moderado;46;0.0106;OFICIAL;RURAL;4;31;11;0;0;Betulia;2;1;Antioquia;Antioquia;;Comfama (Caja de Compensación Familiar de Antioquia) | Fundación Secretos Para Contar
205480000065;C. E. R. LA FORTUNA;1;Bajo;46;0.0106;OFICIAL;RURAL;5;20;0;0;21;Mutatá;1;;Antioquia;Antioquia;;Fundación Secretos Para Contar
266440000525;SE LA BORDADITA;2;Moderado;46;0.1037;OFICIAL;RURAL;6;40;0;0;0;Marsella;3;;Risaralda;Risaralda;;
217486000618;INSTITUCION EDUCATIVA SAN LUIS - SEDE PRINCIPAL;3;Crítico;46;0.0573;;RURAL;5;21;11;9;0;Neira;8;1;Caldas;Caldas;;Federación Nacional de Cafeteros de Colombia
217513000285;ESCUELA RURAL PALMA ALTA;1;Bajo;46;0.0573;;RURAL;4;23;19;0;0;Pácora;4;;Caldas;Caldas;;Federación Nacional de Cafeteros de Colombia
217662000603;ESCUELA CRISTOBAL COLÓN;1;Bajo;46;0.0573;;RURAL;12;34;0;0;0;Samaná;2;;Caldas;Caldas;;
266572000109;SE VILLA CLARET;3;Crítico;45;0.1014;OFICIAL;RURAL;6;23;16;0;0;Pueblo Rico;2;;Risaralda;Risaralda;SI;
376364000952;COLEGIO SINTRA INFRA;2;Moderado;45;0.1626;NO OFICIAL;URBANA;13;32;0;0;0;Jamundí;;;Jamundí;Valle del Cauca;SI;
205837003351;C.E. COCUELO SAN FELIPE;2;Moderado;45;0.1202;OFICIAL;RURAL;3;24;18;0;0;Turbo;2;;Turbo;Antioquia;SI;
273870000266;LA FLORESTA;2;Moderado;45;0.0322;OFICIAL;RURAL;3;21;21;0;0;Villahermosa;3;;Tolima;Tolima;SI;
217001002073;INSTITUCIÓN EDUCATIVA MALTERIA SEDE RUR B;2;Moderado;45;0.0947;OFICIAL;RURAL;5;21;14;5;0;Manizales;1;;Manizales;Caldas;SI;
127001003941;SEDE IPPCH;2;Moderado;45;0.1225;OFICIAL;URBANA;0;45;0;0;0;Quibdó;1;;Quibdó;Chocó;SI;Claro Colombia | Natura Cosmeticos Ltda.
227413000020;SEDE LA PLAYA;2;Moderado;45;0.0395;OFICIAL;RURAL;7;21;0;0;17;Lloró;2;;Choco;Chocó;SI;
376111000077;COL COOP OBRERO DEL VALLE;1;Bajo;45;0.2499;NO OFICIAL;URBANA;0;0;0;0;45;Guadalajara de Buga;;;Buga;Valle del Cauca;SI;
317001005239;GIMNASIO LOS ANDES;1;Bajo;45;0.0947;NO OFICIAL;URBANA;4;41;0;0;0;Manizales;;;Manizales;Caldas;SI;
273675000529;EL SALAD0;1;Bajo;45;0.0322;OFICIAL;RURAL;6;24;15;0;0;San Antonio;2;;Tolima;Tolima;SI;
227050000014;SEDE VILLA LENINA;1;Bajo;45;0.0395;OFICIAL;RURAL;1;32;0;0;12;Atrato;3;;Choco;Chocó;SI;
241001003914;EL CHAPURO;1;Bajo;45;0.0667;OFICIAL;RURAL;7;21;11;6;0;Neiva;5;;Neiva;Huila;SI;
276041000401;JUAN XXIII;3;Crítico;45;0.0346;OFICIAL;RURAL;2;7;0;0;36;Ansermanuevo;1;;Valle;Valle del Cauca;SI;
276616000476;SANTO DOMINGO SAVIO;3;Crítico;45;0.0346;OFICIAL;RURAL;4;21;19;1;0;Riofrío;2;;Valle;Valle del Cauca;SI;
219137001316;CENTRO DOCENTE MANUELICO;3;Crítico;45;;OFICIAL;RURAL;4;41;0;0;0;Caldono;3;;;Cauca;;
219450000461;INSTITUCION EDUCATIVA CAJAMARCA (SEDE PRINCIPAL);1;Bajo;45;;OFICIAL;RURAL;4;18;23;0;0;Mercaderes;4;1;;Cauca;;
219473000832;EL CRUCERO DE PAN DE AZUCAR;1;Bajo;45;;OFICIAL;RURAL;7;38;0;0;0;Morales;3;;;Cauca;;
219517000541;ALTO DEL CARMEN;1;Bajo;45;;OFICIAL;RURAL;2;43;0;0;0;Páez;3;;;Cauca;;
219573000082;LAS BRISAS (sede principal);1;Bajo;45;;OFICIAL;RURAL;9;36;0;0;0;Puerto Tejada;6;1;;Cauca;;Fundación SURA
219743000058;CENTRO DOCENTE LOMA DEL CARMEN;2;Moderado;45;;OFICIAL;RURAL;10;35;0;0;0;Silvia;3;;;Cauca;;
219780000297;VARONES ASNAZU;1;Bajo;45;;OFICIAL;RURAL;34;11;0;0;0;Suárez;3;;;Cauca;;
205079000079;C. E. R. LA CUESTA;2;Moderado;45;0.0104;OFICIAL;RURAL;7;22;16;0;0;Barbosa;2;;Antioquia;Antioquia;;
205093000359;C. E. R. SAN MATEO;2;Moderado;45;0.0104;OFICIAL;RURAL;2;24;16;3;0;Betulia;2;;Antioquia;Antioquia;;Comfama (Caja de Compensación Familiar de Antioquia) | Fundación Secretos Para Contar
205134000130;NORIZAL;2;Moderado;45;0.0104;OFICIAL;RURAL;4;28;13;0;0;Campamento;4;;Antioquia;Antioquia;;
205197000156;C. E. R. LA PLAYA;2;Moderado;45;0.0104;OFICIAL;RURAL;4;6;18;17;0;Cocorná;3;;Antioquia;Antioquia;;Fundación Empresas Públicas De Medellín
276892000706;LAUREANO GOMEZ CASTRO;1;Bajo;45;0.2;OFICIAL;RURAL;11;4;25;5;0;Yumbo;4;;Yumbo;Valle del Cauca;;
217614000570;CENTRO DOCENTE SERAFIN LEON;1;Bajo;45;0.056;;RURAL;4;41;0;0;0;Riosucio;2;;Caldas;Caldas;;
217653000625;INSTITUCIÓN EDUCATIVA EL PERRO - SEDE PRINCIPAL;2;Moderado;45;0.056;;RURAL;1;14;22;8;0;Salamina;11;2;Caldas;Caldas;;Federación Nacional de Cafeteros de Colombia
223417000860;SAN NICOLAS DE BARI;3;Crítico;45;0.1998;;RURAL;10;35;0;0;0;Lorica;1;;Lorica;Córdoba;;
227001003032;SEDE ANTONIA SANTO DE WINANDO.;2;Moderado;44;0.1198;OFICIAL;RURAL;14;30;0;0;0;Quibdó;2;;Quibdó;Chocó;SI;
317001007274;JARDÍN INFANTIL MADAGASCAR;1;Bajo;44;0.0926;NO OFICIAL;URBANA;44;0;0;0;0;Manizales;;;Manizales;Caldas;SI;
219418001404;CACAHUAL (sede principal);1;Bajo;44;;OFICIAL;RURAL;10;34;0;0;0;López de Micay;5;1;;Cauca;;
219473006423;LA ESTRELLA;1;Bajo;44;;OFICIAL;RURAL;9;35;0;0;0;Morales;4;;;Cauca;;
219548000167;SAN MIGUEL -PISITAO GRANDE (sede principal);1;Bajo;44;;OFICIAL;RURAL;5;39;0;0;0;Piendamó - Tunía;4;1;;Cauca;;
219548000311;ESCUELA RURAL MIXTA LA MARIA;1;Bajo;44;;OFICIAL;RURAL;6;38;0;0;0;Piendamó - Tunía;4;;;Cauca;;
419318002097;LEVANTE EN MARCHA;2;Moderado;44;;OFICIAL;RURAL;5;14;22;3;0;Guapi;8;1;;Cauca;;
419355001203;CONCENTRACION EDUCATIVA COMUNITARIA (E.R.M.) EL TRIUNFO;1;Bajo;44;;OFICIAL;RURAL;1;43;0;0;0;Inzá;2;;;Cauca;;
219807000341;SAMBONI ALTO (sede principal);3;Crítico;44;;OFICIAL;RURAL;6;38;0;0;0;Timbío;4;1;;Cauca;;
163594000281;EL ROCIO;1;Bajo;44;0.1212;OFICIAL;URBANA;9;35;0;0;0;Quimbaya;2;;Quindio;Quindio;;Claro Colombia
205093000324;C. E. R. LA CIBELES;2;Moderado;44;0.0101;OFICIAL;RURAL;0;23;19;2;0;Betulia;2;;Antioquia;Antioquia;;Comfama (Caja de Compensación Familiar de Antioquia) | Fundación Secretos Para Contar
205209000301;C. E. R. CRISTALINA;2;Moderado;44;0.0101;OFICIAL;RURAL;4;23;17;0;0;Concordia;2;;Antioquia;Antioquia;;Comfama (Caja de Compensación Familiar de Antioquia)
225535000150;ESCUELA RURAL GUCHIPAS;2;Moderado;44;0.0164;OFICIAL;RURAL;4;40;0;0;0;Pasca;2;;Cundinamarca;Cundinamarca;;
225843000187;ESCUELA RURAL SOAGA;2;Moderado;44;0.0164;OFICIAL;RURAL;7;37;0;0;0;Villa de San Diego de Ubaté;2;;Cundinamarca;Cundinamarca;;
276100000399;MARIA AUXILIADORA;2;Moderado;44;0.0338;OFICIAL;RURAL;12;32;0;0;0;Bolívar;2;;Valle;Valle del Cauca;;
217486000146;ESCUELA SIMÓN BOLIVAR;2;Moderado;44;0.0548;;RURAL;6;18;20;0;0;Neira;5;;Caldas;Caldas;;Federación Nacional de Cafeteros de Colombia
217662000590;POSPRIMARIA LA REINA;2;Moderado;44;0.0548;;RURAL;1;21;22;0;0;Samaná;2;;Caldas;Caldas;;Federación Nacional de Cafeteros de Colombia
217616000321;ESCUELA MORRO AZUL;2;Moderado;44;0.0548;;RURAL;0;0;37;7;0;Risaralda;3;;Caldas;Caldas;;Federación Nacional de Cafeteros de Colombia
223417003036;SAN PEDRO;3;Crítico;44;0.1954;;RURAL;2;42;0;0;0;Lorica;2;;Lorica;Córdoba;;
223417002307;EL BRILLANTE;3;Crítico;44;0.1954;;RURAL;4;40;0;0;0;Lorica;2;;Lorica;Córdoba;;
227491000443;SEDE URABARA;2;Moderado;43;0.0378;OFICIAL;RURAL;5;21;0;0;17;Nóvita;1;;Choco;Chocó;SI;
241001000494;SAN JORGE;2;Moderado;43;0.0637;OFICIAL;RURAL;14;29;0;0;0;Neiva;3;;Neiva;Huila;SI;
227615000544;CE TAMBORAL - SEDE PRINCIPAL;2;Moderado;43;0.0378;OFICIAL;RURAL;9;10;24;0;0;Riosucio;2;1;Choco;Chocó;SI;
215837000102;I.E. SAN NICOLAS - SEDE PRINCIPAL;1;Bajo;43;0.0329;OFICIAL;RURAL;6;15;22;0;0;Tuta;11;1;Boyaca;Boyacá;NO;
227615000013;SEDE LA PUNTA;1;Bajo;43;0.0378;OFICIAL;RURAL;2;41;0;0;0;Riosucio;3;;Choco;Chocó;SI;
276616000280;SANTA FE;2;Moderado;43;0.033;OFICIAL;RURAL;7;21;15;0;0;Riofrío;3;;Valle;Valle del Cauca;SI;
205079000184;C. E. R. LA CHORRERA;2;Moderado;43;0.0099;OFICIAL;RURAL;5;38;0;0;0;Barbosa;2;;Antioquia;Antioquia;;
205893001523;I. E. R. ALTO CIMITARRA;2;Moderado;43;0.0099;OFICIAL;RURAL;0;13;18;3;9;Yondó;2;;Antioquia;Antioquia;;
205001010272;CENTRO EDUCATIVO SAGRADO CORAZON;1;Bajo;43;0.0118;OFICIAL;RURAL;3;40;0;0;0;Medellín;2;;Medellín;Antioquia;;
276828000140;GENERAL SANTANDER;3;Crítico;43;0.033;OFICIAL;RURAL;6;37;0;0;0;Trujillo;2;;Valle;Valle del Cauca;;
117446000068;ESCUELA URBANA SIMON BOLIVAR;2;Moderado;43;0.0535;;URBANA;3;40;0;0;0;Marulanda;2;;Caldas;Caldas;;Federación Nacional de Cafeteros de Colombia
217524000236;INSTITUCIÓN EDUCATIVA CARTAGENA - SEDE PRINCIPAL;1;Bajo;43;0.0535;;RURAL;2;12;24;5;0;Palestina;4;1;Caldas;Caldas;;Federación Nacional de Cafeteros de Colombia
217662000859;ESCUELA RURAL CONGAL;2;Moderado;43;0.0535;;RURAL;3;25;15;0;0;Samaná;3;;Caldas;Caldas;;Federación Nacional de Cafeteros de Colombia
217873000138;ESCUELA NUEVA RIO CLARO;1;Bajo;43;0.0535;;RURAL;5;38;0;0;0;Villamaría;2;;Caldas;Caldas;;Federación Nacional de Cafeteros de Colombia
227001001072;SEDE LAS MERCEDES;2;Moderado;42;0.1143;OFICIAL;RURAL;19;23;0;0;0;Quibdó;4;1;Quibdó;Chocó;SI;
252356001060;INSTITUCIÓN EDUCATIVA AGROINDUSTRIAL LOS PASTOS SEDE 7 ¿INAGAN;2;Moderado;42;0.1997;OFICIAL;RURAL;5;37;0;0;0;Ipiales;4;;Ipiales;Nariño;NO;
205837007136;ARENERA 2;2;Moderado;42;0.1122;OFICIAL;RURAL;7;35;0;0;0;Turbo;2;;Turbo;Antioquia;SI;
276113000436;MARIANO GONZALEZ;1;Bajo;42;0.0323;OFICIAL;RURAL;13;29;0;0;0;Bugalagrande;2;1;Valle;Valle del Cauca;SI;Fundación Carvajal
227077001225;SEDE DE BELLAVISTA;1;Bajo;42;0.0369;OFICIAL;RURAL;6;36;0;0;0;Bajo Baudó;3;;Choco;Chocó;SI;
263001001061;SANTA ANA;1;Bajo;42;0.1038;OFICIAL;RURAL;2;18;22;0;0;Armenia;3;;Armenia;Quindio;SI;
376111032301;INST DE EDUCACION COMFENALCO VALLE;1;Bajo;42;0.2332;NO OFICIAL;URBANA;0;0;0;0;42;Guadalajara de Buga;;;Buga;Valle del Cauca;SI;
276233000570;JOSE ANTONIO GALAN;1;Bajo;42;0.0323;OFICIAL;RURAL;3;21;0;0;18;Dagua;1;;Valle;Valle del Cauca;SI;
276275000359;SANTA ANA;2;Moderado;42;0.0323;OFICIAL;RURAL;4;38;0;0;0;Florida;3;;Valle;Valle del Cauca;SI;Natura Cosmeticos Ltda.
219050000160;MIROLINDO (sede principal);1;Bajo;42;;OFICIAL;RURAL;9;33;0;0;0;Argelia;4;1;;Cauca;;
219110000199;EL SILENCIO;1;Bajo;42;;OFICIAL;RURAL;6;36;0;0;0;Buenos Aires;3;;;Cauca;;
219130000845;ALTO GRANDE;3;Crítico;42;;OFICIAL;RURAL;4;38;0;0;0;Cajibío;3;;;Cauca;;
219137001294;ESCUELA RURAL MIXTO EL MIRADOR;1;Bajo;42;;OFICIAL;RURAL;7;35;0;0;0;Caldono;2;;;Cauca;;
219256002100;CERRITO (sede principal);1;Bajo;42;;OFICIAL;RURAL;12;19;11;0;0;El Tambo;5;1;;Cauca;;
219418000157;YULLAL JOLI;3;Crítico;42;;OFICIAL;RURAL;2;31;9;0;0;López de Micay;3;;;Cauca;;
205034000299;I. E. SAN JOSE;2;Moderado;42;0.0097;OFICIAL;RURAL;4;38;0;0;0;Andes;6;;Antioquia;Antioquia;;Comfama (Caja de Compensación Familiar de Antioquia) | Fundación Fraternidad Medellín
205576000392;C. E. R. CORINTO;2;Moderado;42;0.0097;OFICIAL;RURAL;3;25;14;0;0;Pueblorrico;3;;Antioquia;Antioquia;;Comfama (Caja de Compensación Familiar de Antioquia) | Fundación Secretos Para Contar
205667000123;EL BIZCOCHO;2;Moderado;42;0.0097;OFICIAL;RURAL;3;21;18;0;0;San Rafael;2;;Antioquia;Antioquia;;Fundación Secretos Para Contar
266001003861;LA COLONIA;3;Crítico;42;0.0543;OFICIAL;RURAL;10;32;0;0;0;Pereira;1;;Pereira;Risaralda;;
266594000226;SE OPIRAMA;2;Moderado;42;0.0946;OFICIAL;RURAL;10;26;0;0;6;Quinchía;;;Risaralda;Risaralda;;
276306000247;NUESTRA SEÑORA DEL CARMEN;1;Bajo;42;0.0323;OFICIAL;RURAL;1;7;21;13;0;Ginebra;3;;Valle;Valle del Cauca;;
276828001154;JARADEAI DACHI BEDEA;3;Crítico;42;0.0323;OFICIAL;RURAL;8;34;0;0;0;Trujillo;2;;Valle;Valle del Cauca;;
217042000131;SEDE CHAPATA;1;Bajo;42;0.0523;;RURAL;3;30;9;0;0;Anserma;2;;Caldas;Caldas;;
217524000139;CENTRO EDUCATIVO EL REPOSO;2;Moderado;42;0.0523;;RURAL;2;14;26;0;0;Palestina;3;;Caldas;Caldas;;Federación Nacional de Cafeteros de Colombia
127001000021;SEDE BUENOS AIRES;3;Crítico;41;0.1116;OFICIAL;URBANA;2;39;0;0;0;Quibdó;4;;Quibdó;Chocó;SI;
273270000289;LA ARGELIA;2;Moderado;41;0.0294;OFICIAL;RURAL;4;37;0;0;0;Palocabildo;3;;Tolima;Tolima;SI;
205541000448;C. E. R. HORIZONTES;2;Moderado;41;0.0094;OFICIAL;RURAL;6;35;0;0;0;Peñol;2;;Antioquia;Antioquia;SI;Comfama (Caja de Compensación Familiar de Antioquia)
205837005061;E.R. LA TECA;2;Moderado;41;0.1095;OFICIAL;RURAL;5;36;0;0;0;Turbo;2;;Turbo;Antioquia;SI;
205837003718;E.R. MONOMACHO (D)(UNIT);2;Moderado;41;0.1095;OFICIAL;RURAL;10;31;0;0;0;Turbo;2;;Turbo;Antioquia;SI;
250006000122;SEDE EL PLAYON;2;Moderado;41;0.036;OFICIAL;RURAL;0;41;0;0;0;Acacías;2;;Meta;Meta;NO;Ecopetrol
176233001016;INDALECIO LIEVANO AGUIRRE.;3;Crítico;41;0.0315;OFICIAL;URBANA;0;41;0;0;0;Dagua;1;;Valle;Valle del Cauca;SI;
219418001200;EL CACAO;1;Bajo;41;;OFICIAL;RURAL;5;36;0;0;0;López de Micay;3;;;Cauca;;
219517000088;ESCUELA LA FLORIDA;1;Bajo;41;;OFICIAL;RURAL;4;37;0;0;0;Páez;3;;;Cauca;;
205002000581;PURIMA;2;Moderado;41;0.0094;OFICIAL;RURAL;1;18;14;8;0;Abejorral;2;;Antioquia;Antioquia;;Fundación Empresas Públicas De Medellín
205002000564;C. E. R. JOSE ANTONIO VILLEGAS;2;Moderado;41;0.0094;OFICIAL;RURAL;1;14;16;10;0;Abejorral;3;;Antioquia;Antioquia;;Fundación Empresas Públicas De Medellín
205034000043;C. E. R. LA LIBERTADORA;2;Moderado;41;0.0094;OFICIAL;RURAL;4;21;16;0;0;Andes;3;;Antioquia;Antioquia;;Comfama (Caja de Compensación Familiar de Antioquia) | Fundación Fraternidad Medellín
205129007169;EL SESENTA;1;Bajo;41;0.0094;OFICIAL;RURAL;7;34;0;0;0;Caldas;2;;Antioquia;Antioquia;;Fundación Empresas Públicas De Medellín
205541000349;C. E. R. LA ALIANZA;2;Moderado;41;0.0094;OFICIAL;RURAL;3;24;14;0;0;Peñol;2;;Antioquia;Antioquia;;Comfama (Caja de Compensación Familiar de Antioquia)
205756000200;C. E. R. NARANJAL ARRIBA;1;Bajo;41;0.0094;OFICIAL;RURAL;3;12;21;5;0;Sonsón;2;;Antioquia;Antioquia;;
125580000077;CONCENTRACION URBANA MARCO FIDEL SUAREZ;2;Moderado;41;0.0153;OFICIAL;URBANA;0;41;0;0;0;Pulí;2;;Cundinamarca;Cundinamarca;;
166001004463;LA DULCERA;3;Crítico;41;0.053;OFICIAL;URBANA;0;41;0;0;0;Pereira;;;Pereira;Risaralda;;
276520002044;JOSE MARIA OBANDO;2;Moderado;41;0.0832;OFICIAL;RURAL;7;34;0;0;0;Palmira;3;1;Palmira;Valle del Cauca;;
217614000111;ESCUELA RURAL EL CARMELO;2;Moderado;41;0.051;;RURAL;2;11;15;13;0;Riosucio;5;;Caldas;Caldas;;Federación Nacional de Cafeteros de Colombia
217662000662;COLEGIO LOS POMOS;1;Bajo;41;0.051;;RURAL;3;15;17;6;0;Samaná;3;;Caldas;Caldas;;Federación Nacional de Cafeteros de Colombia
423417003124;SANTA ISABEL;1;Bajo;41;0.1821;;RURAL;6;35;0;0;0;Lorica;2;;Lorica;Córdoba;;
376111800022;CENTRO DE EDUCACION INFANTIL Y DESARROLLO PSICOLOGICO - COIPSIC - SEDE PRINCIPAL;2;Moderado;40;0.2221;NO OFICIAL;URBANA;40;0;0;0;0;Guadalajara de Buga;;;Buga;Valle del Cauca;SI;
205591000242;C. E. R. ALTO DEL POLLO;3;Crítico;40;0.0092;OFICIAL;RURAL;5;35;0;0;0;Puerto Triunfo;1;;Antioquia;Antioquia;SI;
205138000614;C. E. R. LA HERRADURA;2;Moderado;40;0.0092;OFICIAL;RURAL;2;13;25;0;0;Cañasgordas;2;;Antioquia;Antioquia;SI;Fundación Incolmotos Yamaha
376111032271;FUND EDUC LIC POPULAR;1;Bajo;40;0.2221;NO OFICIAL;URBANA;40;0;0;0;0;Guadalajara de Buga;;;Buga;Valle del Cauca;SI;
241799000641;MEDIO ROBLAL;2;Moderado;40;0.0314;OFICIAL;RURAL;2;22;16;0;0;Tello;2;;Huila;Huila;SI;
252356000365;INSTITUCIÓN EDUCATIVA AGROINDUSTRIAL LOS PASTOS SEDE 5- YANALA-;2;Moderado;40;0.1902;OFICIAL;RURAL;8;32;0;0;0;Ipiales;2;;Ipiales;Nariño;NO;
227001000459;SEDE SAN FRANCISCO DE ICHO;2;Moderado;40;0.1089;OFICIAL;RURAL;10;30;0;0;0;Quibdó;3;;Quibdó;Chocó;SI;
205091000181;BELLAVISTA;2;Moderado;40;0.0092;OFICIAL;RURAL;2;25;13;0;0;Betania;3;;Antioquia;Antioquia;SI;Comfama (Caja de Compensación Familiar de Antioquia) | Fundación Secretos Para Contar
276248000428;EDUARDO RIASCOS GRUESO;2;Moderado;40;0.0307;OFICIAL;RURAL;0;40;0;0;0;El Cerrito;1;;Valle;Valle del Cauca;SI;
276109001126;ANTONIO RICAURTE;1;Bajo;40;0.0717;OFICIAL;RURAL;3;18;19;0;0;Buenaventura;3;;Buenaventura;Valle del Cauca;SI;
219110000369;ESCUELA RURAL MIXTA AURES;2;Moderado;40;;OFICIAL;RURAL;3;37;0;0;0;Buenos Aires;3;;;Cauca;;
219142000603;CENTRO DOCENTE RURAL MIXTO GUATABA;1;Bajo;40;;OFICIAL;RURAL;9;31;0;0;0;Caloto;1;;;Cauca;;
219142800006;CENTRO DOCENTE RURAL MIXTO ALTAMIRA;1;Bajo;40;;OFICIAL;RURAL;3;37;0;0;0;Caloto;2;;;Cauca;;
219517000746;ESCUELA RURAL MIXTA LA MESA DE TOGOIMA;1;Bajo;40;;OFICIAL;RURAL;5;35;0;0;0;Páez;3;;;Cauca;;
219780000432;CENTRO RURAL MIXTO MATECAÑA;1;Bajo;40;;OFICIAL;RURAL;7;33;0;0;0;Suárez;3;;;Cauca;;
205093000499;C. E. R. EL TOSTADO;2;Moderado;40;0.0092;OFICIAL;RURAL;4;18;18;0;0;Betulia;2;;Antioquia;Antioquia;;Comfama (Caja de Compensación Familiar de Antioquia)
205400000051;C. E. R. LA ALMERIA;2;Moderado;40;0.0092;OFICIAL;RURAL;6;34;0;0;0;La Unión;3;1;Antioquia;Antioquia;;Fundación Secretos Para Contar
205756000587;C. E. R. AURES SONSON;2;Moderado;40;0.0092;OFICIAL;RURAL;5;21;12;2;0;Sonsón;2;;Antioquia;Antioquia;;Comfama (Caja de Compensación Familiar de Antioquia)
225035000412;ESCUELA RURAL EL CONSUELO;2;Moderado;40;0.0149;OFICIAL;RURAL;5;35;0;0;0;Anapoima;2;;Cundinamarca;Cundinamarca;;Fundación Alquería Cavelier
225339000109;ESCUELA RURAL LA PALMA;1;Bajo;40;0.0149;OFICIAL;RURAL;2;16;0;0;22;Gutiérrez;1;;Cundinamarca;Cundinamarca;;
266440800017;ANTONIO JOSE DE SUCRE;2;Moderado;40;0.0901;OFICIAL;RURAL;7;33;0;0;0;Marsella;2;;Risaralda;Risaralda;;
273067001920;SAN SEBASTIAN;1;Bajo;40;0.0287;OFICIAL;RURAL;3;37;0;0;0;Ataco;2;;Tolima;Tolima;;
276100800000;MAIGARA;3;Crítico;40;0.0307;OFICIAL;RURAL;7;33;0;0;0;Bolívar;2;;Valle;Valle del Cauca;;
276130000229;MARCO FIDEL SUAREZ;2;Moderado;40;0.0307;OFICIAL;RURAL;14;26;0;0;0;Candelaria;3;;Valle;Valle del Cauca;;
276250000575;CACIQUE CALARCA;2;Moderado;40;0.0307;OFICIAL;RURAL;11;29;0;0;0;El Dovio;2;;Valle;Valle del Cauca;;
217444000243;ESCUELA RURAL UNIÓN BAJA;1;Bajo;40;0.0498;;RURAL;2;21;17;0;0;Marquetalia;3;;Caldas;Caldas;;Federación Nacional de Cafeteros de Colombia
217662000310;ESCUELA RURAL LA QUINTA;1;Bajo;40;0.0498;;RURAL;1;6;21;12;0;Samaná;6;;Caldas;Caldas;;Federación Nacional de Cafeteros de Colombia
205837000735;SANTIAGO DE URABA (UNIT);2;Moderado;39;0.1042;OFICIAL;RURAL;1;12;26;0;0;Turbo;5;1;Turbo;Antioquia;SI;
205837006913;E.R. LA PLAYONA;2;Moderado;39;0.1042;OFICIAL;RURAL;13;26;0;0;0;Turbo;2;;Turbo;Antioquia;SI;
268547000288;ESCUELA RURAL EL GUAMO;1;Bajo;39;0.1171;OFICIAL;RURAL;12;27;0;0;0;Piedecuesta;3;;Piedecuesta;Santander;NO;
273168002200;LA ALDEA;1;Bajo;39;0.0279;OFICIAL;RURAL;16;23;0;0;0;Chaparral;2;;Tolima;Tolima;SI;
276377000086;MARIA AUXILIADORA LOMITAS;1;Bajo;39;0.03;OFICIAL;RURAL;5;18;0;0;16;La Cumbre;6;;Valle;Valle del Cauca;SI;
276736000143;DOCE DE OCTUBRE;1;Bajo;39;0.03;OFICIAL;RURAL;2;17;17;3;0;Sevilla;4;;Valle;Valle del Cauca;SI;Fundación Carvajal
276736000674;JOSE MARIA CARBONEL;1;Bajo;39;0.03;OFICIAL;RURAL;3;13;0;0;23;Sevilla;2;;Valle;Valle del Cauca;SI;
119256000943;JARDIN EL TAMBO;1;Bajo;39;;OFICIAL;URBANA;39;0;0;0;0;El Tambo;2;;;Cauca;;
219418000891;SANTA CRUZ DEL SIGUI (sede principal);1;Bajo;39;;OFICIAL;RURAL;0;0;24;15;0;López de Micay;6;;;Cauca;;
219532002011;EL PORVENIR;1;Bajo;39;;OFICIAL;RURAL;8;31;0;0;0;Patía;3;;;Cauca;;
219548000701;MATECANA;1;Bajo;39;;OFICIAL;RURAL;5;34;0;0;0;Piendamó - Tunía;3;;;Cauca;;
219780000050;LA CHORRERA;3;Crítico;39;;OFICIAL;RURAL;9;30;0;0;0;Suárez;2;;;Cauca;;
205093000529;C. E. R. SANTA RITA;2;Moderado;39;0.009;OFICIAL;RURAL;3;15;17;4;0;Betulia;3;;Antioquia;Antioquia;;Comfama (Caja de Compensación Familiar de Antioquia) | Fundación Secretos Para Contar
205093000596;C. E. R. LA GUAMALITA;2;Moderado;39;0.009;OFICIAL;RURAL;3;22;14;0;0;Betulia;2;;Antioquia;Antioquia;;Comfama (Caja de Compensación Familiar de Antioquia) | Fundación Secretos Para Contar
205642000480;LEON DE GREIFF;2;Moderado;39;0.009;OFICIAL;RURAL;4;35;0;0;0;Salgar;2;;Antioquia;Antioquia;;Comfama (Caja de Compensación Familiar de Antioquia)
205756000609;C. E. R. LA HABANA;2;Moderado;39;0.009;OFICIAL;RURAL;4;20;11;4;0;Sonsón;3;;Antioquia;Antioquia;;
205001002245;CENTRO EDUCATIVO EL PATIO;1;Bajo;39;0.0107;OFICIAL;RURAL;3;36;0;0;0;Medellín;2;;Medellín;Antioquia;;
276834001379;SEDE NO. 41 JOSE EUSTACIO RIVERA;1;Bajo;39;0.1415;OFICIAL;RURAL;3;36;0;0;0;Tuluá;2;;Tuluá;Valle del Cauca;;
276100000402;SANTO TOMAS DE AQUINO;2;Moderado;39;0.03;OFICIAL;RURAL;0;39;0;0;0;Bolívar;2;;Valle;Valle del Cauca;;
276863000918;INDALECIO MURIMBIA;2;Moderado;39;0.03;OFICIAL;RURAL;8;31;0;0;0;Versalles;1;;Valle;Valle del Cauca;;
276736000895;GENERAL SANTANDER SATELITE DE CUMBARCO;3;Crítico;39;0.03;OFICIAL;RURAL;0;0;24;7;8;Sevilla;5;;Valle;Valle del Cauca;;
217433000063;ESCUELA SAGRADO CORAZON;1;Bajo;39;0.0486;;RURAL;4;35;0;0;0;Manzanares;3;;Caldas;Caldas;;Federación Nacional de Cafeteros de Colombia
217444000014;ESCUELA RULAR SANTA ELENA;1;Bajo;39;0.0486;;RURAL;7;32;0;0;0;Marquetalia;2;;Caldas;Caldas;;Federación Nacional de Cafeteros de Colombia
217614000162;ESCUELA RURAL HONDURAS;3;Crítico;39;0.0486;;RURAL;3;36;0;0;0;Riosucio;1;;Caldas;Caldas;;
217662002355;INSTITUCION EDUCATIVA EL BOSQUE - SEDE PRINCIPAL;1;Bajo;39;0.0486;;RURAL;3;21;15;0;0;Samaná;5;2;Caldas;Caldas;;Federación Nacional de Cafeteros de Colombia
227077001993;SEDE MEDARDO MARTINEZ;3;Crítico;38;0.0334;OFICIAL;RURAL;5;20;13;0;0;Medio Baudó;4;;Choco;Chocó;SI;
376111002614;LIC INF MANITAS CREATIVAS;1;Bajo;38;0.211;NO OFICIAL;URBANA;2;36;0;0;0;Guadalajara de Buga;;;Buga;Valle del Cauca;SI;
205837005265;LA UNIÓN;2;Moderado;38;0.1015;OFICIAL;RURAL;3;14;21;0;0;Turbo;1;;Turbo;Antioquia;SI;
217001001271;INSTITUCIÓN EDUCATIVA ADOLFO HOYOS OCAMPO SEDE C;2;Moderado;38;0.08;OFICIAL;RURAL;6;32;0;0;0;Manizales;2;;Manizales;Caldas;SI;Fundación Luker
176100000831;JARDIN MI PEQUEÑO MUNDO;2;Moderado;38;0.0292;OFICIAL;URBANA;38;0;0;0;0;Bolívar;2;;Valle;Valle del Cauca;SI;
276113000533;JUAN DEL CORRAL;3;Crítico;38;0.0292;OFICIAL;RURAL;5;33;0;0;0;Bugalagrande;4;;Valle;Valle del Cauca;SI;
276248000380;RAFAEL URIBE URIBE;2;Moderado;38;0.0292;OFICIAL;RURAL;0;38;0;0;0;El Cerrito;2;;Valle;Valle del Cauca;SI;
276622000305;RODRIGO LLOREDA CAICEDO;1;Bajo;38;0.0292;OFICIAL;RURAL;7;31;0;0;0;Roldanillo;4;1;Valle;Valle del Cauca;SI;
219130000101;LA GRANJA;1;Bajo;38;;OFICIAL;RURAL;4;34;0;0;0;Cajibío;3;;;Cauca;;
219355001387;ESCUELA RURAL MIXTA EL HATO CENTRO;1;Bajo;38;;OFICIAL;RURAL;4;34;0;0;0;Inzá;3;;;Cauca;;
219743000767;CENTRO DOCENTE RURAL MIXTO TOGUENGO;3;Crítico;38;;OFICIAL;RURAL;5;33;0;0;0;Silvia;3;;;Cauca;;
219824800017;LA PRIMAVERA;1;Bajo;38;;OFICIAL;RURAL;5;33;0;0;0;Totoró;3;;;Cauca;;
205197001012;C. E. R. MAZOTES;2;Moderado;38;0.0088;OFICIAL;RURAL;3;17;18;0;0;Cocorná;2;;Antioquia;Antioquia;;
205756000838;I. E. R. LA SOLEDAD;1;Bajo;38;0.0088;OFICIAL;RURAL;1;15;19;3;0;Sonsón;2;;Antioquia;Antioquia;;Comfama (Caja de Compensación Familiar de Antioquia)
225288000095;ESCUELA RURAL CHINZAQUE;2;Moderado;38;0.0142;OFICIAL;RURAL;6;32;0;0;0;Fúquene;2;;Cundinamarca;Cundinamarca;;
225815000350;ESCUELA RURAL LA SALADA;2;Moderado;38;0.0142;OFICIAL;RURAL;4;21;0;0;13;Tocaima;2;;Cundinamarca;Cundinamarca;;
276834000925;SEDE NO. 66 JULIO PEDROZA;1;Bajo;38;0.1378;OFICIAL;RURAL;5;33;0;0;0;Tuluá;2;;Tuluá;Valle del Cauca;;
276100001034;CACIQUE NACEQUIA;2;Moderado;38;0.0292;OFICIAL;RURAL;7;31;0;0;0;Bolívar;3;;Valle;Valle del Cauca;;
276606000664;LA INDEPENDENCIA;1;Bajo;38;0.0292;OFICIAL;RURAL;4;34;0;0;0;Restrepo;1;;Valle;Valle del Cauca;;
217013000564;INSTITUCION EDUCATIVA EL EDEN - SEDE PRINCIPAL;2;Moderado;38;0.0473;;RURAL;1;18;19;0;0;Aguadas;7;2;Caldas;Caldas;;Federación Nacional de Cafeteros de Colombia
273504000466;MESA DE ORTEGA;3;Crítico;37;0.0265;OFICIAL;RURAL;12;25;0;0;0;Ortega;2;;Tolima;Tolima;SI;
376364002491;COLEGIO REYES Y SACERDOTES - SEDE PRINCIPAL;1;Bajo;37;0.1337;NO OFICIAL;URBANA;8;29;0;0;0;Jamundí;;;Jamundí;Valle del Cauca;SI;
205837007306;PARAISO TULAPA;2;Moderado;37;0.0988;OFICIAL;RURAL;2;21;14;0;0;Turbo;;;Turbo;Antioquia;SI;
286001003888;ESC RUR MIX NUEVA ESPERANZA;2;Moderado;37;0.0538;OFICIAL;RURAL;1;36;0;0;0;Mocoa;3;;Putumayo;Putumayo;SI;
276113000347;ERNESTO PIZARRO;1;Bajo;37;0.0284;OFICIAL;RURAL;0;37;0;0;0;Bugalagrande;2;;Valle;Valle del Cauca;SI;
276248000347;POLICARPA SALAVARRIETA;2;Moderado;37;0.0284;OFICIAL;RURAL;10;27;0;0;0;El Cerrito;2;;Valle;Valle del Cauca;SI;
276275000065;JOSE CELESTINO MUITS;2;Moderado;37;0.0284;OFICIAL;RURAL;3;34;0;0;0;Florida;2;1;Valle;Valle del Cauca;SI;
276377000035;RAFAEL NUÑEZ;3;Crítico;37;0.0284;OFICIAL;RURAL;3;20;14;0;0;La Cumbre;1;;Valle;Valle del Cauca;SI;
276616000263;LA GRAN COLOMBIA;1;Bajo;37;0.0284;OFICIAL;RURAL;0;16;21;0;0;Riofrío;2;;Valle;Valle del Cauca;SI;
276670000481;MANUELA BELTRAN;1;Bajo;37;0.0284;OFICIAL;RURAL;2;5;2;0;28;San Pedro;1;;Valle;Valle del Cauca;SI;
276736000721;GENERAL SANTANDER SATELITE LA CUCHILLA;3;Crítico;37;0.0284;OFICIAL;RURAL;0;0;28;9;0;Sevilla;4;;Valle;Valle del Cauca;SI;
119701000282;SANTA ROSA;1;Bajo;37;;OFICIAL;URBANA;5;32;0;0;0;Santa Rosa;4;;;Cauca;;
219022000049;HIGUERILLOS;1;Bajo;37;;OFICIAL;RURAL;5;32;0;0;0;Almaguer;3;;;Cauca;;
219212000282;EL DESCANSO;1;Bajo;37;;OFICIAL;RURAL;1;13;23;0;0;Corinto;4;;;Cauca;;
219450000606;LOS LLANOS;1;Bajo;37;;OFICIAL;RURAL;5;32;0;0;0;Mercaderes;2;;;Cauca;;
219473000042;SANTA BARBARA;1;Bajo;37;;OFICIAL;RURAL;4;33;0;0;0;Morales;2;;;Cauca;;
219548000531;LA FLORIDA;1;Bajo;37;;OFICIAL;RURAL;5;32;0;0;0;Piendamó - Tunía;2;;;Cauca;;
219743000546;CENTRO DOCENTE RURAL MIXTO LAGUNA SECA;3;Crítico;37;;OFICIAL;RURAL;5;32;0;0;0;Silvia;3;;;Cauca;;
319532002270;INST DE FORMACION PARA JOVENES Y ADULTOS DEL PATIA IFAP - SEDE PRINCIPAL;3;Crítico;37;;NO OFICIAL;URBANA;0;0;0;0;37;Patía;;;;Cauca;;
163470800018;LA PRIMAVERA;1;Bajo;37;0.1019;OFICIAL;URBANA;0;0;29;6;2;Montenegro;7;;Quindio;Quindio;;
205120001303;C.E.R ANARA;1;Bajo;37;0.0085;OFICIAL;RURAL;4;17;10;6;0;Cáceres;2;;Antioquia;Antioquia;;Fundación Empresas Públicas De Medellín
205361000073;C. E. R. BAJO INGLES;2;Moderado;37;0.0085;OFICIAL;RURAL;2;6;14;15;0;Ituango;3;;Antioquia;Antioquia;;Fundación Secretos Para Contar
205642000226;TROYA;1;Bajo;37;0.0085;OFICIAL;RURAL;2;14;15;6;0;Salgar;3;;Antioquia;Antioquia;;Comfama (Caja de Compensación Familiar de Antioquia)
205756000277;C. E. R. LA LOMA;1;Bajo;37;0.0085;OFICIAL;RURAL;2;17;15;3;0;Sonsón;2;;Antioquia;Antioquia;;Corporación Empresarial Del Oriente Antioqueño
205761000218;C. E. R. SANTA RITA;2;Moderado;37;0.0085;OFICIAL;RURAL;5;9;20;3;0;Sopetrán;2;;Antioquia;Antioquia;;
205847000121;C. E. R. LA HONDA;1;Bajo;37;0.0085;OFICIAL;RURAL;2;14;18;3;0;Urrao;3;;Antioquia;Antioquia;;Comfama (Caja de Compensación Familiar de Antioquia) | Fundación Secretos Para Contar
205887001368;C.E.R. PRESBITERO BENEDICTO SOTO M.;1;Bajo;37;0.0085;OFICIAL;RURAL;5;11;16;5;0;Yarumal;4;;Antioquia;Antioquia;;
125148001241;JARDIN INFANTIL DEPARTAMENTAL;2;Moderado;37;0.0138;OFICIAL;URBANA;37;0;0;0;0;Caparrapí;2;;Cundinamarca;Cundinamarca;;
225339000346;ESCUELA RURAL TRAPICHE;1;Bajo;37;0.0138;OFICIAL;RURAL;2;35;0;0;0;Gutiérrez;2;;Cundinamarca;Cundinamarca;;
268209000132;ESCUELA RURAL LA CALDERA;2;Moderado;37;0.0275;OFICIAL;RURAL;2;35;0;0;0;Confines;2;;Santander;Santander;;
273067001890;EL CAIRO;1;Bajo;37;0.0265;OFICIAL;RURAL;6;31;0;0;0;Ataco;2;;Tolima;Tolima;;
217513000064;CENTRO EDUCATIVO LOS MEDIOS;1;Bajo;37;0.0461;;RURAL;0;9;20;8;0;Pácora;5;;Caldas;Caldas;;Federación Nacional de Cafeteros de Colombia
217541000037;ESCUELA NUEVA SEBASTOPOL;2;Moderado;37;0.0461;;RURAL;3;8;26;0;0;Pensilvania;4;;Caldas;Caldas;;Federación Nacional de Cafeteros de Colombia
217777000461;SEDE EL BRASIL;2;Moderado;37;0.0461;;RURAL;7;30;0;0;0;Supía;2;;Caldas;Caldas;;
223417000916;SAN MIGUEL;2;Moderado;37;0.1643;;RURAL;10;27;0;0;0;Lorica;2;;Lorica;Córdoba;;
276520000742;ROSARIO DE FATIMA;3;Crítico;36;0.073;OFICIAL;RURAL;0;36;0;0;0;Palmira;2;;Palmira;Valle del Cauca;SI;
205209000459;C. E. R. LEON DE GREIFF;2;Moderado;36;0.0083;OFICIAL;RURAL;0;12;18;6;0;Concordia;2;;Antioquia;Antioquia;SI;Comfama (Caja de Compensación Familiar de Antioquia)
227787000376;SEDE LA UNION;2;Moderado;36;0.0316;OFICIAL;RURAL;3;33;0;0;0;Tadó;2;;Choco;Chocó;SI;
176364800161;SEMILLAS MONTESSORI - SEDE PRINCIPAL;1;Bajo;36;0.1301;NO OFICIAL;URBANA;13;23;0;0;0;Jamundí;;;Jamundí;Valle del Cauca;SI;
227001001838;SEDE LA PEÑA BEBARA;2;Moderado;36;0.0316;OFICIAL;RURAL;3;33;0;0;0;Medio Atrato;2;;Choco;Chocó;SI;
276233000197;MANUEL MURILLO TORO;1;Bajo;36;0.0277;OFICIAL;RURAL;2;34;0;0;0;Dagua;1;;Valle;Valle del Cauca;SI;
276400000111;JOSE ACEVEDO Y GOMEZ;2;Moderado;36;0.0277;OFICIAL;RURAL;4;32;0;0;0;La Unión;2;;Valle;Valle del Cauca;SI;
276736000810;BENJAMIN HERRERA;2;Moderado;36;0.0277;OFICIAL;RURAL;9;2;6;3;16;Sevilla;5;1;Valle;Valle del Cauca;SI;Fundación Carvajal
119100000404;SAN FRANCISCO DE ASIS;1;Bajo;36;;OFICIAL;URBANA;4;32;0;0;0;Bolívar;2;;;Cauca;;
219075000369;SAN ALFONSO;1;Bajo;36;;OFICIAL;RURAL;8;28;0;0;0;Balboa;1;;;Cauca;;
219256002037;EL ROSAL(SEDE PRINCIPAL);1;Bajo;36;;OFICIAL;RURAL;1;10;17;8;0;El Tambo;4;;;Cauca;;
219355000241;ALTO DE LA CRUZ;1;Bajo;36;;OFICIAL;RURAL;9;27;0;0;0;Inzá;2;;;Cauca;;
219418000459;LAS CRUCES;1;Bajo;36;;OFICIAL;RURAL;4;32;0;0;0;López de Micay;2;;;Cauca;;
419142000785;ESC RURAL MIXTA LAS AGUAS;1;Bajo;36;;OFICIAL;RURAL;5;31;0;0;0;Caloto;2;;;Cauca;;
419698001403;ESCUELA RURAL MIXTA EL CASCAJAL;1;Bajo;36;;OFICIAL;RURAL;4;32;0;0;0;Santander de Quilichao;2;;;Cauca;;
205364000058;MARIA JOSEFA CORREA;2;Moderado;36;0.0083;OFICIAL;RURAL;5;23;8;0;0;Jardín;2;;Antioquia;Antioquia;;Comfama (Caja de Compensación Familiar de Antioquia) | Fundación Empresas Públicas De Medellín | Fundación Fraternidad Medellín
205761000200;C. E. R. SAN NICOLAS;1;Bajo;36;0.0083;OFICIAL;RURAL;4;23;9;0;0;Sopetrán;2;;Antioquia;Antioquia;;Comfama (Caja de Compensación Familiar de Antioquia)
225245000261;CONCENTRACION RURAL EL PARAISO;2;Moderado;36;0.0134;OFICIAL;RURAL;3;33;0;0;0;El Colegio;2;;Cundinamarca;Cundinamarca;;
225279000121;ESCUELA RURAL LA MOYA;2;Moderado;36;0.0134;OFICIAL;RURAL;6;30;0;0;0;Fómeque;4;;Cundinamarca;Cundinamarca;;
225288000052;CONCENTRACION RURAL LA SALLE;2;Moderado;36;0.0134;OFICIAL;RURAL;6;30;0;0;0;Fúquene;2;;Cundinamarca;Cundinamarca;;
217388000332;SECCIONAL EL TAMBOR;1;Bajo;36;0.0448;;RURAL;2;23;11;0;0;La Merced;2;;Caldas;Caldas;;Federación Nacional de Cafeteros de Colombia
217433000306;ESCUELA ANA ARANGO DE URIBE;1;Bajo;36;0.0448;;RURAL;4;32;0;0;0;Manzanares;1;;Caldas;Caldas;;Federación Nacional de Cafeteros de Colombia
223417000096;ESCUELA GARAVITO;2;Moderado;36;0.1599;;RURAL;3;33;0;0;0;Lorica;2;;Lorica;Córdoba;;
268547000890;ESCUELA RURAL EL POLO;3;Crítico;35;0.1051;OFICIAL;RURAL;5;30;0;0;0;Piedecuesta;3;;Piedecuesta;Santander;NO;
276147000559;NUEVA GRANADA;3;Crítico;35;0.197;OFICIAL;RURAL;5;12;11;7;0;Cartago;2;;Cartago;Valle del Cauca;SI;FUNDACIÓN PARA EL MEJORAMIENTO DE LA PRODUCTIVIDAD DEL CULTIVO DE CAÑA DE AZUCAR
227491000591;SEDE CARMEN DE SURAMA;3;Crítico;35;0.0307;OFICIAL;RURAL;5;30;0;0;0;Nóvita;2;;Choco;Chocó;SI;
227025000328;SEDE PUERTO PLATANARES;2;Moderado;35;0.0307;OFICIAL;RURAL;2;33;0;0;0;Medio Baudó;3;;Choco;Chocó;SI;
227787000252;SEDE SALERO;2;Moderado;35;0.0307;OFICIAL;RURAL;3;32;0;0;0;Unión Panamericana;2;;Choco;Chocó;SI;
205837004889;KILOMETRO 25;2;Moderado;35;0.0935;OFICIAL;RURAL;9;26;0;0;0;Turbo;12;1;Turbo;Antioquia;SI;
227050000049;SEDE LA VARIANTE DE MOTOLDO;2;Moderado;35;0.0307;OFICIAL;RURAL;0;13;8;3;11;Atrato;3;;Choco;Chocó;SI;
227001000599;SEDE VILLA DE BEBARA;2;Moderado;35;0.0307;OFICIAL;RURAL;4;31;0;0;0;Medio Atrato;3;;Choco;Chocó;SI;
219075000164;CAMPO BELLO ALTO (sede principal);1;Bajo;35;;OFICIAL;RURAL;7;28;0;0;0;Balboa;5;1;;Cauca;;
219698000092;ALTO SAN JOSE DE MANDIVA;1;Bajo;35;;OFICIAL;RURAL;13;22;0;0;0;Santander de Quilichao;3;;;Cauca;;
419137001544;CENTRO DOCENTE EL AZUL;1;Bajo;35;;OFICIAL;RURAL;2;33;0;0;0;Caldono;3;;;Cauca;;
205055000221;C. E. R. HELIODORO ZULUAGA GOMEZ;2;Moderado;35;0.0081;OFICIAL;RURAL;5;13;12;5;0;Argelia;3;;Antioquia;Antioquia;;Fundación Secretos Para Contar
205120800028;C.E.R LA GRANJA;2;Moderado;35;0.0081;OFICIAL;RURAL;3;21;4;7;0;Cáceres;3;;Antioquia;Antioquia;;Fundación Secretos Para Contar
205240000742;I. E. R. SAN PIO X;2;Moderado;35;0.0081;OFICIAL;RURAL;0;8;17;10;0;Ebéjico;5;;Antioquia;Antioquia;;
205306000102;E R EL BALSO;2;Moderado;35;0.0081;OFICIAL;RURAL;2;17;16;0;0;Giraldo;2;;Antioquia;Antioquia;;
205376000029;CANDIDO BERNAL;2;Moderado;35;0.0081;OFICIAL;RURAL;2;20;13;0;0;La Ceja;2;;Antioquia;Antioquia;;Fundación Secretos Para Contar
205467000081;C. E. R. ZARCITOS;2;Moderado;35;0.0081;OFICIAL;RURAL;0;35;0;0;0;Montebello;2;;Antioquia;Antioquia;;Comfama (Caja de Compensación Familiar de Antioquia) | Fundación Empresas Públicas De Medellín
205847000393;C. E. R. LA PRIMAVERA;2;Moderado;35;0.0081;OFICIAL;RURAL;1;16;12;6;0;Urrao;2;;Antioquia;Antioquia;;Comfama (Caja de Compensación Familiar de Antioquia)
205856000142;C. E. R. JESUS MARIA ALVAREZ;2;Moderado;35;0.0081;OFICIAL;RURAL;2;12;14;7;0;Valparaíso;3;;Antioquia;Antioquia;;Comfama (Caja de Compensación Familiar de Antioquia) | Fundación Secretos Para Contar
263001000684;TIGREROS;1;Bajo;35;0.0865;OFICIAL;RURAL;8;27;0;0;0;Armenia;1;;Armenia;Quindio;;
276892000404;PILAS DE DAPA;3;Crítico;35;0.1556;OFICIAL;RURAL;35;0;0;0;0;Yumbo;1;;Yumbo;Valle del Cauca;;
217088000071;ESCUELA NUEVA LA CASCADA;2;Moderado;35;0.0436;;RURAL;7;28;0;0;0;Belalcázar;2;;Caldas;Caldas;;
217486000103;ESCUELA PABLO VI;2;Moderado;35;0.0436;;RURAL;4;31;0;0;0;Neira;2;;Caldas;Caldas;;Federación Nacional de Cafeteros de Colombia
217614000316;ESCUELA RURAL VENEROS;2;Moderado;35;0.0436;;RURAL;4;31;0;0;0;Riosucio;2;;Caldas;Caldas;;
217653000374;SEDE ELADIA MEJIA;2;Moderado;35;0.0436;;RURAL;0;13;17;5;0;Salamina;;;Caldas;Caldas;;Federación Nacional de Cafeteros de Colombia
217873000391;CENTRO EDUCATIVO LA MILAGROSA;2;Moderado;35;0.0436;;RURAL;5;30;0;0;0;Villamaría;2;;Caldas;Caldas;;Federación Nacional de Cafeteros de Colombia
223417002196;RODEITO;1;Bajo;35;0.1554;;RURAL;8;27;0;0;0;Lorica;1;;Lorica;Córdoba;;
223001003339;ESC RURAL MIXTA LA LUCHA;1;Bajo;35;0.0355;;RURAL;9;26;0;0;0;Montería;2;1;Monteria;Córdoba;;
223001007270;ESC RURAL MIXTA SAN LUIS;1;Bajo;35;0.0355;;RURAL;9;26;0;0;0;Montería;2;;Monteria;Córdoba;;
276364000125;SEDE MARIO SANCHEZ SOLIS;3;Crítico;34;0.1228;OFICIAL;RURAL;6;28;0;0;0;Jamundí;1;;Jamundí;Valle del Cauca;SI;
227745000201;SEDE JUSTINIANO ARBOLEDA DE BARRANCON;2;Moderado;34;0.0299;OFICIAL;RURAL;6;28;0;0;0;Sipí;3;;Choco;Chocó;SI;
205093000201;C. E. R. PIÑONAL;2;Moderado;34;0.0078;OFICIAL;RURAL;5;29;0;0;0;Betulia;2;;Antioquia;Antioquia;SI;Comfama (Caja de Compensación Familiar de Antioquia) | Fundación Secretos Para Contar
376111002193;JARD INF Y GUARDERIA PICARDIAS;1;Bajo;34;0.1888;NO OFICIAL;URBANA;34;0;0;0;0;Guadalajara de Buga;;;Buga;Valle del Cauca;SI;
205837005702;E.R. NUEVA UNION;2;Moderado;34;0.0908;OFICIAL;RURAL;1;33;0;0;0;Turbo;1;;Turbo;Antioquia;SI;Fundación Secretos Para Contar
205837007276;ESCUELA RURAL RIOMAR;2;Moderado;34;0.0908;OFICIAL;RURAL;6;28;0;0;0;Turbo;1;;Turbo;Antioquia;SI;
205837007314;ALTO COPE;2;Moderado;34;0.0908;OFICIAL;RURAL;7;27;0;0;0;Turbo;2;;Turbo;Antioquia;SI;
205837005648;E.R. AGUAS CLARAS;2;Moderado;34;0.0908;OFICIAL;RURAL;5;29;0;0;0;Turbo;1;;Turbo;Antioquia;SI;
205837004943;E.R. SIETE DE AGOSTO;2;Moderado;34;0.0908;OFICIAL;RURAL;6;28;0;0;0;Turbo;1;;Turbo;Antioquia;SI;
276109008058;LA VUELTA;1;Bajo;34;0.061;OFICIAL;RURAL;10;24;0;0;0;Buenaventura;3;;Buenaventura;Valle del Cauca;SI;
219022000421;ORDONEZ;1;Bajo;34;;OFICIAL;RURAL;6;28;0;0;0;Almaguer;2;;;Cauca;;
219100000191;VARONES SAN LORENZO;1;Bajo;34;;OFICIAL;RURAL;0;34;0;0;0;Bolívar;3;;;Cauca;;
219137000247;ESCUELA RURAL MIXTA EL CARMEN;1;Bajo;34;;OFICIAL;RURAL;2;32;0;0;0;Caldono;2;;;Cauca;;
219137000255;CENTRO DOCENTE RURAL MIXTO SAN JUANITO;1;Bajo;34;;OFICIAL;RURAL;4;30;0;0;0;Caldono;3;;;Cauca;;
219137000387;EL SOCORRO;1;Bajo;34;;OFICIAL;RURAL;1;33;0;0;0;Caldono;4;;;Cauca;;
219318000290;PENITENTE;1;Bajo;34;;OFICIAL;RURAL;8;26;0;0;0;Guapi;3;;;Cauca;;
219548000281;EL HOGAR (sede principal);1;Bajo;34;;OFICIAL;RURAL;5;29;0;0;0;Piendamó - Tunía;4;1;;Cauca;;
419130000798;LAS CASITAS;1;Bajo;34;;OFICIAL;RURAL;2;32;0;0;0;Cajibío;3;;;Cauca;;
419698001764;MARIA AUXILIADORA;1;Bajo;34;;OFICIAL;RURAL;5;29;0;0;0;Santander de Quilichao;2;;;Cauca;;
205093000618;C. E. R. EL SEIS;2;Moderado;34;0.0078;OFICIAL;RURAL;7;17;8;2;0;Betulia;2;;Antioquia;Antioquia;;Comfama (Caja de Compensación Familiar de Antioquia) | Fundación Secretos Para Contar
205576000368;C. E. R. CALIFORNIA;1;Bajo;34;0.0078;OFICIAL;RURAL;2;18;14;0;0;Pueblorrico;2;;Antioquia;Antioquia;;Comfama (Caja de Compensación Familiar de Antioquia)
205579000202;C. E. R. PUERTO MURILLO;2;Moderado;34;0.0078;OFICIAL;RURAL;4;12;12;6;0;Puerto Berrío;2;;Antioquia;Antioquia;;Fundación Secretos Para Contar
273449000192;SAN ANTONIO;3;Crítico;34;0.0244;OFICIAL;RURAL;4;30;0;0;0;Melgar;2;;Tolima;Tolima;;
276834002537;SEDE NO. 105 DEBORA GUERRERO LOZANO;3;Crítico;34;0.1233;OFICIAL;RURAL;2;32;0;0;0;Tuluá;2;;Tuluá;Valle del Cauca;;
276736000291;SANTA MARTA;3;Crítico;34;0.0261;OFICIAL;RURAL;6;28;0;0;0;Sevilla;1;;Valle;Valle del Cauca;;
276869000057;JUANA MARIA CALDAS;1;Bajo;34;0.1511;OFICIAL;RURAL;3;11;16;4;0;Vijes;2;;Yumbo;Valle del Cauca;;
217013000017;SEDE VIBORAL;3;Crítico;34;0.0423;;RURAL;4;30;0;0;0;Aguadas;;;Caldas;Caldas;;
217050000175;INSTITUCION EDUCATIVA JUAN CRISOSTOMO OSORIO - SEDE PRINCIPAL;1;Bajo;34;0.0423;;RURAL;0;0;19;15;0;Aranzazu;5;2;Caldas;Caldas;;Federación Nacional de Cafeteros de Colombia
223417002251;JOVAL;3;Crítico;34;0.151;;RURAL;10;24;0;0;0;Lorica;1;;Lorica;Córdoba;;
276670000279;ANTONIO NARIÑO;3;Crítico;33;0.0254;OFICIAL;RURAL;0;8;12;4;9;San Pedro;2;;Valle;Valle del Cauca;SI;
273504000156;BALSA FRUTERO;3;Crítico;33;0.0236;OFICIAL;RURAL;1;19;13;0;0;Ortega;2;;Tolima;Tolima;SI;
276111000102;EL PLACER - SEDE PRINCIPAL;2;Moderado;33;0.1833;OFICIAL;RURAL;4;14;7;2;6;Guadalajara de Buga;11;2;Buga;Valle del Cauca;SI;Fundación Nutresa
205837006148;E.R. LOS MONCHOLOS;2;Moderado;33;0.0881;OFICIAL;RURAL;2;18;13;0;0;Turbo;1;;Turbo;Antioquia;SI;
205837000107;E.R. LA TACHUELA;2;Moderado;33;0.0881;OFICIAL;RURAL;6;27;0;0;0;Turbo;2;;Turbo;Antioquia;SI;
205483000198;C. E. R. LAS MANGAS;2;Moderado;33;0.0076;OFICIAL;RURAL;5;15;13;0;0;Nariño;2;;Antioquia;Antioquia;SI;
376111032238;COL TALENTOS;1;Bajo;33;0.1833;NO OFICIAL;URBANA;6;27;0;0;0;Guadalajara de Buga;;;Buga;Valle del Cauca;SI;
227001001986;SEDE PUENTE DE TANANDO;1;Bajo;33;0.029;OFICIAL;RURAL;1;32;0;0;0;Atrato;3;;Choco;Chocó;SI;
227150800034;SEDE JIGUA;1;Bajo;33;0.029;OFICIAL;RURAL;9;24;0;0;0;Carmen del Darién;;;Choco;Chocó;SI;
276054000141;CRISTOBAL COLON;2;Moderado;33;0.0254;OFICIAL;RURAL;9;24;0;0;0;Argelia;1;;Valle;Valle del Cauca;SI;
276670000121;SAN JUDAS TADEO;2;Moderado;33;0.0254;OFICIAL;RURAL;3;30;0;0;0;San Pedro;2;;Valle;Valle del Cauca;SI;
276109800097;ESCUELA GILBERTO PIRAZA MENBACHE;3;Crítico;33;0.0592;OFICIAL;RURAL;1;32;0;0;0;Buenaventura;;;Buenaventura;Valle del Cauca;SI;
219130000578;CACAHUAL (sede principal);2;Moderado;33;;OFICIAL;RURAL;6;27;0;0;0;Cajibío;3;1;;Cauca;;
219142001022;C.E.R.M. INTEGRADA ARRAYÁN CHOCHO - SEDE PRINCIPAL;1;Bajo;33;;OFICIAL;RURAL;7;26;0;0;0;Caloto;4;;;Cauca;;
219318002314;SANTA GERTRUDIS;1;Bajo;33;;OFICIAL;RURAL;4;29;0;0;0;Guapi;2;;;Cauca;;
219418001382;YUCAL-JOLI;3;Crítico;33;;OFICIAL;RURAL;9;24;0;0;0;López de Micay;2;;;Cauca;;
219548000434;LOMA CORTA;1;Bajo;33;;OFICIAL;RURAL;3;30;0;0;0;Piendamó - Tunía;3;;;Cauca;;
219807000197;CUCHICAMA (sede principal);1;Bajo;33;;OFICIAL;RURAL;9;24;0;0;0;Timbío;2;1;;Cauca;;
419142000807;ALTO DEL PALO;1;Bajo;33;;OFICIAL;RURAL;2;31;0;0;0;Caloto;3;;;Cauca;;
205093000707;GUILLERMO LEMA DIAZ;2;Moderado;33;0.0076;OFICIAL;RURAL;1;17;9;6;0;Betulia;3;;Antioquia;Antioquia;;Comfama (Caja de Compensación Familiar de Antioquia) | Fundación Secretos Para Contar
205147000996;I.E.R. LA PROVINCIA;2;Moderado;33;0.0076;OFICIAL;RURAL;1;16;11;5;0;Carepa;;;Antioquia;Antioquia;;Comfama (Caja de Compensación Familiar de Antioquia) | Fundación Corona | Fundación Fraternidad Medellín
205318000124;E R FERMIN MONTOYA GUAMITO;2;Moderado;33;0.0076;OFICIAL;RURAL;9;24;0;0;0;Guarne;2;;Antioquia;Antioquia;;Fundación Incolmotos Yamaha
205376000096;EL HIGUERON;2;Moderado;33;0.0076;OFICIAL;RURAL;3;14;16;0;0;La Ceja;2;;Antioquia;Antioquia;;Corporación Empresarial Del Oriente Antioqueño
205873000059;C. E. R. PALO BLANCO;2;Moderado;33;0.0076;OFICIAL;RURAL;3;30;0;0;0;Vigía del Fuerte;2;;Antioquia;Antioquia;;Fundación Secretos Para Contar
266001001779;BUENOS AIRES;3;Crítico;33;0.0426;OFICIAL;RURAL;2;31;0;0;0;Pereira;1;;Pereira;Risaralda;;
266088000099;SE LA TRIBUNA;3;Crítico;33;0.0744;OFICIAL;RURAL;2;13;12;6;0;Belén de Umbría;3;;Risaralda;Risaralda;;
217042000786;SEDE LA ARBOLEDA;3;Crítico;33;0.0411;;RURAL;2;31;0;0;0;Anserma;2;;Caldas;Caldas;;
223417001823;LOS RODRIGUEZ;3;Crítico;33;0.1465;;RURAL;6;27;0;0;0;Lorica;1;;Lorica;Córdoba;;
276364000656;SEDE VEINTE DE JULIO;3;Crítico;32;0.1156;OFICIAL;RURAL;0;13;19;0;0;Jamundí;2;;Jamundí;Valle del Cauca;SI;
217513000234;INSTITUCION EDUCATIVA LA MILAGROSA - SEDE PRINCIPAL;2;Moderado;32;0.0398;OFICIAL;RURAL;7;13;12;0;0;Pácora;4;;Caldas;Caldas;SI;Federación Nacional de Cafeteros de Colombia
205837006802;LOS ALPES;2;Moderado;32;0.0855;OFICIAL;RURAL;5;27;0;0;0;Turbo;2;;Turbo;Antioquia;SI;
305837005456;E.U. SAN FRANCISCO DE ASIS;2;Moderado;32;0.0855;OFICIAL;URBANA;0;12;0;0;20;Turbo;1;;Turbo;Antioquia;SI;
205792000054;LA LINDA;2;Moderado;32;0.0074;OFICIAL;RURAL;0;20;12;0;0;Tarso;3;;Antioquia;Antioquia;SI;Comfama (Caja de Compensación Familiar de Antioquia)
213670000102;PATICO ALTO;2;Moderado;32;0.0141;OFICIAL;RURAL;4;28;0;0;0;Cantagallo;2;;Bolivar;Bolívar;NO;
127001002449;SEDE AVENIDA BAHIA SOLANO;2;Moderado;32;0.0871;OFICIAL;RURAL;5;27;0;0;0;Quibdó;1;;Quibdó;Chocó;SI;
227615800117;SEDE TIERRA ADENTRO;1;Bajo;32;0.0281;OFICIAL;RURAL;6;26;0;0;0;Nuevo Belén de Bajirá;1;;Choco;Chocó;SI;
276606000222;MARCO FIDEL SUAREZ;1;Bajo;32;0.0246;OFICIAL;RURAL;1;31;0;0;0;Restrepo;2;;Valle;Valle del Cauca;SI;
276736000445;CENTRO EDUCATIVO LA BETULIA;2;Moderado;32;0.0246;OFICIAL;RURAL;0;10;12;5;5;Sevilla;2;;Valle;Valle del Cauca;SI;
276109002823;SAN JOAQUIN;1;Bajo;32;0.0574;OFICIAL;RURAL;1;31;0;0;0;Buenaventura;2;;Buenaventura;Valle del Cauca;SI;
219075000130;BUENAVISTA;1;Bajo;32;;OFICIAL;RURAL;5;27;0;0;0;Balboa;2;;;Cauca;;
219130000136;CARRIZALITO ORTEGA;3;Crítico;32;;OFICIAL;RURAL;8;24;0;0;0;Cajibío;4;;;Cauca;;
219137001235;CENTRO DOCENTE RURAL MIXTO VILLA HERMOSA;2;Moderado;32;;OFICIAL;RURAL;4;28;0;0;0;Caldono;3;;;Cauca;;
219137800022;CENTRO DOCENTE RURAL MIXTO SEK KIWE;3;Crítico;32;;OFICIAL;RURAL;5;27;0;0;0;Caldono;2;;;Cauca;;
219364000091;CENTRO DOCENTE LA LAGUNA;1;Bajo;32;;OFICIAL;RURAL;3;29;0;0;0;Jambaló;2;;;Cauca;;
219418000131;GUACARI;1;Bajo;32;;OFICIAL;RURAL;2;30;0;0;0;López de Micay;;;;Cauca;;
219418001634;LAS PALMAS;1;Bajo;32;;OFICIAL;RURAL;3;29;0;0;0;López de Micay;3;;;Cauca;;
219517000410;EL HATO;1;Bajo;32;;OFICIAL;RURAL;7;25;0;0;0;Páez;2;;;Cauca;;
219517001467;ESCUELA RURAL MIXTA EL MIRADOR;1;Bajo;32;;OFICIAL;RURAL;2;30;0;0;0;Páez;2;;;Cauca;;
205034000230;C. E. R. SANTA ANA;2;Moderado;32;0.0074;OFICIAL;RURAL;5;27;0;0;0;Andes;2;;Antioquia;Antioquia;;Comfama (Caja de Compensación Familiar de Antioquia)
205042000117;I. E. R. JESUS FERRER;2;Moderado;32;0.0074;OFICIAL;RURAL;1;11;13;7;0;Santa Fé de Antioquia;3;;Antioquia;Antioquia;;
205044000301;C. E. R. VENDIAGUJAL;2;Moderado;32;0.0074;OFICIAL;RURAL;4;28;0;0;0;Anzá;2;;Antioquia;Antioquia;;Fundación Secretos Para Contar
205079000044;C. E. R. LA ISAZA;1;Bajo;32;0.0074;OFICIAL;RURAL;3;29;0;0;0;Barbosa;2;;Antioquia;Antioquia;;Fundación Nutresa
205101000631;C. E. R. RICARDO GONZALEZ;2;Moderado;32;0.0074;OFICIAL;RURAL;5;27;0;0;0;Ciudad Bolívar;2;;Antioquia;Antioquia;;
205679000471;C. E. R. CORDONCILLO;1;Bajo;32;0.0074;OFICIAL;RURAL;3;20;9;0;0;Santa Bárbara;2;;Antioquia;Antioquia;;Comfama (Caja de Compensación Familiar de Antioquia) | Fundación SURA
205697000446;C.E.R. BODEGUITAS;1;Bajo;32;0.0074;OFICIAL;RURAL;6;26;0;0;0;El Santuario;1;;Antioquia;Antioquia;;Fundación Incolmotos Yamaha
266001001418;CENT EDUC LA CONVENCION;3;Crítico;32;0.0413;OFICIAL;RURAL;18;14;0;0;0;Pereira;;;Pereira;Risaralda;;
273055000201;INMACULADA CONCEPCION;3;Crítico;32;0.0229;OFICIAL;RURAL;3;14;15;0;0;Armero;2;;Tolima;Tolima;;
273124000226;EL CEDRAL;1;Bajo;32;0.0229;OFICIAL;RURAL;8;24;0;0;0;Cajamarca;3;;Tolima;Tolima;;
273270000688;LA LAJOSA;3;Crítico;32;0.0229;OFICIAL;RURAL;1;31;0;0;0;Falan;2;;Tolima;Tolima;;
276113001181;DAI DANA;3;Crítico;32;0.0246;OFICIAL;RURAL;1;31;0;0;0;Bugalagrande;3;;Valle;Valle del Cauca;;
276828000093;PANTALEON DE LA TORRE;3;Crítico;32;0.0246;OFICIAL;RURAL;5;27;0;0;0;Trujillo;2;;Valle;Valle del Cauca;;
217442000106;ESCUELA LA MIEL;1;Bajo;32;0.0398;;RURAL;4;28;0;0;0;Marmato;2;;Caldas;Caldas;;Federación Nacional de Cafeteros de Colombia
217541000321;ESCUELA RURAL SANTA ANA;2;Moderado;32;0.0398;;RURAL;1;11;20;0;0;Pensilvania;4;;Caldas;Caldas;;Federación Nacional de Cafeteros de Colombia
217614000103;ESCUELA RURAL MIXTA IMURRA;1;Bajo;32;0.0398;;RURAL;2;30;0;0;0;Riosucio;1;;Caldas;Caldas;;
223417002595;LAS IGUANAS;3;Crítico;32;0.1421;;RURAL;6;26;0;0;0;Lorica;2;;Lorica;Córdoba;;
223417002994;NUEVO REINO;2;Moderado;32;0.1421;;RURAL;4;28;0;0;0;Lorica;3;;Lorica;Córdoba;;
223417003010;AGUAS DULCES;3;Crítico;32;0.1421;;RURAL;1;31;0;0;0;Lorica;1;;Lorica;Córdoba;;
205837004188;E.R. GUSTAVO MEJIA (D);2;Moderado;31;0.0828;OFICIAL;RURAL;0;31;0;0;0;Turbo;3;;Turbo;Antioquia;SI;
205837007195;ESCUELA RURAL SANTA CRUZ;2;Moderado;31;0.0828;OFICIAL;RURAL;5;12;14;0;0;Turbo;2;;Turbo;Antioquia;SI;Fundación Secretos Para Contar
317001007061;JARDIN INFANTIL PERPETUO SOCORRO;1;Bajo;31;0.0653;NO OFICIAL;URBANA;31;0;0;0;0;Manizales;;;Manizales;Caldas;SI;
227001800021;CENTRO DE ATENCIÓN ESPECIALIZADA CAE JUAN ANDRES PALACIOS ASPRILLA;1;Bajo;31;0.0844;OFICIAL;RURAL;0;6;21;4;0;Quibdó;4;;Quibdó;Chocó;SI;Claro Colombia
276036000142;ANTONIO JOSE DE SUCRE;2;Moderado;31;0.0238;OFICIAL;RURAL;15;16;0;0;0;Andalucía;2;;Valle;Valle del Cauca;SI;
276233000138;CARLOS LOZANO LOZANO;2;Moderado;31;0.0238;OFICIAL;RURAL;3;28;0;0;0;Dagua;2;;Valle;Valle del Cauca;SI;
276243000071;JUSTINIANO ECHAVARRIA;1;Bajo;31;0.0238;OFICIAL;RURAL;22;9;0;0;0;El Águila;6;1;Valle;Valle del Cauca;SI;Fundación Carvajal | Fundación Corona
276275000235;SAN JOAQUIN;2;Moderado;31;0.0238;OFICIAL;RURAL;2;6;10;0;13;Florida;2;;Valle;Valle del Cauca;SI;
276400000668;PBRO JOSE ANCIZAR HENAO;2;Moderado;31;0.0238;OFICIAL;RURAL;2;29;0;0;0;La Unión;2;;Valle;Valle del Cauca;SI;
219050000020;EL MESON ALTO;1;Bajo;31;;OFICIAL;RURAL;7;24;0;0;0;Argelia;3;;;Cauca;;
219100000166;NIÑAS SAN LORENZO;1;Bajo;31;;OFICIAL;RURAL;0;31;0;0;0;Bolívar;2;;;Cauca;;
219142000905;CENTRO DOCENTE RURAL MIXTO NAPOLES;1;Bajo;31;;OFICIAL;RURAL;9;22;0;0;0;Caloto;3;;;Cauca;;
219364000415;CENTRO DOCENTE RURAL MIXTO SAN ANTONIO;1;Bajo;31;;OFICIAL;RURAL;5;26;0;0;0;Jambaló;2;;;Cauca;;
219698002079;ESCUELA RURAL MIXTA NUEVO PARAISO- LA ALITA;1;Bajo;31;;OFICIAL;RURAL;3;28;0;0;0;Santander de Quilichao;1;;;Cauca;;
419418001560;ESCUELA RURAL MIXTA ISLA DEL MONO;3;Crítico;31;;OFICIAL;RURAL;6;25;0;0;0;López de Micay;2;;;Cauca;;
205093000235;C. E. R. QUEBRADA ARRIBA;2;Moderado;31;0.0071;OFICIAL;RURAL;3;28;0;0;0;Betulia;1;;Antioquia;Antioquia;;Comfama (Caja de Compensación Familiar de Antioquia) | Fundación Secretos Para Contar
205093000537;C. E. R. LA MINA;2;Moderado;31;0.0071;OFICIAL;RURAL;2;29;0;0;0;Betulia;2;;Antioquia;Antioquia;;Comfama (Caja de Compensación Familiar de Antioquia) | Fundación Secretos Para Contar
205364000261;C. E. R. RAMON OCHOA;2;Moderado;31;0.0071;OFICIAL;RURAL;2;14;7;8;0;Jardín;2;;Antioquia;Antioquia;;Comfama (Caja de Compensación Familiar de Antioquia)
205607000108;C. E. R. PUENTE PELAEZ;2;Moderado;31;0.0071;OFICIAL;RURAL;0;31;0;0;0;Retiro;2;;Antioquia;Antioquia;;Fundación Fraternidad Medellín
205670000223;E R EL DILUVIO;2;Moderado;31;0.0071;OFICIAL;RURAL;4;27;0;0;0;San Roque;2;;Antioquia;Antioquia;;Fundación Secretos Para Contar
273624000079;FLORIDA ALTA;2;Moderado;31;0.0222;OFICIAL;RURAL;4;27;0;0;0;Rovira;2;;Tolima;Tolima;;
176834001749;SEDE NO. 64 MADRE CARIDAD;3;Crítico;31;0.1125;OFICIAL;URBANA;17;14;0;0;0;Tuluá;2;;Tuluá;Valle del Cauca;;
217380000261;ESCUELA SAN FERNANDO;1;Bajo;31;0.0386;;RURAL;1;30;0;0;0;La Dorada;3;;Caldas;Caldas;;Federación Nacional de Cafeteros de Colombia
117444000532;ESCUELA SAN VICENTE;2;Moderado;31;0.0386;;URBANA;1;30;0;0;0;Marquetalia;2;;Caldas;Caldas;;
223417002404;AGUAS MUERTAS;2;Moderado;31;0.1377;;RURAL;5;26;0;0;0;Lorica;1;;Lorica;Córdoba;;
276377000116;CRISTOBAL COLON;3;Crítico;30;0.0231;OFICIAL;RURAL;8;22;0;0;0;La Cumbre;1;;Valle;Valle del Cauca;SI;
273270000068;BUENOS AIRES;2;Moderado;30;0.0215;OFICIAL;RURAL;8;22;0;0;0;Palocabildo;1;;Tolima;Tolima;SI;
205837007233;TORIBIO ALTO;2;Moderado;30;0.0801;OFICIAL;RURAL;2;9;19;0;0;Turbo;1;;Turbo;Antioquia;SI;
213580000022;LOS CAIMANES;2;Moderado;30;0.0132;OFICIAL;RURAL;4;26;0;0;0;Regidor;2;;Bolivar;Bolívar;NO;
213744002200;EL DIAMANTE;2;Moderado;30;0.0132;OFICIAL;RURAL;8;22;0;0;0;Simití;1;;Bolivar;Bolívar;NO;
266572001369;SE LAS PALMITAS;2;Moderado;30;0.0676;OFICIAL;RURAL;2;28;0;0;0;Pueblo Rico;2;;Risaralda;Risaralda;SI;
205837007357;SANTA BARBARA ABAJO;2;Moderado;30;0.0801;OFICIAL;RURAL;0;10;20;0;0;Turbo;1;;Turbo;Antioquia;SI;
405837006015;C.E. PUERTO BOY;2;Moderado;30;0.0801;OFICIAL;RURAL;4;26;0;0;0;Turbo;1;;Turbo;Antioquia;SI;
205837006261;E.R. LAS BABILLAS;2;Moderado;30;0.0801;OFICIAL;RURAL;4;26;0;0;0;Turbo;1;;Turbo;Antioquia;SI;
227001004187;SEDE DE SAN JOAQUIN;1;Bajo;30;0.0817;OFICIAL;RURAL;1;29;0;0;0;Quibdó;1;;Quibdó;Chocó;SI;
227077000482;SEDE POLICARPA SALAVARRIETA DE DOTENEDO;1;Bajo;30;0.0263;OFICIAL;RURAL;2;28;0;0;0;Bajo Baudó;1;;Choco;Chocó;SI;
276001005524;FRANCISCO JOSE DE CALDAS;2;Moderado;30;0.0098;OFICIAL;RURAL;0;19;11;0;0;Cali;6;;Cali;Valle del Cauca;SI;
276122000295;SAN ISIDRO;1;Bajo;30;0.0231;OFICIAL;RURAL;1;14;15;0;0;Caicedonia;2;;Valle;Valle del Cauca;SI;
276233000413;SEDE TOCOTA;1;Bajo;30;0.0231;OFICIAL;RURAL;7;23;0;0;0;Dagua;3;;Valle;Valle del Cauca;SI;
276890000245;VICENTE H CRUZ;2;Moderado;30;0.0231;OFICIAL;RURAL;3;27;0;0;0;Yotoco;2;;Valle;Valle del Cauca;SI;
219110000172;EL PORVENIR;1;Bajo;30;;OFICIAL;RURAL;5;25;0;0;0;Buenos Aires;3;1;;Cauca;;
219256000328;MOSQUERA;1;Bajo;30;;OFICIAL;RURAL;4;26;0;0;0;El Tambo;1;;;Cauca;;
219318002004;EL CARMEN NUEVO (BUENAVISTA);1;Bajo;30;;OFICIAL;RURAL;6;21;3;0;0;Guapi;3;;;Cauca;;
219355000348;SEGOVIA;1;Bajo;30;;OFICIAL;RURAL;7;23;0;0;0;Inzá;1;;;Cauca;;
219455000051;SAN ANDRES;1;Bajo;30;;OFICIAL;RURAL;3;27;0;0;0;Miranda;3;;;Cauca;;
219473000247;ALTERNADA DE CANAVERAL (sede principal);1;Bajo;30;;OFICIAL;RURAL;6;24;0;0;0;Morales;3;1;;Cauca;;Fundación Celsia Colombia
219517000461;CENTRO DOCENTE CALOTO COHETANDO;1;Bajo;30;;OFICIAL;RURAL;3;27;0;0;0;Páez;1;;;Cauca;;
219548000485;LOS ARADOS;1;Bajo;30;;OFICIAL;RURAL;9;21;0;0;0;Piendamó - Tunía;3;;;Cauca;;
219821000400;C.E. LA FONDA - SEDE PRINCIPAL;1;Bajo;30;;OFICIAL;RURAL;11;19;0;0;0;Toribío;3;;;Cauca;;
205034000060;C. E. R. SANTA BARBARA;2;Moderado;30;0.0069;OFICIAL;RURAL;1;29;0;0;0;Andes;2;;Antioquia;Antioquia;;Comfama (Caja de Compensación Familiar de Antioquia)
205034000566;C. E. R. SANTA ELENA;2;Moderado;30;0.0069;OFICIAL;RURAL;0;13;17;0;0;Andes;2;;Antioquia;Antioquia;;Comfama (Caja de Compensación Familiar de Antioquia)
205101000096;C. E. R. ISABEL VASQUEZ;2;Moderado;30;0.0069;OFICIAL;RURAL;5;25;0;0;0;Ciudad Bolívar;2;;Antioquia;Antioquia;;Comfama (Caja de Compensación Familiar de Antioquia)
266088000145;SE ANDICA;2;Moderado;30;0.0676;OFICIAL;RURAL;1;15;14;0;0;Belén de Umbría;2;;Risaralda;Risaralda;;
276100001123;CACIQUE EADEBENA;2;Moderado;30;0.0231;OFICIAL;RURAL;3;27;0;0;0;Bolívar;2;;Valle;Valle del Cauca;;
276275000430;SAN ISIDRO;1;Bajo;30;0.0231;OFICIAL;RURAL;4;26;0;0;0;Florida;2;1;Valle;Valle del Cauca;;
217013000645;GUAIMARAL;1;Bajo;30;0.0373;;RURAL;2;14;14;0;0;Aguadas;2;;Caldas;Caldas;;
217050000116;CENTRO EDUCATIVO CAMPO ALEGRE;1;Bajo;30;0.0373;;RURAL;3;10;17;0;0;Aranzazu;2;;Caldas;Caldas;;Federación Nacional de Cafeteros de Colombia
217614000332;INSTITUCION EDUCATIVA LOS CHANCOS - SEDE PRINCIPAL;1;Bajo;30;0.0373;;RURAL;4;17;9;0;0;Riosucio;3;1;Caldas;Caldas;;
223417002331;MANGUITO ABAJO;2;Moderado;30;0.1332;;RURAL;5;25;0;0;0;Lorica;2;;Lorica;Córdoba;;
223417000991;LAS PIEDRAS;2;Moderado;30;0.1332;;RURAL;3;27;0;0;0;Lorica;2;;Lorica;Córdoba;;
376364800100;EDUYANCA S.A.S. - SEDE PRINCIPAL;1;Bajo;29;0.1048;NO OFICIAL;URBANA;0;29;0;0;0;Jamundí;;;Jamundí;Valle del Cauca;SI;
205209000289;C. E. R. LA COSTA;2;Moderado;29;0.0067;OFICIAL;RURAL;3;17;6;3;0;Concordia;2;;Antioquia;Antioquia;SI;
205541000136;EL MARIAL;2;Moderado;29;0.0067;OFICIAL;RURAL;0;11;12;6;0;Peñol;2;;Antioquia;Antioquia;SI;Comfama (Caja de Compensación Familiar de Antioquia)
205873000547;C. E. R. SAN ALEJANDRO;2;Moderado;29;0.0067;OFICIAL;RURAL;4;25;0;0;0;Vigía del Fuerte;1;;Antioquia;Antioquia;SI;Fundación Empresas Públicas De Medellín
227077001730;SEDE MARIA AUXILIADORA;2;Moderado;29;0.0255;OFICIAL;RURAL;0;29;0;0;0;Medio Baudó;1;;Choco;Chocó;SI;
205837003653;E.R. SANTA BARBARA ARRIBA;2;Moderado;29;0.0775;OFICIAL;RURAL;2;11;16;0;0;Turbo;1;;Turbo;Antioquia;SI;
227099000371;SEDE PLAYA DE CUIA;1;Bajo;29;0.0255;OFICIAL;RURAL;0;29;0;0;0;Bojayá;2;;Choco;Chocó;SI;
227025001227;SEDE DE BELLA CECILIA;1;Bajo;29;0.0255;OFICIAL;RURAL;11;18;0;0;0;Alto Baudó;1;;Choco;Chocó;SI;
276403000022;SAN JOSE;2;Moderado;29;0.0223;OFICIAL;RURAL;1;28;0;0;0;La Victoria;4;;Valle;Valle del Cauca;SI;
219022000235;CASA BLANCA;1;Bajo;29;;OFICIAL;RURAL;1;28;0;0;0;Almaguer;1;;;Cauca;;
219130000047;MICHINCHAL;1;Bajo;29;;OFICIAL;RURAL;4;25;0;0;0;Cajibío;2;;;Cauca;;
219130000543;PUENTE ALTO (sede principal);1;Bajo;29;;OFICIAL;RURAL;4;25;0;0;0;Cajibío;2;1;;Cauca;;
219212000100;ESCUELA RURAL MIXTA LA CAPILLA;1;Bajo;29;;OFICIAL;RURAL;6;23;0;0;0;Corinto;1;;;Cauca;;
219355000194;ESCUELA RURAL MIXTA PISIMBALA;1;Bajo;29;;OFICIAL;RURAL;5;24;0;0;0;Inzá;2;;;Cauca;;
219355000267;EL CARMEN DE VIBORA;1;Bajo;29;;OFICIAL;RURAL;3;26;0;0;0;Inzá;2;;;Cauca;;
219355000496;BELEN;1;Bajo;29;;OFICIAL;RURAL;6;23;0;0;0;Inzá;3;;;Cauca;;
219450000258;ESPERANZAS DE MAYO;1;Bajo;29;;OFICIAL;RURAL;9;20;0;0;0;Mercaderes;2;;;Cauca;;
219450000312;INSTITUCION EDUCATIVA SAN JUANITO (SEDE PRINCIPAL);1;Bajo;29;;OFICIAL;RURAL;0;7;15;7;0;Mercaderes;4;2;;Cauca;;
219698000513;MAZAMORRERO;1;Bajo;29;;OFICIAL;RURAL;3;26;0;0;0;Santander de Quilichao;2;;;Cauca;;
219698001030;SANTA ROSA;1;Bajo;29;;OFICIAL;RURAL;5;24;0;0;0;Santander de Quilichao;1;;;Cauca;;
219807000251;LA CHORRERA (sede principal);1;Bajo;29;;OFICIAL;RURAL;9;20;0;0;0;Timbío;2;1;;Cauca;;
219824000419;CHUSCALES;1;Bajo;29;;OFICIAL;RURAL;7;22;0;0;0;Totoró;2;;;Cauca;;
205034000451;C. E. R. VALLE UMBRIA;1;Bajo;29;0.0067;OFICIAL;RURAL;1;19;9;0;0;Andes;2;;Antioquia;Antioquia;;Comfama (Caja de Compensación Familiar de Antioquia) | Fundación Empresas Públicas De Medellín | Fundación Fraternidad Medellín
205093000545;C. E. R. LA TARQUI;2;Moderado;29;0.0067;OFICIAL;RURAL;1;15;10;3;0;Betulia;2;;Antioquia;Antioquia;;Comfama (Caja de Compensación Familiar de Antioquia) | Fundación Secretos Para Contar
205129000199;MANUEL FLOREZ;2;Moderado;29;0.0067;OFICIAL;RURAL;1;28;0;0;0;Caldas;1;;Antioquia;Antioquia;;
205237000022;C. E. R. FRANCISCO RESTREPO;2;Moderado;29;0.0067;OFICIAL;RURAL;1;19;9;0;0;Donmatías;2;;Antioquia;Antioquia;;
205541000284;C. E. R. LA HELIDA;2;Moderado;29;0.0067;OFICIAL;RURAL;1;28;0;0;0;Peñol;1;;Antioquia;Antioquia;;Comfama (Caja de Compensación Familiar de Antioquia)
166001004234;MANUELITA SAENZ;3;Crítico;29;0.0375;OFICIAL;URBANA;10;19;0;0;0;Pereira;;;Pereira;Risaralda;;Comfamiliar Risaralda
266001001663;CONSOTA ARRIBA;3;Crítico;29;0.0375;OFICIAL;RURAL;3;26;0;0;0;Pereira;1;;Pereira;Risaralda;;Comfamiliar Risaralda
268522000046;ESCUELA RURAL CINCO MIL;2;Moderado;29;0.0216;OFICIAL;RURAL;0;29;0;0;0;Palmar;2;;Santander;Santander;;
223417000037;GUAYABAL;2;Moderado;29;0.1288;;RURAL;6;23;0;0;0;Lorica;1;;Lorica;Córdoba;;
223417001165;SARANDELO;1;Bajo;29;0.1288;;RURAL;6;23;0;0;0;Lorica;2;;Lorica;Córdoba;;
273270000211;ERNESTO GUZMAN ARCINIEGAS;2;Moderado;28;0.0201;OFICIAL;RURAL;0;28;0;0;0;Palocabildo;2;;Tolima;Tolima;SI;
205002000513;LA ESPERANZA;2;Moderado;28;0.0065;OFICIAL;RURAL;0;9;14;5;0;Abejorral;2;;Antioquia;Antioquia;SI;
205837003858;E.R. CAÑO DE LOS MANGOS;2;Moderado;28;0.0748;OFICIAL;RURAL;3;12;13;0;0;Turbo;1;;Turbo;Antioquia;SI;
227787000091;SEDE SIMON BOLIVAR TAPON;1;Bajo;28;0.0246;OFICIAL;RURAL;3;25;0;0;0;Tadó;2;;Choco;Chocó;SI;
276616000093;VERACRUZ;2;Moderado;28;0.0215;OFICIAL;RURAL;3;25;0;0;0;Riofrío;1;;Valle;Valle del Cauca;SI;
219050004122;TAMBO LARGO;1;Bajo;28;;OFICIAL;RURAL;7;21;0;0;0;Argelia;2;;;Cauca;;
219130000063;GUANGUBIO;1;Bajo;28;;OFICIAL;RURAL;8;20;0;0;0;Cajibío;;;;Cauca;;
219137001570;ESCUELA RURAL MISAK PALERMO;1;Bajo;28;;OFICIAL;RURAL;6;22;0;0;0;Caldono;2;;;Cauca;;
219418000068;CABECITAS SIGUI;1;Bajo;28;;OFICIAL;RURAL;4;24;0;0;0;López de Micay;2;;;Cauca;;
219473000191;LA CUCHILLA;1;Bajo;28;;OFICIAL;RURAL;3;25;0;0;0;Morales;2;;;Cauca;;
219780000025;CENTRO DOCENTE LA CASCADA;2;Moderado;28;;OFICIAL;RURAL;9;19;0;0;0;Suárez;1;;;Cauca;;
419130001140;LA BUITRERA;1;Bajo;28;;OFICIAL;RURAL;2;14;12;0;0;Cajibío;4;;;Cauca;;
419137001102;CENTRO DOCENTE RURAL MIXTO UNION PANAMERICANA;1;Bajo;28;;OFICIAL;RURAL;6;22;0;0;0;Caldono;2;1;;Cauca;;
263401000080;LA SILVIA;1;Bajo;28;0.0771;OFICIAL;RURAL;2;26;0;0;0;La Tebaida;1;;Quindio;Quindio;;
205113000130;C. E. R. EL GUADUAL;2;Moderado;28;0.0065;OFICIAL;RURAL;2;6;20;0;0;Buriticá;2;;Antioquia;Antioquia;;
205318000060;E R JUAN XXIII;2;Moderado;28;0.0065;OFICIAL;RURAL;0;28;0;0;0;Guarne;1;;Antioquia;Antioquia;;Fundación Incolmotos Yamaha
205893000357;C.E.R JORGE ELIECER GAITAN;2;Moderado;28;0.0065;OFICIAL;RURAL;0;10;18;0;0;Yondó;2;;Antioquia;Antioquia;;Ecopetrol
252001000267;CENT EDUC RUR MAPACHICO;1;Bajo;28;0.0473;OFICIAL;RURAL;3;25;0;0;0;Pasto;2;;Pasto;Nariño;;
266001001043;YARUMAL;3;Crítico;28;0.0362;OFICIAL;RURAL;3;25;0;0;0;Pereira;2;;Pereira;Risaralda;;
273870000550;EL REGUARDO;2;Moderado;28;0.0201;OFICIAL;RURAL;5;23;0;0;0;Villahermosa;1;;Tolima;Tolima;;
276100800018;KAPUR;2;Moderado;28;0.0215;OFICIAL;RURAL;2;26;0;0;0;Bolívar;1;;Valle;Valle del Cauca;;
276890000105;VEINTE DE JULIO;1;Bajo;28;0.0215;OFICIAL;RURAL;4;24;0;0;0;Yotoco;3;;Valle;Valle del Cauca;;
217174000092;ESCUELA MANUELA BELTRAN;1;Bajo;28;0.0349;;RURAL;7;21;0;0;0;Chinchiná;2;;Caldas;Caldas;;
217614000375;ESCUELA RURAL JUAN DIAZ;2;Moderado;28;0.0349;;RURAL;4;24;0;0;0;Riosucio;3;;Caldas;Caldas;;
217867000142;ESCUELA RURAL EL LLANO;1;Bajo;28;0.0349;;RURAL;3;25;0;0;0;Victoria;2;;Caldas;Caldas;;Federación Nacional de Cafeteros de Colombia
217873000049;ESCUELA RURAL NAZARIO RESTREPO;3;Crítico;28;0.0349;;RURAL;6;22;0;0;0;Villamaría;2;;Caldas;Caldas;;
223417002891;SAN NICOLAS DE PALMITAL;2;Moderado;28;0.1243;;RURAL;4;24;0;0;0;Lorica;1;;Lorica;Córdoba;;
223417002978;LA ENVIDIA;2;Moderado;28;0.1243;;RURAL;5;23;0;0;0;Lorica;2;;Lorica;Córdoba;;
205209000483;C. E. R. EL SOCORRO;2;Moderado;27;0.0062;OFICIAL;RURAL;0;11;16;0;0;Concordia;2;;Antioquia;Antioquia;SI;Comfama (Caja de Compensación Familiar de Antioquia)
205674000074;C. E. R. CANTOR;1;Bajo;27;0.0062;OFICIAL;RURAL;3;24;0;0;0;San Vicente Ferrer;1;;Antioquia;Antioquia;SI;
217001001689;INSTITUCIÓN EDUCATIVA LA VIOLETA SEDE A;1;Bajo;27;0.0568;OFICIAL;RURAL;14;13;0;0;0;Manizales;2;;Manizales;Caldas;SI;
276113000215;JOSE ACEVEDO Y GOMEZ;1;Bajo;27;0.0207;OFICIAL;RURAL;4;23;0;0;0;Bugalagrande;2;;Valle;Valle del Cauca;SI;
276306000191;ANTONIO RICAURTE;1;Bajo;27;0.0207;OFICIAL;RURAL;3;24;0;0;0;Ginebra;2;;Valle;Valle del Cauca;SI;
276736001123;GENERAL SANTANDER SATELITE COLORADAS;2;Moderado;27;0.0207;OFICIAL;RURAL;0;0;22;5;0;Sevilla;1;;Valle;Valle del Cauca;SI;
276869000111;ANTONIO RICAURTE;2;Moderado;27;0.0207;OFICIAL;RURAL;1;5;6;0;15;Vijes;1;;Valle;Valle del Cauca;SI;
276109800127;ESCUELA ERI NEGRIA CUERO;3;Crítico;27;0.0484;OFICIAL;RURAL;6;21;0;0;0;Buenaventura;;;Buenaventura;Valle del Cauca;SI;
119532001398;INMACULADA CONCEPCION;3;Crítico;27;;OFICIAL;URBANA;3;24;0;0;0;Patía;2;;;Cauca;;
119585000423;JARDIN INFANTIL IGNACIO ANTONIO GARCIA;1;Bajo;27;;OFICIAL;URBANA;27;0;0;0;0;Puracé;2;;;Cauca;;
219050001352;PAMBILAL (sede principal);2;Moderado;27;;OFICIAL;RURAL;3;24;0;0;0;Argelia;5;1;;Cauca;;
219075000261;LA JOAQUINA;1;Bajo;27;;OFICIAL;RURAL;7;20;0;0;0;Balboa;1;;;Cauca;;
219100002053;SAN ANTONIO DEL SILENCIO (sede principal);1;Bajo;27;;OFICIAL;RURAL;8;19;0;0;0;Bolívar;3;1;;Cauca;;
219130000128;CENEGUETA (sede principal);3;Crítico;27;;OFICIAL;RURAL;3;24;0;0;0;Cajibío;2;1;;Cauca;;
219130000357;SAN GABRIEL (sede principal);1;Bajo;27;;OFICIAL;RURAL;4;23;0;0;0;Cajibío;2;;;Cauca;;
219130001400;SAN FERNANDO EL COFRE;1;Bajo;27;;OFICIAL;RURAL;10;17;0;0;0;Cajibío;2;;;Cauca;;
219137000212;LA LLANADA;1;Bajo;27;;OFICIAL;RURAL;4;23;0;0;0;Caldono;2;;;Cauca;;
219212000134;ESCUELA RURAL MIXTA BUENAVISTA;1;Bajo;27;;OFICIAL;RURAL;8;19;0;0;0;Corinto;2;;;Cauca;;
219355000933;AGUA BLANCA;1;Bajo;27;;OFICIAL;RURAL;2;25;0;0;0;Inzá;1;;;Cauca;;
219418000840;CORRENTON;3;Crítico;27;;OFICIAL;RURAL;4;23;0;0;0;López de Micay;2;;;Cauca;;
219418000866;BAJO SIGUI;1;Bajo;27;;OFICIAL;RURAL;1;26;0;0;0;López de Micay;2;;;Cauca;;
219548000558;LA ESMERALDA;1;Bajo;27;;OFICIAL;RURAL;1;26;0;0;0;Piendamó - Tunía;2;;;Cauca;;
219693000175;EL TRILLADERO (sede principal);1;Bajo;27;;OFICIAL;RURAL;6;21;0;0;0;San Sebastián;2;1;;Cauca;;
219698000939;LA CHAPA;1;Bajo;27;;OFICIAL;RURAL;4;23;0;0;0;Santander de Quilichao;2;;;Cauca;;
219698000980;ESCUELA RURAL MIXTA EL PINUELO;2;Moderado;27;;OFICIAL;RURAL;0;27;0;0;0;Santander de Quilichao;2;;;Cauca;;
219780000122;CANUTICO;1;Bajo;27;;OFICIAL;RURAL;9;18;0;0;0;Suárez;1;;;Cauca;;
205034000370;C. E. R. SAN MIGUEL;2;Moderado;27;0.0062;OFICIAL;RURAL;1;10;16;0;0;Andes;2;;Antioquia;Antioquia;;Comfama (Caja de Compensación Familiar de Antioquia)
205120000048;E R LA ALCANCIA;1;Bajo;27;0.0062;OFICIAL;RURAL;4;23;0;0;0;Cáceres;1;;Antioquia;Antioquia;;
205197000032;C. E. R. SAN ANTONIO;2;Moderado;27;0.0062;OFICIAL;RURAL;1;17;9;0;0;Cocorná;2;;Antioquia;Antioquia;;
205313000461;C. E. R. QUEBRADONA ARRIBA;2;Moderado;27;0.0062;OFICIAL;RURAL;1;9;17;0;0;Granada;2;;Antioquia;Antioquia;;Fundación Empresas Públicas De Medellín
205467000145;C. E. R. EL CARMELO;1;Bajo;27;0.0062;OFICIAL;RURAL;0;16;9;2;0;Montebello;2;;Antioquia;Antioquia;;Comfama (Caja de Compensación Familiar de Antioquia) | Fundación Empresas Públicas De Medellín | Fundación Fraternidad Medellín
205819000060;I. E. R. TAQUE;2;Moderado;27;0.0062;OFICIAL;RURAL;1;17;9;0;0;Toledo;2;;Antioquia;Antioquia;;
266001001329;CENT EDUC LA HONDA;3;Crítico;27;0.0349;OFICIAL;RURAL;2;25;0;0;0;Pereira;2;;Pereira;Risaralda;;
266001001221;CE MONTELARGO;3;Crítico;27;0.0349;OFICIAL;RURAL;5;22;0;0;0;Pereira;;;Pereira;Risaralda;;
266001003011;CE YARUMITO;3;Crítico;27;0.0349;OFICIAL;RURAL;10;17;0;0;0;Pereira;;;Pereira;Risaralda;;Comfamiliar Risaralda
266687000145;SE PUEBLO VANO;3;Crítico;27;0.0608;OFICIAL;RURAL;1;18;8;0;0;Santuario;2;;Risaralda;Risaralda;;
276834000801;SEDE NO. 51 CAMILO TORRES;2;Moderado;27;0.0979;OFICIAL;RURAL;2;25;0;0;0;Tuluá;2;;Tuluá;Valle del Cauca;;
276250000362;EUSTAQUIO PALACIOS;3;Crítico;27;0.0207;OFICIAL;RURAL;0;10;0;0;17;El Dovio;2;;Valle;Valle del Cauca;;
217042000123;AGUABONITA;2;Moderado;27;0.0336;;RURAL;2;25;0;0;0;Anserma;1;;Caldas;Caldas;;
217050000396;INSTITUCION EDUCATIVA DIVINO NIÑO;2;Moderado;27;0.0336;;RURAL;0;17;10;0;0;Aranzazu;2;;Caldas;Caldas;;Federación Nacional de Cafeteros de Colombia
217174000246;ESCUELA RURAL SAN FRANCISCO;1;Bajo;27;0.0336;;RURAL;6;21;0;0;0;Chinchiná;;;Caldas;Caldas;;
217486000138;ESCUELA ANTONIA SANTOS;2;Moderado;27;0.0336;;RURAL;2;25;0;0;0;Neira;1;;Caldas;Caldas;;Federación Nacional de Cafeteros de Colombia
217662000247;ESCUELA RURAL SAN ESTEBAN;2;Moderado;27;0.0336;;RURAL;8;19;0;0;0;Samaná;1;;Caldas;Caldas;;Federación Nacional de Cafeteros de Colombia
217541000088;CENTRO EDUCATIVO SOLEDAD ALTA;1;Bajo;27;0.0336;;RURAL;2;25;0;0;0;Pensilvania;1;;Caldas;Caldas;;Federación Nacional de Cafeteros de Colombia
217877000027;ESCUELA RURAL EL PORVENIR;2;Moderado;27;0.0336;;RURAL;2;14;11;0;0;Viterbo;4;;Caldas;Caldas;;Federación Nacional de Cafeteros de Colombia
276364001351;SEDE DIVINO NIÑO JESUS DE PRAGA;3;Crítico;26;0.0939;OFICIAL;RURAL;2;24;0;0;0;Jamundí;;;Jamundí;Valle del Cauca;SI;
376111800057;UNIDAD DE APOYO SINAI - SEDE PRINCIPAL;3;Crítico;26;0.1444;NO OFICIAL;URBANA;8;18;0;0;0;Guadalajara de Buga;;;Buga;Valle del Cauca;SI;
266572001237;SE CAJA DE ORO;3;Crítico;26;0.0586;OFICIAL;RURAL;5;14;7;0;0;Pueblo Rico;2;;Risaralda;Risaralda;SI;
273124000790;LOS TUNJOS;3;Crítico;26;0.0186;OFICIAL;RURAL;7;19;0;0;0;Cajamarca;2;;Tolima;Tolima;SI;
227361000760;SEDE CHIQUICHOQUI;2;Moderado;26;0.0228;OFICIAL;RURAL;6;20;0;0;0;Medio San Juan;3;;Choco;Chocó;SI;
317001007070;CENTRO EDUCATIVO ASED - SEDE PRINCIPAL;1;Bajo;26;0.0547;NO OFICIAL;URBANA;0;0;0;0;26;Manizales;;;Manizales;Caldas;SI;
205837000034;E.R. PUYA ARRIBA;2;Moderado;26;0.0694;OFICIAL;RURAL;5;21;0;0;0;Turbo;;;Turbo;Antioquia;SI;
205411000061;CURITI;1;Bajo;26;0.006;OFICIAL;RURAL;1;13;12;0;0;Liborina;2;;Antioquia;Antioquia;SI;Fundación Secretos Para Contar
205837007322;NUEVA ILUSIÓN;2;Moderado;26;0.0694;OFICIAL;RURAL;5;21;0;0;0;Turbo;1;;Turbo;Antioquia;SI;
205837003955;BOCAS DEL LIMÓN;2;Moderado;26;0.0694;OFICIAL;RURAL;1;11;11;3;0;Turbo;2;;Turbo;Antioquia;SI;
276246000382;FRANCISCO ANTONIO ZEA;1;Bajo;26;0.02;OFICIAL;RURAL;14;12;0;0;0;El Cairo;1;;Valle;Valle del Cauca;SI;
276275000294;EL BARBULA;2;Moderado;26;0.02;OFICIAL;RURAL;4;22;0;0;0;Florida;1;;Valle;Valle del Cauca;SI;Natura Cosmeticos Ltda.
276109008571;SANTA ROSA DE GUAYACAN;3;Crítico;26;0.0466;OFICIAL;RURAL;2;24;0;0;0;Buenaventura;1;;Buenaventura;Valle del Cauca;SI;
276109008376;LA SIERPE;1;Bajo;26;0.0466;OFICIAL;RURAL;4;13;0;0;9;Buenaventura;1;;Buenaventura;Valle del Cauca;SI;
219130000454;ALTAMIRA;2;Moderado;26;;OFICIAL;RURAL;6;20;0;0;0;Cajibío;2;;;Cauca;;
219130000985;LA DIANA;1;Bajo;26;;OFICIAL;RURAL;9;17;0;0;0;Cajibío;2;;;Cauca;;
219130001353;LOS ANGELES;1;Bajo;26;;OFICIAL;RURAL;3;23;0;0;0;Cajibío;2;;;Cauca;;
219137001561;ESCUELA RURAL MISAK LA LAGUNA II ETAPA;1;Bajo;26;;OFICIAL;RURAL;3;23;0;0;0;Caldono;2;;;Cauca;;
219455000329;LA LINDOSA;1;Bajo;26;;OFICIAL;RURAL;5;21;0;0;0;Miranda;2;;;Cauca;;INGENIO DEL CAUCA S.A.S.
219548000388;OCTAVIO;1;Bajo;26;;OFICIAL;RURAL;5;21;0;0;0;Piendamó - Tunía;2;;;Cauca;;
219585000126;EL AGUACATAL;1;Bajo;26;;OFICIAL;RURAL;3;23;0;0;0;Puracé;1;;;Cauca;;
219622000051;EL MARQUEZ (sede principal);1;Bajo;26;;OFICIAL;RURAL;1;10;13;2;0;Rosas;4;1;;Cauca;;
219698000912;CACHIMBAL;1;Bajo;26;;OFICIAL;RURAL;0;26;0;0;0;Santander de Quilichao;3;;;Cauca;;
219760000452;EL CARMEN;1;Bajo;26;;OFICIAL;RURAL;5;21;0;0;0;Sotará - Paispamba;2;;;Cauca;;
219780001251;CENTRO DOCENTE EL CERRO DE DAMIAN;1;Bajo;26;;OFICIAL;RURAL;5;21;0;0;0;Suárez;1;;;Cauca;;
219807000359;URUBAMBA;1;Bajo;26;;OFICIAL;RURAL;0;26;0;0;0;Timbío;2;;;Cauca;;
419698001705;ARGEMIRO MEZU;1;Bajo;26;;OFICIAL;RURAL;13;13;0;0;0;Santander de Quilichao;2;;;Cauca;;
205055000400;C. E. R. EL ROSARIO;2;Moderado;26;0.006;OFICIAL;RURAL;1;6;11;8;0;Argelia;2;;Antioquia;Antioquia;;Fundación Secretos Para Contar
205607000281;C. E. R. CARRIZALES;2;Moderado;26;0.006;OFICIAL;RURAL;3;23;0;0;0;Retiro;1;;Antioquia;Antioquia;;Corporación Empresarial Del Oriente Antioqueño
205642000463;VENTIADERO;2;Moderado;26;0.006;OFICIAL;RURAL;2;24;0;0;0;Salgar;1;;Antioquia;Antioquia;;Comfama (Caja de Compensación Familiar de Antioquia)
225307000212;SEDE SAN LORENZO;2;Moderado;26;0.1433;OFICIAL;RURAL;6;9;0;0;11;Girardot;2;;Girardot;Cundinamarca;;
276520006333;LA UNION;2;Moderado;26;0.0527;OFICIAL;RURAL;4;22;0;0;0;Palmira;2;;Palmira;Valle del Cauca;;
217042000603;JUAN BAUTISTA SARDELLA;1;Bajo;26;0.0324;;RURAL;6;20;0;0;0;Anserma;1;;Caldas;Caldas;;
217050000477;ESCUELA RURAL SANTA CECILIA;2;Moderado;26;0.0324;;RURAL;1;12;13;0;0;Aranzazu;2;;Caldas;Caldas;;
217513800011;SEDE SANTA TERESITA;1;Bajo;26;0.0324;;RURAL;1;25;0;0;0;Pácora;2;;Caldas;Caldas;;
217541000100;CONCENTRACIÓN ESCOLAR EL HIGUERÓN;2;Moderado;26;0.0324;;RURAL;3;23;0;0;0;Pensilvania;1;;Caldas;Caldas;;Federación Nacional de Cafeteros de Colombia
217616000569;ESCUELA ANTONIO JOSE DE SUCRE;1;Bajo;26;0.0324;;RURAL;3;23;0;0;0;Risaralda;1;;Caldas;Caldas;;Federación Nacional de Cafeteros de Colombia
273504001675;SANTA ELENA;3;Crítico;25;0.0179;OFICIAL;RURAL;3;15;7;0;0;Ortega;2;;Tolima;Tolima;SI;
327001800167;GUARDERÍA Y JARDÍN INFANTIL CREANDO HUELLAS - SEDE PRINCIPAL;1;Bajo;25;0.0681;NO OFICIAL;URBANA;25;0;0;0;0;Quibdó;;;Quibdó;Chocó;SI;
252356001124;INSTITUCIÓN EDUCATIVA AGROINDUSTRIAL LOS PASTOS SEDE 2 -CHIRANQUER-;2;Moderado;25;0.1189;OFICIAL;RURAL;3;22;0;0;0;Ipiales;1;;Ipiales;Nariño;NO;
227001000017;SEDE MOTOLDO;1;Bajo;25;0.022;OFICIAL;RURAL;5;20;0;0;0;Atrato;1;;Choco;Chocó;SI;
227615000358;SEDE LOS COQUITOS;1;Bajo;25;0.022;OFICIAL;RURAL;0;25;0;0;0;Riosucio;1;;Choco;Chocó;SI;
227001018072;SEDE DE CHIGORODO;1;Bajo;25;0.0681;OFICIAL;RURAL;16;9;0;0;0;Quibdó;;;Quibdó;Chocó;SI;
276113001050;DIVINO NIÑO;1;Bajo;25;0.0192;OFICIAL;RURAL;1;24;0;0;0;Bugalagrande;1;;Valle;Valle del Cauca;SI;
276736000381;SANTA LUCÍA;2;Moderado;25;0.0192;OFICIAL;RURAL;2;7;0;0;16;Sevilla;1;;Valle;Valle del Cauca;SI;
276863000039;SIMÓN BOLÍVAR;3;Crítico;25;0.0192;OFICIAL;RURAL;3;22;0;0;0;Versalles;2;;Valle;Valle del Cauca;SI;
276890000172;CRISTO REY;3;Crítico;25;0.0192;OFICIAL;RURAL;5;20;0;0;0;Yotoco;2;;Valle;Valle del Cauca;SI;
276736001328;ESCUELA BUENOS AIRES;2;Moderado;25;0.0192;;;6;19;0;0;0;Sevilla;2;;Valle;Valle del Cauca;SI;
219110000075;MIRASOLES;1;Bajo;25;;OFICIAL;RURAL;5;20;0;0;0;Buenos Aires;1;;;Cauca;;
219110001454;ESCUELA RURAL MIXTA EL JAZMIN;1;Bajo;25;;OFICIAL;RURAL;4;21;0;0;0;Buenos Aires;1;;;Cauca;;
219130000179;LA AURELIA (SEDE PRINCIPAL);1;Bajo;25;;OFICIAL;RURAL;6;19;0;0;0;Cajibío;3;1;;Cauca;;
219130000373;LA ISLA;1;Bajo;25;;OFICIAL;RURAL;3;22;0;0;0;Cajibío;2;;;Cauca;;
219142000018;EL GUASIMO;1;Bajo;25;;OFICIAL;RURAL;2;23;0;0;0;Caloto;1;;;Cauca;;
219392000137;CAMILO TORRES;1;Bajo;25;;OFICIAL;RURAL;15;10;0;0;0;La Sierra;2;;;Cauca;;
219397000909;LAS JUNTAS;1;Bajo;25;;OFICIAL;RURAL;4;21;0;0;0;La Vega;2;;;Cauca;;
219473000328;LOS CAFES;1;Bajo;25;;OFICIAL;RURAL;3;22;0;0;0;Morales;2;;;Cauca;;
219743000716;CENTRO DOCENTE RURAL MIXTO EL PALMAR;1;Bajo;25;;OFICIAL;RURAL;3;22;0;0;0;Silvia;2;;;Cauca;;
219807000219;EL HATO;1;Bajo;25;;OFICIAL;RURAL;3;22;0;0;0;Timbío;2;;;Cauca;;
419100002982;GUILLEMO CHILITO;1;Bajo;25;;OFICIAL;RURAL;2;23;0;0;0;Bolívar;2;;;Cauca;;
205125000232;I. E. R. LOS PINOS;2;Moderado;25;0.0058;OFICIAL;RURAL;1;13;8;3;0;Caicedo;2;;Antioquia;Antioquia;;Fundación Secretos Para Contar
205361001461;C. E. R. FATIMA;2;Moderado;25;0.0058;OFICIAL;RURAL;2;9;8;6;0;Ituango;3;;Antioquia;Antioquia;;
205674000589;C. E. R. LA CABAÑA;1;Bajo;25;0.0058;OFICIAL;RURAL;1;11;13;0;0;San Vicente Ferrer;2;;Antioquia;Antioquia;;
205686000258;EL HATO;1;Bajo;25;0.0058;OFICIAL;RURAL;3;22;0;0;0;Santa Rosa de Osos;1;;Antioquia;Antioquia;;
217174000181;ESCUELA ALTAMIRA;1;Bajo;25;0.0311;OFICIAL;RURAL;5;20;0;0;0;Chinchiná;;;Caldas;Caldas;;
252693000148;SEDE 3 AGUADAS;1;Bajo;25;0.0208;OFICIAL;RURAL;4;21;0;0;0;San Pablo;2;;Nariño;Nariño;;
266001001604;CENT EDUC EL AGRADO;3;Crítico;25;0.0323;OFICIAL;RURAL;2;23;0;0;0;Pereira;2;;Pereira;Risaralda;;
266001001701;CE CONDINA;3;Crítico;25;0.0323;OFICIAL;RURAL;0;25;0;0;0;Pereira;;;Pereira;Risaralda;;
273504000067;ESC SAMARIA;1;Bajo;25;0.0179;OFICIAL;RURAL;8;17;0;0;0;Ortega;1;;Tolima;Tolima;;
217042000379;EL LIMON;1;Bajo;25;0.0311;;RURAL;4;21;0;0;0;Anserma;1;;Caldas;Caldas;;
217088000101;LA HABANA;3;Crítico;25;0.0311;;RURAL;4;21;0;0;0;Belalcázar;2;;Caldas;Caldas;;
217541000991;ESCUELA RURAL VILLARAZ ALTO;1;Bajo;25;0.0311;;RURAL;3;22;0;0;0;Pensilvania;2;;Caldas;Caldas;;Federación Nacional de Cafeteros de Colombia
223417001378;EL ARROYO;2;Moderado;25;0.111;;RURAL;5;20;0;0;0;Lorica;2;;Lorica;Córdoba;;
423417002578;BAJO GRANDE;2;Moderado;25;0.111;;RURAL;4;21;0;0;0;Lorica;1;;Lorica;Córdoba;;
223417001904;CAÑO VIEJO;3;Crítico;25;0.111;;RURAL;5;20;0;0;0;Lorica;3;;Lorica;Córdoba;;
223417002242;EL SALTO;2;Moderado;25;0.111;;RURAL;2;23;0;0;0;Lorica;2;;Lorica;Córdoba;;
223417000274;EL COCUELO;2;Moderado;25;0.111;;RURAL;4;21;0;0;0;Lorica;1;;Lorica;Córdoba;;
273001001384;SEDE 10 CARMEN DE BULIRA;3;Crítico;24;0.025;OFICIAL;RURAL;3;21;0;0;0;Ibagué;2;;Ibague;Tolima;SI;
205837000182;E.R. SAN FELIPE;2;Moderado;24;0.0641;OFICIAL;RURAL;12;12;0;0;0;Turbo;1;;Turbo;Antioquia;SI;Fundación Secretos Para Contar
205209000572;C. E. R. CAMILO GOMEZ;2;Moderado;24;0.0055;OFICIAL;RURAL;0;14;8;2;0;Concordia;1;;Antioquia;Antioquia;SI;Comfama (Caja de Compensación Familiar de Antioquia)
205873000199;C. E. R. PUERTO ANTIOQUIA;2;Moderado;24;0.0055;OFICIAL;RURAL;3;21;0;0;0;Vigía del Fuerte;2;;Antioquia;Antioquia;SI;
252001003631;ERM ALTO CASANARE;2;Moderado;24;0.0405;OFICIAL;RURAL;2;22;0;0;0;Pasto;1;;Pasto;Nariño;NO;
205837000620;E.R. LOS ENAMORADOS;2;Moderado;24;0.0641;OFICIAL;RURAL;7;17;0;0;0;Turbo;1;;Turbo;Antioquia;SI;Fundación Secretos Para Contar
317001003295;JARDIN INFANTIL EXPERIENCIAS;1;Bajo;24;0.0505;NO OFICIAL;URBANA;24;0;0;0;0;Manizales;;;Manizales;Caldas;SI;
273270000114;EL OLIMPO;1;Bajo;24;0.0172;OFICIAL;RURAL;4;20;0;0;0;Palocabildo;1;;Tolima;Tolima;SI;
276364000176;SEDE NUEVA GRANADA;1;Bajo;24;0.0867;OFICIAL;RURAL;1;18;5;0;0;Jamundí;3;;Jamundí;Valle del Cauca;SI;
273319000271;EL JARDIN;1;Bajo;24;0.0172;OFICIAL;RURAL;4;20;0;0;0;Guamo;4;;Tolima;Tolima;SI;
276243000608;INES FERNANDEZ DE AGUDELO;1;Bajo;24;0.0184;OFICIAL;RURAL;2;16;6;0;0;El Águila;2;;Valle;Valle del Cauca;SI;
276622000321;SAN ISIDRO;1;Bajo;24;0.0184;OFICIAL;RURAL;0;10;0;0;14;Roldanillo;2;;Valle;Valle del Cauca;SI;
276670000082;ALEJANDRO HENAO;1;Bajo;24;0.0184;OFICIAL;RURAL;4;20;0;0;0;San Pedro;;;Valle;Valle del Cauca;SI;
276823000231;CAICEDO Y CUERO;1;Bajo;24;0.0184;OFICIAL;RURAL;2;14;8;0;0;Toro;2;;Valle;Valle del Cauca;SI;
276869000201;MARIANO OSPINA PEREZ;2;Moderado;24;0.0184;OFICIAL;RURAL;3;16;5;0;0;Vijes;2;;Valle;Valle del Cauca;SI;
219022000413;RUIZ;1;Bajo;24;;OFICIAL;RURAL;7;17;0;0;0;Almaguer;2;;;Cauca;;
219110002001;ESCUELA RURAL MIXTA EL MANDARINO;1;Bajo;24;;OFICIAL;RURAL;9;15;0;0;0;Buenos Aires;;;;Cauca;;
219130003658;ESCUELA RURAL MIXTA SAN JOSE DEL GUAYABAL;1;Bajo;24;;OFICIAL;RURAL;3;21;0;0;0;Cajibío;2;;;Cauca;;
219137000191;CENTRO DOCENTE PIOYA;1;Bajo;24;;OFICIAL;RURAL;5;19;0;0;0;Caldono;2;;;Cauca;;
219212000142;LA COMINERA;1;Bajo;24;;OFICIAL;RURAL;6;18;0;0;0;Corinto;2;;;Cauca;;
219212000436;ESCUELA RURAL MIXTA LAS CRUCES;1;Bajo;24;;OFICIAL;RURAL;3;21;0;0;0;Corinto;1;;;Cauca;;
219256000026;LA LAGUNA;1;Bajo;24;;OFICIAL;RURAL;3;21;0;0;0;El Tambo;2;;;Cauca;;
219256000646;RIOSUCIO (sede principal);3;Crítico;24;;OFICIAL;RURAL;2;22;0;0;0;El Tambo;4;1;;Cauca;;
219355000593;EL HATO;3;Crítico;24;;OFICIAL;RURAL;5;19;0;0;0;Inzá;2;;;Cauca;;
219355000631;EL ESCAÑO PARQUE;1;Bajo;24;;OFICIAL;RURAL;5;19;0;0;0;Inzá;2;;;Cauca;;
219693000591;ESCUELA RURAL MIXTA SANTANDER;1;Bajo;24;;OFICIAL;RURAL;6;18;0;0;0;San Sebastián;2;;;Cauca;;
219698001145;EL PALMICHAL;1;Bajo;24;;OFICIAL;RURAL;4;20;0;0;0;Santander de Quilichao;2;;;Cauca;;
219743000074;CENTRO EDUCATIVO ASNENGA;3;Crítico;24;;OFICIAL;RURAL;2;22;0;0;0;Silvia;3;;;Cauca;;
219743000953;ESCUELA ALTAMIRA QUICHAYA;1;Bajo;24;;OFICIAL;RURAL;2;22;0;0;0;Silvia;3;;;Cauca;;
219780000041;LA ESTRELLA;1;Bajo;24;;OFICIAL;RURAL;4;20;0;0;0;Suárez;1;;;Cauca;;
419130001042;LA PALMA PEDREGOSA;1;Bajo;24;;OFICIAL;RURAL;8;16;0;0;0;Cajibío;2;;;Cauca;;
205044000246;C. E. R. EL ENCANTO;2;Moderado;24;0.0055;OFICIAL;RURAL;5;19;0;0;0;Anzá;1;;Antioquia;Antioquia;;Comfama (Caja de Compensación Familiar de Antioquia) | Fundación Secretos Para Contar
268444000221;ESCUELA RURAL MAGUEYES;2;Moderado;24;0.0178;OFICIAL;RURAL;3;11;6;4;0;Matanza;2;;Santander;Santander;;
273270000769;EL REFUGIO;3;Crítico;24;0.0172;OFICIAL;RURAL;5;19;0;0;0;Falan;2;;Tolima;Tolima;;
276508800008;CACIQUE GERSAIN;3;Crítico;24;0.0184;OFICIAL;RURAL;3;21;0;0;0;El Dovio;4;;Valle;Valle del Cauca;;
217088000080;ESCUELA SAN ISIDRO;3;Crítico;24;0.0299;;RURAL;3;21;0;0;0;Belalcázar;2;;Caldas;Caldas;;
217444000308;ESCUELA RURAL SAN ROQUE;2;Moderado;24;0.0299;;RURAL;2;22;0;0;0;Marquetalia;2;;Caldas;Caldas;;Federación Nacional de Cafeteros de Colombia
217524000074;ESCUELA RURAL EL HIGUERON;3;Crítico;24;0.0299;;RURAL;2;22;0;0;0;Palestina;1;;Caldas;Caldas;;Federación Nacional de Cafeteros de Colombia
217541000266;ESCUELA NUEVA LA FLORIDA;1;Bajo;24;0.0299;;RURAL;0;8;12;4;0;Pensilvania;4;;Caldas;Caldas;;Federación Nacional de Cafeteros de Colombia
217662000557;ESCUELA LA PLANTA;2;Moderado;24;0.0299;;RURAL;2;11;11;0;0;Samaná;2;;Caldas;Caldas;;Federación Nacional de Cafeteros de Colombia
217662000298;COLEGIO ALEJANDRO GUTIERREZ;2;Moderado;24;0.0299;;RURAL;3;9;12;0;0;Samaná;3;;Caldas;Caldas;;Federación Nacional de Cafeteros de Colombia
276823000125;CRISTOBAL COLON;3;Crítico;23;0.0177;OFICIAL;RURAL;1;11;11;0;0;Toro;2;;Valle;Valle del Cauca;SI;
376111000417;COL JOSE MARIA CABAL;2;Moderado;23;0.1277;NO OFICIAL;URBANA;0;11;4;0;8;Guadalajara de Buga;;;Buga;Valle del Cauca;SI;
276520001552;CRISTOBAL COLON;3;Crítico;23;0.0467;OFICIAL;RURAL;0;23;0;0;0;Palmira;1;;Palmira;Valle del Cauca;SI;
273504000245;LA POPA;3;Crítico;23;0.0165;OFICIAL;RURAL;3;20;0;0;0;Ortega;1;;Tolima;Tolima;SI;
205079000362;C. E. R. PLATANITO;2;Moderado;23;0.0053;OFICIAL;RURAL;5;18;0;0;0;Barbosa;2;;Antioquia;Antioquia;SI;Fundación Empresas Públicas De Medellín
205837004005;E.R. LOS MANATIES;2;Moderado;23;0.0614;OFICIAL;RURAL;2;8;13;0;0;Turbo;2;;Turbo;Antioquia;SI;
205138000606;LA MANGA;2;Moderado;23;0.0053;OFICIAL;RURAL;4;19;0;0;0;Cañasgordas;1;;Antioquia;Antioquia;SI;
205873000083;C. E. R. SEVILLA;2;Moderado;23;0.0053;OFICIAL;RURAL;5;18;0;0;0;Vigía del Fuerte;1;;Antioquia;Antioquia;SI;Fundación Secretos Para Contar
205837800031;NUEVO ULE;2;Moderado;23;0.0614;OFICIAL;RURAL;2;21;0;0;0;Turbo;1;;Turbo;Antioquia;SI;Fundación Secretos Para Contar
273168001017;MESA DE AGUAYO;1;Bajo;23;0.0165;OFICIAL;RURAL;2;21;0;0;0;Chaparral;1;;Tolima;Tolima;SI;
273411002108;LA HELVECIA;1;Bajo;23;0.0165;OFICIAL;RURAL;14;9;0;0;0;Líbano;1;;Tolima;Tolima;SI;
176122000452;JARDIN INFANTIL MARCO FIDEL SUAREZ;1;Bajo;23;0.0177;OFICIAL;URBANA;23;0;0;0;0;Caicedonia;3;;Valle;Valle del Cauca;SI;
276243000292;JOSE MARIA CORDOBA;1;Bajo;23;0.0177;OFICIAL;RURAL;0;23;0;0;0;El Águila;1;;Valle;Valle del Cauca;SI;
276377000132;JORGE ROBLEDO;2;Moderado;23;0.0177;OFICIAL;RURAL;3;20;0;0;0;La Cumbre;1;;Valle;Valle del Cauca;SI;
276563000169;BLASS DE LESSO;1;Bajo;23;0.0177;OFICIAL;RURAL;1;10;12;0;0;Pradera;2;;Valle;Valle del Cauca;SI;
219050800018;LA PAZ;2;Moderado;23;;OFICIAL;RURAL;2;21;0;0;0;Argelia;;;;Cauca;;
219075001047;CACHIMBO;1;Bajo;23;;OFICIAL;RURAL;6;17;0;0;0;Balboa;2;;;Cauca;;
219137001090;ESCUELA RURAL MIXTA EL PORVENIR-PESCADOR;1;Bajo;23;;OFICIAL;RURAL;4;19;0;0;0;Caldono;2;;;Cauca;;
219142000743;LA DOMINGA;1;Bajo;23;;OFICIAL;RURAL;3;20;0;0;0;Caloto;2;;;Cauca;;
219212000231;SAN LUIS ARRIBA;1;Bajo;23;;OFICIAL;RURAL;3;20;0;0;0;Corinto;2;;;Cauca;;
219212000355;CENTRO DOCENTE RURAL MIXTO SANTA ELENA;1;Bajo;23;;OFICIAL;RURAL;2;21;0;0;0;Corinto;1;;;Cauca;;
219418000301;SANTA CRUZ ALTO SIGUI;3;Crítico;23;;OFICIAL;RURAL;2;21;0;0;0;López de Micay;2;;;Cauca;;
219473000841;ESCUELA RURAL MIXTA LOS ANDES;3;Crítico;23;;OFICIAL;RURAL;5;18;0;0;0;Morales;1;;;Cauca;;
219532000761;EL CRUCERO;1;Bajo;23;;OFICIAL;RURAL;2;21;0;0;0;Patía;2;;;Cauca;;
219585000231;SAN JOSE;1;Bajo;23;;OFICIAL;RURAL;7;16;0;0;0;Puracé;2;;;Cauca;;
219585000673;C.E. PISANRABO - SEDE PRINCIPAL;1;Bajo;23;;OFICIAL;RURAL;3;20;0;0;0;Puracé;2;1;;Cauca;;
219698000360;CANTARITO;1;Bajo;23;;OFICIAL;RURAL;0;23;0;0;0;Santander de Quilichao;2;;;Cauca;;
219807000642;BARRO BLANCO (sede principal);1;Bajo;23;;OFICIAL;RURAL;4;19;0;0;0;Timbío;3;1;;Cauca;;
219807000880;NINO JESUS DE PRAGA;1;Bajo;23;;OFICIAL;RURAL;0;23;0;0;0;Timbío;2;;;Cauca;;
219809000330;BOCA DE YANTIN;1;Bajo;23;;OFICIAL;RURAL;1;22;0;0;0;Timbiquí;2;;;Cauca;;
205055000868;C. E. R. EL CABUYO;2;Moderado;23;0.0053;OFICIAL;RURAL;0;7;12;4;0;Argelia;2;;Antioquia;Antioquia;;Fundación Secretos Para Contar
205847000440;I. E. R. LA VENTA;1;Bajo;23;0.0053;OFICIAL;RURAL;3;20;0;0;0;Urrao;3;2;Antioquia;Antioquia;;Comfama (Caja de Compensación Familiar de Antioquia) | Fundación Empresas Públicas De Medellín
205847001535;EL SALVADOR;1;Bajo;23;0.0053;OFICIAL;RURAL;4;19;0;0;0;Urrao;1;;Antioquia;Antioquia;;Comfama (Caja de Compensación Familiar de Antioquia)
205873000024;C. E. R. GUADUALITO;1;Bajo;23;0.0053;OFICIAL;RURAL;6;17;0;0;0;Vigía del Fuerte;1;;Antioquia;Antioquia;;Fundación Secretos Para Contar
205893001418;C. E. R. CAÑO DON JUAN;2;Moderado;23;0.0053;OFICIAL;RURAL;1;7;15;0;0;Yondó;1;;Antioquia;Antioquia;;
225653000016;ESCUELA RURAL CUIBUCO;3;Crítico;23;0.0086;OFICIAL;RURAL;2;21;0;0;0;San Cayetano;2;;Cundinamarca;Cundinamarca;;
268615000976;ESCUELA RURAL MISIGUAY;2;Moderado;23;0.0171;OFICIAL;RURAL;5;18;0;0;0;Rionegro;2;;Santander;Santander;;
273270000327;LAS LAJAS;3;Crítico;23;0.0165;OFICIAL;RURAL;2;21;0;0;0;Falan;1;;Tolima;Tolima;;
217442000149;ESCUELA GUADUALEJO;1;Bajo;23;0.0286;;RURAL;6;17;0;0;0;Marmato;1;;Caldas;Caldas;;Federación Nacional de Cafeteros de Colombia
217614000383;ESCUELA RURAL CAMILO TORRES;1;Bajo;23;0.0286;;RURAL;5;18;0;0;0;Riosucio;1;;Caldas;Caldas;;
223417002773;PROVIDENCIA;3;Crítico;23;0.1021;;RURAL;5;18;0;0;0;Lorica;;;Lorica;Córdoba;;
223417002960;LAS NUBES;3;Crítico;23;0.1021;;RURAL;5;18;0;0;0;Lorica;1;;Lorica;Córdoba;;
266572800114;SEDE BUENOS AIRES;3;Crítico;22;0.0496;OFICIAL;RURAL;11;11;0;0;0;Pueblo Rico;1;;Risaralda;Risaralda;SI;
205002000131;SAN BERNARDO;2;Moderado;22;0.0051;OFICIAL;RURAL;2;9;11;0;0;Abejorral;2;;Antioquia;Antioquia;SI;Comfama (Caja de Compensación Familiar de Antioquia)
205002000661;C. E. R. JORGE JARAMILLO HENAO;2;Moderado;22;0.0051;OFICIAL;RURAL;3;14;4;1;0;Abejorral;2;;Antioquia;Antioquia;SI;
405055000778;C. E. R. LA QUIEBRA RIONEGRITO;2;Moderado;22;0.0051;OFICIAL;RURAL;0;9;9;4;0;Argelia;2;;Antioquia;Antioquia;SI;Fundación Secretos Para Contar
205665001173;C. E. R. BRISAS DEL PIRU;2;Moderado;22;0.0051;OFICIAL;RURAL;1;21;0;0;0;San Pedro de Urabá;2;;Antioquia;Antioquia;SI;
215804000328;ESC QUICHATOQUE;2;Moderado;22;0.0169;OFICIAL;RURAL;6;16;0;0;0;Tibaná;1;;Boyaca;Boyacá;NO;
205209000718;C.E.R. MAJAGUAL;2;Moderado;22;0.0051;OFICIAL;RURAL;2;1;15;4;0;Concordia;3;;Antioquia;Antioquia;SI;Comfama (Caja de Compensación Familiar de Antioquia)
205837006121;E.R. AGUA DULCE;2;Moderado;22;0.0588;OFICIAL;RURAL;5;17;0;0;0;Turbo;1;;Turbo;Antioquia;SI;
273168001777;TULUNI;1;Bajo;22;0.0158;OFICIAL;RURAL;0;22;0;0;0;Chaparral;1;;Tolima;Tolima;SI;
273168003303;LA CORTES;1;Bajo;22;0.0158;OFICIAL;RURAL;4;18;0;0;0;Chaparral;2;;Tolima;Tolima;SI;
276041000070;SAGRADO CORAZON DE JESUS;2;Moderado;22;0.0169;OFICIAL;RURAL;1;21;0;0;0;Ansermanuevo;1;;Valle;Valle del Cauca;SI;
276248000177;ROSA ZARATE DE PEÑA;2;Moderado;22;0.0169;OFICIAL;RURAL;4;18;0;0;0;El Cerrito;1;;Valle;Valle del Cauca;SI;
276248000185;RICARDO CIFUENTES RIOMAÑA;2;Moderado;22;0.0169;OFICIAL;RURAL;0;22;0;0;0;El Cerrito;1;;Valle;Valle del Cauca;SI;
276403000103;ANTONIA SANTOS;3;Crítico;22;0.0169;OFICIAL;RURAL;14;8;0;0;0;La Victoria;1;;Valle;Valle del Cauca;SI;
276622000160;JOSEFITA PEÑA;2;Moderado;22;0.0169;OFICIAL;RURAL;0;22;0;0;0;Roldanillo;;1;Valle;Valle del Cauca;SI;
276670000384;NIÑO JESUS DE PRAGA;1;Bajo;22;0.0169;OFICIAL;RURAL;0;22;0;0;0;San Pedro;1;;Valle;Valle del Cauca;SI;
219100000824;LA FLORIDA;1;Bajo;22;;OFICIAL;RURAL;1;21;0;0;0;Bolívar;1;;;Cauca;;
219130001124;LA PALMA CHAUX;2;Moderado;22;;OFICIAL;RURAL;6;16;0;0;0;Cajibío;1;;;Cauca;;
219355001310;E.R.M. TIERRAS BLANCAS CENTRO;1;Bajo;22;;OFICIAL;RURAL;5;17;0;0;0;Inzá;2;;;Cauca;;
219473000417;LA VEGA;1;Bajo;22;;OFICIAL;RURAL;9;13;0;0;0;Morales;1;;;Cauca;;
219513000016;CUERNAVACA;1;Bajo;22;;OFICIAL;RURAL;5;17;0;0;0;Padilla;2;;;Cauca;;INGENIO DEL CAUCA S.A.S.
219517001416;ESCUELA RURAL MIXTA LAS DELICIAS CALOTO;1;Bajo;22;;OFICIAL;RURAL;0;22;0;0;0;Páez;1;;;Cauca;;
219585000282;KILÓMETRO 48 (sede principal);2;Moderado;22;;OFICIAL;RURAL;3;19;0;0;0;Puracé;2;1;;Cauca;;
219693000418;HIGUERONES;1;Bajo;22;;OFICIAL;RURAL;4;18;0;0;0;San Sebastián;2;;;Cauca;;
219760000207;EL PLATANILLAL;1;Bajo;22;;OFICIAL;RURAL;6;16;0;0;0;Sotará - Paispamba;2;;;Cauca;;
219807000944;SAMBONI BAJO;1;Bajo;22;;OFICIAL;RURAL;1;21;0;0;0;Timbío;2;;;Cauca;;
219821000761;CENTRO DOCENTE RURAL MIXTA ULLUCOS;1;Bajo;22;;OFICIAL;RURAL;4;18;0;0;0;Toribío;1;;;Cauca;;
205212000231;E R QUEBRADA ARRIBA;2;Moderado;22;0.0051;OFICIAL;RURAL;3;19;0;0;0;Copacabana;1;;Antioquia;Antioquia;;
205664000131;LA PALMA;1;Bajo;22;0.0051;OFICIAL;RURAL;2;20;0;0;0;San Pedro de los Milagros;1;;Antioquia;Antioquia;;Fundación Secretos Para Contar
205674000261;LAS HOJAS;2;Moderado;22;0.0051;OFICIAL;RURAL;3;19;0;0;0;San Vicente Ferrer;1;;Antioquia;Antioquia;;
205887001856;SAN ANTONIO;1;Bajo;22;0.0051;OFICIAL;RURAL;2;20;0;0;0;Yarumal;1;;Antioquia;Antioquia;;Fundación Empresas Públicas De Medellín
205893000799;C. E. R. CIENAGA;2;Moderado;22;0.0051;OFICIAL;RURAL;0;8;14;0;0;Yondó;3;;Antioquia;Antioquia;;
205001008391;CENTRO EDUCATIVO PIEDRAS BLANCAS;1;Bajo;22;0.006;OFICIAL;RURAL;5;17;0;0;0;Medellín;1;;Medellín;Antioquia;;Comfama (Caja de Compensación Familiar de Antioquia)
225040000161;ESCUELA GENERAL SANTANDER;3;Crítico;22;0.0082;OFICIAL;RURAL;10;12;0;0;0;Anolaima;1;;Cundinamarca;Cundinamarca;;
225743000350;ESCUELA RURAL SANTA RITA BAJA;2;Moderado;22;0.0082;OFICIAL;RURAL;1;21;0;0;0;Silvania;2;;Cundinamarca;Cundinamarca;;
252693000181;SEDE 8 EL MESÓN;1;Bajo;22;0.0183;OFICIAL;RURAL;2;15;5;0;0;San Pablo;3;;Nariño;Nariño;;
266001001191;PEREZ;3;Crítico;22;0.0284;OFICIAL;RURAL;0;22;0;0;0;Pereira;3;;Pereira;Risaralda;;
266001001281;CENT EDUC LA AMOLADORA BAJA;3;Crítico;22;0.0284;OFICIAL;RURAL;6;16;0;0;0;Pereira;1;;Pereira;Risaralda;;
266088000854;SE FLOR DEL MONTE;2;Moderado;22;0.0496;OFICIAL;RURAL;2;20;0;0;0;Belén de Umbría;1;;Risaralda;Risaralda;;
268615001069;ESCUELA RURAL EL DIVISO;2;Moderado;22;0.0164;OFICIAL;RURAL;4;18;0;0;0;Rionegro;2;;Santander;Santander;;
273067001555;ALTAMIRA;1;Bajo;22;0.0158;OFICIAL;RURAL;2;20;0;0;0;Ataco;2;;Tolima;Tolima;;
273067001903;EL QUINDIO;2;Moderado;22;0.0158;OFICIAL;RURAL;1;21;0;0;0;Ataco;1;;Tolima;Tolima;;
276100001140;DOJUURU;2;Moderado;22;0.0169;OFICIAL;RURAL;4;18;0;0;0;Bolívar;1;;Valle;Valle del Cauca;;
276400000340;SAN RAFAEL;1;Bajo;22;0.0169;OFICIAL;RURAL;1;21;0;0;0;La Unión;1;;Valle;Valle del Cauca;;
276828800014;PIPISA;2;Moderado;22;0.0169;OFICIAL;RURAL;5;17;0;0;0;Trujillo;1;;Valle;Valle del Cauca;;
276869000472;XAI DE DRUA WADRA;2;Moderado;22;0.0169;OFICIAL;RURAL;4;18;0;0;0;Vijes;1;;Valle;Valle del Cauca;;
217042000646;SEDE ANZEA;3;Crítico;22;0.0274;;RURAL;6;16;0;0;0;Anserma;1;;Caldas;Caldas;;
217433000098;INSTITUCION EDUCATIVA ROMERAL - SEDE PRINCIPAL;1;Bajo;22;0.0274;;RURAL;5;17;0;0;0;Manzanares;3;1;Caldas;Caldas;;Federación Nacional de Cafeteros de Colombia
217433000071;INSTITUCIÓN EDUCATIVA SANTA BARBARA ALTA;1;Bajo;22;0.0274;;RURAL;2;20;0;0;0;Manzanares;1;;Caldas;Caldas;;Federación Nacional de Cafeteros de Colombia
217486000332;ESCUELA SANTA INÉS;2;Moderado;22;0.0274;;RURAL;2;20;0;0;0;Neira;1;;Caldas;Caldas;;Federación Nacional de Cafeteros de Colombia
217653000773;SEDE EL CEDRITO;2;Moderado;22;0.0274;;RURAL;0;8;9;5;0;Salamina;4;;Caldas;Caldas;;Federación Nacional de Cafeteros de Colombia
223417000827;EL PLAYON;3;Crítico;22;0.0977;;RURAL;2;20;0;0;0;Lorica;2;;Lorica;Córdoba;;
276520001668;ANTONIO NARIÑO;2;Moderado;21;0.0426;OFICIAL;RURAL;0;21;0;0;0;Palmira;1;;Palmira;Valle del Cauca;SI;
327001800175;CENTRO EDUCATIVO PASITO A PASITO LOVE - SEDE PRINCIPAL;1;Bajo;21;0.0572;NO OFICIAL;URBANA;10;11;0;0;0;Quibdó;;;Quibdó;Chocó;SI;
376111002126;COL MI CASITA ALEGRE;1;Bajo;21;0.1166;NO OFICIAL;URBANA;7;14;0;0;0;Guadalajara de Buga;;;Buga;Valle del Cauca;SI;
205093000111;C. E. R. LA URRAEÑA;2;Moderado;21;0.0048;OFICIAL;RURAL;4;17;0;0;0;Betulia;1;;Antioquia;Antioquia;SI;Comfama (Caja de Compensación Familiar de Antioquia) | Fundación Secretos Para Contar
273067000508;AGUA FRIA;2;Moderado;21;0.015;OFICIAL;RURAL;2;19;0;0;0;Ataco;1;;Tolima;Tolima;SI;
205837004137;E.R. BOCA MATA DE PLATANO (D)(UNIT);2;Moderado;21;0.0561;OFICIAL;RURAL;1;3;17;0;0;Turbo;2;;Turbo;Antioquia;SI;
227025000638;SEDE DE SANTA RITA;1;Bajo;21;0.0184;OFICIAL;RURAL;0;21;0;0;0;Alto Baudó;3;;Choco;Chocó;SI;
227025000263;SEDE DE CHIGORODÓ;1;Bajo;21;0.0184;OFICIAL;RURAL;0;21;0;0;0;Alto Baudó;2;;Choco;Chocó;SI;
227077001705;SEDE SANTA PAULINA;1;Bajo;21;0.0184;OFICIAL;RURAL;1;20;0;0;0;Bajo Baudó;1;;Choco;Chocó;SI;
273270000203;POMPONA;1;Bajo;21;0.015;OFICIAL;RURAL;3;18;0;0;0;Palocabildo;1;;Tolima;Tolima;SI;
317001004453;JARDIN INFANTIL MIS COLORES;1;Bajo;21;0.0442;NO OFICIAL;URBANA;21;0;0;0;0;Manizales;;;Manizales;Caldas;SI;
273200000109;DOS QUEBRADAS;1;Bajo;21;0.015;OFICIAL;RURAL;6;15;0;0;0;Coello;1;;Tolima;Tolima;SI;
273270000416;MULEROS;1;Bajo;21;0.015;OFICIAL;RURAL;4;17;0;0;0;Palocabildo;1;;Tolima;Tolima;SI;
276233000472;MARIO FERNANDEZ DE SOTO;3;Crítico;21;0.0161;OFICIAL;RURAL;1;20;0;0;0;Dagua;;1;Valle;Valle del Cauca;SI;
276736000356;SAN GERARDO;1;Bajo;21;0.0161;OFICIAL;RURAL;1;12;7;1;0;Sevilla;2;;Valle;Valle del Cauca;SI;
276109001886;EDUARDO SANTOS;3;Crítico;21;0.0376;OFICIAL;RURAL;0;21;0;0;0;Buenaventura;1;;Buenaventura;Valle del Cauca;SI;
219022000073;LA PILA;1;Bajo;21;;OFICIAL;RURAL;11;10;0;0;0;Almaguer;1;;;Cauca;;
219100000417;EL SESTEADERO (sede principal);1;Bajo;21;;OFICIAL;RURAL;4;17;0;0;0;Bolívar;2;1;;Cauca;;
219100001600;LA MONJA;1;Bajo;21;;OFICIAL;RURAL;6;15;0;0;0;Bolívar;2;;;Cauca;;
219110000237;SAN JERONIMO;1;Bajo;21;;OFICIAL;RURAL;3;18;0;0;0;Buenos Aires;1;;;Cauca;;
219130000021;LA INDEPENDENCIA;1;Bajo;21;;OFICIAL;RURAL;3;18;0;0;0;Cajibío;1;;;Cauca;;
219130000748;PALACE;1;Bajo;21;;OFICIAL;RURAL;0;21;0;0;0;Cajibío;2;;;Cauca;;
219256000352;LIMONCITO MIRRINGA;1;Bajo;21;;OFICIAL;RURAL;4;17;0;0;0;El Tambo;2;;;Cauca;;
219418001447;EL CARMEN - NAYA;1;Bajo;21;;OFICIAL;RURAL;3;18;0;0;0;López de Micay;2;;;Cauca;;
263470000121;BUENOS AIRES;1;Bajo;21;0.0578;OFICIAL;RURAL;2;19;0;0;0;Montenegro;;;Quindio;Quindio;;
205002000980;ALTAMIRA;2;Moderado;21;0.0048;OFICIAL;RURAL;2;12;7;0;0;Abejorral;2;;Antioquia;Antioquia;;
205002000475;C. E. R. SAN VICENTE;2;Moderado;21;0.0048;OFICIAL;RURAL;3;7;9;2;0;Abejorral;2;;Antioquia;Antioquia;;
205091000611;I. E. R. PALENQUE;2;Moderado;21;0.0048;OFICIAL;RURAL;2;19;0;0;0;Betania;1;;Antioquia;Antioquia;;Comfama (Caja de Compensación Familiar de Antioquia) | Fundación Secretos Para Contar
205576000155;C. E. R. LOURDES;1;Bajo;21;0.0048;OFICIAL;RURAL;2;7;11;1;0;Pueblorrico;3;;Antioquia;Antioquia;;Comfama (Caja de Compensación Familiar de Antioquia)
205674000015;LOS ARRAYANES;1;Bajo;21;0.0048;OFICIAL;RURAL;4;17;0;0;0;San Vicente Ferrer;1;;Antioquia;Antioquia;;
205679000307;C. E. R. SANTA MARGARITA;2;Moderado;21;0.0048;OFICIAL;RURAL;1;7;10;3;0;Santa Bárbara;2;;Antioquia;Antioquia;;Comfama (Caja de Compensación Familiar de Antioquia)
205001007611;CENTRO EDUCATIVO YARUMALITO;1;Bajo;21;0.0058;OFICIAL;RURAL;2;19;0;0;0;Medellín;;;Medellín;Antioquia;;Comfama (Caja de Compensación Familiar de Antioquia)
225317000113;ESCUELA RURAL PUEBLO VIEJO;1;Bajo;21;0.0078;OFICIAL;RURAL;2;19;0;0;0;Guachetá;1;;Cundinamarca;Cundinamarca;;
225743000121;ESCUELA RURAL PANAMA ALTA;3;Crítico;21;0.0078;OFICIAL;RURAL;1;20;0;0;0;Silvania;1;;Cundinamarca;Cundinamarca;;
266001004484;EL RINCON;3;Crítico;21;0.0271;OFICIAL;RURAL;3;18;0;0;0;Pereira;1;;Pereira;Risaralda;;
266088000366;SE EL TIGRE;2;Moderado;21;0.0473;OFICIAL;RURAL;2;5;10;4;0;Belén de Umbría;2;;Risaralda;Risaralda;;
273067001733;EL BALSO;2;Moderado;21;0.015;OFICIAL;RURAL;5;16;0;0;0;Ataco;1;;Tolima;Tolima;;
276126000168;SANTA ANA;3;Crítico;21;0.0161;OFICIAL;RURAL;0;21;0;0;0;Calima;1;1;Valle;Valle del Cauca;;
276126000397;SAN ALBERTO;3;Crítico;21;0.0161;OFICIAL;RURAL;15;6;0;0;0;Calima;2;;Valle;Valle del Cauca;;
217444000146;ESCUELA RURAL EL PORVENIR;1;Bajo;21;0.0261;;RURAL;3;18;0;0;0;Marquetalia;1;;Caldas;Caldas;;Federación Nacional de Cafeteros de Colombia
217541001335;CENTRO EDUCATIVO ALBANIA BAJA;2;Moderado;21;0.0261;;RURAL;3;18;0;0;0;Pensilvania;;;Caldas;Caldas;;Federación Nacional de Cafeteros de Colombia
217614000120;ESCUELA RURAL EL JORDAN;1;Bajo;21;0.0261;;RURAL;2;7;12;0;0;Riosucio;4;;Caldas;Caldas;;
217614000618;ESCUELA RURAL MIXTA TRAVESIAS;2;Moderado;21;0.0261;;RURAL;5;16;0;0;0;Riosucio;1;;Caldas;Caldas;;Federación Nacional de Cafeteros de Colombia
217777000054;ESCUELA RURAL LA PAVA;2;Moderado;21;0.0261;;RURAL;2;19;0;0;0;Supía;1;;Caldas;Caldas;;Federación Nacional de Cafeteros de Colombia
223417000231;LOS PLATANALES;2;Moderado;21;0.0933;;RURAL;4;17;0;0;0;Lorica;4;;Lorica;Córdoba;;
273236000261;LLANITOS;3;Crítico;20;0.0143;OFICIAL;RURAL;4;16;0;0;0;Dolores;1;;Tolima;Tolima;SI;
276497000217;MERCEDES ABREGO;3;Crítico;20;0.0154;OFICIAL;RURAL;4;16;0;0;0;Obando;1;;Valle;Valle del Cauca;SI;
205055000388;C. E. R. SAN LUIS;2;Moderado;20;0.0046;OFICIAL;RURAL;0;10;8;2;0;Argelia;1;;Antioquia;Antioquia;SI;Fundación Secretos Para Contar
205541000276;C. E. R. JESUS ANTONIO FRANCO;2;Moderado;20;0.0046;OFICIAL;RURAL;2;18;0;0;0;Peñol;1;;Antioquia;Antioquia;SI;Comfama (Caja de Compensación Familiar de Antioquia)
227615007051;SEDE PUERTO LLERAS;1;Bajo;20;0.0176;OFICIAL;RURAL;2;18;0;0;0;Carmen del Darién;1;;Choco;Chocó;SI;
217001000402;INSTITUCIÓN EDUCATIVA RURAL JOSE ANTONIO GALAN SEDE B;1;Bajo;20;0.0421;OFICIAL;RURAL;2;18;0;0;0;Manizales;2;;Manizales;Caldas;SI;
217001000372;INSTITUCIÓN EDUCATIVA RURAL SAN PEREGRINO SEDE B;1;Bajo;20;0.0421;OFICIAL;RURAL;20;0;0;0;0;Manizales;1;;Manizales;Caldas;SI;
215832000147;ESC RUR PALMAR;1;Bajo;20;0.0153;OFICIAL;RURAL;2;18;0;0;0;Tununguá;1;;Boyaca;Boyacá;NO;
268547000466;ESCUELA RURAL EL VOLADOR;1;Bajo;20;0.0601;OFICIAL;RURAL;6;14;0;0;0;Piedecuesta;1;;Piedecuesta;Santander;NO;
276233000341;TOMAS CIPRIANO DE MOSQUERA;1;Bajo;20;0.0154;OFICIAL;RURAL;3;17;0;0;0;Dagua;1;;Valle;Valle del Cauca;SI;
276306000115;JOSE MARIA VILLEGAS;2;Moderado;20;0.0154;OFICIAL;RURAL;2;18;0;0;0;Ginebra;1;;Valle;Valle del Cauca;SI;
276622000178;JOSE ACEVEDO Y GÓMEZ;2;Moderado;20;0.0154;OFICIAL;RURAL;12;8;0;0;0;Roldanillo;;;Valle;Valle del Cauca;SI;
276109006888;ALAMBIQUE;3;Crítico;20;0.0359;OFICIAL;RURAL;0;20;0;0;0;Buenaventura;1;;Buenaventura;Valle del Cauca;SI;
276109009046;DIVINO NIÑO;3;Crítico;20;0.0359;OFICIAL;RURAL;0;20;0;0;0;Buenaventura;3;;Buenaventura;Valle del Cauca;SI;
219100000930;ESCUELA RURAL MIXTA CIMARRONAS NUEVA GRANADA;3;Crítico;20;;OFICIAL;RURAL;0;20;0;0;0;Bolívar;2;;;Cauca;;
219100001596;ROMERILLOS;1;Bajo;20;;OFICIAL;RURAL;5;15;0;0;0;Bolívar;2;;;Cauca;;
219110001594;ESCUELA RURAL MIXTA LA ELVIRA;1;Bajo;20;;OFICIAL;RURAL;2;18;0;0;0;Buenos Aires;2;;;Cauca;;
219743000244;LA ESTRELLA;1;Bajo;20;;OFICIAL;RURAL;6;14;0;0;0;Silvia;1;;;Cauca;;
219780000548;EL AMPARO;1;Bajo;20;;OFICIAL;RURAL;10;10;0;0;0;Suárez;2;;;Cauca;;
419743001088;CENTRO DOCENTE RURAL MIXTO TULCAN;1;Bajo;20;;OFICIAL;RURAL;3;17;0;0;0;Silvia;3;;;Cauca;;
263401000047;LA IRLANDA;1;Bajo;20;0.0551;OFICIAL;RURAL;2;18;0;0;0;La Tebaida;2;;Quindio;Quindio;;
205034000868;C. E. R. SAN PERUCHO;2;Moderado;20;0.0046;OFICIAL;RURAL;4;16;0;0;0;Andes;1;;Antioquia;Antioquia;;Comfama (Caja de Compensación Familiar de Antioquia) | Fundación Fraternidad Medellín
205093000570;LA PADILLA;2;Moderado;20;0.0046;OFICIAL;RURAL;2;12;4;2;0;Betulia;2;;Antioquia;Antioquia;;Comfama (Caja de Compensación Familiar de Antioquia) | Fundación Secretos Para Contar
205125000089;C. E. R. EL ENCANTO;2;Moderado;20;0.0046;OFICIAL;RURAL;0;11;9;0;0;Caicedo;2;;Antioquia;Antioquia;;Fundación Secretos Para Contar
205197000504;C. E. R. EL CHOCO;2;Moderado;20;0.0046;OFICIAL;RURAL;5;15;0;0;0;Cocorná;1;;Antioquia;Antioquia;;
205607000167;C. E. R. DON DIEGO;2;Moderado;20;0.0046;OFICIAL;RURAL;0;20;0;0;0;Retiro;1;;Antioquia;Antioquia;;Fundación Secretos Para Contar
205792000160;LA ARBOLEDA;2;Moderado;20;0.0046;OFICIAL;RURAL;2;8;7;3;0;Tarso;2;;Antioquia;Antioquia;;Comfama (Caja de Compensación Familiar de Antioquia)
205847000326;SAN JOSE;1;Bajo;20;0.0046;OFICIAL;RURAL;2;18;0;0;0;Urrao;;;Antioquia;Antioquia;;Comfama (Caja de Compensación Familiar de Antioquia)
205893000811;C. E. R. EL CAMPO;2;Moderado;20;0.0046;OFICIAL;RURAL;0;20;0;0;0;Yondó;1;;Antioquia;Antioquia;;
225154000099;CONCENTRACION RURAL POLICARPA SALAVARRIETA;2;Moderado;20;0.0075;OFICIAL;RURAL;3;17;0;0;0;Carmen de Carupa;1;;Cundinamarca;Cundinamarca;;
225513000768;ESCUELA RURAL LLANO DE TRIGO;3;Crítico;20;0.0075;OFICIAL;RURAL;2;18;0;0;0;Pacho;1;;Cundinamarca;Cundinamarca;;Fundación Alquería Cavelier
225815000139;ESCUELA RURAL ZELANDIA;2;Moderado;20;0.0075;OFICIAL;RURAL;4;16;0;0;0;Tocaima;1;;Cundinamarca;Cundinamarca;;
252693000199;SEDE 7 LOS ROBLES;1;Bajo;20;0.0166;OFICIAL;RURAL;3;17;0;0;0;San Pablo;2;;Nariño;Nariño;;
266001002104;CENT EDUC EL JAZMIN;3;Crítico;20;0.0258;OFICIAL;RURAL;4;16;0;0;0;Pereira;1;;Pereira;Risaralda;;
266001002031;CENT EDUC CLARETH;3;Crítico;20;0.0258;OFICIAL;RURAL;3;17;0;0;0;Pereira;;;Pereira;Risaralda;;
266594000412;SE MIRAFLORES;1;Bajo;20;0.0451;OFICIAL;RURAL;2;18;0;0;0;Quinchía;1;;Risaralda;Risaralda;;
273270000246;HOYO NEGRO;3;Crítico;20;0.0143;OFICIAL;RURAL;3;17;0;0;0;Falan;1;;Tolima;Tolima;;
273616000132;EL VERGEL;1;Bajo;20;0.0143;OFICIAL;RURAL;3;17;0;0;0;Rioblanco;1;;Tolima;Tolima;;
276243800001;RUCAIDA;3;Crítico;20;0.0154;OFICIAL;RURAL;3;17;0;0;0;El Águila;1;;Valle;Valle del Cauca;;
276250000885;KIMI PERNIA DOMICO 1;2;Moderado;20;0.0154;OFICIAL;RURAL;1;19;0;0;0;El Dovio;1;;Valle;Valle del Cauca;;
276275001169;LA PRIMAVERA;1;Bajo;20;0.0154;OFICIAL;RURAL;3;17;0;0;0;Florida;1;;Valle;Valle del Cauca;;
176622000866;LIBARDO MADRID VALDERRAMA;1;Bajo;20;0.0154;OFICIAL;URBANA;1;19;0;0;0;Roldanillo;3;;Valle;Valle del Cauca;;
276622001001;DEARA DE;3;Crítico;20;0.0154;OFICIAL;RURAL;1;19;0;0;0;Roldanillo;;;Valle;Valle del Cauca;;
217433000292;ESCUELA RURAL CAMPOALEGRE;3;Crítico;20;0.0249;;RURAL;6;14;0;0;0;Manzanares;;;Caldas;Caldas;;Federación Nacional de Cafeteros de Colombia
217541000711;ESCUELA RURAL SANTA TERESITA;2;Moderado;20;0.0249;;RURAL;2;5;6;7;0;Pensilvania;3;;Caldas;Caldas;;Federación Nacional de Cafeteros de Colombia
217614000049;ESCUELA RURAL PIEDRAS;2;Moderado;20;0.0249;;RURAL;1;19;0;0;0;Riosucio;1;;Caldas;Caldas;;
217777000127;SEDE ALTO SEVILLA;3;Crítico;20;0.0249;;RURAL;3;17;0;0;0;Supía;2;;Caldas;Caldas;;
217777000259;SEDE DOSQUEBRADAS;2;Moderado;20;0.0249;;RURAL;3;17;0;0;0;Supía;1;;Caldas;Caldas;;
227615001494;SEDE EL COCO ARENAL;3;Crítico;19;0.0167;OFICIAL;RURAL;0;19;0;0;0;Riosucio;1;;Choco;Chocó;SI;
227077000393;SEDE NUESTRA SEÑORA DE LAS PEÑAS;3;Crítico;19;0.0167;OFICIAL;RURAL;0;19;0;0;0;Bajo Baudó;1;;Choco;Chocó;SI;
227615800125;SEDE BUENOS AIRES;3;Crítico;19;0.0167;OFICIAL;RURAL;1;18;0;0;0;Nuevo Belén de Bajirá;1;;Choco;Chocó;SI;
276364000915;SEDE CACIQUE PETECUY;3;Crítico;19;0.0686;OFICIAL;RURAL;5;14;0;0;0;Jamundí;1;;Jamundí;Valle del Cauca;SI;
205483000163;C. E. R. EL RECREO;1;Bajo;19;0.0044;OFICIAL;RURAL;0;4;11;4;0;Nariño;2;;Antioquia;Antioquia;SI;
205674000104;GUAMITO;2;Moderado;19;0.0044;OFICIAL;RURAL;6;13;0;0;0;San Vicente Ferrer;1;;Antioquia;Antioquia;SI;
376364002513;COLEGIO SEMBRANDO SEMILLAS - SEDE PRINCIPAL;1;Bajo;19;0.0686;NO OFICIAL;URBANA;19;0;0;0;0;Jamundí;;;Jamundí;Valle del Cauca;SI;Fundación Nutresa
276364002403;SEDE DESTELLOS DE ESPERANZA;2;Moderado;19;0.0686;OFICIAL;RURAL;3;16;0;0;0;Jamundí;1;;Jamundí;Valle del Cauca;SI;
205837800210;LA TOYOSA;2;Moderado;19;0.0507;OFICIAL;RURAL;2;17;0;0;0;Turbo;1;;Turbo;Antioquia;SI;
317001003015;JARDIN INFANTIL LA ANUNCIACION;1;Bajo;19;0.04;NO OFICIAL;URBANA;19;0;0;0;0;Manizales;;;Manizales;Caldas;SI;
273270000432;EL PALMAR;2;Moderado;19;0.0136;OFICIAL;RURAL;1;18;0;0;0;Palocabildo;2;;Tolima;Tolima;SI;
105837005830;E.R. SAN JOSE;2;Moderado;19;0.0507;OFICIAL;RURAL;0;19;0;0;0;Turbo;1;;Turbo;Antioquia;SI;
205837007187;E.R. EL VOLCÁN DOKERA;2;Moderado;19;0.0507;OFICIAL;RURAL;2;8;9;0;0;Turbo;2;;Turbo;Antioquia;SI;Fundación Secretos Para Contar
405837004691;E.R. RANCHERIA;2;Moderado;19;0.0507;OFICIAL;RURAL;2;17;0;0;0;Turbo;1;;Turbo;Antioquia;SI;
227077002116;SEDE MARIA ALEJANDRA;2;Moderado;19;0.0167;OFICIAL;RURAL;1;18;0;0;0;Bajo Baudó;1;;Choco;Chocó;SI;
227245000469;SEDE EL QUINCE;1;Bajo;19;0.0167;OFICIAL;RURAL;1;18;0;0;0;El Carmen de Atrato;2;;Choco;Chocó;SI;
227077000181;SEDE LA CANDELARIA;1;Bajo;19;0.0167;OFICIAL;RURAL;5;14;0;0;0;Medio Baudó;1;;Choco;Chocó;SI;
276041000088;CARTAGENA DE INDIAS;1;Bajo;19;0.0146;OFICIAL;RURAL;2;17;0;0;0;Ansermanuevo;1;;Valle;Valle del Cauca;SI;
276318000064;SAN ROQUE;1;Bajo;19;0.0146;OFICIAL;RURAL;0;19;0;0;0;Guacarí;1;;Valle;Valle del Cauca;SI;
219256002061;CHAPA (Sede Principal);1;Bajo;19;;OFICIAL;RURAL;3;16;0;0;0;El Tambo;2;1;;Cauca;;
219701000805;LA PETROLERA;1;Bajo;19;;OFICIAL;RURAL;5;14;0;0;0;Santa Rosa;;;;Cauca;;
419110001666;ESCUELA RURAL MIXTA LA ALSACIA;2;Moderado;19;;OFICIAL;RURAL;2;17;0;0;0;Buenos Aires;1;;;Cauca;;
205002000106;C. E. R. ANTONIO DUQUE JIMENEZ;2;Moderado;19;0.0044;OFICIAL;RURAL;3;16;0;0;0;Abejorral;1;;Antioquia;Antioquia;;
205002000327;C. E. R. SANTA ANA;2;Moderado;19;0.0044;OFICIAL;RURAL;3;7;6;3;0;Abejorral;2;;Antioquia;Antioquia;;
205034000426;C. E. R. SAN AGUSTIN;2;Moderado;19;0.0044;OFICIAL;RURAL;2;17;0;0;0;Andes;1;;Antioquia;Antioquia;;Comfama (Caja de Compensación Familiar de Antioquia)
205042000419;C. E. R. OBREGON;2;Moderado;19;0.0044;OFICIAL;RURAL;3;16;0;0;0;Santa Fé de Antioquia;1;;Antioquia;Antioquia;;
205079000834;C. E. R. VALLECITOS;2;Moderado;19;0.0044;OFICIAL;RURAL;4;15;0;0;0;Barbosa;1;;Antioquia;Antioquia;;
205483000210;C. E. R. GUAMAL;1;Bajo;19;0.0044;OFICIAL;RURAL;0;12;7;0;0;Nariño;2;;Antioquia;Antioquia;;
205649000647;C. E. R. LA TUPIADA;1;Bajo;19;0.0044;OFICIAL;RURAL;3;16;0;0;0;San Carlos;;;Antioquia;Antioquia;;
205686000631;SAN BERNARDO;1;Bajo;19;0.0044;OFICIAL;RURAL;0;19;0;0;0;Santa Rosa de Osos;1;;Antioquia;Antioquia;;
205686000061;HORACIO TORO OCHOA;2;Moderado;19;0.0044;OFICIAL;RURAL;2;15;2;0;0;Santa Rosa de Osos;2;;Antioquia;Antioquia;;Fundación Empresas Públicas De Medellín
205756000749;C. E. R. LOS PLANES;2;Moderado;19;0.0044;OFICIAL;RURAL;3;8;6;2;0;Sonsón;2;;Antioquia;Antioquia;;
205761000013;E U FRANCISCO MEDINA PEREZ;2;Moderado;19;0.0044;OFICIAL;URBANA;3;16;0;0;0;Sopetrán;2;;Antioquia;Antioquia;;
225599000145;ESCUELA NUEVA RURAL NARANJAL;1;Bajo;19;0.0071;OFICIAL;RURAL;2;17;0;0;0;Apulo;;;Cundinamarca;Cundinamarca;;
225649000214;ESCUELA RURAL ALEJANDRIA;2;Moderado;19;0.0071;OFICIAL;RURAL;3;16;0;0;0;San Bernardo;1;;Cundinamarca;Cundinamarca;;
266001001272;CENT EDUC LA SELVA;3;Crítico;19;0.0245;OFICIAL;RURAL;6;13;0;0;0;Pereira;;;Pereira;Risaralda;;
266001001434;CENT EDUC LA SUECIA;3;Crítico;19;0.0245;OFICIAL;RURAL;1;18;0;0;0;Pereira;1;;Pereira;Risaralda;;
273067001105;PENSILVANIA;1;Bajo;19;0.0136;OFICIAL;RURAL;4;15;0;0;0;Ataco;1;;Tolima;Tolima;;
273449000711;LAS PALMAS;3;Crítico;19;0.0136;OFICIAL;RURAL;1;18;0;0;0;Melgar;1;;Tolima;Tolima;;
217042000255;SEDE VILLA OROZCO;1;Bajo;19;0.0237;;RURAL;5;14;0;0;0;Anserma;1;;Caldas;Caldas;;
217433000217;ESCUELA RURAL LA CEIBA;3;Crítico;19;0.0237;;RURAL;1;18;0;0;0;Manzanares;1;;Caldas;Caldas;;Federación Nacional de Cafeteros de Colombia
217442000190;ESCUELA LA LOMA;1;Bajo;19;0.0237;;RURAL;1;18;0;0;0;Marmato;1;;Caldas;Caldas;;Federación Nacional de Cafeteros de Colombia
217614000561;ESCUELA RURAL MIXTA SAN JUAN;2;Moderado;19;0.0237;;RURAL;3;16;0;0;0;Riosucio;1;;Caldas;Caldas;;
217777000038;ESCUELA RURAL PALMASOLA;2;Moderado;19;0.0237;;RURAL;2;17;0;0;0;Supía;1;;Caldas;Caldas;;Federación Nacional de Cafeteros de Colombia
223417002943;EL LIMBO;2;Moderado;19;0.0844;;RURAL;3;16;0;0;0;Lorica;1;;Lorica;Córdoba;;
223417002145;PUEBLO NUEVO;2;Moderado;19;0.0844;;RURAL;3;16;0;0;0;Lorica;2;;Lorica;Córdoba;;
223417002757;MATA DE CAÑA MARGEN IZQUIERDA;3;Crítico;19;0.0844;;RURAL;6;13;0;0;0;Lorica;1;;Lorica;Córdoba;;
223417000215;SAN RAFAEL;2;Moderado;19;0.0844;;RURAL;3;16;0;0;0;Lorica;1;;Lorica;Córdoba;;
276364000231;JOSE ANTONIO MONTALVO-SEDE;3;Crítico;18;0.065;OFICIAL;RURAL;3;15;0;0;0;Jamundí;2;;Jamundí;Valle del Cauca;SI;
227077001144;SEDE SABIO SALOMON;3;Crítico;18;0.0158;OFICIAL;RURAL;1;17;0;0;0;Bajo Baudó;1;;Choco;Chocó;SI;
268547000326;ESCUELA RURAL SANTA RITA;3;Crítico;18;0.0541;OFICIAL;RURAL;1;6;11;0;0;Piedecuesta;1;;Piedecuesta;Santander;NO;
266594000544;SE AGUA SALADA;3;Crítico;18;0.0406;OFICIAL;RURAL;4;14;0;0;0;Quinchía;1;;Risaralda;Risaralda;SI;
273236000237;LA SOLEDAD;3;Crítico;18;0.0129;OFICIAL;RURAL;2;16;0;0;0;Dolores;1;;Tolima;Tolima;SI;
276147000656;MARISCAL ROBLEDO;3;Crítico;18;0.1013;OFICIAL;RURAL;3;15;0;0;0;Cartago;1;;Cartago;Valle del Cauca;SI;
205631000186;E R LAS LOMITAS (UNIT);2;Moderado;18;0.1552;OFICIAL;RURAL;0;18;0;0;0;Sabaneta;1;;Sabaneta;Antioquia;SI;Periódico El Mundo
205837007403;E.R EL VENAO;2;Moderado;18;0.0481;OFICIAL;RURAL;1;7;6;4;0;Turbo;2;;Turbo;Antioquia;SI;
227361002410;SEDE GUINIGUINI;2;Moderado;18;0.0158;OFICIAL;RURAL;3;15;0;0;0;Istmina;2;;Choco;Chocó;SI;
252001004416;ESC RUR MIX BELLAVISTA;2;Moderado;18;0.0304;OFICIAL;RURAL;4;14;0;0;0;Pasto;1;;Pasto;Nariño;NO;
273352000171;DOSQUEBRADAS;2;Moderado;18;0.0129;OFICIAL;RURAL;3;15;0;0;0;Icononzo;1;;Tolima;Tolima;SI;
205837000484;E.R. PUYA PUNTO ROJO;2;Moderado;18;0.0481;OFICIAL;RURAL;2;16;0;0;0;Turbo;1;;Turbo;Antioquia;SI;
205837004871;E.R. LA POLA;2;Moderado;18;0.0481;OFICIAL;RURAL;1;9;8;0;0;Turbo;1;;Turbo;Antioquia;SI;
205837004480;E.R. NUEVA COLOMBIA;2;Moderado;18;0.0481;OFICIAL;RURAL;1;17;0;0;0;Turbo;1;;Turbo;Antioquia;SI;
227099000117;SEDE CORAZON DE JESUS;1;Bajo;18;0.0158;OFICIAL;RURAL;0;18;0;0;0;Bojayá;1;;Choco;Chocó;SI;
276364000133;SAN JUAN BOSCO-SEDE;1;Bajo;18;0.065;OFICIAL;RURAL;4;14;0;0;0;Jamundí;1;;Jamundí;Valle del Cauca;SI;
317001004119;LICEO INFANTIL TRAVESURAS;1;Bajo;18;0.0379;NO OFICIAL;URBANA;7;11;0;0;0;Manizales;;;Manizales;Caldas;SI;
273200000052;LIBORIO MEJIA;1;Bajo;18;0.0129;OFICIAL;RURAL;2;16;0;0;0;Coello;1;;Tolima;Tolima;SI;
273675000511;LAS JUNTAS;1;Bajo;18;0.0129;OFICIAL;RURAL;1;17;0;0;0;San Antonio;1;;Tolima;Tolima;SI;
227615000579;SEDE NUEVA LUZ;1;Bajo;18;0.0158;OFICIAL;RURAL;2;16;0;0;0;Riosucio;2;;Choco;Chocó;SI;
263001001184;MURILLO;1;Bajo;18;0.0445;OFICIAL;RURAL;3;15;0;0;0;Armenia;1;;Armenia;Quindio;SI;
227361000808;SEDE BOCA DE RASPADURA;2;Moderado;18;0.0158;OFICIAL;RURAL;6;12;0;0;0;El Cantón del San Pablo;1;;Choco;Chocó;SI;
276100000500;SATELITE RICAURTE;3;Crítico;18;0.0138;OFICIAL;RURAL;0;0;18;0;0;Bolívar;2;;Valle;Valle del Cauca;SI;
276622000216;SANTA ROSA DE LIMA;2;Moderado;18;0.0138;OFICIAL;RURAL;6;12;0;0;0;Roldanillo;1;;Valle;Valle del Cauca;SI;
276622000283;MIGUEL ANTONIO CARO;3;Crítico;18;0.0138;OFICIAL;RURAL;13;5;0;0;0;Roldanillo;1;1;Valle;Valle del Cauca;SI;
276109001916;RAQUEL MERCADO;1;Bajo;18;0.0323;OFICIAL;RURAL;3;15;0;0;0;Buenaventura;1;;Buenaventura;Valle del Cauca;SI;
219100000255;ESCUELA RURAL MIXTA LA PLAYA DE SAN JUAN;1;Bajo;18;;OFICIAL;RURAL;3;15;0;0;0;Bolívar;1;1;;Cauca;;
219100000701;LA GRANJA;1;Bajo;18;;OFICIAL;RURAL;2;16;0;0;0;Bolívar;2;;;Cauca;;
219100000760;LLANADAS VILLANUEVA;1;Bajo;18;;OFICIAL;RURAL;6;12;0;0;0;Bolívar;2;;;Cauca;;
219110000288;SAN MIGUEL;3;Crítico;18;;OFICIAL;RURAL;2;16;0;0;0;Buenos Aires;2;;;Cauca;;
219110000709;SANTA CATALINA;1;Bajo;18;;OFICIAL;RURAL;4;14;0;0;0;Buenos Aires;2;;;Cauca;;
219130000349;EL CIDRAL;1;Bajo;18;;OFICIAL;RURAL;4;14;0;0;0;Cajibío;2;;;Cauca;;
219212001441;SAN LUIS ABAJO;1;Bajo;18;;OFICIAL;RURAL;1;17;0;0;0;Corinto;2;;;Cauca;;
219392000030;EL TUNEL (sede principal);1;Bajo;18;;OFICIAL;RURAL;3;15;0;0;0;La Sierra;1;;;Cauca;;
219450000193;LA MONJA;1;Bajo;18;;OFICIAL;RURAL;4;14;0;0;0;Mercaderes;1;;;Cauca;;
219693000167;PARAMILLOS (sede principal);1;Bajo;18;;OFICIAL;RURAL;2;16;0;0;0;San Sebastián;2;1;;Cauca;;
219743000112;CENTRO DOCENTE RURAL MIXTO SAN PEDRO EL BOSQUE;1;Bajo;18;;OFICIAL;RURAL;4;14;0;0;0;Silvia;1;;;Cauca;;
219743000783;ESCUELA RURAL MIXTA SAGRADO CORAZON;1;Bajo;18;;OFICIAL;RURAL;3;15;0;0;0;Silvia;1;;;Cauca;;
263594000057;SAGRADA FAMILIA;3;Crítico;18;0.0496;OFICIAL;RURAL;1;17;0;0;0;Quimbaya;1;;Quindio;Quindio;;
205034000167;C. E. R. ALFREDO GONZALEZ;2;Moderado;18;0.0041;OFICIAL;RURAL;3;15;0;0;0;Andes;1;;Antioquia;Antioquia;;Comfama (Caja de Compensación Familiar de Antioquia)
205079000818;C. E. R. ABRAHAM RIOS;2;Moderado;18;0.0041;OFICIAL;RURAL;1;17;0;0;0;Barbosa;1;;Antioquia;Antioquia;;
205138000835;EL MADERO;2;Moderado;18;0.0041;OFICIAL;RURAL;0;18;0;0;0;Cañasgordas;1;;Antioquia;Antioquia;;Fundación Secretos Para Contar
205364000309;C. E. R. JOSE MARIA GOMEZ ANGEL;2;Moderado;18;0.0041;OFICIAL;RURAL;6;12;0;0;0;Jardín;1;;Antioquia;Antioquia;;Comfama (Caja de Compensación Familiar de Antioquia)
205543000052;SANTA AGUEDA;2;Moderado;18;0.0041;OFICIAL;RURAL;0;8;10;0;0;Peque;2;;Antioquia;Antioquia;;Fundación Secretos Para Contar
205642000064;PORFIRIO BARBA JACOB;2;Moderado;18;0.0041;OFICIAL;RURAL;1;17;0;0;0;Salgar;1;;Antioquia;Antioquia;;Comfama (Caja de Compensación Familiar de Antioquia)
205667000581;LOS CENTROS;1;Bajo;18;0.0041;OFICIAL;RURAL;0;9;9;0;0;San Rafael;2;;Antioquia;Antioquia;;Corporación Empresarial Del Oriente Antioqueño
205670000720;I.E.R. SAN JUAN;2;Moderado;18;0.0041;OFICIAL;RURAL;3;7;8;0;0;San Roque;1;2;Antioquia;Antioquia;;Comfama (Caja de Compensación Familiar de Antioquia) | Fundación Secretos Para Contar
205686000304;EL VERGEL;2;Moderado;18;0.0041;OFICIAL;RURAL;2;16;0;0;0;Santa Rosa de Osos;1;;Antioquia;Antioquia;;
205756000404;C. E. R. CAUNZAL;2;Moderado;18;0.0041;OFICIAL;RURAL;3;15;0;0;0;Sonsón;1;;Antioquia;Antioquia;;
266001001353;CE LA BAMBA;3;Crítico;18;0.0233;OFICIAL;RURAL;10;8;0;0;0;Pereira;1;;Pereira;Risaralda;;
266001001124;CENT EDUC SAN VICENTE;3;Crítico;18;0.0233;OFICIAL;RURAL;0;18;0;0;0;Pereira;;;Pereira;Risaralda;;
266001001442;CE LAGUNETA;3;Crítico;18;0.0233;OFICIAL;RURAL;1;17;0;0;0;Pereira;1;;Pereira;Risaralda;;
266088000455;SE SANTA ELENA;2;Moderado;18;0.0406;OFICIAL;RURAL;5;13;0;0;0;Belén de Umbría;1;;Risaralda;Risaralda;;
273067001288;EL SALADO;1;Bajo;18;0.0129;OFICIAL;RURAL;2;16;0;0;0;Ataco;1;;Tolima;Tolima;;
273622000667;SAN JOSE;2;Moderado;18;0.0129;OFICIAL;RURAL;3;15;0;0;0;Roncesvalles;1;;Tolima;Tolima;;
276126000133;JOHN F. KENNEDY;3;Crítico;18;0.0138;OFICIAL;RURAL;3;15;0;0;0;Calima;2;;Valle;Valle del Cauca;;Fundación Nutresa
276563000045;INSTITUCION EDUCATIVA MERCEDES ABREGO - SEDE PRINCIPAL;1;Bajo;18;0.0138;OFICIAL;RURAL;2;10;6;0;0;Pradera;4;1;Valle;Valle del Cauca;;
276606060594;LOS NIASA;3;Crítico;18;0.0138;OFICIAL;RURAL;5;13;0;0;0;Restrepo;1;;Valle;Valle del Cauca;;
217013000530;EL POMO;1;Bajo;18;0.0224;;RURAL;3;15;0;0;0;Aguadas;1;;Caldas;Caldas;;
217050000108;CENTRO EEDUCATIVO ELADIA MEJIA;1;Bajo;18;0.0224;;RURAL;2;16;0;0;0;Aranzazu;1;;Caldas;Caldas;;Federación Nacional de Cafeteros de Colombia
217614001207;ESCUELA RURAL LA JAGUA;2;Moderado;18;0.0224;;RURAL;6;12;0;0;0;Riosucio;1;;Caldas;Caldas;;
223417002471;FLAMENCO;2;Moderado;18;0.0799;;RURAL;6;12;0;0;0;Lorica;1;;Lorica;Córdoba;;
273124000731;SAN LORENZO BAJO;3;Crítico;17;0.0122;OFICIAL;RURAL;3;14;0;0;0;Cajamarca;1;;Tolima;Tolima;SI;
273504000164;LOS ANDES;3;Crítico;17;0.0122;OFICIAL;RURAL;3;14;0;0;0;Ortega;1;;Tolima;Tolima;SI;
227491000851;SEDE COCOTEA;3;Crítico;17;0.0149;OFICIAL;RURAL;2;15;0;0;0;Nóvita;1;;Choco;Chocó;SI;
227025000808;SEDE DE PUERTO CORDOBA;2;Moderado;17;0.0149;OFICIAL;RURAL;0;17;0;0;0;Alto Baudó;2;;Choco;Chocó;SI;
276113000631;CAMILO TORRES;1;Bajo;17;0.0131;OFICIAL;RURAL;1;16;0;0;0;Bugalagrande;1;;Valle;Valle del Cauca;SI;
227077001608;SEDE FRANCISCO DE PAULA SANTANDER;2;Moderado;17;0.0149;OFICIAL;RURAL;2;15;0;0;0;Medio Baudó;;;Choco;Chocó;SI;
227001002486;SEDE LOS ESTANCOS;2;Moderado;17;0.0463;OFICIAL;RURAL;5;12;0;0;0;Quibdó;2;;Quibdó;Chocó;SI;
273270000343;SAN JOSE;2;Moderado;17;0.0122;OFICIAL;RURAL;0;17;0;0;0;Palocabildo;1;;Tolima;Tolima;SI;
273520000760;EL PORVENIR;2;Moderado;17;0.0122;OFICIAL;RURAL;1;16;0;0;0;Palocabildo;1;;Tolima;Tolima;SI;
205837002738;E.R. NUEVA TULAPA (UNIT);2;Moderado;17;0.0454;OFICIAL;RURAL;1;16;0;0;0;Turbo;2;;Turbo;Antioquia;SI;
205837006873;E.R. TIO LOPEZ MEDIO;2;Moderado;17;0.0454;OFICIAL;RURAL;2;8;7;0;0;Turbo;3;;Turbo;Antioquia;SI;Fundación Secretos Para Contar
205837006898;E.R. EL LIMON MEDIO;2;Moderado;17;0.0454;OFICIAL;RURAL;2;15;0;0;0;Turbo;1;;Turbo;Antioquia;SI;Fundación Secretos Para Contar
205837007179;E.R.M. AGUAS FRÍAS;2;Moderado;17;0.0454;OFICIAL;RURAL;1;16;0;0;0;Turbo;1;;Turbo;Antioquia;SI;
205837006811;E.R. LA CENISOZA;2;Moderado;17;0.0454;OFICIAL;RURAL;0;17;0;0;0;Turbo;1;;Turbo;Antioquia;SI;
205837006880;E.R. LA LLANA;2;Moderado;17;0.0454;OFICIAL;RURAL;1;16;0;0;0;Turbo;1;;Turbo;Antioquia;SI;Fundación Secretos Para Contar
263001000561;ETELVINA LOPEZ;2;Moderado;17;0.042;OFICIAL;RURAL;2;15;0;0;0;Armenia;1;;Armenia;Quindio;SI;
273319000174;CHONTADURO;1;Bajo;17;0.0122;OFICIAL;RURAL;2;15;0;0;0;Guamo;1;;Tolima;Tolima;SI;
273675000804;EL CURAL;1;Bajo;17;0.0122;OFICIAL;RURAL;3;14;0;0;0;San Antonio;1;;Tolima;Tolima;SI;
176122000398;LISANDRO CAICEDO;1;Bajo;17;0.0131;OFICIAL;URBANA;4;13;0;0;0;Caicedonia;1;;Valle;Valle del Cauca;SI;
176736000092;CRISTOBAL COLON;2;Moderado;17;0.0131;OFICIAL;URBANA;1;16;0;0;0;Sevilla;1;;Valle;Valle del Cauca;SI;
276041001041;MANUELA BELTRAN;3;Crítico;17;0.0131;OFICIAL;RURAL;4;13;0;0;0;Ansermanuevo;1;;Valle;Valle del Cauca;SI;
276113000894;ALFONSO LOPEZ PUMAREJO;2;Moderado;17;0.0131;OFICIAL;RURAL;0;17;0;0;0;Bugalagrande;1;;Valle;Valle del Cauca;SI;
276497000055;ARNULFO DRADA;1;Bajo;17;0.0131;OFICIAL;RURAL;3;14;0;0;0;Obando;;;Valle;Valle del Cauca;SI;FUNDACIÓN PARA EL MEJORAMIENTO DE LA PRODUCTIVIDAD DEL CULTIVO DE CAÑA DE AZUCAR
276670000228;CRISTO REY;1;Bajo;17;0.0131;OFICIAL;RURAL;0;17;0;0;0;San Pedro;1;;Valle;Valle del Cauca;SI;
276109005148;LA NUEVA ESPERANZA;3;Crítico;17;0.0305;OFICIAL;RURAL;0;8;0;0;9;Buenaventura;1;;Buenaventura;Valle del Cauca;SI;
119532002009;ENRIQUE OLAYA HERRERA;1;Bajo;17;;OFICIAL;URBANA;0;17;0;0;0;Patía;;;;Cauca;;
219075000857;CERRO BLANDITO;1;Bajo;17;;OFICIAL;RURAL;5;12;0;0;0;Balboa;;;;Cauca;;
219110000041;SANTA ROSA;1;Bajo;17;;OFICIAL;RURAL;3;14;0;0;0;Buenos Aires;1;;;Cauca;;
219110001632;EL BOSQUE;1;Bajo;17;;OFICIAL;RURAL;3;14;0;0;0;Buenos Aires;1;;;Cauca;;
219130000551;BETANIA;1;Bajo;17;;OFICIAL;RURAL;1;16;0;0;0;Cajibío;1;;;Cauca;;
219137800058;KUSREL YASHUR KALAMPAS;1;Bajo;17;;OFICIAL;RURAL;2;15;0;0;0;Caldono;;;;Cauca;;
219212000762;ESCUELA RURAL MIXTA LA ESTHER;1;Bajo;17;;OFICIAL;RURAL;5;12;0;0;0;Corinto;1;;;Cauca;;
219355001051;ESCUELA RURAL MIXTA EL GUADUAL;2;Moderado;17;;OFICIAL;RURAL;3;14;0;0;0;Inzá;1;;;Cauca;;
219473000484;EL MACO;1;Bajo;17;;OFICIAL;RURAL;2;15;0;0;0;Morales;1;;;Cauca;;
219743000473;ESCUELA RURAL MIXTA SANTA LUCIA;1;Bajo;17;;OFICIAL;RURAL;0;17;0;0;0;Silvia;2;;;Cauca;;
219743000708;EL JARDIN;1;Bajo;17;;OFICIAL;RURAL;4;13;0;0;0;Silvia;2;;;Cauca;;
205002000769;EL GRANADILLO;2;Moderado;17;0.0039;OFICIAL;RURAL;2;15;0;0;0;Abejorral;1;;Antioquia;Antioquia;;
205042000486;C. E. R. LA NOQUE;2;Moderado;17;0.0039;OFICIAL;RURAL;4;13;0;0;0;Santa Fé de Antioquia;1;;Antioquia;Antioquia;;
205079000770;C. E. R. LA GOMEZ;2;Moderado;17;0.0039;OFICIAL;RURAL;3;14;0;0;0;Barbosa;1;;Antioquia;Antioquia;;
205093000219;C. E. R. EL GUAMAL;2;Moderado;17;0.0039;OFICIAL;RURAL;1;16;0;0;0;Betulia;2;;Antioquia;Antioquia;;Comfama (Caja de Compensación Familiar de Antioquia) | Fundación Secretos Para Contar
205093000561;C. E. R. PUEBLO DURO;2;Moderado;17;0.0039;OFICIAL;RURAL;3;14;0;0;0;Betulia;1;;Antioquia;Antioquia;;Comfama (Caja de Compensación Familiar de Antioquia) | Fundación Secretos Para Contar
205197000245;C. E. R. LOS POTREROS;2;Moderado;17;0.0039;OFICIAL;RURAL;1;16;0;0;0;Cocorná;1;;Antioquia;Antioquia;;
205490000632;E R NUEVA ESTRELLA;1;Bajo;17;0.0039;OFICIAL;RURAL;0;17;0;0;0;Necoclí;1;;Antioquia;Antioquia;;Fundación Secretos Para Contar
205628000051;I. E. R. EL MADERO;1;Bajo;17;0.0039;OFICIAL;RURAL;0;12;5;0;0;Sabanalarga;2;;Antioquia;Antioquia;;
205670000568;E R POLICARPA SALAVARRIETA;2;Moderado;17;0.0039;OFICIAL;RURAL;0;10;6;1;0;San Roque;2;;Antioquia;Antioquia;;Fundación Secretos Para Contar
205686001017;MORTIÑAL;2;Moderado;17;0.0039;OFICIAL;RURAL;2;15;0;0;0;Santa Rosa de Osos;1;;Antioquia;Antioquia;;
205686001114;SAN ISIDRO PARTE BAJA;2;Moderado;17;0.0039;OFICIAL;RURAL;2;15;0;0;0;Santa Rosa de Osos;1;;Antioquia;Antioquia;;Fundación Empresas Públicas De Medellín
205847001373;C. E. R. XUNDABE;1;Bajo;17;0.0039;OFICIAL;RURAL;3;14;0;0;0;Urrao;1;;Antioquia;Antioquia;;Comfama (Caja de Compensación Familiar de Antioquia) | Fundación Secretos Para Contar
266001000241;CE ALTO ALEGRIAS;3;Crítico;17;0.022;OFICIAL;RURAL;1;16;0;0;0;Pereira;1;;Pereira;Risaralda;;Comfamiliar Risaralda
266594000765;SE VILLA RICA;2;Moderado;17;0.0383;OFICIAL;RURAL;4;13;0;0;0;Quinchía;1;;Risaralda;Risaralda;;
268444000042;ESCUELA RURAL EL PALMAR;2;Moderado;17;0.0126;OFICIAL;RURAL;2;15;0;0;0;Matanza;1;;Santander;Santander;;
273152000037;LA ARMENIA;1;Bajo;17;0.0122;OFICIAL;RURAL;0;17;0;0;0;Casabianca;1;;Tolima;Tolima;;
273270000106;PIEDRANEGRA;3;Crítico;17;0.0122;OFICIAL;RURAL;2;15;0;0;0;Falan;2;;Tolima;Tolima;;
273449000494;LA REFORMA;3;Crítico;17;0.0122;OFICIAL;RURAL;3;14;0;0;0;Melgar;1;;Tolima;Tolima;;
273449000702;ALTO DEL AGUILA;3;Crítico;17;0.0122;OFICIAL;RURAL;1;16;0;0;0;Melgar;1;;Tolima;Tolima;;
273870000151;LA LINDA;2;Moderado;17;0.0122;OFICIAL;RURAL;3;14;0;0;0;Villahermosa;1;;Tolima;Tolima;;
276828000395;LEOCADIO SALAZAR;1;Bajo;17;0.0131;OFICIAL;RURAL;3;14;0;0;0;Trujillo;1;;Valle;Valle del Cauca;;
276892000293;CRISTO REY;1;Bajo;17;0.0756;OFICIAL;RURAL;3;14;0;0;0;Yumbo;;;Yumbo;Valle del Cauca;;
276892000226;SIMON BOLIVAR;2;Moderado;17;0.0756;OFICIAL;RURAL;1;16;0;0;0;Yumbo;1;;Yumbo;Valle del Cauca;;
217013000076;SANTA ROSA;1;Bajo;17;0.0212;;RURAL;2;7;8;0;0;Aguadas;2;;Caldas;Caldas;;
217013000971;PISAMAL;1;Bajo;17;0.0212;;RURAL;2;15;0;0;0;Aguadas;1;;Caldas;Caldas;;
217042000662;PEDRO CIEZA DE LEON;2;Moderado;17;0.0212;;RURAL;4;13;0;0;0;Anserma;1;;Caldas;Caldas;;
217042000841;BAJO VERGEL;1;Bajo;17;0.0212;;RURAL;2;8;7;0;0;Anserma;2;;Caldas;Caldas;;
217088000543;ESCUELA RURAL PORTUGAL;3;Crítico;17;0.0212;;RURAL;1;16;0;0;0;Belalcázar;1;;Caldas;Caldas;;
217433000136;ESCUELA NUEVA DOSQUEBRADAS;2;Moderado;17;0.0212;;RURAL;4;13;0;0;0;Manzanares;1;;Caldas;Caldas;;Federación Nacional de Cafeteros de Colombia
217444000189;ESCUELA RURAL GUACAS;1;Bajo;17;0.0212;;RURAL;2;15;0;0;0;Marquetalia;1;;Caldas;Caldas;;Federación Nacional de Cafeteros de Colombia
217662002223;ESCUELA RURAL EL CASTILLO;1;Bajo;17;0.0212;;RURAL;2;9;6;0;0;Samaná;2;;Caldas;Caldas;;Federación Nacional de Cafeteros de Colombia
217873000219;CENTRO EDUCATIVO ANTONIO NARIÑO;1;Bajo;17;0.0212;;RURAL;2;15;0;0;0;Villamaría;;;Caldas;Caldas;;Federación Nacional de Cafeteros de Colombia
223417001696;EL DIAMANTE;2;Moderado;17;0.0755;;RURAL;1;16;0;0;0;Lorica;;;Lorica;Córdoba;;
223417001645;CERRO LAS MUJERES;3;Crítico;17;0.0755;;RURAL;4;13;0;0;0;Lorica;1;;Lorica;Córdoba;;
205837000131;E.R. NUESTRA SEÑORA DEL CARMEN;3;Crítico;16;0.0427;OFICIAL;RURAL;5;11;0;0;0;Turbo;;;Turbo;Antioquia;SI;
273504001713;LA MILAGROSA;3;Crítico;16;0.0115;OFICIAL;RURAL;2;14;0;0;0;Ortega;1;;Tolima;Tolima;SI;
205837000191;E.R. QUEBRADA LOS INDIOS (UNIT);2;Moderado;16;0.0427;OFICIAL;RURAL;5;11;0;0;0;Turbo;1;;Turbo;Antioquia;SI;Fundación Secretos Para Contar
205837800236;LAS PARCELAS;2;Moderado;16;0.0427;OFICIAL;RURAL;1;15;0;0;0;Turbo;;;Turbo;Antioquia;SI;
205660800019;C.E.R ALTAVISTA PARTE ALTA;2;Moderado;16;0.0037;OFICIAL;RURAL;1;15;0;0;0;San Luis;1;;Antioquia;Antioquia;SI;Fundación Secretos Para Contar
205665000975;C. E. R. EL PELAYITO;2;Moderado;16;0.0037;OFICIAL;RURAL;4;12;0;0;0;San Pedro de Urabá;1;;Antioquia;Antioquia;SI;
205674000201;C. E. R. LAS FRIAS;1;Bajo;16;0.0037;OFICIAL;RURAL;2;14;0;0;0;San Vicente Ferrer;1;;Antioquia;Antioquia;SI;
227077001641;SEDE SAGRADO CORAZON DE JESUS;2;Moderado;16;0.014;OFICIAL;RURAL;1;15;0;0;0;Medio Baudó;1;;Choco;Chocó;SI;
266572800092;SEDE LA PALMA;2;Moderado;16;0.0361;OFICIAL;RURAL;3;13;0;0;0;Pueblo Rico;1;;Risaralda;Risaralda;SI;
205837002720;E.R. CAOBAL (UNIT);2;Moderado;16;0.0427;OFICIAL;RURAL;1;15;0;0;0;Turbo;1;;Turbo;Antioquia;SI;Fundación Secretos Para Contar
205837006245;E.R. PATILLAL;2;Moderado;16;0.0427;OFICIAL;RURAL;2;5;9;0;0;Turbo;1;;Turbo;Antioquia;SI;
205837800252;LAS PAVAS;2;Moderado;16;0.0427;OFICIAL;RURAL;3;13;0;0;0;Turbo;1;;Turbo;Antioquia;SI;
276497000136;JUAN DEL CORRAL;2;Moderado;16;0.0123;OFICIAL;RURAL;1;15;0;0;0;Obando;1;;Valle;Valle del Cauca;SI;
227077000920;SEDE SANTA TERESITA DE POMEÑO;1;Bajo;16;0.014;OFICIAL;RURAL;1;15;0;0;0;Bajo Baudó;1;;Choco;Chocó;SI;
227025000824;SEDE DE PUERTO MARTINEZ;1;Bajo;16;0.014;OFICIAL;RURAL;0;16;0;0;0;Alto Baudó;2;;Choco;Chocó;SI;
227745000155;SEDE DIEGO LUIS CORDOBA DE CHARCO HONDO;1;Bajo;16;0.014;OFICIAL;RURAL;4;12;0;0;0;Sipí;1;;Choco;Chocó;SI;
273236000059;EL JAPON;1;Bajo;16;0.0115;OFICIAL;RURAL;1;15;0;0;0;Dolores;1;;Tolima;Tolima;SI;
273168003460;LA UNION CORONILLO;1;Bajo;16;0.0115;OFICIAL;RURAL;0;16;0;0;0;Chaparral;1;;Tolima;Tolima;SI;
276248000088;MERCEDES ABREGO;3;Crítico;16;0.0123;OFICIAL;RURAL;1;15;0;0;0;El Cerrito;1;;Valle;Valle del Cauca;SI;
276248000151;EL PARAISO;2;Moderado;16;0.0123;OFICIAL;RURAL;1;15;0;0;0;El Cerrito;1;;Valle;Valle del Cauca;SI;
276248000398;SIMON BOLIVAR;1;Bajo;16;0.0123;OFICIAL;RURAL;1;15;0;0;0;El Cerrito;1;;Valle;Valle del Cauca;SI;
276377000264;POLICARPA SALAVARRIETA;1;Bajo;16;0.0123;OFICIAL;RURAL;4;12;0;0;0;La Cumbre;1;;Valle;Valle del Cauca;SI;
276403000111;JOSE MARIA CORDOBA;2;Moderado;16;0.0123;OFICIAL;RURAL;2;14;0;0;0;La Victoria;1;;Valle;Valle del Cauca;SI;
276563000088;GREGORIO RAMOS;1;Bajo;16;0.0123;OFICIAL;RURAL;12;4;0;0;0;Pradera;1;;Valle;Valle del Cauca;SI;
276563000461;ATANASIO GIRARDOT;1;Bajo;16;0.0123;OFICIAL;RURAL;1;15;0;0;0;Pradera;1;;Valle;Valle del Cauca;SI;
276616000131;ROSA ZARATE DE PEÑA;2;Moderado;16;0.0123;OFICIAL;RURAL;4;12;0;0;0;Riofrío;;1;Valle;Valle del Cauca;SI;
276616000549;MARIA AUXILIADORA;3;Crítico;16;0.0123;OFICIAL;RURAL;2;9;5;0;0;Riofrío;1;;Valle;Valle del Cauca;SI;
276622000224;HELIODORO PEÑA;2;Moderado;16;0.0123;OFICIAL;RURAL;0;16;0;0;0;Roldanillo;1;;Valle;Valle del Cauca;SI;
276622000381;SANTA ISABEL;3;Crítico;16;0.0123;OFICIAL;RURAL;11;5;0;0;0;Roldanillo;1;;Valle;Valle del Cauca;SI;
276863000179;JORGE TADEO LOZANO2;2;Moderado;16;0.0123;OFICIAL;RURAL;2;14;0;0;0;Versalles;1;;Valle;Valle del Cauca;SI;
276890000458;CARLOS ALFONSO GIL;3;Crítico;16;0.0123;OFICIAL;RURAL;2;14;0;0;0;Yotoco;1;;Valle;Valle del Cauca;SI;
276109011831;SANTA TEERESITA;3;Crítico;16;0.0287;OFICIAL;RURAL;1;15;0;0;0;Buenaventura;1;;Buenaventura;Valle del Cauca;SI;
219022000146;SAN MIGUEL;1;Bajo;16;;OFICIAL;RURAL;1;15;0;0;0;Almaguer;1;;;Cauca;;
219075000059;SANABRIA (sede principal);1;Bajo;16;;OFICIAL;RURAL;7;9;0;0;0;Balboa;2;1;;Cauca;;
219100002177;EL PLAN DE LA CUEVA;3;Crítico;16;;OFICIAL;RURAL;3;13;0;0;0;Bolívar;2;;;Cauca;;
219130000764;EL POTRERITO;3;Crítico;16;;OFICIAL;RURAL;6;10;0;0;0;Cajibío;1;;;Cauca;;
219130001248;EL DORADO;2;Moderado;16;;OFICIAL;RURAL;9;7;0;0;0;Cajibío;2;;;Cauca;;
219130001426;EL JORDAN;2;Moderado;16;;OFICIAL;RURAL;1;15;0;0;0;Cajibío;1;;;Cauca;;
219137000948;PALERMO;1;Bajo;16;;OFICIAL;RURAL;1;15;0;0;0;Caldono;1;;;Cauca;;
219137001189;CENTRO DOCENTE HONDA ESTRELLA;1;Bajo;16;;OFICIAL;RURAL;2;14;0;0;0;Caldono;1;;;Cauca;;
219212000126;ESCUELA RURAL MIXTA LOS ALPES;1;Bajo;16;;OFICIAL;RURAL;1;15;0;0;0;Corinto;1;;;Cauca;;
219256000913;POMORROSO;1;Bajo;16;;OFICIAL;RURAL;3;13;0;0;0;El Tambo;1;;;Cauca;;
219256002371;LA PEDREGOSA;1;Bajo;16;;OFICIAL;RURAL;2;14;0;0;0;El Tambo;1;;;Cauca;;
219397092056;LA EMPINADA;1;Bajo;16;;OFICIAL;RURAL;2;14;0;0;0;La Vega;1;;;Cauca;;
219450000207;VILLAMARIA;1;Bajo;16;;OFICIAL;RURAL;0;16;0;0;0;Mercaderes;1;;;Cauca;;
219455000035;ESCUELA RURAL MIXTA LA CILIA;1;Bajo;16;;OFICIAL;RURAL;1;15;0;0;0;Miranda;2;;;Cauca;;
219698000475;LA QUEBRADA;1;Bajo;16;;OFICIAL;RURAL;2;14;0;0;0;Santander de Quilichao;1;;;Cauca;;
219760000690;E.R.M. EL PEÑÓN;1;Bajo;16;;OFICIAL;RURAL;3;13;0;0;0;Sotará - Paispamba;1;;;Cauca;;
219807000367;TUNURCO;1;Bajo;16;;OFICIAL;RURAL;0;16;0;0;0;Timbío;1;;;Cauca;;
263470000105;CAMPO HERMOSO;1;Bajo;16;0.0441;OFICIAL;RURAL;4;12;0;0;0;Montenegro;1;;Quindio;Quindio;;
263470000164;POLICARPA SALAVARRIETA;2;Moderado;16;0.0441;OFICIAL;RURAL;2;14;0;0;0;Montenegro;;;Quindio;Quindio;;
263470000067;SIMÓN BOLÍVAR;1;Bajo;16;0.0441;OFICIAL;RURAL;0;16;0;0;0;Montenegro;1;;Quindio;Quindio;;
205034000353;PALESTINA;2;Moderado;16;0.0037;OFICIAL;RURAL;3;13;0;0;0;Andes;1;;Antioquia;Antioquia;;Comfama (Caja de Compensación Familiar de Antioquia)
205240000033;E R LA VICTORIA;2;Moderado;16;0.0037;OFICIAL;RURAL;2;14;0;0;0;Ebéjico;1;;Antioquia;Antioquia;;
205364000201;C. E. R. RAMON AGUDELO CORREA;2;Moderado;16;0.0037;OFICIAL;RURAL;2;14;0;0;0;Jardín;1;;Antioquia;Antioquia;;Comfama (Caja de Compensación Familiar de Antioquia)
205670000185;C. E. R. EL DIAMANTE;2;Moderado;16;0.0037;OFICIAL;RURAL;2;14;0;0;0;San Roque;1;;Antioquia;Antioquia;;Fundación Secretos Para Contar
205674000066;C. E. R. GUAMAL;2;Moderado;16;0.0037;OFICIAL;RURAL;0;8;8;0;0;San Vicente Ferrer;2;;Antioquia;Antioquia;;
205761000048;C. E. R. LA PUERTA;1;Bajo;16;0.0037;OFICIAL;RURAL;2;8;6;0;0;Sopetrán;2;;Antioquia;Antioquia;;Comfama (Caja de Compensación Familiar de Antioquia)
205847000075;EL LIBERTADOR;1;Bajo;16;0.0037;OFICIAL;RURAL;1;15;0;0;0;Urrao;1;;Antioquia;Antioquia;;Comfama (Caja de Compensación Familiar de Antioquia)
205890000411;C. E. R. SANTA CATALINA;1;Bajo;16;0.0037;OFICIAL;RURAL;0;16;0;0;0;Yolombó;1;;Antioquia;Antioquia;;Fundación Secretos Para Contar
225743000538;ESCUELA RURAL SANTA ISABEL;2;Moderado;16;0.006;OFICIAL;RURAL;5;11;0;0;0;Silvania;1;;Cundinamarca;Cundinamarca;;
225815000261;ESCUELA RURAL LA TETE;2;Moderado;16;0.006;OFICIAL;RURAL;2;14;0;0;0;Tocaima;1;;Cundinamarca;Cundinamarca;;
225851000056;ESCUELA RURAL LA ABUELITA;1;Bajo;16;0.006;OFICIAL;RURAL;2;14;0;0;0;Útica;1;;Cundinamarca;Cundinamarca;;
266001001493;CENT EDUC FILOBONITO;3;Crítico;16;0.0207;OFICIAL;RURAL;0;16;0;0;0;Pereira;1;;Pereira;Risaralda;;
266001001728;CENT EDUC CAÑAVERAL;3;Crítico;16;0.0207;OFICIAL;RURAL;4;12;0;0;0;Pereira;;;Pereira;Risaralda;;
266001001345;CENT EDUC LA RENTA;3;Crítico;16;0.0207;OFICIAL;RURAL;3;13;0;0;0;Pereira;1;;Pereira;Risaralda;;
266001002295;CE CANTAMONOS;3;Crítico;16;0.0207;OFICIAL;RURAL;1;15;0;0;0;Pereira;1;;Pereira;Risaralda;;
266440000436;SE EL PAJUI;1;Bajo;16;0.0361;OFICIAL;RURAL;2;14;0;0;0;Marsella;1;;Risaralda;Risaralda;;
266594000820;SE EL CEIBAL;1;Bajo;16;0.0361;OFICIAL;RURAL;2;14;0;0;0;Quinchía;1;;Risaralda;Risaralda;;
266594000994;SE LOS MEDIOS;3;Crítico;16;0.0361;OFICIAL;RURAL;2;14;0;0;0;Quinchía;1;;Risaralda;Risaralda;;
266594000790;SE LAS PALMAS LLANADAS;2;Moderado;16;0.0361;OFICIAL;RURAL;2;14;0;0;0;Quinchía;1;;Risaralda;Risaralda;;
266594000862;SE MATECAÑA;2;Moderado;16;0.0361;OFICIAL;RURAL;5;11;0;0;0;Quinchía;1;;Risaralda;Risaralda;;
273124000528;PAN DE AZUCAR;1;Bajo;16;0.0115;OFICIAL;RURAL;3;13;0;0;0;Cajamarca;1;;Tolima;Tolima;;
276520001617;ANTONIO JOSE DE SUCRE;2;Moderado;16;0.0325;OFICIAL;RURAL;1;15;0;0;0;Palmira;1;;Palmira;Valle del Cauca;;
276497000365;GABRIELA MISTRAL;1;Bajo;16;0.0123;OFICIAL;RURAL;1;15;0;0;0;Obando;1;;Valle;Valle del Cauca;;
276736000330;NUESTRA SEÑORA DEL PERPETUO SOCORRO;2;Moderado;16;0.0123;OFICIAL;RURAL;2;14;0;0;0;Sevilla;1;;Valle;Valle del Cauca;;
276863800010;CACIQUE BIGAMA;3;Crítico;16;0.0123;OFICIAL;RURAL;3;13;0;0;0;Versalles;;;Valle;Valle del Cauca;;
276892000170;JOSE MARIA GARCIA DE TOLEDO;1;Bajo;16;0.0711;OFICIAL;RURAL;0;16;0;0;0;Yumbo;1;;Yumbo;Valle del Cauca;;
276892000960;SAN JOSE;1;Bajo;16;0.0711;OFICIAL;RURAL;5;11;0;0;0;Yumbo;1;;Yumbo;Valle del Cauca;;
276892800070;FRAY PEÑA;3;Crítico;16;0.0711;OFICIAL;RURAL;0;16;0;0;0;Yumbo;;;Yumbo;Valle del Cauca;;
217013000157;ESCUELA PORE;3;Crítico;16;0.0199;;RURAL;3;13;0;0;0;Aguadas;;;Caldas;Caldas;;
217013000165;ESCUELA PITO;2;Moderado;16;0.0199;;RURAL;1;15;0;0;0;Aguadas;1;;Caldas;Caldas;;
217042000590;ALVARO DE MENDOZA;2;Moderado;16;0.0199;;RURAL;3;13;0;0;0;Anserma;1;;Caldas;Caldas;;
217050000345;ESCUELA RURAL CAMELIA BAJA;2;Moderado;16;0.0199;;RURAL;3;13;0;0;0;Aranzazu;1;;Caldas;Caldas;;
217433000055;ESCUELA RURAL SAN JOSE;1;Bajo;16;0.0199;;RURAL;1;15;0;0;0;Manzanares;1;;Caldas;Caldas;;Federación Nacional de Cafeteros de Colombia
217524000066;ESCUELA NUEVA LA INQUISICIÓN;1;Bajo;16;0.0199;;RURAL;1;8;7;0;0;Palestina;2;;Caldas;Caldas;;Federación Nacional de Cafeteros de Colombia
217541000355;INSTITUCIÓN EDUCATIVA SANTA RITA - SEDE PRINCIPAL;2;Moderado;16;0.0199;;RURAL;0;10;6;0;0;Pensilvania;4;2;Caldas;Caldas;;Federación Nacional de Cafeteros de Colombia
217541001050;ESCUELA RURAL LOS MEDIOS;3;Crítico;16;0.0199;;RURAL;2;14;0;0;0;Pensilvania;1;;Caldas;Caldas;;Federación Nacional de Cafeteros de Colombia
217614000502;ESCUELA RURAL QUIMBAYA;3;Crítico;16;0.0199;;RURAL;3;13;0;0;0;Riosucio;1;;Caldas;Caldas;;
217614000529;ESCUELA RURAL MIXTA BUENOS AIRES;2;Moderado;16;0.0199;;RURAL;3;13;0;0;0;Riosucio;;;Caldas;Caldas;;
217616000500;ESCUELA SAGRADO CORAZON;1;Bajo;16;0.0199;;RURAL;3;13;0;0;0;Risaralda;1;;Caldas;Caldas;;Federación Nacional de Cafeteros de Colombia
217777000046;SEDE SAN CAYETANO;2;Moderado;16;0.0199;;RURAL;0;16;0;0;0;Supía;1;;Caldas;Caldas;;
217777000097;ESCUELA RURAL MUDARRA;2;Moderado;16;0.0199;;RURAL;1;15;0;0;0;Supía;1;;Caldas;Caldas;;Federación Nacional de Cafeteros de Colombia
217873000286;ESCUELA RURAL VALLES;2;Moderado;16;0.0199;;RURAL;3;13;0;0;0;Villamaría;1;;Caldas;Caldas;;Federación Nacional de Cafeteros de Colombia
217873000065;ESCUELA RURAL BAJO VILLARAZO;1;Bajo;16;0.0199;;RURAL;3;13;0;0;0;Villamaría;1;;Caldas;Caldas;;Federación Nacional de Cafeteros de Colombia
223417003133;SAN JOSE;2;Moderado;16;0.0711;;RURAL;1;15;0;0;0;Lorica;;;Lorica;Córdoba;;
223417000550;MARCO FIDEL SUAREZ;3;Crítico;16;0.0711;;RURAL;3;13;0;0;0;Lorica;2;;Lorica;Córdoba;;
223417000797;RABO GACHO;1;Bajo;16;0.0711;;RURAL;4;12;0;0;0;Lorica;;;Lorica;Córdoba;;
223417003702;MOHAN;3;Crítico;16;0.0711;;RURAL;3;13;0;0;0;Lorica;1;;Lorica;Córdoba;;
276243000454;SANTA TERESITA;3;Crítico;15;0.0115;OFICIAL;RURAL;1;14;0;0;0;El Águila;1;;Valle;Valle del Cauca;SI;
205002000394;C. E. R. FRANCISCO BETANCUR;2;Moderado;15;0.0035;OFICIAL;RURAL;4;11;0;0;0;Abejorral;1;;Antioquia;Antioquia;SI;
241298000323;MONSERRATE;2;Moderado;15;0.0118;OFICIAL;RURAL;3;12;0;0;0;Garzón;1;;Huila;Huila;SI;
273352000341;ALTO DE ICONONZO;2;Moderado;15;0.0107;OFICIAL;RURAL;1;14;0;0;0;Icononzo;1;;Tolima;Tolima;SI;
205837002657;E.R. MATA DE PLÁTANO;2;Moderado;15;0.0401;OFICIAL;RURAL;3;12;0;0;0;Turbo;1;;Turbo;Antioquia;SI;Fundación Secretos Para Contar
205541000063;MARIA CONCEPCION POSADA;2;Moderado;15;0.0035;OFICIAL;RURAL;2;13;0;0;0;Peñol;1;;Antioquia;Antioquia;SI;Comfama (Caja de Compensación Familiar de Antioquia)
227077001535;SEDE CAMILO CAICEDO;2;Moderado;15;0.0132;OFICIAL;RURAL;1;14;0;0;0;Medio Baudó;1;;Choco;Chocó;SI;
227491000753;SEDE FIADO;2;Moderado;15;0.0132;OFICIAL;RURAL;0;15;0;0;0;Nóvita;1;;Choco;Chocó;SI;
227001001111;SEDE LA PALOMA;2;Moderado;15;0.0408;OFICIAL;RURAL;0;15;0;0;0;Quibdó;1;;Quibdó;Chocó;SI;
273270000131;EL REPOSO;2;Moderado;15;0.0107;OFICIAL;RURAL;1;14;0;0;0;Palocabildo;1;;Tolima;Tolima;SI;
205837000263;E.R. EL PORVENIR TULAPA;2;Moderado;15;0.0401;OFICIAL;RURAL;4;11;0;0;0;Turbo;1;;Turbo;Antioquia;SI;Fundación Secretos Para Contar
205837003360;E.R. PUYA ABAJO (D)(UNIT);2;Moderado;15;0.0401;OFICIAL;RURAL;1;14;0;0;0;Turbo;1;;Turbo;Antioquia;SI;
205837001855;E.R. CARACOLI (UNIT);2;Moderado;15;0.0401;OFICIAL;RURAL;5;10;0;0;0;Turbo;1;;Turbo;Antioquia;SI;
205837000581;E.R. BAJO CIRILO (D);2;Moderado;15;0.0401;OFICIAL;RURAL;3;12;0;0;0;Turbo;1;;Turbo;Antioquia;SI;
205837005885;E.R. CLAUDIA MARIA;2;Moderado;15;0.0401;OFICIAL;RURAL;2;13;0;0;0;Turbo;1;;Turbo;Antioquia;SI;
205837006834;ESCUELA EL AZUCAR;2;Moderado;15;0.0401;OFICIAL;RURAL;5;10;0;0;0;Turbo;1;;Turbo;Antioquia;SI;Fundación Secretos Para Contar
205674000031;GUACIRU;2;Moderado;15;0.0035;OFICIAL;RURAL;1;14;0;0;0;San Vicente Ferrer;1;;Antioquia;Antioquia;SI;
317001004445;JARDIN INFANTIL BURBUJITAS;1;Bajo;15;0.0316;NO OFICIAL;URBANA;15;0;0;0;0;Manizales;;;Manizales;Caldas;SI;
227001001731;SEDE ABRAHAM PINO MORENO;1;Bajo;15;0.0132;OFICIAL;RURAL;0;10;5;0;0;Atrato;5;;Choco;Chocó;SI;
250711001880;SEDE EL RECREO;1;Bajo;15;0.0132;OFICIAL;RURAL;2;13;0;0;0;Vistahermosa;2;;Meta;Meta;NO;
273200000206;VINDI;1;Bajo;15;0.0107;OFICIAL;RURAL;2;13;0;0;0;Coello;1;;Tolima;Tolima;SI;
273270000076;ABEJAS;1;Bajo;15;0.0107;OFICIAL;RURAL;4;11;0;0;0;Palocabildo;1;;Tolima;Tolima;SI;
276147000664;SANTA TERESITA;1;Bajo;15;0.0844;OFICIAL;RURAL;10;5;0;0;0;Cartago;1;;Cartago;Valle del Cauca;SI;
273168002293;GENERAL SANTANDER;1;Bajo;15;0.0107;OFICIAL;RURAL;3;12;0;0;0;Chaparral;1;;Tolima;Tolima;SI;
273319000450;PRINGAMOSAL LOS PASOS;1;Bajo;15;0.0107;OFICIAL;RURAL;3;12;0;0;0;Guamo;1;;Tolima;Tolima;SI;
273520000018;LOS ARRAYANES;1;Bajo;15;0.0107;OFICIAL;RURAL;2;13;0;0;0;Palocabildo;1;;Tolima;Tolima;SI;
227001002907;SEDE AGUA CLARA;2;Moderado;15;0.0132;OFICIAL;RURAL;5;10;0;0;0;Medio Atrato;1;;Choco;Chocó;SI;
176823000562;FELIPE RIVERA;2;Moderado;15;0.0115;OFICIAL;URBANA;0;15;0;0;0;Toro;1;;Valle;Valle del Cauca;SI;
276233000103;JESUS DE LA BUENA ESPERANZA;2;Moderado;15;0.0115;OFICIAL;RURAL;4;11;0;0;0;Dagua;1;;Valle;Valle del Cauca;SI;
276233000189;SAN ANTONIO;2;Moderado;15;0.0115;OFICIAL;RURAL;2;13;0;0;0;Dagua;1;;Valle;Valle del Cauca;SI;
276233000359;RAFAEL URIBE URIBE;2;Moderado;15;0.0115;OFICIAL;RURAL;2;7;6;0;0;Dagua;2;;Valle;Valle del Cauca;SI;
276233000499;MANUEL MEJIA;2;Moderado;15;0.0115;OFICIAL;RURAL;1;14;0;0;0;Dagua;2;;Valle;Valle del Cauca;SI;
276233001088;JESUS MARIA MURGUEITIO;1;Bajo;15;0.0115;OFICIAL;RURAL;0;15;0;0;0;Dagua;1;;Valle;Valle del Cauca;SI;
276233001266;LA CRISTALINA;1;Bajo;15;0.0115;OFICIAL;RURAL;1;14;0;0;0;Dagua;1;;Valle;Valle del Cauca;SI;
276275000189;CARTAGENA DE INDIAS;3;Crítico;15;0.0115;OFICIAL;RURAL;0;6;0;0;9;Florida;1;;Valle;Valle del Cauca;SI;
276306000158;SAN ANTONIO;2;Moderado;15;0.0115;OFICIAL;RURAL;0;15;0;0;0;Ginebra;1;;Valle;Valle del Cauca;SI;
276400000137;RICARDO NIETO;1;Bajo;15;0.0115;OFICIAL;RURAL;2;13;0;0;0;La Unión;1;;Valle;Valle del Cauca;SI;
276616000344;SAN ANTONIO;3;Crítico;15;0.0115;OFICIAL;RURAL;4;11;0;0;0;Riofrío;1;;Valle;Valle del Cauca;SI;
276670000066;CAMILO TORRES;2;Moderado;15;0.0115;OFICIAL;RURAL;2;13;0;0;0;San Pedro;1;;Valle;Valle del Cauca;SI;
276828000379;EDELMIRA OCAMPO;2;Moderado;15;0.0115;OFICIAL;RURAL;0;15;0;0;0;Trujillo;1;;Valle;Valle del Cauca;SI;
276890000440;ARCELIA GIRON;2;Moderado;15;0.0115;OFICIAL;RURAL;0;15;0;0;0;Yotoco;;1;Valle;Valle del Cauca;SI;
276109002670;ESCUELA NUEVA SANTIAGO;1;Bajo;15;0.0269;OFICIAL;RURAL;1;11;0;0;3;Buenaventura;1;;Buenaventura;Valle del Cauca;SI;
219022000138;ESCUELA MIXTA GABRIELAS;3;Crítico;15;;OFICIAL;RURAL;3;12;0;0;0;Almaguer;1;;;Cauca;;
219022000430;EL MOTILON;1;Bajo;15;;OFICIAL;RURAL;0;15;0;0;0;Almaguer;1;;;Cauca;;
219100000794;LOMA LARGA;1;Bajo;15;;OFICIAL;RURAL;1;14;0;0;0;Bolívar;1;;;Cauca;;
219212000444;ESCUELA RURAL MIXTA VILLA DEL ROSARIO;1;Bajo;15;;OFICIAL;RURAL;1;14;0;0;0;Corinto;1;;;Cauca;;
219256000492;EL PORVENIR;1;Bajo;15;;OFICIAL;RURAL;6;9;0;0;0;El Tambo;2;;;Cauca;;
219256000760;ESCUELA RURAL MIXTA LA VENTA;1;Bajo;15;;OFICIAL;RURAL;1;14;0;0;0;El Tambo;1;;;Cauca;;
219256000824;LOS LLANOS;1;Bajo;15;;OFICIAL;RURAL;3;12;0;0;0;El Tambo;1;;;Cauca;;
219318001954;EL CARMEN;2;Moderado;15;;OFICIAL;RURAL;6;9;0;0;0;Guapi;2;;;Cauca;;
219355000259;RIO NEGRO;2;Moderado;15;;OFICIAL;RURAL;4;11;0;0;0;Inzá;1;;;Cauca;;
219548000175;SAN JOSE;1;Bajo;15;;OFICIAL;RURAL;6;9;0;0;0;Piendamó - Tunía;1;;;Cauca;;
219548000345;SAN CAYETANO;3;Crítico;15;;OFICIAL;RURAL;1;14;0;0;0;Piendamó - Tunía;2;;;Cauca;;
219585000215;C.E. PULULO - SEDE PRINCIPAL;1;Bajo;15;;OFICIAL;RURAL;3;12;0;0;0;Puracé;1;1;;Cauca;;
219698001421;ALTO DE MIRAFLORES;1;Bajo;15;;OFICIAL;RURAL;2;13;0;0;0;Santander de Quilichao;2;;;Cauca;;
263401000071;LA PALMITA;1;Bajo;15;0.0413;OFICIAL;RURAL;1;14;0;0;0;La Tebaida;1;;Quindio;Quindio;;
205034000876;C. E. R. EL TAPAO;2;Moderado;15;0.0035;OFICIAL;RURAL;2;13;0;0;0;Andes;1;;Antioquia;Antioquia;;Comfama (Caja de Compensación Familiar de Antioquia)
205034000141;C. E. R. HERNAN POSADA;2;Moderado;15;0.0035;OFICIAL;RURAL;1;14;0;0;0;Andes;1;;Antioquia;Antioquia;;Comfama (Caja de Compensación Familiar de Antioquia)
205034000701;C. E. R. MEDIA LUNA;2;Moderado;15;0.0035;OFICIAL;RURAL;3;12;0;0;0;Andes;1;;Antioquia;Antioquia;;Comfama (Caja de Compensación Familiar de Antioquia)
205197000482;C. E. R. EL VIADAL;2;Moderado;15;0.0035;OFICIAL;RURAL;1;14;0;0;0;Cocorná;1;;Antioquia;Antioquia;;Corporación Empresarial Del Oriente Antioqueño
205197000521;C. E. R. SAN JUAN;1;Bajo;15;0.0035;OFICIAL;RURAL;0;15;0;0;0;Cocorná;1;;Antioquia;Antioquia;;
205364000287;C. E. R. INDALECIO PELAEZ;2;Moderado;15;0.0035;OFICIAL;RURAL;2;13;0;0;0;Jardín;1;;Antioquia;Antioquia;;Comfama (Caja de Compensación Familiar de Antioquia) | Fundación Secretos Para Contar
205670000258;C. E. R. DOCTOR ALEJANDRO GOMEZ DIEZ;2;Moderado;15;0.0035;OFICIAL;RURAL;2;13;0;0;0;San Roque;1;;Antioquia;Antioquia;;Fundación Empresas Públicas De Medellín
205756000269;C. E. R. LA HONDA;2;Moderado;15;0.0035;OFICIAL;RURAL;3;12;0;0;0;Sonsón;2;;Antioquia;Antioquia;;
205792000151;PATIO BONITO;1;Bajo;15;0.0035;OFICIAL;RURAL;1;4;10;0;0;Tarso;2;;Antioquia;Antioquia;;Comfama (Caja de Compensación Familiar de Antioquia)
205873000172;C. E. R. VUELTA CORTADA;1;Bajo;15;0.0035;OFICIAL;RURAL;2;13;0;0;0;Vigía del Fuerte;1;;Antioquia;Antioquia;;Fundación Secretos Para Contar
205890000143;C. E. R. LA ABISINIA;1;Bajo;15;0.0035;OFICIAL;RURAL;2;13;0;0;0;Yolombó;1;;Antioquia;Antioquia;;Fundación Secretos Para Contar
225317000164;CONCENTRACIÓN RURAL RABANAL;2;Moderado;15;0.0056;OFICIAL;RURAL;3;12;0;0;0;Guachetá;1;;Cundinamarca;Cundinamarca;;
225491000203;ESCUELA RURAL EL CAJON;1;Bajo;15;0.0056;OFICIAL;RURAL;3;12;0;0;0;Nocaima;1;;Cundinamarca;Cundinamarca;;Fundación Alquería Cavelier
225612000079;ESCUELA RURAL EL CALLEJON;2;Moderado;15;0.0056;OFICIAL;RURAL;2;13;0;0;0;Ricaurte;1;;Cundinamarca;Cundinamarca;;
225743000571;ESCUELA RURAL LAS ROSAS;2;Moderado;15;0.0056;OFICIAL;RURAL;4;11;0;0;0;Silvania;1;;Cundinamarca;Cundinamarca;;
252693000326;SEDE 9 BELLAVISTA;2;Moderado;15;0.0125;OFICIAL;RURAL;1;14;0;0;0;San Pablo;1;;Nariño;Nariño;;
266001002945;CENT EDUC EL MANZANO;3;Crítico;15;0.0194;OFICIAL;RURAL;3;12;0;0;0;Pereira;;;Pereira;Risaralda;;
266088000048;SE CANTAMONOS;3;Crítico;15;0.0338;OFICIAL;RURAL;3;12;0;0;0;Belén de Umbría;1;;Risaralda;Risaralda;;
266594000137;SE LA ESMERALDA;1;Bajo;15;0.0338;OFICIAL;RURAL;3;12;0;0;0;Quinchía;1;;Risaralda;Risaralda;;
266594000978;SE YARUMAL;2;Moderado;15;0.0338;OFICIAL;RURAL;3;12;0;0;0;Quinchía;1;;Risaralda;Risaralda;;
273067001687;LA TRINIDAD;1;Bajo;15;0.0107;OFICIAL;RURAL;1;14;0;0;0;Ataco;1;;Tolima;Tolima;;
273168003486;EL RECREO;3;Crítico;15;0.0107;OFICIAL;RURAL;1;14;0;0;0;Chaparral;1;;Tolima;Tolima;;
273622000641;EL TESORO;3;Crítico;15;0.0107;OFICIAL;RURAL;1;14;0;0;0;Roncesvalles;1;;Tolima;Tolima;;
276834000852;SEDE NO. 59 SAN PEDRO;2;Moderado;15;0.0544;OFICIAL;RURAL;3;12;0;0;0;Tuluá;1;;Tuluá;Valle del Cauca;;
276834002448;SEDE NO. 3 ANTONIO NARIÑO;2;Moderado;15;0.0544;OFICIAL;RURAL;1;14;0;0;0;Tuluá;1;;Tuluá;Valle del Cauca;;
217013000688;SEDE LA BLANQUITA;1;Bajo;15;0.0187;;RURAL;3;12;0;0;0;Aguadas;1;;Caldas;Caldas;;
217013000238;ESCUELA RURAL MESONES;2;Moderado;15;0.0187;;RURAL;0;15;0;0;0;Aguadas;1;;Caldas;Caldas;;
217042000930;VILLA DEL CARMEN;1;Bajo;15;0.0187;;RURAL;4;11;0;0;0;Anserma;1;;Caldas;Caldas;;
217444000481;ESCUELA RURAL BUENOS AIRES;3;Crítico;15;0.0187;;RURAL;1;14;0;0;0;Marquetalia;1;;Caldas;Caldas;;Federación Nacional de Cafeteros de Colombia
217513000218;ESCUELA RURAL LOMA HERMOSA;1;Bajo;15;0.0187;;RURAL;2;13;0;0;0;Pácora;1;;Caldas;Caldas;;Federación Nacional de Cafeteros de Colombia
217513000480;ESCUELA RURAL MARACAS;1;Bajo;15;0.0187;;RURAL;2;13;0;0;0;Pácora;1;;Caldas;Caldas;;Federación Nacional de Cafeteros de Colombia
217614000791;ESCUELA RURAL TUNZARA;2;Moderado;15;0.0187;;RURAL;0;15;0;0;0;Riosucio;1;;Caldas;Caldas;;
217653000617;SEDE LAS DELGADITAS;1;Bajo;15;0.0187;;RURAL;1;14;0;0;0;Salamina;1;;Caldas;Caldas;;Federación Nacional de Cafeteros de Colombia
217777000143;ESCUELA RURAL ANTONIO NARIÑO;2;Moderado;15;0.0187;;RURAL;1;14;0;0;0;Supía;1;;Caldas;Caldas;;Federación Nacional de Cafeteros de Colombia
217873000740;ESCUELA RURAL ASPAR;1;Bajo;15;0.0187;;RURAL;0;15;0;0;0;Villamaría;1;;Caldas;Caldas;;
423417000010;BUENAVENTURA;2;Moderado;15;0.0666;;RURAL;5;10;0;0;0;Lorica;2;;Lorica;Córdoba;;
223417002820;SEVERA;2;Moderado;15;0.0666;;RURAL;5;10;0;0;0;Lorica;;;Lorica;Córdoba;;
223001009175;ESC RURAL MIXTA COSTA DE ORO;2;Moderado;15;0.0152;;RURAL;4;11;0;0;0;Montería;1;;Monteria;Córdoba;;
227077001373;SEDE FRANCISCO JOSE DE CALDAS;3;Crítico;14;0.0123;OFICIAL;RURAL;2;12;0;0;0;Bajo Baudó;1;;Choco;Chocó;SI;
273124000081;SAN LORENZO ALTO;3;Crítico;14;0.01;OFICIAL;RURAL;3;11;0;0;0;Cajamarca;1;;Tolima;Tolima;SI;
273124000269;EL PLACER;3;Crítico;14;0.01;OFICIAL;RURAL;6;8;0;0;0;Cajamarca;2;;Tolima;Tolima;SI;
273352000325;EL CHAPARRO;3;Crítico;14;0.01;OFICIAL;RURAL;1;13;0;0;0;Icononzo;1;;Tolima;Tolima;SI;
227491000486;SEDE CHITO;3;Crítico;14;0.0123;OFICIAL;RURAL;3;11;0;0;0;Nóvita;1;;Choco;Chocó;SI;
273504001845;CAMPOALEGRE;3;Crítico;14;0.01;OFICIAL;RURAL;1;13;0;0;0;Ortega;1;;Tolima;Tolima;SI;
227150000127;SEDE EL OVO;2;Moderado;14;0.0123;OFICIAL;RURAL;0;14;0;0;0;Carmen del Darién;;;Choco;Chocó;SI;
273520000042;LA PRIMAVERA;2;Moderado;14;0.01;OFICIAL;RURAL;0;14;0;0;0;Palocabildo;1;;Tolima;Tolima;SI;
376111001871;COL SONRISITAS;1;Bajo;14;0.0777;NO OFICIAL;URBANA;2;12;0;0;0;Guadalajara de Buga;;;Buga;Valle del Cauca;SI;
252001001379;ERM SAN JOSE DE BOTANA;2;Moderado;14;0.0236;OFICIAL;RURAL;0;14;0;0;0;Pasto;1;;Pasto;Nariño;NO;
273067000222;LA HOLANDA;2;Moderado;14;0.01;OFICIAL;RURAL;0;14;0;0;0;Ataco;1;;Tolima;Tolima;SI;
273352000309;SAN JOSE DEL GUATIMBOL;2;Moderado;14;0.01;OFICIAL;RURAL;1;13;0;0;0;Icononzo;2;;Tolima;Tolima;SI;
205837003785;E.R. EL BONGO (UNIT);2;Moderado;14;0.0374;OFICIAL;RURAL;2;12;0;0;0;Turbo;;;Turbo;Antioquia;SI;Comfama (Caja de Compensación Familiar de Antioquia) | Fundación Secretos Para Contar
205837005907;E.R. GALILEA;2;Moderado;14;0.0374;OFICIAL;RURAL;3;11;0;0;0;Turbo;1;;Turbo;Antioquia;SI;Fundación Secretos Para Contar
205837007331;LAS MANTECAS;2;Moderado;14;0.0374;OFICIAL;RURAL;0;14;0;0;0;Turbo;1;;Turbo;Antioquia;SI;Fundación Secretos Para Contar
276497000209;JOSE ACEVEDO Y GOMEZ;2;Moderado;14;0.0108;OFICIAL;RURAL;0;14;0;0;0;Obando;;;Valle;Valle del Cauca;SI;
205055000191;C. E. R. LA PLATA;2;Moderado;14;0.0032;OFICIAL;RURAL;1;13;0;0;0;Argelia;1;;Antioquia;Antioquia;SI;Fundación Secretos Para Contar
227615001532;SEDE TEGUERRE MEDIO;2;Moderado;14;0.0123;OFICIAL;RURAL;2;12;0;0;0;Riosucio;;;Choco;Chocó;SI;
227001001706;SEDE DE GUADALUPE;2;Moderado;14;0.0381;OFICIAL;RURAL;8;6;0;0;0;Quibdó;2;;Quibdó;Chocó;SI;
276377000175;LA SOFIA;1;Bajo;14;0.0108;OFICIAL;RURAL;0;14;0;0;0;La Cumbre;1;;Valle;Valle del Cauca;SI;
227001000408;SEDE DE LA COMUNIDAD;1;Bajo;14;0.0381;OFICIAL;RURAL;0;14;0;0;0;Quibdó;1;;Quibdó;Chocó;SI;
217001000704;INSTITUCIÓN EDUCATIVA RURAL SERAFICO SAN ANTONIO DE PADUA SEDE B;1;Bajo;14;0.0295;OFICIAL;RURAL;3;11;0;0;0;Manizales;2;;Manizales;Caldas;SI;
273168000525;LA PRADERA;1;Bajo;14;0.01;OFICIAL;RURAL;1;13;0;0;0;Chaparral;1;;Tolima;Tolima;SI;
273168000762;SANTA RITA;1;Bajo;14;0.01;OFICIAL;RURAL;2;12;0;0;0;Chaparral;1;;Tolima;Tolima;SI;
273168003206;LA BARRIALOSA;1;Bajo;14;0.01;OFICIAL;RURAL;0;14;0;0;0;Chaparral;1;;Tolima;Tolima;SI;
273411000261;TARAPACA;1;Bajo;14;0.01;OFICIAL;RURAL;0;14;0;0;0;Líbano;1;;Tolima;Tolima;SI;
276054000303;MARIANO OSPINA PEREZ;1;Bajo;14;0.0108;OFICIAL;RURAL;3;11;0;0;0;Argelia;1;;Valle;Valle del Cauca;SI;
276243000381;SOR MARÍA JULIANA;3;Crítico;14;0.0108;OFICIAL;RURAL;0;14;0;0;0;El Águila;1;;Valle;Valle del Cauca;SI;
276250000061;ELVIRA PEÑA;2;Moderado;14;0.0108;OFICIAL;RURAL;0;14;0;0;0;El Dovio;1;1;Valle;Valle del Cauca;SI;
276275000243;MARIA AUXILIADORA;2;Moderado;14;0.0108;OFICIAL;RURAL;7;4;3;0;0;Florida;3;;Valle;Valle del Cauca;SI;
276275001452;EL TAMBORAL;2;Moderado;14;0.0108;OFICIAL;RURAL;1;13;0;0;0;Florida;1;;Valle;Valle del Cauca;SI;
276377000141;MANUELA BELTRAN;2;Moderado;14;0.0108;OFICIAL;RURAL;0;13;1;0;0;La Cumbre;1;;Valle;Valle del Cauca;SI;
276606000303;ANTONIO NARIÑO;1;Bajo;14;0.0108;OFICIAL;RURAL;1;13;0;0;0;Restrepo;1;;Valle;Valle del Cauca;SI;
276616000450;JUAN XXIII;3;Crítico;14;0.0108;OFICIAL;RURAL;8;6;0;0;0;Riofrío;;;Valle;Valle del Cauca;SI;
276736000577;LA CABAÑA;1;Bajo;14;0.0108;OFICIAL;RURAL;0;14;0;0;0;Sevilla;1;;Valle;Valle del Cauca;SI;
276823000214;SALVADOR ROLDAN;3;Crítico;14;0.0108;OFICIAL;RURAL;0;14;0;0;0;Toro;1;;Valle;Valle del Cauca;SI;
276828000778;FEDICIO NAVARRETE;3;Crítico;14;0.0108;OFICIAL;RURAL;3;11;0;0;0;Trujillo;1;;Valle;Valle del Cauca;SI;
276828001146;CRISTO REY;3;Crítico;14;0.0108;OFICIAL;RURAL;2;12;0;0;0;Trujillo;1;;Valle;Valle del Cauca;SI;
276869000120;AYACUCHO;1;Bajo;14;0.0108;OFICIAL;RURAL;1;13;0;0;0;Vijes;1;;Valle;Valle del Cauca;SI;
476109009011;EL ENCANTO DEL SABER;1;Bajo;14;0.0251;OFICIAL;RURAL;3;11;0;0;0;Buenaventura;1;;Buenaventura;Valle del Cauca;SI;
219693000183;VALLE JAMBIMBAL;3;Crítico;14;;OFICIAL;RURAL;1;13;0;0;0;San Sebastián;2;;;Cauca;;
219022000812;ARRAYANES;1;Bajo;14;;OFICIAL;RURAL;2;12;0;0;0;Almaguer;1;;;Cauca;;
219022001037;EL PUENTE;1;Bajo;14;;OFICIAL;RURAL;1;13;0;0;0;Almaguer;1;;;Cauca;;
219075000300;LOS ANDES (sede principal);1;Bajo;14;;OFICIAL;RURAL;3;11;0;0;0;Balboa;3;1;;Cauca;;
219075000326;MONTANA NEGRA;1;Bajo;14;;OFICIAL;RURAL;1;13;0;0;0;Balboa;1;;;Cauca;;
219075000571;LA ESPERANZA;1;Bajo;14;;OFICIAL;RURAL;6;8;0;0;0;Balboa;2;;;Cauca;;
219100001782;PALO VERDE;1;Bajo;14;;OFICIAL;RURAL;0;14;0;0;0;Bolívar;;;;Cauca;;
219100002517;CRUCERO BELLO (sede principal);1;Bajo;14;;OFICIAL;RURAL;2;12;0;0;0;Bolívar;2;1;;Cauca;;
219130001035;SANTA CATALINA;3;Crítico;14;;OFICIAL;RURAL;3;11;0;0;0;Cajibío;1;;;Cauca;;
219137800014;ESCUELA MISAK LA LAGUNA 1;1;Bajo;14;;OFICIAL;RURAL;3;11;0;0;0;Caldono;1;;;Cauca;;
219256000867;CABUYAL;1;Bajo;14;;OFICIAL;RURAL;0;14;0;0;0;El Tambo;1;;;Cauca;;
219355000798;PUERTO RICO;1;Bajo;14;;OFICIAL;RURAL;5;9;0;0;0;Inzá;1;;;Cauca;;
219355000828;BELLAVISTA;1;Bajo;14;;OFICIAL;RURAL;0;14;0;0;0;Inzá;1;;;Cauca;;
219397000241;ESCUELA RURAL MIXTA LA ZANJA;1;Bajo;14;;OFICIAL;RURAL;3;11;0;0;0;La Vega;2;;;Cauca;;
219418000432;SAN PEDRO;1;Bajo;14;;OFICIAL;RURAL;1;13;0;0;0;López de Micay;1;;;Cauca;;
219517001319;ESCUELA RURAL MIXTA EL RECUERDO;1;Bajo;14;;OFICIAL;RURAL;2;12;0;0;0;Páez;;;;Cauca;;
219693000078;EL CHILCO;1;Bajo;14;;OFICIAL;RURAL;3;11;0;0;0;San Sebastián;1;;;Cauca;;
219698000530;EL TAJO;1;Bajo;14;;OFICIAL;RURAL;1;13;0;0;0;Santander de Quilichao;1;;;Cauca;;
219743000261;LA AGUADA;1;Bajo;14;;OFICIAL;RURAL;3;11;0;0;0;Silvia;1;;;Cauca;;
219743000635;CENTRO DOCENTE RURAL MIXTO JUANAMBU;1;Bajo;14;;OFICIAL;RURAL;3;11;0;0;0;Silvia;2;;;Cauca;;
219760000061;LA POBLACENA;1;Bajo;14;;OFICIAL;RURAL;6;8;0;0;0;Sotará - Paispamba;2;;;Cauca;;
219780001391;LOS PINOS;1;Bajo;14;;OFICIAL;RURAL;0;14;0;0;0;Suárez;1;;;Cauca;;
219807000413;LAS YESC AS;1;Bajo;14;;OFICIAL;RURAL;1;13;0;0;0;Timbío;1;;;Cauca;;
263470000024;EL CASTILLO;2;Moderado;14;0.0386;OFICIAL;RURAL;2;12;0;0;0;Montenegro;1;;Quindio;Quindio;;
263594000138;MORELIA ALTA;1;Bajo;14;0.0386;OFICIAL;RURAL;1;13;0;0;0;Quimbaya;1;;Quindio;Quindio;;
205034000388;C. E. R. CARDAL;2;Moderado;14;0.0032;OFICIAL;RURAL;3;11;0;0;0;Andes;1;;Antioquia;Antioquia;;Comfama (Caja de Compensación Familiar de Antioquia)
205055000124;C. E. R. BUENAVISTA;2;Moderado;14;0.0032;OFICIAL;RURAL;0;6;6;2;0;Argelia;2;;Antioquia;Antioquia;;Fundación Secretos Para Contar
205055000850;C. E. R. EL RECREO;2;Moderado;14;0.0032;OFICIAL;RURAL;2;3;4;5;0;Argelia;2;;Antioquia;Antioquia;;Fundación Secretos Para Contar
205093000391;C. E. R. EL GUADUAL;2;Moderado;14;0.0032;OFICIAL;RURAL;0;14;0;0;0;Betulia;1;;Antioquia;Antioquia;;Comfama (Caja de Compensación Familiar de Antioquia)
205306000064;E R TOYO;2;Moderado;14;0.0032;OFICIAL;RURAL;3;11;0;0;0;Giraldo;1;;Antioquia;Antioquia;;
205364000104;C. E. R. BEATO JUAN BAUTISTA VELASQUEZ PELAEZ;2;Moderado;14;0.0032;OFICIAL;RURAL;4;10;0;0;0;Jardín;1;;Antioquia;Antioquia;;Comfama (Caja de Compensación Familiar de Antioquia)
205364000139;DOLORES ZAPATA;2;Moderado;14;0.0032;OFICIAL;RURAL;5;9;0;0;0;Jardín;1;;Antioquia;Antioquia;;Comfama (Caja de Compensación Familiar de Antioquia)
205368000150;C. E. R. LUIS EMILIO BERMUDEZ;2;Moderado;14;0.0032;OFICIAL;RURAL;1;13;0;0;0;Jericó;1;;Antioquia;Antioquia;;Comfama (Caja de Compensación Familiar de Antioquia)
205495001009;C.E.R. LA CEIBA;2;Moderado;14;0.0032;OFICIAL;RURAL;4;10;0;0;0;Nechí;1;;Antioquia;Antioquia;;Comfama (Caja de Compensación Familiar de Antioquia)
205686001076;PLAYA LARGA ARRIBA;2;Moderado;14;0.0032;OFICIAL;RURAL;2;12;0;0;0;Santa Rosa de Osos;1;;Antioquia;Antioquia;;
205690000092;LA QUIEBRA;2;Moderado;14;0.0032;OFICIAL;RURAL;2;12;0;0;0;Santo Domingo;1;;Antioquia;Antioquia;;Fundación Empresas Públicas De Medellín
205697000250;GUADUALITO;1;Bajo;14;0.0032;OFICIAL;RURAL;2;12;0;0;0;El Santuario;1;;Antioquia;Antioquia;;Parque Explora
205756000374;C. E. R. GUAMAL;1;Bajo;14;0.0032;OFICIAL;RURAL;1;13;0;0;0;Sonsón;1;;Antioquia;Antioquia;;
205756000358;C. E. R. LA HONDITA;2;Moderado;14;0.0032;OFICIAL;RURAL;3;11;0;0;0;Sonsón;1;;Antioquia;Antioquia;;
205789000108;C. E. R. LA VIRGEN;1;Bajo;14;0.0032;OFICIAL;RURAL;0;5;9;0;0;Támesis;2;;Antioquia;Antioquia;;Comfama (Caja de Compensación Familiar de Antioquia)
225148000834;ESCUELA RURAL SANTA LUCIA;2;Moderado;14;0.0052;OFICIAL;RURAL;2;12;0;0;0;Caparrapí;1;;Cundinamarca;Cundinamarca;;
225324000048;ESCUELA NUEVA CAMPOALEGRE;1;Bajo;14;0.0052;OFICIAL;RURAL;2;12;0;0;0;Guataquí;1;;Cundinamarca;Cundinamarca;;
225513000148;ESCUELA RURAL PAJONALES;2;Moderado;14;0.0052;OFICIAL;RURAL;0;14;0;0;0;Pacho;1;;Cundinamarca;Cundinamarca;;Fundación Alquería Cavelier
225513001420;INSTITUCIÓN EDUCATIVA VERAGUAS;2;Moderado;14;0.0052;OFICIAL;RURAL;1;13;0;0;0;Pacho;1;;Cundinamarca;Cundinamarca;;Fundación Alquería Cavelier
225535000427;ESCUELA EL ZAQUE;2;Moderado;14;0.0052;OFICIAL;RURAL;0;14;0;0;0;Pasca;1;;Cundinamarca;Cundinamarca;;
225653000202;ESCUELA RURAL CANUTILLAL;2;Moderado;14;0.0052;OFICIAL;RURAL;3;11;0;0;0;San Cayetano;2;;Cundinamarca;Cundinamarca;;
225851000030;ESCUELA RURAL FURATENA;1;Bajo;14;0.0052;OFICIAL;RURAL;0;14;0;0;0;Útica;1;;Cundinamarca;Cundinamarca;;
266001001116;CENT EDUC SAN MARINO;3;Crítico;14;0.0181;OFICIAL;RURAL;2;12;0;0;0;Pereira;1;;Pereira;Risaralda;;
266045000231;SE SAN AGUSTIN;2;Moderado;14;0.0315;OFICIAL;RURAL;2;12;0;0;0;Apía;1;;Risaralda;Risaralda;;
266594000579;SE BUENAVISTA;2;Moderado;14;0.0315;OFICIAL;RURAL;1;13;0;0;0;Quinchía;1;;Risaralda;Risaralda;;
273622000543;SAN MARCOS;2;Moderado;14;0.01;OFICIAL;RURAL;3;11;0;0;0;Roncesvalles;1;;Tolima;Tolima;;
273861000644;MESA DE RIO RECIO;2;Moderado;14;0.01;OFICIAL;RURAL;1;13;0;0;0;Venadillo;1;;Tolima;Tolima;;
276250000354;ROMULO RENGIFO;1;Bajo;14;0.0108;OFICIAL;RURAL;0;10;4;0;0;El Dovio;1;;Valle;Valle del Cauca;;
276250000397;JACINTO SANCHEZ;2;Moderado;14;0.0108;OFICIAL;RURAL;4;10;0;0;0;El Dovio;;;Valle;Valle del Cauca;;
276890000270;SANTO TOMAS DE AQUINO;2;Moderado;14;0.0108;OFICIAL;RURAL;3;11;0;0;0;Yotoco;1;;Valle;Valle del Cauca;;
276890000288;NTRA SRA DEL CARMEN;3;Crítico;14;0.0108;OFICIAL;RURAL;2;12;0;0;0;Yotoco;1;;Valle;Valle del Cauca;;
217042000182;CHAVARQUÍA;3;Crítico;14;0.0174;;RURAL;3;11;0;0;0;Anserma;1;;Caldas;Caldas;;
217042000191;VERGEL ALTO;3;Crítico;14;0.0174;;RURAL;2;12;0;0;0;Anserma;1;;Caldas;Caldas;;
217174000378;ESCUELA RURAL MARCO FIDEL SUAREZ;1;Bajo;14;0.0174;;RURAL;1;13;0;0;0;Chinchiná;1;;Caldas;Caldas;;
217174000238;ESCUELA RURAL MIXTA BAJO ESPAÑOL;1;Bajo;14;0.0174;;RURAL;4;10;0;0;0;Chinchiná;;;Caldas;Caldas;;
217433000403;ESCUELA RURAL LA SONRISA;1;Bajo;14;0.0174;;RURAL;1;9;4;0;0;Manzanares;2;;Caldas;Caldas;;Federación Nacional de Cafeteros de Colombia
217433000501;ESCUELA NUEVA LA ITALIA;3;Crítico;14;0.0174;;RURAL;5;9;0;0;0;Manzanares;1;;Caldas;Caldas;;
217486000294;ESCUELA JOSÉ MARÍA CARBONELL;2;Moderado;14;0.0174;;RURAL;0;14;0;0;0;Neira;1;;Caldas;Caldas;;Federación Nacional de Cafeteros de Colombia
217541000096;ESCUELA RURAL LA PRIMAVERA;1;Bajo;14;0.0174;;RURAL;0;14;0;0;0;Pensilvania;;;Caldas;Caldas;;Federación Nacional de Cafeteros de Colombia
217614000189;ESCUELA AGUA BONITA;3;Crítico;14;0.0174;;RURAL;3;11;0;0;0;Riosucio;1;;Caldas;Caldas;;Federación Nacional de Cafeteros de Colombia
217616000046;INSTITUCION EDUCATIVA GABRIEL GARCIA MARQUEZ - SEDE PRINCIPAL;1;Bajo;14;0.0174;;RURAL;5;9;0;0;0;Risaralda;8;2;Caldas;Caldas;;Federación Nacional de Cafeteros de Colombia
217777000712;SEDE TIZAMAR;3;Crítico;14;0.0174;;RURAL;2;12;0;0;0;Supía;1;;Caldas;Caldas;;
217873000367;ESCUELA RURAL MIXTA BAJO COROZAL;3;Crítico;14;0.0174;;RURAL;2;12;0;0;0;Villamaría;1;;Caldas;Caldas;;Federación Nacional de Cafeteros de Colombia
217873000278;ESCUELA RURAL SANTO DOMINGO;1;Bajo;14;0.0174;;RURAL;4;10;0;0;0;Villamaría;2;;Caldas;Caldas;;Federación Nacional de Cafeteros de Colombia
223417002234;JOSE MARIA CORDOBA;2;Moderado;14;0.0622;;RURAL;4;10;0;0;0;Lorica;;;Lorica;Córdoba;;
227077000075;SEDE JESUS DE PUERTO GRANADO;3;Crítico;13;0.0114;OFICIAL;RURAL;2;11;0;0;0;Bajo Baudó;1;;Choco;Chocó;SI;
273124000722;SANTA ANA;3;Crítico;13;0.0093;OFICIAL;RURAL;4;9;0;0;0;Cajamarca;1;;Tolima;Tolima;SI;
276243000691;JOSE HERNANDO DUARTE;3;Crítico;13;0.01;OFICIAL;RURAL;1;12;0;0;0;El Águila;1;;Valle;Valle del Cauca;SI;
227250060038;SEDE NUESTRA SEÑORA DEL ROSARIO;3;Crítico;13;0.0114;OFICIAL;RURAL;4;9;0;0;0;El Litoral del San Juan;1;;Choco;Chocó;SI;
254172000071;SEDE LOBATICA;3;Crítico;13;0.0082;OFICIAL;RURAL;0;13;0;0;0;Chinácota;1;;Norte Santander;Norte de Santander;SI;
227150800043;SEDE MANANTIAL;2;Moderado;13;0.0114;OFICIAL;RURAL;2;11;0;0;0;Carmen del Darién;;;Choco;Chocó;SI;
227077002001;SEDE SANTA CECILIA SIERPE;2;Moderado;13;0.0114;OFICIAL;RURAL;1;12;0;0;0;Medio Baudó;1;;Choco;Chocó;SI;
227615061071;SEDE VILLA NUEVA SALAQUI;2;Moderado;13;0.0114;OFICIAL;RURAL;2;11;0;0;0;Riosucio;1;;Choco;Chocó;SI;
241020000829;EL TOPACIO;2;Moderado;13;0.0102;OFICIAL;RURAL;3;10;0;0;0;Algeciras;1;;Huila;Huila;SI;
273870000797;PRIMAVERA BAJA;2;Moderado;13;0.0093;OFICIAL;RURAL;3;10;0;0;0;Villahermosa;1;;Tolima;Tolima;SI;
205837000425;E.R. GUADUALITO (UNIT);2;Moderado;13;0.0347;OFICIAL;RURAL;1;12;0;0;0;Turbo;2;;Turbo;Antioquia;SI;
241396000781;CANSARROCINES;2;Moderado;13;0.0102;OFICIAL;RURAL;2;11;0;0;0;La Plata;4;1;Huila;Huila;SI;
273870000762;MINA POBRE;2;Moderado;13;0.0093;OFICIAL;RURAL;2;11;0;0;0;Villahermosa;2;;Tolima;Tolima;SI;
273411000873;AGUADOR LOS NARANJOS;1;Bajo;13;0.0093;OFICIAL;RURAL;1;12;0;0;0;Líbano;1;;Tolima;Tolima;SI;
205148000361;C. E. R. MORROS;1;Bajo;13;0.003;OFICIAL;RURAL;0;13;0;0;0;El Carmen de Viboral;;;Antioquia;Antioquia;SI;
250330000526;SEDE LAS FLORES;1;Bajo;13;0.0114;OFICIAL;RURAL;0;13;0;0;0;Mesetas;1;;Meta;Meta;NO;
227001001293;CENTRO EDUCATIVO MUNGUIDO - SEDE PRINCIPAL;1;Bajo;13;0.0354;OFICIAL;RURAL;3;10;0;0;0;Quibdó;2;1;Quibdó;Chocó;SI;
227001004179;SEDE PUERTO MURILLO;1;Bajo;13;0.0354;OFICIAL;RURAL;1;12;0;0;0;Quibdó;1;;Quibdó;Chocó;SI;
273168000207;SANTA CRUZ;1;Bajo;13;0.0093;OFICIAL;RURAL;1;12;0;0;0;Chaparral;1;;Tolima;Tolima;SI;
273675000821;MESETAS;1;Bajo;13;0.0093;OFICIAL;RURAL;2;11;0;0;0;San Antonio;;;Tolima;Tolima;SI;
273861000288;PUERTO BOY;1;Bajo;13;0.0093;OFICIAL;RURAL;1;12;0;0;0;Venadillo;1;;Tolima;Tolima;SI;
276054000044;ANTONIA SANTOS;1;Bajo;13;0.01;OFICIAL;RURAL;3;10;0;0;0;Argelia;1;;Valle;Valle del Cauca;SI;
276113000576;ALTO BONITO;1;Bajo;13;0.01;OFICIAL;RURAL;3;10;0;0;0;Bugalagrande;1;;Valle;Valle del Cauca;SI;
276250000044;BENJAMIN PEREA;2;Moderado;13;0.01;OFICIAL;RURAL;2;11;0;0;0;El Dovio;1;;Valle;Valle del Cauca;SI;
276250000079;MANUELA BELTRAN;2;Moderado;13;0.01;OFICIAL;RURAL;4;9;0;0;0;El Dovio;;1;Valle;Valle del Cauca;SI;
276250000109;NICOLAS BORRERO OLANO;2;Moderado;13;0.01;OFICIAL;RURAL;2;11;0;0;0;El Dovio;2;;Valle;Valle del Cauca;SI;
276400000676;C.E. ELÍAS GIRÓN VINASCO;2;Moderado;13;0.01;OFICIAL;RURAL;0;13;0;0;0;La Unión;2;;Valle;Valle del Cauca;SI;
276497000063;ANTONIA SANTOS;1;Bajo;13;0.01;OFICIAL;RURAL;3;10;0;0;0;Obando;2;2;Valle;Valle del Cauca;SI;FUNDACIÓN PARA EL MEJORAMIENTO DE LA PRODUCTIVIDAD DEL CULTIVO DE CAÑA DE AZUCAR
276622000208;ANTONIA SANTOS;3;Crítico;13;0.01;OFICIAL;RURAL;1;12;0;0;0;Roldanillo;1;;Valle;Valle del Cauca;SI;
276736000569;EL BARCINO;3;Crítico;13;0.01;OFICIAL;RURAL;2;11;0;0;0;Sevilla;;;Valle;Valle del Cauca;SI;
276828000247;BELISARIO PEÑA;2;Moderado;13;0.01;OFICIAL;RURAL;0;5;8;0;0;Trujillo;2;;Valle;Valle del Cauca;SI;
276828000298;MARCO FIDEL SUAREZ;3;Crítico;13;0.01;OFICIAL;RURAL;3;10;0;0;0;Trujillo;1;;Valle;Valle del Cauca;SI;
276845000188;SANTA TERESITA;2;Moderado;13;0.01;OFICIAL;RURAL;1;12;0;0;0;Ulloa;1;;Valle;Valle del Cauca;SI;
219022000987;EL CHILCO;1;Bajo;13;;OFICIAL;RURAL;1;12;0;0;0;Almaguer;1;;;Cauca;;
219075001004;CAMPO ALEGRE;1;Bajo;13;;OFICIAL;RURAL;2;11;0;0;0;Balboa;1;;;Cauca;;
219100001367;EL BOQUERON;1;Bajo;13;;OFICIAL;RURAL;3;10;0;0;0;Bolívar;2;;;Cauca;;
219100001405;EL ZAQUE;2;Moderado;13;;OFICIAL;RURAL;2;11;0;0;0;Bolívar;1;;;Cauca;;
219100002118;PUEBLO VIEJO;2;Moderado;13;;OFICIAL;RURAL;9;4;0;0;0;Bolívar;2;;;Cauca;;
219110000440;MATERON;1;Bajo;13;;OFICIAL;RURAL;5;8;0;0;0;Buenos Aires;1;;;Cauca;;
219110000555;SAN IGNACIO;1;Bajo;13;;OFICIAL;RURAL;2;11;0;0;0;Buenos Aires;1;;;Cauca;;
219130000829;EL TIGRE;1;Bajo;13;;OFICIAL;RURAL;1;12;0;0;0;Cajibío;1;;;Cauca;;
219142000972;ESCUELA RURAL MIXTA EL SOCORRO;1;Bajo;13;;OFICIAL;RURAL;3;10;0;0;0;Caloto;1;;;Cauca;;
219256000387;SAN PEDRO;1;Bajo;13;;OFICIAL;RURAL;2;11;0;0;0;El Tambo;1;;;Cauca;;
219256000484;EL RAMAL;1;Bajo;13;;OFICIAL;RURAL;0;13;0;0;0;El Tambo;2;1;;Cauca;;
219256000930;BELLAVISTA;1;Bajo;13;;OFICIAL;RURAL;1;12;0;0;0;El Tambo;1;;;Cauca;;
219256001341;LA GALLERA;1;Bajo;13;;OFICIAL;RURAL;0;7;6;0;0;El Tambo;4;;;Cauca;;
219256002797;CENTRO DOCENTE EL PINAR DEL RIO;1;Bajo;13;;OFICIAL;RURAL;0;13;0;0;0;El Tambo;1;;;Cauca;;
219355000216;SAN FRANCISCO;1;Bajo;13;;OFICIAL;RURAL;3;10;0;0;0;Inzá;2;;;Cauca;;
219397000186;GUAYABAL;3;Crítico;13;;OFICIAL;RURAL;2;11;0;0;0;La Vega;1;;;Cauca;;
219397000577;LA VENTICA;1;Bajo;13;;OFICIAL;RURAL;2;11;0;0;0;La Vega;1;;;Cauca;;
219517000037;ASCENCIO;1;Bajo;13;;OFICIAL;RURAL;1;12;0;0;0;Páez;1;;;Cauca;;
219532000795;LA PARAMILLA;1;Bajo;13;;OFICIAL;RURAL;0;13;0;0;0;Patía;1;;;Cauca;;
219693000124;NARANJOS;1;Bajo;13;;OFICIAL;RURAL;3;10;0;0;0;San Sebastián;2;;;Cauca;;
219743000368;ALTO GRANDE;1;Bajo;13;;OFICIAL;RURAL;1;12;0;0;0;Silvia;1;;;Cauca;;
219780001421;CENTRO DOCENTE EL PARAISO;1;Bajo;13;;OFICIAL;RURAL;0;13;0;0;0;Suárez;1;;;Cauca;;
263401000039;EL OCASO;1;Bajo;13;0.0358;OFICIAL;RURAL;0;13;0;0;0;La Tebaida;1;;Quindio;Quindio;;
205002000203;C. E. R. LA PRIMAVERA;1;Bajo;13;0.003;OFICIAL;RURAL;2;11;0;0;0;Abejorral;1;;Antioquia;Antioquia;;
205034000132;C. E. R. LINO ACEVEDO;2;Moderado;13;0.003;OFICIAL;RURAL;3;10;0;0;0;Andes;1;;Antioquia;Antioquia;;Comfama (Caja de Compensación Familiar de Antioquia)
205134000091;C. E. R. LA CHIQUITA;2;Moderado;13;0.003;OFICIAL;RURAL;1;12;0;0;0;Campamento;1;1;Antioquia;Antioquia;;
205145000174;OSCAR DUQUE HERNANDEZ;2;Moderado;13;0.003;OFICIAL;RURAL;1;12;0;0;0;Caramanta;1;;Antioquia;Antioquia;;Comfama (Caja de Compensación Familiar de Antioquia)
205240000823;E R I EL RETIRO;2;Moderado;13;0.003;OFICIAL;RURAL;2;5;6;0;0;Ebéjico;2;;Antioquia;Antioquia;;
205282000301;C. E. R. EL CALVARIO;2;Moderado;13;0.003;OFICIAL;RURAL;2;11;0;0;0;Fredonia;1;;Antioquia;Antioquia;;Comfama (Caja de Compensación Familiar de Antioquia)
205467000188;C. E. R. LA MERCED;1;Bajo;13;0.003;OFICIAL;RURAL;3;10;0;0;0;Montebello;1;;Antioquia;Antioquia;;Comfama (Caja de Compensación Familiar de Antioquia)
205642000030;MORRITOS;2;Moderado;13;0.003;OFICIAL;RURAL;1;12;0;0;0;Salgar;1;;Antioquia;Antioquia;;Comfama (Caja de Compensación Familiar de Antioquia)
205667000701;MANILA;1;Bajo;13;0.003;OFICIAL;RURAL;1;12;0;0;0;San Rafael;1;;Antioquia;Antioquia;;Fundación Secretos Para Contar
205674000295;EL CORAL;2;Moderado;13;0.003;OFICIAL;RURAL;3;10;0;0;0;San Vicente Ferrer;1;;Antioquia;Antioquia;;
205674000384;SAN IGNACIO;2;Moderado;13;0.003;OFICIAL;RURAL;2;11;0;0;0;San Vicente Ferrer;1;;Antioquia;Antioquia;;
405679000004;C. E. R. URSULA;1;Bajo;13;0.003;OFICIAL;RURAL;1;12;0;0;0;Santa Bárbara;1;;Antioquia;Antioquia;;Comfama (Caja de Compensación Familiar de Antioquia)
205690000114;LA EME;2;Moderado;13;0.003;OFICIAL;RURAL;0;5;8;0;0;Santo Domingo;2;;Antioquia;Antioquia;;
205697000462;E R EL MORRO;1;Bajo;13;0.003;OFICIAL;RURAL;2;11;0;0;0;El Santuario;1;;Antioquia;Antioquia;;
205756000251;C. E. R. LLANADAS ABAJO;1;Bajo;13;0.003;OFICIAL;RURAL;2;8;2;1;0;Sonsón;2;;Antioquia;Antioquia;;Comfama (Caja de Compensación Familiar de Antioquia)
205756000421;C. E. R. EL CHIRIMOYO;1;Bajo;13;0.003;OFICIAL;RURAL;1;5;4;3;0;Sonsón;2;;Antioquia;Antioquia;;
217042000409;SEDE SUER DE NAVAS;3;Crítico;13;0.0162;OFICIAL;RURAL;2;11;0;0;0;Anserma;1;;Caldas;Caldas;;
225035000056;ESCUELA RURAL SANTA ANA;2;Moderado;13;0.0049;OFICIAL;RURAL;2;11;0;0;0;Anapoima;1;;Cundinamarca;Cundinamarca;;Fundación Alquería Cavelier
225491000165;ESCUELA RURAL BAQUERO;1;Bajo;13;0.0049;OFICIAL;RURAL;2;11;0;0;0;Nocaima;1;;Cundinamarca;Cundinamarca;;Fundación Alquería Cavelier
225649000079;ESCUELA RURAL SANTA MARTA;2;Moderado;13;0.0049;OFICIAL;RURAL;3;10;0;0;0;San Bernardo;1;;Cundinamarca;Cundinamarca;;
241001003141;TAMARINDO;2;Moderado;13;0.0193;OFICIAL;RURAL;1;12;0;0;0;Neiva;1;;Neiva;Huila;;
266001001612;CENT EDUC EL CHOCHO;3;Crítico;13;0.0168;OFICIAL;RURAL;2;11;0;0;0;Pereira;1;;Pereira;Risaralda;;
266088000323;SE LA PLANTA;2;Moderado;13;0.0293;OFICIAL;RURAL;2;11;0;0;0;Belén de Umbría;1;;Risaralda;Risaralda;;
268176000085;ESCUELA RURAL CARURE;2;Moderado;13;0.0097;OFICIAL;RURAL;1;12;0;0;0;Chima;1;;Santander;Santander;;
273870000631;EL TRIUNFO;2;Moderado;13;0.0093;OFICIAL;RURAL;0;13;0;0;0;Villahermosa;1;;Tolima;Tolima;;
276520003032;LA NEVERA;2;Moderado;13;0.0264;OFICIAL;RURAL;3;1;9;0;0;Palmira;2;;Palmira;Valle del Cauca;;
276834001034;SEDE NO. 79 PEDRO CARLOS ORTIZ LOZANO;1;Bajo;13;0.0472;OFICIAL;RURAL;0;13;0;0;0;Tuluá;1;;Tuluá;Valle del Cauca;;
276834000861;SEDE NO. 60 FRANCISCO MARIA LOZANO;2;Moderado;13;0.0472;OFICIAL;RURAL;0;13;0;0;0;Tuluá;1;;Tuluá;Valle del Cauca;;
276250000192;SAN PABLO;3;Crítico;13;0.01;OFICIAL;RURAL;0;9;4;0;0;El Dovio;1;;Valle;Valle del Cauca;;
276250000222;SANTA TERESITA;2;Moderado;13;0.01;OFICIAL;RURAL;2;8;3;0;0;El Dovio;;;Valle;Valle del Cauca;;
217013000947;ESCUELA RURAL CULEBRAL;1;Bajo;13;0.0162;;RURAL;1;12;0;0;0;Aguadas;1;;Caldas;Caldas;;
217013000432;ESCUELA ALTO DEL CARMELO;2;Moderado;13;0.0162;;RURAL;2;11;0;0;0;Aguadas;2;;Caldas;Caldas;;
217013000700;SEDE LA CASTRILLONA;2;Moderado;13;0.0162;;RURAL;2;11;0;0;0;Aguadas;1;;Caldas;Caldas;;
217042000280;MARTIN DE AMOROTO;1;Bajo;13;0.0162;;RURAL;5;8;0;0;0;Anserma;;;Caldas;Caldas;;
217433000047;ESCUELA RURAL SAN JUAN LA SIRIA;1;Bajo;13;0.0162;;RURAL;3;10;0;0;0;Manzanares;;;Caldas;Caldas;;Federación Nacional de Cafeteros de Colombia
217444000154;ESCUELA EL ROSARIO;1;Bajo;13;0.0162;;RURAL;3;10;0;0;0;Marquetalia;1;;Caldas;Caldas;;Federación Nacional de Cafeteros de Colombia
217662000425;ESCUELA RURAL CADENALES;1;Bajo;13;0.0162;;RURAL;1;12;0;0;0;Samaná;;;Caldas;Caldas;;Federación Nacional de Cafeteros de Colombia
217614000065;ESCUELA RURAL MIXTA UBARBA;2;Moderado;13;0.0162;;RURAL;0;13;0;0;0;Riosucio;;;Caldas;Caldas;;
217616000151;ESCUELA ALTO ARAUCA;2;Moderado;13;0.0162;;RURAL;0;13;0;0;0;Risaralda;2;;Caldas;Caldas;;Federación Nacional de Cafeteros de Colombia
217662000514;ESCUELA RURAL LA ALEJANDRÍA;1;Bajo;13;0.0162;;RURAL;1;5;7;0;0;Samaná;1;;Caldas;Caldas;;Federación Nacional de Cafeteros de Colombia
217662002738;ESCUELA NUEVA PICHÍNCHE;1;Bajo;13;0.0162;;RURAL;2;11;0;0;0;Samaná;1;;Caldas;Caldas;;Federación Nacional de Cafeteros de Colombia
217777000399;ESCUELA RURAL LA CLARA;2;Moderado;13;0.0162;;RURAL;1;12;0;0;0;Supía;1;;Caldas;Caldas;;Federación Nacional de Cafeteros de Colombia
217867000193;ESCUELA RURAL LA GUAYANA;1;Bajo;13;0.0162;;RURAL;2;11;0;0;0;Victoria;1;;Caldas;Caldas;;Federación Nacional de Cafeteros de Colombia
217873000022;ESCUELA RURAL ALTO VILLARAZO;1;Bajo;13;0.0162;;RURAL;2;11;0;0;0;Villamaría;1;;Caldas;Caldas;;Federación Nacional de Cafeteros de Colombia
217873000294;ESCUELA TRECE DE MAYO;1;Bajo;13;0.0162;;RURAL;2;11;0;0;0;Villamaría;1;;Caldas;Caldas;;Federación Nacional de Cafeteros de Colombia
223417000002;BEBE CHICHA;2;Moderado;13;0.0577;;RURAL;1;12;0;0;0;Lorica;1;;Lorica;Córdoba;;
266383000114;SE LA POLONIA;3;Crítico;12;0.027;OFICIAL;RURAL;1;11;0;0;0;La Celia;1;;Risaralda;Risaralda;SI;
273504002043;BELLAVISTA;3;Crítico;12;0.0086;OFICIAL;RURAL;4;8;0;0;0;Ortega;1;;Tolima;Tolima;SI;
205837000441;E.R. SAN PABLO TULAPA;2;Moderado;12;0.0321;OFICIAL;RURAL;0;12;0;0;0;Turbo;1;;Turbo;Antioquia;SI;Fundación Secretos Para Contar
276054000095;DOLORES SALAZAR DE LOPEZ;2;Moderado;12;0.0092;OFICIAL;RURAL;0;12;0;0;0;Argelia;1;;Valle;Valle del Cauca;SI;
241020000919;EL PEDREGAL;2;Moderado;12;0.0094;OFICIAL;RURAL;1;11;0;0;0;Algeciras;1;;Huila;Huila;SI;
254003000453;SEDE EL OROQUE;2;Moderado;12;0.0076;OFICIAL;RURAL;2;10;0;0;0;Ábrego;1;;Norte Santander;Norte de Santander;SI;
273870000215;LA LADERA;2;Moderado;12;0.0086;OFICIAL;RURAL;0;12;0;0;0;Villahermosa;1;;Tolima;Tolima;SI;
205308000177;E.R. POTRERITO;2;Moderado;12;0.0028;OFICIAL;RURAL;2;10;0;0;0;Girardota;1;;Antioquia;Antioquia;SI;Fundación Incolmotos Yamaha
205665000878;C. E. R. ANGOSTURA;2;Moderado;12;0.0028;OFICIAL;RURAL;1;11;0;0;0;San Pedro de Urabá;1;;Antioquia;Antioquia;SI;
241872000388;CUZCO;2;Moderado;12;0.0094;OFICIAL;RURAL;0;12;0;0;0;Villavieja;1;;Huila;Huila;SI;
376364002521;CENTRO EDUCATIVO ARTISTICO EL ARBOL DE LOS SUEÑOS - SEDE PRINCIPAL;1;Bajo;12;0.0434;NO OFICIAL;URBANA;12;0;0;0;0;Jamundí;;;Jamundí;Valle del Cauca;SI;
227001001714;SEDE DE GUARANDO;2;Moderado;12;0.0327;OFICIAL;RURAL;0;12;0;0;0;Quibdó;1;;Quibdó;Chocó;SI;
273270000238;PAUJIL;2;Moderado;12;0.0086;OFICIAL;RURAL;0;12;0;0;0;Palocabildo;1;;Tolima;Tolima;SI;
273270000505;LA MARIA;2;Moderado;12;0.0086;OFICIAL;RURAL;2;10;0;0;0;Palocabildo;1;;Tolima;Tolima;SI;
205837000719;E.R. LA YOYA;2;Moderado;12;0.0321;OFICIAL;RURAL;0;12;0;0;0;Turbo;2;;Turbo;Antioquia;SI;
205837001928;E.R. LA FLORIDA-COLDESA (D);2;Moderado;12;0.0321;OFICIAL;RURAL;2;10;0;0;0;Turbo;1;;Turbo;Antioquia;SI;
227077001853;SEDE FRANCISCO MIRANDA;1;Bajo;12;0.0105;OFICIAL;RURAL;3;9;0;0;0;Bajo Baudó;1;;Choco;Chocó;SI;
227001001854;SEDE DIEGO LUIS CORDOBA;1;Bajo;12;0.0327;OFICIAL;RURAL;3;9;0;0;0;Quibdó;1;;Quibdó;Chocó;SI;
227001003521;SEDE BOCA DE PURDU;1;Bajo;12;0.0327;OFICIAL;RURAL;2;10;0;0;0;Quibdó;1;;Quibdó;Chocó;SI;
273319000417;TOVAR;1;Bajo;12;0.0086;OFICIAL;RURAL;2;10;0;0;0;Guamo;2;;Tolima;Tolima;SI;
273563000101;ACO;1;Bajo;12;0.0086;OFICIAL;RURAL;3;9;0;0;0;Prado;1;;Tolima;Tolima;SI;
252001002189;ESC RUR MIX CHAVEZ;1;Bajo;12;0.0203;OFICIAL;RURAL;0;12;0;0;0;Pasto;1;;Pasto;Nariño;NO;
217513000501;ESCUELA RURAL EL TOPACIO;1;Bajo;12;0.0149;OFICIAL;RURAL;2;10;0;0;0;Pácora;1;;Caldas;Caldas;SI;Federación Nacional de Cafeteros de Colombia
276233000251;ANTONIO JOSE DE SUCRE;2;Moderado;12;0.0092;OFICIAL;RURAL;2;10;0;0;0;Dagua;1;;Valle;Valle del Cauca;SI;
276243000225;SANTA CECILIA;1;Bajo;12;0.0092;OFICIAL;RURAL;2;10;0;0;0;El Águila;1;;Valle;Valle del Cauca;SI;
276248000045;JOSE ANTONIO GALAN;1;Bajo;12;0.0092;OFICIAL;RURAL;2;10;0;0;0;El Cerrito;1;;Valle;Valle del Cauca;SI;
276248000100;MANUELA BELTRAN;2;Moderado;12;0.0092;OFICIAL;RURAL;0;12;0;0;0;El Cerrito;1;;Valle;Valle del Cauca;SI;
276306000093;NUESTRA SEÑORA DE FATIMA;1;Bajo;12;0.0092;OFICIAL;RURAL;0;12;0;0;0;Ginebra;1;1;Valle;Valle del Cauca;SI;
276377000191;ATANASIO GIRARDOT;2;Moderado;12;0.0092;OFICIAL;RURAL;2;10;0;0;0;La Cumbre;1;;Valle;Valle del Cauca;SI;
276616000069;SAN ISIDRO;3;Crítico;12;0.0092;OFICIAL;RURAL;0;12;0;0;0;Riofrío;1;;Valle;Valle del Cauca;SI;
276616000379;SAN JOSÉ;3;Crítico;12;0.0092;OFICIAL;RURAL;0;12;0;0;0;Riofrío;1;;Valle;Valle del Cauca;SI;
276622000461;GABRIELA MISTRAL;3;Crítico;12;0.0092;OFICIAL;RURAL;1;11;0;0;0;Roldanillo;2;;Valle;Valle del Cauca;SI;
276736000313;COLOMBIA;2;Moderado;12;0.0092;OFICIAL;RURAL;2;10;0;0;0;Sevilla;1;;Valle;Valle del Cauca;SI;
276736000437;LA MAGDALENA;2;Moderado;12;0.0092;OFICIAL;RURAL;2;10;0;0;0;Sevilla;3;;Valle;Valle del Cauca;SI;
276736000453;SANTA MONICA;2;Moderado;12;0.0092;OFICIAL;RURAL;1;11;0;0;0;Sevilla;;;Valle;Valle del Cauca;SI;
276845000111;ALFONSO LÓPEZ PUMAREJO;2;Moderado;12;0.0092;OFICIAL;RURAL;1;11;0;0;0;Ulloa;3;;Valle;Valle del Cauca;SI;
276109011563;RICARDO CAICEDO;1;Bajo;12;0.0215;OFICIAL;RURAL;3;9;0;0;0;Buenaventura;1;;Buenaventura;Valle del Cauca;SI;
219075000288;LA PALMA (sede principal);1;Bajo;12;;OFICIAL;RURAL;3;9;0;0;0;Balboa;2;1;;Cauca;;
219075000822;EL MIRADOR;1;Bajo;12;;OFICIAL;RURAL;4;8;0;0;0;Balboa;3;;;Cauca;;
219075000881;EL DIVISO;1;Bajo;12;;OFICIAL;RURAL;3;9;0;0;0;Balboa;1;;;Cauca;;
219100000662;ESCUELA RURAL MIXTA PLACETILLAS;3;Crítico;12;;OFICIAL;RURAL;1;11;0;0;0;Bolívar;2;1;;Cauca;;
219130000519;LA FLORIDA;1;Bajo;12;;OFICIAL;RURAL;0;12;0;0;0;Cajibío;;;;Cauca;;
219130001221;SAN MIGUEL;2;Moderado;12;;OFICIAL;RURAL;3;9;0;0;0;Cajibío;1;;;Cauca;;
219142000638;CENTRO DOCENTE RURAL MIXTO LA PLACA;1;Bajo;12;;OFICIAL;RURAL;3;9;0;0;0;Caloto;1;;;Cauca;;
219212000258;ESCUELA RURAL MIXTA EL BOQUERON;1;Bajo;12;;OFICIAL;RURAL;2;10;0;0;0;Corinto;1;;;Cauca;;
219256000751;LA PALOMA;1;Bajo;12;;OFICIAL;RURAL;2;10;0;0;0;El Tambo;;;;Cauca;;
219256001278;EL HOYO;1;Bajo;12;;OFICIAL;RURAL;1;11;0;0;0;El Tambo;1;;;Cauca;;
219256002118;VERANERAS CACHIMBO;1;Bajo;12;;OFICIAL;RURAL;0;12;0;0;0;El Tambo;1;;;Cauca;;
219256002126;SAN ANTONIO;1;Bajo;12;;OFICIAL;RURAL;0;12;0;0;0;El Tambo;;;;Cauca;;
219355000453;ESCUELA RURAL MIXTA EL CARMEN;1;Bajo;12;;OFICIAL;RURAL;5;7;0;0;0;Inzá;2;;;Cauca;;
219355000607;PRINCIPAL;1;Bajo;12;;OFICIAL;RURAL;1;11;0;0;0;Inzá;2;;;Cauca;;
219397002090;LOMA GRANDE;1;Bajo;12;;OFICIAL;RURAL;4;8;0;0;0;La Vega;1;;;Cauca;;
219450001165;VILLA TORRES;1;Bajo;12;;OFICIAL;RURAL;0;12;0;0;0;Mercaderes;1;;;Cauca;;
219517000690;ESCUELA RURAL MIXTA LA MESA DE COHETANDO;1;Bajo;12;;OFICIAL;RURAL;1;11;0;0;0;Páez;;;;Cauca;;
219548000612;EL DIVISO;1;Bajo;12;;OFICIAL;RURAL;1;11;0;0;0;Piendamó - Tunía;1;;;Cauca;;
219585000525;PATIO BONITO;1;Bajo;12;;OFICIAL;RURAL;1;11;0;0;0;Puracé;1;;;Cauca;;
219693000116;LOS HATOS;1;Bajo;12;;OFICIAL;RURAL;3;9;0;0;0;San Sebastián;1;;;Cauca;;
219780001111;ESCUELA RURAL MIXTA EL NARANJAL;2;Moderado;12;;OFICIAL;RURAL;0;12;0;0;0;Suárez;2;;;Cauca;;
219807000651;EL DESCANSO;1;Bajo;12;;OFICIAL;RURAL;5;7;0;0;0;Timbío;2;;;Cauca;;
219809000429;CALLE DE JESUS;1;Bajo;12;;OFICIAL;RURAL;2;10;0;0;0;Timbiquí;1;;;Cauca;;
263130000461;ANTONIO RICAURTE;1;Bajo;12;0.0331;OFICIAL;RURAL;0;12;0;0;0;Calarcá;;;Quindio;Quindio;;
263470000130;GUATEMALA;2;Moderado;12;0.0331;OFICIAL;RURAL;0;12;0;0;0;Montenegro;1;;Quindio;Quindio;;
263470000181;LA GRAN COLOMBIA;1;Bajo;12;0.0331;OFICIAL;RURAL;2;10;0;0;0;Montenegro;1;;Quindio;Quindio;;
205002000238;C. E. R. SAN BARTOLOME;3;Crítico;12;0.0028;OFICIAL;RURAL;1;3;7;1;0;Abejorral;2;;Antioquia;Antioquia;;Comfama (Caja de Compensación Familiar de Antioquia)
205093000642;C. E. R. LA CORAZONA;2;Moderado;12;0.0028;OFICIAL;RURAL;2;10;0;0;0;Betulia;1;;Antioquia;Antioquia;;Comfama (Caja de Compensación Familiar de Antioquia) | Fundación Secretos Para Contar
205679000366;C. E. R. EL VERGEL;1;Bajo;12;0.0028;OFICIAL;RURAL;0;12;0;0;0;Santa Bárbara;1;;Antioquia;Antioquia;;Comfama (Caja de Compensación Familiar de Antioquia)
205686000037;EL TOPACIO;1;Bajo;12;0.0028;OFICIAL;RURAL;2;10;0;0;0;Santa Rosa de Osos;1;;Antioquia;Antioquia;;
205756000064;C. E. R. RIO VERDE;1;Bajo;12;0.0028;OFICIAL;RURAL;2;5;4;1;0;Sonsón;2;;Antioquia;Antioquia;;
205789000434;C. E. R. EL ENCANTO;1;Bajo;12;0.0028;OFICIAL;RURAL;1;11;0;0;0;Támesis;1;;Antioquia;Antioquia;;Comfama (Caja de Compensación Familiar de Antioquia)
205895000842;CHILONA CENTRAL;1;Bajo;12;0.0028;OFICIAL;RURAL;0;12;0;0;0;Zaragoza;1;;Antioquia;Antioquia;;
217042000093;SEDE PEDRO SARMIENTO;3;Crítico;12;0.0149;OFICIAL;RURAL;2;10;0;0;0;Anserma;1;;Caldas;Caldas;;
225402000394;ESCUELA RURAL EL MORO;1;Bajo;12;0.0045;OFICIAL;RURAL;2;10;0;0;0;La Vega;1;;Cundinamarca;Cundinamarca;;
225653000113;ESCUELA RURAL MUNDO NUEVO;2;Moderado;12;0.0045;OFICIAL;RURAL;1;11;0;0;0;San Cayetano;1;;Cundinamarca;Cundinamarca;;
266001001621;CE EL CONGOLO;3;Crítico;12;0.0155;OFICIAL;RURAL;0;12;0;0;0;Pereira;1;;Pereira;Risaralda;;
266001001086;CENT EDUC SANTANDER;3;Crítico;12;0.0155;OFICIAL;RURAL;3;9;0;0;0;Pereira;1;;Pereira;Risaralda;;
266001001299;CE LA AMOLADORA ALTA;3;Crítico;12;0.0155;OFICIAL;RURAL;2;10;0;0;0;Pereira;;;Pereira;Risaralda;;
266001004336;CENT EDUC EL JORDAN;3;Crítico;12;0.0155;OFICIAL;RURAL;1;11;0;0;0;Pereira;1;;Pereira;Risaralda;;
266001001566;CE GUAYABO GUADALAJARA;3;Crítico;12;0.0155;OFICIAL;RURAL;0;12;0;0;0;Pereira;1;;Pereira;Risaralda;;
266001005294;CE MARCO TULIO OSPINA;3;Crítico;12;0.0155;OFICIAL;RURAL;0;12;0;0;0;Pereira;1;;Pereira;Risaralda;;
266383000416;SE LA ARGELIA;1;Bajo;12;0.027;OFICIAL;RURAL;3;9;0;0;0;La Celia;1;;Risaralda;Risaralda;;
266440000185;SE EL KIOSCO;2;Moderado;12;0.027;OFICIAL;RURAL;1;11;0;0;0;Marsella;1;;Risaralda;Risaralda;;
273411000415;CANAAN;3;Crítico;12;0.0086;OFICIAL;RURAL;5;7;0;0;0;Líbano;1;;Tolima;Tolima;;
273504000318;BOCAS DE TETUAN;1;Bajo;12;0.0086;OFICIAL;RURAL;2;10;0;0;0;Ortega;1;;Tolima;Tolima;;
273563000119;EL FIQUE;3;Crítico;12;0.0086;OFICIAL;RURAL;2;10;0;0;0;Prado;1;;Tolima;Tolima;;
273622000055;EL DIAMANTE;2;Moderado;12;0.0086;OFICIAL;RURAL;3;9;0;0;0;Roncesvalles;1;;Tolima;Tolima;;
276100001073;CACIQUE DOPARA;3;Crítico;12;0.0092;OFICIAL;RURAL;0;12;0;0;0;Bolívar;1;;Valle;Valle del Cauca;;
276126000435;GERMAN MEJIA;2;Moderado;12;0.0092;OFICIAL;RURAL;2;10;0;0;0;Calima;;;Valle;Valle del Cauca;;
276890000083;JOSE MARIA CORDOBA;2;Moderado;12;0.0092;OFICIAL;RURAL;1;11;0;0;0;Yotoco;;;Valle;Valle del Cauca;;
276892000251;JOSE ANTONIO PAEZ;3;Crítico;12;0.0533;OFICIAL;RURAL;4;8;0;0;0;Yumbo;1;;Yumbo;Valle del Cauca;;
217013000114;ESCUELA SAN NICOLAS;1;Bajo;12;0.0149;;RURAL;2;10;0;0;0;Aguadas;1;;Caldas;Caldas;;
217013000211;MONTERREDONDO;1;Bajo;12;0.0149;;RURAL;1;11;0;0;0;Aguadas;1;;Caldas;Caldas;;
217013000025;TIERRA FRIA;2;Moderado;12;0.0149;;RURAL;2;10;0;0;0;Aguadas;1;;Caldas;Caldas;;
217042000301;FRANCISCO DE FRIAS;3;Crítico;12;0.0149;;RURAL;4;8;0;0;0;Anserma;1;;Caldas;Caldas;;
217088000276;ESCUELA NUEVA ALTO BONITO;3;Crítico;12;0.0149;;RURAL;1;11;0;0;0;Belalcázar;1;;Caldas;Caldas;;
217088000047;ESCUELA RURAL LA ZAINERA;2;Moderado;12;0.0149;;RURAL;3;9;0;0;0;Belalcázar;1;;Caldas;Caldas;;
217433000144;ESCUELA RURAL ANA JULIA VARGAS DE ARANGO;1;Bajo;12;0.0149;;RURAL;2;10;0;0;0;Manzanares;1;;Caldas;Caldas;;Federación Nacional de Cafeteros de Colombia
217433000152;ESCUELA RURAL LOS FUNDADORES;1;Bajo;12;0.0149;;RURAL;1;11;0;0;0;Manzanares;1;;Caldas;Caldas;;Federación Nacional de Cafeteros de Colombia
217486000260;ESCUELA FRANCISCO DE PAULA SANTANDER;1;Bajo;12;0.0149;;RURAL;2;10;0;0;0;Neira;1;;Caldas;Caldas;;Federación Nacional de Cafeteros de Colombia
217486000278;ESCUELA LAS AMÉRICAS;2;Moderado;12;0.0149;;RURAL;1;11;0;0;0;Neira;1;;Caldas;Caldas;;Federación Nacional de Cafeteros de Colombia
217662001456;ESCUELA RURAL EL JAGUAL;2;Moderado;12;0.0149;;RURAL;2;10;0;0;0;Samaná;1;;Caldas;Caldas;;Federación Nacional de Cafeteros de Colombia
217662002274;ESCUELA RURAL SANTA MARIA;1;Bajo;12;0.0149;;RURAL;0;12;0;0;0;Samaná;;;Caldas;Caldas;;Federación Nacional de Cafeteros de Colombia
217524000325;CENTRO EDUCATIVO LA MERCED ALTA;2;Moderado;12;0.0149;;RURAL;1;11;0;0;0;Palestina;1;;Caldas;Caldas;;Federación Nacional de Cafeteros de Colombia
217541000142;ESCUELA RURAL TULIO RAMIREZ;1;Bajo;12;0.0149;;RURAL;1;11;0;0;0;Pensilvania;1;;Caldas;Caldas;;Federación Nacional de Cafeteros de Colombia
217614000481;ESCUELA RURAL MIXTA SANTA INES;2;Moderado;12;0.0149;;RURAL;0;12;0;0;0;Riosucio;;;Caldas;Caldas;;
217616000186;ESCUELA LA TRINIDAD;1;Bajo;12;0.0149;;RURAL;3;9;0;0;0;Risaralda;1;;Caldas;Caldas;;Federación Nacional de Cafeteros de Colombia
217616000143;ESCUELA EL BRILLANTE;1;Bajo;12;0.0149;;RURAL;3;9;0;0;0;Risaralda;1;;Caldas;Caldas;;Federación Nacional de Cafeteros de Colombia
217616000071;ESCUELA LA ESPERANZA;3;Crítico;12;0.0149;;RURAL;1;11;0;0;0;Risaralda;1;;Caldas;Caldas;;Federación Nacional de Cafeteros de Colombia
217616000224;ESCUELA RURAL EL CONTENTO;2;Moderado;12;0.0149;;RURAL;0;12;0;0;0;Risaralda;;;Caldas;Caldas;;Federación Nacional de Cafeteros de Colombia
217873000235;ESCUELA ALTO ARROYO;1;Bajo;12;0.0149;;RURAL;1;11;0;0;0;Villamaría;1;;Caldas;Caldas;;Federación Nacional de Cafeteros de Colombia
223417002293;SAN MATEO;1;Bajo;12;0.0533;;RURAL;3;9;0;0;0;Lorica;;;Lorica;Córdoba;;
227077001624;SEDE RAMON LOZANO;3;Crítico;11;0.0097;OFICIAL;RURAL;2;9;0;0;0;Medio Baudó;1;;Choco;Chocó;SI;
276606000273;ATANASIO GIRARDOT;3;Crítico;11;0.0085;OFICIAL;RURAL;2;6;3;0;0;Restrepo;;;Valle;Valle del Cauca;SI;
276606000338;GUILLERMO LEON VALENCIA;3;Crítico;11;0.0085;OFICIAL;RURAL;3;8;0;0;0;Restrepo;1;;Valle;Valle del Cauca;SI;
276823000168;RESTREPO MEJIA;3;Crítico;11;0.0085;OFICIAL;RURAL;0;11;0;0;0;Toro;1;;Valle;Valle del Cauca;SI;
427361001323;SEDE DOIDO;2;Moderado;11;0.0097;OFICIAL;RURAL;2;9;0;0;0;Istmina;1;;Choco;Chocó;SI;
205209000556;C. E. R. EL CHOCHO;2;Moderado;11;0.0025;OFICIAL;RURAL;2;9;0;0;0;Concordia;1;;Antioquia;Antioquia;SI;Comfama (Caja de Compensación Familiar de Antioquia)
205411000550;LA MONTAÑITA;1;Bajo;11;0.0025;OFICIAL;RURAL;6;5;0;0;0;Liborina;1;;Antioquia;Antioquia;SI;Fundación Secretos Para Contar
376111032751;JARDIN INFANTIL Y CENTRO DE ESTIMULACION SUEÑO DE LUNA - SEDE PRINCIPAL;1;Bajo;11;0.0611;NO OFICIAL;URBANA;11;0;0;0;0;Guadalajara de Buga;;;Buga;Valle del Cauca;SI;
266572000826;SE SAN LUIS;2;Moderado;11;0.0248;OFICIAL;RURAL;2;9;0;0;0;Pueblo Rico;1;;Risaralda;Risaralda;SI;
205138001041;EL RETIRO;2;Moderado;11;0.0025;OFICIAL;RURAL;1;10;0;0;0;Cañasgordas;1;;Antioquia;Antioquia;SI;
227361001642;SEDE SARDINA;2;Moderado;11;0.0097;OFICIAL;RURAL;0;11;0;0;0;Medio San Juan;1;;Choco;Chocó;SI;
227205001021;SEDE EL TIGRE;2;Moderado;11;0.0097;OFICIAL;RURAL;2;9;0;0;0;Medio San Juan;1;;Choco;Chocó;SI;
205837002231;LA ILUSIÓN;2;Moderado;11;0.0294;OFICIAL;RURAL;1;10;0;0;0;Turbo;1;;Turbo;Antioquia;SI;Fundación Secretos Para Contar
241676000604;SAN FRANCISCO;2;Moderado;11;0.0086;OFICIAL;RURAL;1;10;0;0;0;Santa María;1;;Huila;Huila;SI;
205837007128;PUERTO BELLO;2;Moderado;11;0.0294;OFICIAL;RURAL;2;9;0;0;0;Turbo;1;;Turbo;Antioquia;SI;
250006000386;SEDE LOMA DEL PAÑUELO;2;Moderado;11;0.0096;OFICIAL;RURAL;0;11;0;0;0;Acacías;1;;Meta;Meta;NO;Ecopetrol
376111001910;COL MIXTO DISTRITAL;1;Bajo;11;0.0611;NO OFICIAL;URBANA;0;11;0;0;0;Guadalajara de Buga;;;Buga;Valle del Cauca;SI;
227001003105;SEDE ROBERTO PARRA GARCIA;1;Bajo;11;0.0299;OFICIAL;RURAL;0;11;0;0;0;Quibdó;1;;Quibdó;Chocó;SI;
227001000963;SEDE DE PACURITA;1;Bajo;11;0.0299;OFICIAL;RURAL;0;11;0;0;0;Quibdó;1;;Quibdó;Chocó;SI;
273675000235;CARRASPOSO;1;Bajo;11;0.0079;OFICIAL;RURAL;1;10;0;0;0;San Antonio;1;;Tolima;Tolima;SI;
273675000278;EL JARDIN;1;Bajo;11;0.0079;OFICIAL;RURAL;2;9;0;0;0;San Antonio;1;;Tolima;Tolima;SI;
273168002641;LA FLORIDA;1;Bajo;11;0.0079;OFICIAL;RURAL;3;8;0;0;0;Chaparral;1;;Tolima;Tolima;SI;
273563000607;TOMOGÓ;1;Bajo;11;0.0079;OFICIAL;RURAL;5;6;0;0;0;Prado;1;;Tolima;Tolima;SI;
273675000103;CALARMA;1;Bajo;11;0.0079;OFICIAL;RURAL;4;7;0;0;0;San Antonio;1;;Tolima;Tolima;SI;
273563000585;EL CAIMAN;1;Bajo;11;0.0079;OFICIAL;RURAL;2;9;0;0;0;Prado;1;;Tolima;Tolima;SI;
276109008601;SAN JUAN BAUTISTA DE LA SALLE;2;Moderado;11;0.0197;OFICIAL;RURAL;4;7;0;0;0;Buenaventura;2;;Buenaventura;Valle del Cauca;SI;
276041000525;NUESTRA SEÑORA DE FATIMA;1;Bajo;11;0.0085;OFICIAL;RURAL;2;9;0;0;0;Ansermanuevo;1;;Valle;Valle del Cauca;SI;
276113000444;JOSE JOAQUIN CASAS;1;Bajo;11;0.0085;OFICIAL;RURAL;0;11;0;0;0;Bugalagrande;1;;Valle;Valle del Cauca;SI;
276243000616;RICARDO LUIS BETANCOURTH;2;Moderado;11;0.0085;OFICIAL;RURAL;2;4;5;0;0;El Águila;1;;Valle;Valle del Cauca;SI;
276318000153;LOS LULOS;1;Bajo;11;0.0085;OFICIAL;RURAL;0;11;0;0;0;Guacarí;1;;Valle;Valle del Cauca;SI;
276377000221;SANTA TERESITA;2;Moderado;11;0.0085;OFICIAL;RURAL;0;11;0;0;0;La Cumbre;1;;Valle;Valle del Cauca;SI;
276400000226;HERMILA SALAZAR;3;Crítico;11;0.0085;OFICIAL;RURAL;1;10;0;0;0;La Unión;1;;Valle;Valle del Cauca;SI;
276622000275;SIMON BOLIVAR;3;Crítico;11;0.0085;OFICIAL;RURAL;1;10;0;0;0;Roldanillo;1;;Valle;Valle del Cauca;SI;
276622000330;FRANCISCO DE PAULA SANTANDER;2;Moderado;11;0.0085;OFICIAL;RURAL;4;7;0;0;0;Roldanillo;;;Valle;Valle del Cauca;SI;
276828000255;ADRIANO MORENO;2;Moderado;11;0.0085;OFICIAL;RURAL;1;10;0;0;0;Trujillo;2;;Valle;Valle del Cauca;SI;
276863000110;MARCO FIDEL SUAREZ;2;Moderado;11;0.0085;OFICIAL;RURAL;0;11;0;0;0;Versalles;;;Valle;Valle del Cauca;SI;
276890000261;SAN ANTONIO DE PIEDRAS;1;Bajo;11;0.0085;OFICIAL;RURAL;1;10;0;0;0;Yotoco;1;;Valle;Valle del Cauca;SI;
276890000202;NUESTRA SENORA DEL CARMEN;3;Crítico;11;0.0085;;;2;9;0;0;0;Yotoco;1;;Valle;Valle del Cauca;SI;
476109003632;SAN ANTONIO DE GUADUAL;1;Bajo;11;0.0197;OFICIAL;RURAL;6;5;0;0;0;Buenaventura;2;;Buenaventura;Valle del Cauca;SI;
276109002441;BRISAS DEL PACIFICO;1;Bajo;11;0.0197;OFICIAL;RURAL;1;10;0;0;0;Buenaventura;1;;Buenaventura;Valle del Cauca;SI;
276109010247;LA MILAGROSA;3;Crítico;11;0.0197;OFICIAL;RURAL;2;9;0;0;0;Buenaventura;1;;Buenaventura;Valle del Cauca;SI;
219022000936;PITAYAS;1;Bajo;11;;OFICIAL;RURAL;1;10;0;0;0;Almaguer;1;;;Cauca;;
219050000461;SAN JUAN DE LA GUADUA (sede principal);1;Bajo;11;;OFICIAL;RURAL;3;8;0;0;0;Argelia;3;1;;Cauca;;
219100002410;QUITETO;1;Bajo;11;;OFICIAL;RURAL;3;8;0;0;0;Bolívar;1;;;Cauca;;
219130000365;PUERTA CHIQUITA;2;Moderado;11;;OFICIAL;RURAL;2;9;0;0;0;Cajibío;1;;;Cauca;;
219130000993;LA PAZ MATAPALO;2;Moderado;11;;OFICIAL;RURAL;1;10;0;0;0;Cajibío;1;;;Cauca;;
219137000727;PUENTE REAL;1;Bajo;11;;OFICIAL;RURAL;0;11;0;0;0;Caldono;1;;;Cauca;;
219137001367;CENTRO DOCENTE RURAL MIXTO LA ISLA;3;Crítico;11;;OFICIAL;RURAL;0;11;0;0;0;Caldono;1;;;Cauca;;
219256000468;LA CUCHILLA;1;Bajo;11;;OFICIAL;RURAL;0;11;0;0;0;El Tambo;1;;;Cauca;;
219256000514;CAUCA;1;Bajo;11;;OFICIAL;RURAL;0;11;0;0;0;El Tambo;1;;;Cauca;;
219256001197;ESCUELA RURAL MIXTA ZARZALITO;1;Bajo;11;;OFICIAL;RURAL;1;10;0;0;0;El Tambo;;;;Cauca;;
219256001227;LAS CHUCARAS;1;Bajo;11;;OFICIAL;RURAL;0;11;0;0;0;El Tambo;;;;Cauca;;
219256002363;NAVARRO;1;Bajo;11;;OFICIAL;RURAL;0;11;0;0;0;El Tambo;1;;;Cauca;;
219256002428;AIRES DE OCCIDENTE;2;Moderado;11;;OFICIAL;RURAL;2;9;0;0;0;El Tambo;1;;;Cauca;;
219355000046;ESCUELA RURAL MIXTA LOMA ALTA;1;Bajo;11;;OFICIAL;RURAL;1;10;0;0;0;Inzá;1;;;Cauca;;
219355000143;ESCUELA RURAL MIXTA EL PICACHO;1;Bajo;11;;OFICIAL;RURAL;2;9;0;0;0;Inzá;1;;;Cauca;;
219392001001;PRIMAVERA;1;Bajo;11;;OFICIAL;RURAL;2;9;0;0;0;La Sierra;2;;;Cauca;;
219450000151;PATANGUEJO;1;Bajo;11;;OFICIAL;RURAL;5;6;0;0;0;Mercaderes;1;;;Cauca;;
219450001238;VILLANUEVA;1;Bajo;11;;OFICIAL;RURAL;1;10;0;0;0;Mercaderes;1;;;Cauca;;
219698001153;GUAYABAL;1;Bajo;11;;OFICIAL;RURAL;1;10;0;0;0;Santander de Quilichao;2;;;Cauca;;
219824001130;ESCUELA RURAL MIXTA LA PAJOSA ALTA;1;Bajo;11;;OFICIAL;RURAL;2;9;0;0;0;Totoró;1;;;Cauca;;
263470000016;MANUELA BELTRAN;2;Moderado;11;0.0303;OFICIAL;RURAL;2;9;0;0;0;Montenegro;1;;Quindio;Quindio;;
205042000303;C. E. R. SACRAMENTO OSORIO PEREZ;2;Moderado;11;0.0025;OFICIAL;RURAL;0;11;0;0;0;Santa Fé de Antioquia;1;;Antioquia;Antioquia;;
205206000512;C. E. R. PALMICHAL;2;Moderado;11;0.0025;OFICIAL;RURAL;2;9;0;0;0;Concepción;1;;Antioquia;Antioquia;;Fundación Empresas Públicas De Medellín
205240001013;C. E. R. EL ARENAL;2;Moderado;11;0.0025;OFICIAL;RURAL;2;9;0;0;0;Ebéjico;1;;Antioquia;Antioquia;;
205282000289;C. E. R. MORRO PLANCHO;2;Moderado;11;0.0025;OFICIAL;RURAL;1;10;0;0;0;Fredonia;1;;Antioquia;Antioquia;;Comfama (Caja de Compensación Familiar de Antioquia)
205282000041;E R CHAMUSCADOS;2;Moderado;11;0.0025;OFICIAL;RURAL;0;11;0;0;0;Fredonia;1;;Antioquia;Antioquia;;Fundación SURA
205313000436;C. E. R. MINITAS;2;Moderado;11;0.0025;OFICIAL;RURAL;3;8;0;0;0;Granada;1;;Antioquia;Antioquia;;
205364000279;C. E. R. RAIMUNDO ROJAS;2;Moderado;11;0.0025;OFICIAL;RURAL;3;8;0;0;0;Jardín;1;;Antioquia;Antioquia;;Comfama (Caja de Compensación Familiar de Antioquia)
205642000358;TARQUI;1;Bajo;11;0.0025;OFICIAL;RURAL;0;11;0;0;0;Salgar;1;;Antioquia;Antioquia;;Comfama (Caja de Compensación Familiar de Antioquia)
205670000240;C. E. R. EL CARMEN;2;Moderado;11;0.0025;OFICIAL;RURAL;1;10;0;0;0;San Roque;1;;Antioquia;Antioquia;;Fundación Secretos Para Contar
205756000480;C. E. R. EL RODEO;2;Moderado;11;0.0025;OFICIAL;RURAL;0;4;6;1;0;Sonsón;2;;Antioquia;Antioquia;;Comfama (Caja de Compensación Familiar de Antioquia)
205792000071;CASCABEL;2;Moderado;11;0.0025;OFICIAL;RURAL;2;9;0;0;0;Tarso;1;;Antioquia;Antioquia;;Comfama (Caja de Compensación Familiar de Antioquia)
205856000100;C. E. R. HORACIO TORO OCHOA;2;Moderado;11;0.0025;OFICIAL;RURAL;0;11;0;0;0;Valparaíso;1;;Antioquia;Antioquia;;Comfama (Caja de Compensación Familiar de Antioquia) | Fundación Secretos Para Contar
225322000016;ESCUELA RURAL EL SANTUARIO;2;Moderado;11;0.0041;OFICIAL;RURAL;1;10;0;0;0;Guasca;1;;Cundinamarca;Cundinamarca;;
225398000180;ESCUELA RURAL EL BOSQUE;2;Moderado;11;0.0041;OFICIAL;RURAL;0;11;0;0;0;La Peña;1;;Cundinamarca;Cundinamarca;;
225743000252;ESCUELA RURAL VICTORIA ALTA;1;Bajo;11;0.0041;OFICIAL;RURAL;2;9;0;0;0;Silvania;1;;Cundinamarca;Cundinamarca;;
425745000267;ESCUELA RURAL APOSENTOS CRISTAL;2;Moderado;11;0.0041;OFICIAL;RURAL;3;8;0;0;0;Simijaca;1;;Cundinamarca;Cundinamarca;;
225862000066;ESCUELA RURAL LA BOLSA;2;Moderado;11;0.0041;OFICIAL;RURAL;2;9;0;0;0;Vergara;1;;Cundinamarca;Cundinamarca;;
263001001168;PASTORA DE MONTOYA;1;Bajo;11;0.0272;OFICIAL;RURAL;1;10;0;0;0;Armenia;1;;Armenia;Quindio;;
266001001591;CENT EDUC EL PORVENIR;3;Crítico;11;0.0142;OFICIAL;RURAL;0;11;0;0;0;Pereira;1;;Pereira;Risaralda;;Comfamiliar Risaralda
266001001302;CENT EDUC LA SIRIA;3;Crítico;11;0.0142;OFICIAL;RURAL;1;10;0;0;0;Pereira;1;;Pereira;Risaralda;;
266001001485;CENT EDUC GABRIELA ZULETA ALVAREZ;3;Crítico;11;0.0142;OFICIAL;RURAL;1;10;0;0;0;Pereira;1;;Pereira;Risaralda;;
266001001574;CENT EDUC EL CAUQUILLO;3;Crítico;11;0.0142;OFICIAL;RURAL;0;11;0;0;0;Pereira;1;;Pereira;Risaralda;;
266001000209;CENT EDUC ANA ARANGO DE URIBE;3;Crítico;11;0.0142;OFICIAL;RURAL;1;10;0;0;0;Pereira;1;;Pereira;Risaralda;;
266088000251;SE FRISOLERA BAJA;2;Moderado;11;0.0248;OFICIAL;RURAL;0;11;0;0;0;Belén de Umbría;1;;Risaralda;Risaralda;;
266088000170;SE EL AGUACATE;3;Crítico;11;0.0248;OFICIAL;RURAL;1;10;0;0;0;Belén de Umbría;1;;Risaralda;Risaralda;;
266088000340;SE LOS ANGELES;3;Crítico;11;0.0248;OFICIAL;RURAL;1;10;0;0;0;Belén de Umbría;1;;Risaralda;Risaralda;;
266594001010;SE MANZANARES;2;Moderado;11;0.0248;OFICIAL;RURAL;1;10;0;0;0;Quinchía;1;;Risaralda;Risaralda;;
266594001052;SE LA PALMA;2;Moderado;11;0.0248;OFICIAL;RURAL;0;11;0;0;0;Quinchía;2;;Risaralda;Risaralda;;
268397000161;ESCUELA RURAL LA LINTERNA;2;Moderado;11;0.0082;OFICIAL;RURAL;0;11;0;0;0;La Paz;1;;Santander;Santander;;
273124000293;EL BRASIL;1;Bajo;11;0.0079;OFICIAL;RURAL;4;7;0;0;0;Cajamarca;1;;Tolima;Tolima;;
273270000271;PIEDECUESTA;3;Crítico;11;0.0079;OFICIAL;RURAL;3;8;0;0;0;Falan;;;Tolima;Tolima;;
276020000356;IUJA WARRARA;3;Crítico;11;0.0085;OFICIAL;RURAL;0;11;0;0;0;Alcalá;;;Valle;Valle del Cauca;;
276100001059;CACIQUE WASIRUMA;3;Crítico;11;0.0085;OFICIAL;RURAL;3;8;0;0;0;Bolívar;3;;Valle;Valle del Cauca;;
276122000031;CENT DOC NO 29 POLICARPA SALAVARRIETA;1;Bajo;11;0.0085;OFICIAL;RURAL;2;9;0;0;0;Caicedonia;;;Valle;Valle del Cauca;;
276122000180;CENT DOC NO 24 SANTA TERESITA;1;Bajo;11;0.0085;OFICIAL;RURAL;1;10;0;0;0;Caicedonia;3;;Valle;Valle del Cauca;;
276250000141;MERCEDES ABREGO;1;Bajo;11;0.0085;OFICIAL;RURAL;1;10;0;0;0;El Dovio;;;Valle;Valle del Cauca;;
276890000164;GUILLERMO VALENCIA;3;Crítico;11;0.0085;OFICIAL;RURAL;1;10;0;0;0;Yotoco;1;;Valle;Valle del Cauca;;
217013000572;EL LLANO;2;Moderado;11;0.0137;;RURAL;2;6;3;0;0;Aguadas;1;;Caldas;Caldas;;
217013000467;CACIQUILLO;1;Bajo;11;0.0137;;RURAL;1;10;0;0;0;Aguadas;1;;Caldas;Caldas;;
217042000204;ANTONIO PIMENTEL;2;Moderado;11;0.0137;;RURAL;0;11;0;0;0;Anserma;1;;Caldas;Caldas;;
217042000441;LAS MERCEDES;3;Crítico;11;0.0137;;RURAL;4;7;0;0;0;Anserma;1;;Caldas;Caldas;;
217050000060;ESCUELA RURAL BUENOS AIRES;2;Moderado;11;0.0137;;RURAL;2;9;0;0;0;Aranzazu;1;;Caldas;Caldas;;
217050000337;ESCUELA RURAL LA ESPERANZA;1;Bajo;11;0.0137;;RURAL;4;7;0;0;0;Aranzazu;1;;Caldas;Caldas;;
217088000519;ESCUELA NUEVA LAS PALOMAS;3;Crítico;11;0.0137;;RURAL;1;10;0;0;0;Belalcázar;1;;Caldas;Caldas;;
217174000165;ESCUELA NUEVA JOSE MARIA CORDOBA;3;Crítico;11;0.0137;;RURAL;2;9;0;0;0;Chinchiná;1;;Caldas;Caldas;;
217272000068;ESCUELA RURAL LA PALMA;1;Bajo;11;0.0137;;RURAL;1;10;0;0;0;Filadelfia;;;Caldas;Caldas;;
217433000195;CENTRO EDUCATIVO JOSE JOAQUIN MONTES GIRALDO;1;Bajo;11;0.0137;;RURAL;1;10;0;0;0;Manzanares;1;;Caldas;Caldas;;
217444000499;ESCUELA RURAL EL PALMAR;1;Bajo;11;0.0137;;RURAL;2;9;0;0;0;Marquetalia;1;;Caldas;Caldas;;Federación Nacional de Cafeteros de Colombia
217444000561;ESCUELA RURAL LAS GAVIOTAS;1;Bajo;11;0.0137;;RURAL;3;8;0;0;0;Marquetalia;1;;Caldas;Caldas;;Federación Nacional de Cafeteros de Colombia
217444000286;ESCUELA RURAL CAYETANO;1;Bajo;11;0.0137;;RURAL;1;10;0;0;0;Marquetalia;1;;Caldas;Caldas;;Federación Nacional de Cafeteros de Colombia
217444000651;ESCUELA RURAL EL AGUACATE;2;Moderado;11;0.0137;;RURAL;5;6;0;0;0;Marquetalia;1;;Caldas;Caldas;;Federación Nacional de Cafeteros de Colombia
217486000057;ESCUELA JHON KENNEDY;3;Crítico;11;0.0137;;RURAL;1;10;0;0;0;Neira;1;;Caldas;Caldas;;Federación Nacional de Cafeteros de Colombia
217486000324;ESCUELA RAFAEL REYES;2;Moderado;11;0.0137;;RURAL;0;8;3;0;0;Neira;2;;Caldas;Caldas;;Federación Nacional de Cafeteros de Colombia
217662002720;ESCUELA RURAL BAJO JAGUAL;2;Moderado;11;0.0137;;RURAL;2;9;0;0;0;Samaná;1;;Caldas;Caldas;;Federación Nacional de Cafeteros de Colombia
217541000517;ESCUELA RURAL LA PALMERA BAJA;1;Bajo;11;0.0137;;RURAL;2;9;0;0;0;Pensilvania;1;;Caldas;Caldas;;Federación Nacional de Cafeteros de Colombia
217541000835;ESCUELA NUEVA LA MESA;1;Bajo;11;0.0137;;RURAL;0;11;0;0;0;Pensilvania;1;;Caldas;Caldas;;Federación Nacional de Cafeteros de Colombia
117541000563;ESCUELA MIXTA CORONEL ASDRUBAL ROMERO;2;Moderado;11;0.0137;;URBANA;3;8;0;0;0;Pensilvania;1;;Caldas;Caldas;;
217614000472;ESCUELA RURAL RAFAEL LLANO;1;Bajo;11;0.0137;;RURAL;1;1;9;0;0;Riosucio;2;;Caldas;Caldas;;
217614001169;ESCUELA RURAL AMOLADOR;3;Crítico;11;0.0137;;RURAL;1;10;0;0;0;Riosucio;1;;Caldas;Caldas;;
217614000341;ESCUELA RURAL FRANCISCO JOSE DE CALDAS;1;Bajo;11;0.0137;;RURAL;1;10;0;0;0;Riosucio;1;;Caldas;Caldas;;
217614000073;ESCUELA MARIA AUXILADORA CABARGA;2;Moderado;11;0.0137;;RURAL;0;11;0;0;0;Riosucio;1;;Caldas;Caldas;;
217616000011;ESCUELA LA ROMELIA;2;Moderado;11;0.0137;;RURAL;2;9;0;0;0;Risaralda;;;Caldas;Caldas;;Federación Nacional de Cafeteros de Colombia
217662001324;ESCUELA RURAL LA SONRISA;1;Bajo;11;0.0137;;RURAL;2;9;0;0;0;Samaná;1;;Caldas;Caldas;;Federación Nacional de Cafeteros de Colombia
217616000453;ESCUELA RURAL ALTO MIRA;2;Moderado;11;0.0137;;RURAL;2;9;0;0;0;Risaralda;1;;Caldas;Caldas;;Federación Nacional de Cafeteros de Colombia
217877000175;ESCUELA RURAL CHANGUI;2;Moderado;11;0.0137;;RURAL;3;8;0;0;0;Viterbo;;;Caldas;Caldas;;Federación Nacional de Cafeteros de Colombia
223417000053;EL PAJON;2;Moderado;11;0.0488;;RURAL;1;10;0;0;0;Lorica;1;;Lorica;Córdoba;;
223417800009;CERRO GUAYABAL;3;Crítico;11;0.0488;;RURAL;3;8;0;0;0;Lorica;;;Lorica;Córdoba;;
227077001471;SEDE ANTONIA SANTO;3;Crítico;10;0.0088;OFICIAL;RURAL;1;9;0;0;0;Medio Baudó;1;;Choco;Chocó;SI;
227077001527;SEDE NUESTRA SEÑORA DEL CARMEN;3;Crítico;10;0.0088;OFICIAL;RURAL;0;10;0;0;0;Medio Baudó;1;;Choco;Chocó;SI;
273236000245;SAN PABLO;3;Crítico;10;0.0072;OFICIAL;RURAL;3;7;0;0;0;Dolores;1;;Tolima;Tolima;SI;
227491000877;SEDE SIN OLVIDO;3;Crítico;10;0.0088;OFICIAL;RURAL;0;10;0;0;0;Nóvita;1;;Choco;Chocó;SI;
227025001014;SEDE BELLAVISTA DE DUBAZA;2;Moderado;10;0.0088;OFICIAL;RURAL;0;10;0;0;0;Alto Baudó;1;;Choco;Chocó;SI;
205837006906;E.R. LAS CAÑAS;2;Moderado;10;0.0267;OFICIAL;RURAL;4;6;0;0;0;Turbo;1;;Turbo;Antioquia;SI;Fundación Secretos Para Contar
205055000418;C. E. R. EL PITAL;2;Moderado;10;0.0023;OFICIAL;RURAL;3;7;0;0;0;Argelia;1;;Antioquia;Antioquia;SI;Fundación Secretos Para Contar
213744000177;HUMAREDITA BAJA;2;Moderado;10;0.0044;OFICIAL;RURAL;0;10;0;0;0;Simití;1;;Bolivar;Bolívar;NO;
213744002504;LAS PAVAS;2;Moderado;10;0.0044;OFICIAL;RURAL;0;10;0;0;0;Simití;1;;Bolivar;Bolívar;NO;
217513000391;CENTRO EDUCATIVO CAMPO ALEGRE;1;Bajo;10;0.0124;OFICIAL;RURAL;1;9;0;0;0;Pácora;1;;Caldas;Caldas;SI;Federación Nacional de Cafeteros de Colombia
227001000718;SEDE DE GUAYABAL;2;Moderado;10;0.0272;OFICIAL;RURAL;0;10;0;0;0;Quibdó;1;;Quibdó;Chocó;SI;
273270000483;GUALI BAJO;2;Moderado;10;0.0072;OFICIAL;RURAL;1;9;0;0;0;Palocabildo;1;;Tolima;Tolima;SI;
205837004391;E.R. COLOMBIA LIBRE;2;Moderado;10;0.0267;OFICIAL;RURAL;0;10;0;0;0;Turbo;2;;Turbo;Antioquia;SI;Fundación Secretos Para Contar
205837005427;E.R. ONCE DE NOVIEMBRE;2;Moderado;10;0.0267;OFICIAL;RURAL;2;8;0;0;0;Turbo;1;;Turbo;Antioquia;SI;
205837003963;E.R LA AHUYAMA;2;Moderado;10;0.0267;OFICIAL;RURAL;1;9;0;0;0;Turbo;1;;Turbo;Antioquia;SI;
241206000241;SAN RAFAEL;2;Moderado;10;0.0078;OFICIAL;RURAL;5;5;0;0;0;Colombia;1;;Huila;Huila;SI;
205837004064;E.R. SAN ANDRES;2;Moderado;10;0.0267;OFICIAL;RURAL;2;8;0;0;0;Turbo;1;;Turbo;Antioquia;SI;Fundación Secretos Para Contar
227615800168;SEDE EUGENIA;2;Moderado;10;0.0088;OFICIAL;RURAL;0;10;0;0;0;Nuevo Belén de Bajirá;1;;Choco;Chocó;SI;
273411000431;CORALITO;1;Bajo;10;0.0072;OFICIAL;RURAL;0;10;0;0;0;Líbano;2;;Tolima;Tolima;SI;
276147000583;LUIS CARLOS PEÑA;1;Bajo;10;0.0563;OFICIAL;RURAL;0;10;0;0;0;Cartago;1;;Cartago;Valle del Cauca;SI;FUNDACIÓN PARA EL MEJORAMIENTO DE LA PRODUCTIVIDAD DEL CULTIVO DE CAÑA DE AZUCAR
273168002510;MENDARCO CARBONAL;1;Bajo;10;0.0072;OFICIAL;RURAL;0;10;0;0;0;Chaparral;2;;Tolima;Tolima;SI;
273168000991;LOS ANGELES;1;Bajo;10;0.0072;OFICIAL;RURAL;1;9;0;0;0;Chaparral;1;;Tolima;Tolima;SI;
273236000512;PICACHOS;1;Bajo;10;0.0072;OFICIAL;RURAL;0;10;0;0;0;Dolores;1;;Tolima;Tolima;SI;
276041000533;NUESTRA SEÑORA DE LAS MERCEDES;2;Moderado;10;0.0077;OFICIAL;RURAL;0;3;7;0;0;Ansermanuevo;1;;Valle;Valle del Cauca;SI;
276243000063;SOFIA AGUDELO;2;Moderado;10;0.0077;OFICIAL;RURAL;2;8;0;0;0;El Águila;1;;Valle;Valle del Cauca;SI;
276243000322;SANTA ANA;2;Moderado;10;0.0077;OFICIAL;RURAL;3;7;0;0;0;El Águila;1;;Valle;Valle del Cauca;SI;
276246000196;CRISTOBAL COLON;1;Bajo;10;0.0077;OFICIAL;RURAL;0;10;0;0;0;El Cairo;1;;Valle;Valle del Cauca;SI;
276248000169;LA HONDA;2;Moderado;10;0.0077;OFICIAL;RURAL;2;8;0;0;0;El Cerrito;1;;Valle;Valle del Cauca;SI;
276250000231;FRANCISCO JOSE DE CALDAS;1;Bajo;10;0.0077;OFICIAL;RURAL;2;8;0;0;0;El Dovio;1;;Valle;Valle del Cauca;SI;
276306000204;SAN JUDAS TADEO;2;Moderado;10;0.0077;OFICIAL;RURAL;1;8;1;0;0;Ginebra;1;;Valle;Valle del Cauca;SI;
276377000183;SANTA CECILIA;1;Bajo;10;0.0077;OFICIAL;RURAL;0;10;0;0;0;La Cumbre;1;;Valle;Valle del Cauca;SI;
276377000281;EDUARDO SANTOS;1;Bajo;10;0.0077;OFICIAL;RURAL;1;9;0;0;0;La Cumbre;1;;Valle;Valle del Cauca;SI;
276497000179;SAN JUAN BOSCO;1;Bajo;10;0.0077;OFICIAL;RURAL;2;8;0;0;0;Obando;1;;Valle;Valle del Cauca;SI;
276563000291;ALFONSO LOPEZ PUMAREJO;1;Bajo;10;0.0077;OFICIAL;RURAL;2;3;5;0;0;Pradera;2;;Valle;Valle del Cauca;SI;
276606000257;SAGRADO CORAZON DE JESUS;3;Crítico;10;0.0077;OFICIAL;RURAL;2;8;0;0;0;Restrepo;1;;Valle;Valle del Cauca;SI;
276606000494;XX DE JULIO;1;Bajo;10;0.0077;OFICIAL;RURAL;0;10;0;0;0;Restrepo;1;;Valle;Valle del Cauca;SI;Fundación Bien Humano
276616000336;EL SOCORRO;1;Bajo;10;0.0077;OFICIAL;RURAL;0;10;0;0;0;Riofrío;1;;Valle;Valle del Cauca;SI;
276622000232;MARIA AUXILIADORA;2;Moderado;10;0.0077;OFICIAL;RURAL;3;7;0;0;0;Roldanillo;1;;Valle;Valle del Cauca;SI;
276670000449;SIMON BOLIVAR;3;Crítico;10;0.0077;OFICIAL;RURAL;0;10;0;0;0;San Pedro;1;;Valle;Valle del Cauca;SI;
276823000257;SIMON BOLIVAR;1;Bajo;10;0.0077;OFICIAL;RURAL;0;10;0;0;0;Toro;1;;Valle;Valle del Cauca;SI;
276828000221;CARLOS ENRIQUE RESTREPO;3;Crítico;10;0.0077;OFICIAL;RURAL;1;9;0;0;0;Trujillo;1;;Valle;Valle del Cauca;SI;
276890000148;ATANASIO GIRARDOT;2;Moderado;10;0.0077;OFICIAL;RURAL;1;9;0;0;0;Yotoco;2;;Valle;Valle del Cauca;SI;
219022000871;LA MESA;1;Bajo;10;;OFICIAL;RURAL;2;8;0;0;0;Almaguer;1;;;Cauca;;
219075000989;LA PRIMAVERA;1;Bajo;10;;OFICIAL;RURAL;2;8;0;0;0;Balboa;1;;;Cauca;;
219100000107;LA GUADUA;1;Bajo;10;;OFICIAL;RURAL;4;6;0;0;0;Bolívar;1;;;Cauca;;
219100001090;GUINEAL BAJO;1;Bajo;10;;OFICIAL;RURAL;0;10;0;0;0;Bolívar;1;;;Cauca;;
219110001608;LOS MANDULES;1;Bajo;10;;OFICIAL;RURAL;3;7;0;0;0;Buenos Aires;1;;;Cauca;;
219212000070;SAN RAFAEL;2;Moderado;10;;OFICIAL;RURAL;1;9;0;0;0;Corinto;1;;;Cauca;;
219256000077;GUAZABARITA;1;Bajo;10;;OFICIAL;RURAL;1;9;0;0;0;El Tambo;1;;;Cauca;;
219256000450;LA AGUADITA;1;Bajo;10;;OFICIAL;RURAL;2;8;0;0;0;El Tambo;1;;;Cauca;;
219256000841;EL PUENTE DEL RIO TIMBIO;1;Bajo;10;;OFICIAL;RURAL;1;9;0;0;0;El Tambo;1;;;Cauca;;
219256000956;LOMA LARGA SAN JOAQUIN;1;Bajo;10;;OFICIAL;RURAL;0;10;0;0;0;El Tambo;1;;;Cauca;;
219397000119;ESCUELA RURAL MIXTA CHAOPILOMA;1;Bajo;10;;OFICIAL;RURAL;0;10;0;0;0;La Vega;1;;;Cauca;;
219473000387;SAN CRISTOBAL;1;Bajo;10;;OFICIAL;RURAL;1;9;0;0;0;Morales;1;;;Cauca;;
219585000258;TIJERAS;1;Bajo;10;;OFICIAL;RURAL;0;10;0;0;0;Puracé;1;;;Cauca;;
219698000670;LA PALESTINA;1;Bajo;10;;OFICIAL;RURAL;0;10;0;0;0;Santander de Quilichao;1;;;Cauca;;
219698001684;NUESTRA SENORA DE LAS LAJAS;1;Bajo;10;;OFICIAL;RURAL;3;7;0;0;0;Santander de Quilichao;1;;;Cauca;;
219760000169;CHIRIBIO;1;Bajo;10;;OFICIAL;RURAL;3;7;0;0;0;Sotará - Paispamba;1;;;Cauca;;
419256002664;EL LIMON;1;Bajo;10;;OFICIAL;RURAL;2;8;0;0;0;El Tambo;1;;;Cauca;;
263470000041;LA ESPERANZA;3;Crítico;10;0.0275;OFICIAL;RURAL;1;9;0;0;0;Montenegro;1;;Quindio;Quindio;;
263470000318;SAN JOSÉ;2;Moderado;10;0.0275;OFICIAL;RURAL;1;9;0;0;0;Montenegro;1;;Quindio;Quindio;;
205030000316;C. E. R. MALABRIGO;1;Bajo;10;0.0023;OFICIAL;RURAL;2;8;0;0;0;Amagá;1;;Antioquia;Antioquia;;Comfama (Caja de Compensación Familiar de Antioquia)
205107001051;C. E. R. OREJON;2;Moderado;10;0.0023;OFICIAL;RURAL;0;5;5;0;0;Briceño;1;;Antioquia;Antioquia;;Fundación Incolmotos Yamaha
205134000008;EL OSO;2;Moderado;10;0.0023;OFICIAL;RURAL;4;6;0;0;0;Campamento;1;;Antioquia;Antioquia;;
205134000628;C. E. R. CHAQUIRAL;2;Moderado;10;0.0023;OFICIAL;RURAL;2;8;0;0;0;Campamento;1;;Antioquia;Antioquia;;
205142000106;C. E. R. HELOINA BEDOYA DE VALENCIA;2;Moderado;10;0.0023;OFICIAL;RURAL;0;10;0;0;0;Caracolí;1;;Antioquia;Antioquia;;Fundación Secretos Para Contar
205197000792;ALTO DE LA VIRGEN;2;Moderado;10;0.0023;OFICIAL;RURAL;1;9;0;0;0;Cocorná;1;;Antioquia;Antioquia;;
205197001535;C. E. R. EL VIAHO;2;Moderado;10;0.0023;OFICIAL;RURAL;2;8;0;0;0;Cocorná;1;;Antioquia;Antioquia;;Corporación Empresarial Del Oriente Antioqueño
205206000393;C. E. R. SANTA GERTRUDIS;2;Moderado;10;0.0023;OFICIAL;RURAL;1;9;0;0;0;Concepción;1;;Antioquia;Antioquia;;Fundación Secretos Para Contar
205209000271;C.E.R. SALVO RUIZ;2;Moderado;10;0.0023;OFICIAL;RURAL;2;8;0;0;0;Concordia;1;;Antioquia;Antioquia;;
205284001088;C. E. R. SAN ANDRES;2;Moderado;10;0.0023;OFICIAL;RURAL;1;9;0;0;0;Frontino;1;;Antioquia;Antioquia;;Fundación Secretos Para Contar
205313000134;C. E. R. GALILEA;2;Moderado;10;0.0023;OFICIAL;RURAL;2;8;0;0;0;Granada;1;;Antioquia;Antioquia;;
205364000350;C. E. R. DIEGO OROZCO;1;Bajo;10;0.0023;OFICIAL;RURAL;0;10;0;0;0;Jardín;1;;Antioquia;Antioquia;;Comfama (Caja de Compensación Familiar de Antioquia) | Fundación Secretos Para Contar
205376000169;C. E. R. SALVADOR BERMUDEZ;2;Moderado;10;0.0023;OFICIAL;RURAL;1;9;0;0;0;La Ceja;2;;Antioquia;Antioquia;;Fundación Secretos Para Contar
205483000171;C. E. R. EL CONDOR;2;Moderado;10;0.0023;OFICIAL;RURAL;1;9;0;0;0;Nariño;1;;Antioquia;Antioquia;;
205674000252;LA PEÑA;2;Moderado;10;0.0023;OFICIAL;RURAL;0;10;0;0;0;San Vicente Ferrer;1;;Antioquia;Antioquia;;
205679001095;C. E. R. ARTURO RAMIREZ GIRALDO;1;Bajo;10;0.0023;OFICIAL;RURAL;0;10;0;0;0;Santa Bárbara;1;;Antioquia;Antioquia;;Comfama (Caja de Compensación Familiar de Antioquia)
205686000231;MINA VIEJA;2;Moderado;10;0.0023;OFICIAL;RURAL;2;8;0;0;0;Santa Rosa de Osos;1;;Antioquia;Antioquia;;
205686000681;BUENOS AIRES;2;Moderado;10;0.0023;OFICIAL;RURAL;0;10;0;0;0;Santa Rosa de Osos;1;;Antioquia;Antioquia;;
205690000289;LA COMBA;1;Bajo;10;0.0023;OFICIAL;RURAL;1;9;0;0;0;Santo Domingo;1;;Antioquia;Antioquia;;Fundación Empresas Públicas De Medellín
205756000471;C. E. R. ROBLAL ARRIBA;2;Moderado;10;0.0023;OFICIAL;RURAL;1;9;0;0;0;Sonsón;1;;Antioquia;Antioquia;;Comfama (Caja de Compensación Familiar de Antioquia)
225035000293;ESCUELA RURAL EL ROSARIO;2;Moderado;10;0.0037;OFICIAL;RURAL;3;7;0;0;0;Anapoima;1;;Cundinamarca;Cundinamarca;;Fundación Alquería Cavelier
225095000021;ESCUELA RURAL PERIQUITO;2;Moderado;10;0.0037;OFICIAL;RURAL;0;10;0;0;0;Bituima;1;;Cundinamarca;Cundinamarca;;
225095000136;ESCUELA RURAL LA MONTAÑA;2;Moderado;10;0.0037;OFICIAL;RURAL;0;10;0;0;0;Bituima;1;;Cundinamarca;Cundinamarca;;
225148000257;ESCUELA RURAL LA MONTAÑA;2;Moderado;10;0.0037;OFICIAL;RURAL;3;7;0;0;0;Caparrapí;1;;Cundinamarca;Cundinamarca;;
225168000270;ESCUELA RURAL EL RINCÓN;2;Moderado;10;0.0037;OFICIAL;RURAL;1;9;0;0;0;Chaguaní;1;;Cundinamarca;Cundinamarca;;
225297000723;ESCUELA RURAL LA CHAMBA;2;Moderado;10;0.0037;OFICIAL;RURAL;2;8;0;0;0;Gachetá;1;;Cundinamarca;Cundinamarca;;Fundación Alquería Cavelier
125324000108;JARD INFANTIL DEPARTAMENTAL;2;Moderado;10;0.0037;OFICIAL;URBANA;10;0;0;0;0;Guataquí;;;Cundinamarca;Cundinamarca;;
225491000025;ESCUELA RURAL SAN PABLO;1;Bajo;10;0.0037;OFICIAL;RURAL;3;7;0;0;0;Nocaima;1;;Cundinamarca;Cundinamarca;;Fundación Alquería Cavelier
225612000168;ESCUELA RURAL LAS VARAS;2;Moderado;10;0.0037;OFICIAL;RURAL;4;6;0;0;0;Ricaurte;;;Cundinamarca;Cundinamarca;;
252110000048;SEDE 2 HATO TONGOSOY;2;Moderado;10;0.0083;OFICIAL;RURAL;2;8;0;0;0;Buesaco;1;;Nariño;Nariño;;
266001001132;CENT EDUC SAN JOSE DE OTUN;3;Crítico;10;0.0129;OFICIAL;RURAL;5;5;0;0;0;Pereira;;;Pereira;Risaralda;;
266001002112;CENT EDUC PLAN EL MANZANO;3;Crítico;10;0.0129;OFICIAL;RURAL;1;9;0;0;0;Pereira;1;;Pereira;Risaralda;;Comfamiliar Risaralda
266001000250;CENT EDUC LA GRAMINEA;3;Crítico;10;0.0129;OFICIAL;RURAL;1;9;0;0;0;Pereira;;;Pereira;Risaralda;;
266001002023;CENT EDUC ESPERANZA PLANES;3;Crítico;10;0.0129;OFICIAL;RURAL;0;10;0;0;0;Pereira;2;;Pereira;Risaralda;;
266088000285;SE EL PROGRESO;3;Crítico;10;0.0225;OFICIAL;RURAL;4;6;0;0;0;Belén de Umbría;1;;Risaralda;Risaralda;;
266088000552;SE LA ISLA;2;Moderado;10;0.0225;OFICIAL;RURAL;2;8;0;0;0;Belén de Umbría;1;;Risaralda;Risaralda;;
266383000181;SE CAIMALITO;1;Bajo;10;0.0225;OFICIAL;RURAL;2;8;0;0;0;La Celia;1;;Risaralda;Risaralda;;
266440000291;SE LA PALMA - SEDE PRINCIPAL;3;Crítico;10;0.0225;OFICIAL;RURAL;2;8;0;0;0;Marsella;1;;Risaralda;Risaralda;;
273270000157;EL SOCORRO;3;Crítico;10;0.0072;OFICIAL;RURAL;0;10;0;0;0;Falan;1;;Tolima;Tolima;;
273270000173;MONDECO;3;Crítico;10;0.0072;OFICIAL;RURAL;4;6;0;0;0;Falan;1;;Tolima;Tolima;;
273461000041;LAS NOVILLAS;3;Crítico;10;0.0072;OFICIAL;RURAL;2;8;0;0;0;Murillo;1;;Tolima;Tolima;;
276834001476;SEDE NO. # 77 SANTA ANA;3;Crítico;10;0.0363;OFICIAL;RURAL;1;9;0;0;0;Tuluá;1;;Tuluá;Valle del Cauca;;
276834002464;SEDE NO. 103 SANTO TOMAS DE AQUINO;2;Moderado;10;0.0363;OFICIAL;RURAL;2;8;0;0;0;Tuluá;1;;Tuluá;Valle del Cauca;;
276126000109;POLICARPA SALAVARRIETA;2;Moderado;10;0.0077;OFICIAL;RURAL;1;9;0;0;0;Calima;2;;Valle;Valle del Cauca;;
276130000211;BENJAMIN HERRERA;1;Bajo;10;0.0077;OFICIAL;RURAL;1;9;0;0;0;Candelaria;2;;Valle;Valle del Cauca;;
276100001080;CACIQUE DOVIGAMO;3;Crítico;10;0.0077;OFICIAL;RURAL;1;9;0;0;0;Bolívar;1;;Valle;Valle del Cauca;;
276400000161;SANTA TERESITA;1;Bajo;10;0.0077;OFICIAL;RURAL;2;8;0;0;0;La Unión;1;;Valle;Valle del Cauca;;
276563000321;JORGE ELIECER GAITAN;2;Moderado;10;0.0077;OFICIAL;RURAL;0;10;0;0;0;Pradera;2;;Valle;Valle del Cauca;;
217013000769;ESCUELA LA ZULIA;2;Moderado;10;0.0124;;RURAL;1;9;0;0;0;Aguadas;1;;Caldas;Caldas;;
217013000254;MALABRIGO;1;Bajo;10;0.0124;;RURAL;1;9;0;0;0;Aguadas;1;;Caldas;Caldas;;
217042000697;JOSEFA BECERRA;1;Bajo;10;0.0124;;RURAL;2;8;0;0;0;Anserma;1;;Caldas;Caldas;;
217050000248;ESCUELA RURAL PIO XII;2;Moderado;10;0.0124;;RURAL;2;8;0;0;0;Aranzazu;1;;Caldas;Caldas;;
217088000209;ESCUELA NUEVA EL CARMEN;3;Crítico;10;0.0124;;RURAL;2;8;0;0;0;Belalcázar;;;Caldas;Caldas;;
217174000114;ESCUELA RURAL ALTO CHUSCAL;1;Bajo;10;0.0124;;RURAL;0;10;0;0;0;Chinchiná;1;;Caldas;Caldas;;
217174000173;ESCUELA SIMON BOLIVAR;1;Bajo;10;0.0124;;RURAL;2;8;0;0;0;Chinchiná;1;;Caldas;Caldas;;
217174000769;EL REPOSO;1;Bajo;10;0.0124;;RURAL;0;10;0;0;0;Chinchiná;1;;Caldas;Caldas;;
217433000390;ESCUELA RURAL SANTO DOMINGO;1;Bajo;10;0.0124;;RURAL;2;8;0;0;0;Manzanares;1;;Caldas;Caldas;;
217444000294;ESCUELA RURAL SAN LUIS;1;Bajo;10;0.0124;;RURAL;2;8;0;0;0;Marquetalia;1;;Caldas;Caldas;;Federación Nacional de Cafeteros de Colombia
217444000375;ESCUELA RURAL LA BAMBA;1;Bajo;10;0.0124;;RURAL;1;9;0;0;0;Marquetalia;1;;Caldas;Caldas;;Federación Nacional de Cafeteros de Colombia
217444000634;ESCUELA RURAL SAN PABLO;1;Bajo;10;0.0124;;RURAL;3;7;0;0;0;Marquetalia;1;;Caldas;Caldas;;Federación Nacional de Cafeteros de Colombia
217444000316;ESCUELA RURAL EL CHOCO;1;Bajo;10;0.0124;;RURAL;3;7;0;0;0;Marquetalia;1;;Caldas;Caldas;;Federación Nacional de Cafeteros de Colombia
217486000375;ESCUELA MARÍA MAGDALENA;1;Bajo;10;0.0124;;RURAL;2;8;0;0;0;Neira;1;;Caldas;Caldas;;Federación Nacional de Cafeteros de Colombia
217486000090;ESCUELA MIGUEL ANGEL VILLEGAS;2;Moderado;10;0.0124;;RURAL;1;9;0;0;0;Neira;1;;Caldas;Caldas;;Federación Nacional de Cafeteros de Colombia
217662002681;LA QUIEBRA;2;Moderado;10;0.0124;;RURAL;2;8;0;0;0;Samaná;2;;Caldas;Caldas;;Federación Nacional de Cafeteros de Colombia
217616000101;ESCUELA LA PIEL ROJA;1;Bajo;10;0.0124;;RURAL;2;8;0;0;0;Risaralda;1;;Caldas;Caldas;;Federación Nacional de Cafeteros de Colombia
217662001987;ESCUELA RURAL MIXTA ALTO SAN JUÁN;1;Bajo;10;0.0124;;RURAL;3;7;0;0;0;Samaná;1;;Caldas;Caldas;;
217662001995;ESCUELA RURAL MIXTA EL DORADO;1;Bajo;10;0.0124;;RURAL;4;6;0;0;0;Samaná;1;;Caldas;Caldas;;Federación Nacional de Cafeteros de Colombia
217662002045;COLEGIO RURAL LA ESMERALDA;1;Bajo;10;0.0124;;RURAL;1;9;0;0;0;Samaná;1;;Caldas;Caldas;;Federación Nacional de Cafeteros de Colombia
217867000266;ESCUELA RURAL SAN LORENZO;1;Bajo;10;0.0124;;RURAL;0;10;0;0;0;Victoria;1;;Caldas;Caldas;;Federación Nacional de Cafeteros de Colombia
217867000053;ESCUELA RURAL DOÑA JUANA ALTA;2;Moderado;10;0.0124;;RURAL;0;10;0;0;0;Victoria;1;;Caldas;Caldas;;Federación Nacional de Cafeteros de Colombia
217867000401;ESCUELA RURAL BELLAVISTA;2;Moderado;10;0.0124;;RURAL;0;10;0;0;0;Victoria;1;;Caldas;Caldas;;Federación Nacional de Cafeteros de Colombia
217877000167;ESCUELA NUEVA CANAAN;1;Bajo;10;0.0124;;RURAL;5;5;0;0;0;Viterbo;2;;Caldas;Caldas;;Federación Nacional de Cafeteros de Colombia
223417002587;SANTA ROSA DEL CHIQUERO;2;Moderado;10;0.0444;;RURAL;0;10;0;0;0;Lorica;2;;Lorica;Córdoba;;
223417001491;BOLLO SECO;2;Moderado;10;0.0444;;RURAL;4;6;0;0;0;Lorica;1;;Lorica;Córdoba;;
223417003711;TAMARINDO;2;Moderado;10;0.0444;;RURAL;2;8;0;0;0;Lorica;;;Lorica;Córdoba;;
276243000390;SAN LUIS BELTRAN;3;Crítico;9;0.0069;OFICIAL;RURAL;1;8;0;0;0;El Águila;1;;Valle;Valle del Cauca;SI;
273124000803;EL ESPEJO;3;Crítico;9;0.0064;OFICIAL;RURAL;0;9;0;0;0;Cajamarca;1;;Tolima;Tolima;SI;
227077000016;SEDE SAN FRANCISCO;3;Crítico;9;0.0079;OFICIAL;RURAL;0;9;0;0;0;Bajo Baudó;1;;Choco;Chocó;SI;
227491000869;SEDE PIEDRA GRANDE;3;Crítico;9;0.0079;OFICIAL;RURAL;0;9;0;0;0;Nóvita;1;;Choco;Chocó;SI;
227491000672;SEDE SAN JUAN DE IRABUBU;3;Crítico;9;0.0079;OFICIAL;RURAL;0;9;0;0;0;Nóvita;;;Choco;Chocó;SI;
273504001624;LA YUCALA;3;Crítico;9;0.0064;OFICIAL;RURAL;0;9;0;0;0;Ortega;1;;Tolima;Tolima;SI;
273504001659;CACHIPAY;3;Crítico;9;0.0064;OFICIAL;RURAL;2;7;0;0;0;Ortega;1;;Tolima;Tolima;SI;
273504002027;CERVANTES;3;Crítico;9;0.0064;OFICIAL;RURAL;0;9;0;0;0;Ortega;1;;Tolima;Tolima;SI;
227001000246;SEDE DE CURIQUIDO;2;Moderado;9;0.0245;OFICIAL;RURAL;1;8;0;0;0;Quibdó;1;;Quibdó;Chocó;SI;
205837006229;E.R. BRUNITO ABAJO;2;Moderado;9;0.024;OFICIAL;RURAL;3;6;0;0;0;Turbo;1;;Turbo;Antioquia;SI;
205837002517;E.R. EL PALMITO (UNIT);2;Moderado;9;0.024;OFICIAL;RURAL;0;9;0;0;0;Turbo;1;;Turbo;Antioquia;SI;
205679001125;C. E. R. LA LIBORIANA;2;Moderado;9;0.0021;OFICIAL;RURAL;1;8;0;0;0;Santa Bárbara;1;;Antioquia;Antioquia;SI;Comfama (Caja de Compensación Familiar de Antioquia)
213744002552;CERRO AZUL;2;Moderado;9;0.004;OFICIAL;RURAL;0;9;0;0;0;Simití;1;;Bolivar;Bolívar;NO;
205138000819;CARACOLAL;2;Moderado;9;0.0021;OFICIAL;RURAL;2;7;0;0;0;Cañasgordas;1;;Antioquia;Antioquia;SI;Fundación Secretos Para Contar
205660000837;TABITAS;2;Moderado;9;0.0021;OFICIAL;RURAL;1;8;0;0;0;San Luis;1;;Antioquia;Antioquia;SI;Natura Cosmeticos Ltda.
217513000188;ESCUELA RURAL MATA DE GUADUA;3;Crítico;9;0.0112;OFICIAL;RURAL;1;8;0;0;0;Pácora;1;;Caldas;Caldas;SI;Federación Nacional de Cafeteros de Colombia
227491000745;SEDE REMOLINO;2;Moderado;9;0.0079;OFICIAL;RURAL;0;9;0;0;0;Nóvita;1;;Choco;Chocó;SI;
273067001946;LA CEIBA;2;Moderado;9;0.0064;OFICIAL;RURAL;1;8;0;0;0;Ataco;1;;Tolima;Tolima;SI;
273870000819;ALTO DEL NARNAJO;2;Moderado;9;0.0064;OFICIAL;RURAL;1;8;0;0;0;Villahermosa;1;;Tolima;Tolima;SI;
273870000827;LA SAMARIA;2;Moderado;9;0.0064;OFICIAL;RURAL;1;8;0;0;0;Villahermosa;1;;Tolima;Tolima;SI;
205837003912;E.R. LA PITA ARRIBA (UNIT);2;Moderado;9;0.024;OFICIAL;RURAL;1;8;0;0;0;Turbo;2;;Turbo;Antioquia;SI;Fundación Secretos Para Contar
205837003408;E.R. UMBITO ARRIBA;2;Moderado;9;0.024;OFICIAL;RURAL;1;8;0;0;0;Turbo;1;;Turbo;Antioquia;SI;
205837800006;LA ESPERANZA;2;Moderado;9;0.024;OFICIAL;RURAL;2;7;0;0;0;Turbo;1;;Turbo;Antioquia;SI;Fundación Secretos Para Contar
205837002649;C.E. EL VOLCAN;2;Moderado;9;0.024;OFICIAL;RURAL;2;4;3;0;0;Turbo;1;;Turbo;Antioquia;SI;Fundación Secretos Para Contar
205837002002;E.R. ISAIAS (D) (UNIT);2;Moderado;9;0.024;OFICIAL;RURAL;3;6;0;0;0;Turbo;1;;Turbo;Antioquia;SI;
227001018188;SEDE EL MANSO;1;Bajo;9;0.0245;OFICIAL;RURAL;0;9;0;0;0;Quibdó;1;;Quibdó;Chocó;SI;
263001000641;ATANASIO GIRARDOT;1;Bajo;9;0.0222;OFICIAL;RURAL;0;9;0;0;0;Armenia;1;;Armenia;Quindio;SI;
215673000092;ESC LA PALMA;1;Bajo;9;0.0069;OFICIAL;RURAL;3;6;0;0;0;San Mateo;1;;Boyaca;Boyacá;NO;
227615061080;SEDE CHIPI CAÑO DE ORO;1;Bajo;9;0.0079;OFICIAL;RURAL;0;9;0;0;0;Riosucio;1;;Choco;Chocó;SI;
227615061128;SEDE CARACOLI BAJO;1;Bajo;9;0.0079;OFICIAL;RURAL;0;9;0;0;0;Riosucio;3;;Choco;Chocó;SI;
227787000112;SEDE CHACUANTE;1;Bajo;9;0.0079;OFICIAL;RURAL;1;8;0;0;0;Tadó;1;;Choco;Chocó;SI;
273319000484;JAGUALITO PUEBLO NUEVO;1;Bajo;9;0.0064;OFICIAL;RURAL;0;9;0;0;0;Guamo;1;;Tolima;Tolima;SI;
276147001083;FABIO SALAZAR GOMEZ;1;Bajo;9;0.0507;OFICIAL;RURAL;2;7;0;0;0;Cartago;1;;Cartago;Valle del Cauca;SI;
273411001811;POMARROSO;1;Bajo;9;0.0064;OFICIAL;RURAL;2;7;0;0;0;Líbano;1;;Tolima;Tolima;SI;
276036000207;JOSE MARIA CORDOBA;2;Moderado;9;0.0069;OFICIAL;RURAL;1;8;0;0;0;Andalucía;1;;Valle;Valle del Cauca;SI;
276041000541;PABLO SEXTO;3;Crítico;9;0.0069;OFICIAL;RURAL;0;9;0;0;0;Ansermanuevo;1;;Valle;Valle del Cauca;SI;
276041001009;LIGIA AGUDELO;2;Moderado;9;0.0069;OFICIAL;RURAL;1;8;0;0;0;Ansermanuevo;1;;Valle;Valle del Cauca;SI;
276054000192;PIO XII;1;Bajo;9;0.0069;OFICIAL;RURAL;2;7;0;0;0;Argelia;1;;Valle;Valle del Cauca;SI;
276113001009;VIRGEN LA MILAGROSA;1;Bajo;9;0.0069;OFICIAL;RURAL;0;9;0;0;0;Bugalagrande;1;;Valle;Valle del Cauca;SI;
276122000171;LAUREANO GOMEZ;1;Bajo;9;0.0069;OFICIAL;RURAL;0;9;0;0;0;Caicedonia;1;;Valle;Valle del Cauca;SI;
276122000287;NUESTRA SEÑORA DE FATIMA;1;Bajo;9;0.0069;OFICIAL;RURAL;1;8;0;0;0;Caicedonia;1;;Valle;Valle del Cauca;SI;
276233000120;LAS DELICIAS;2;Moderado;9;0.0069;OFICIAL;RURAL;3;6;0;0;0;Dagua;2;;Valle;Valle del Cauca;SI;
276233001282;CARLOS HOLMES TRUJILLO;3;Crítico;9;0.0069;OFICIAL;RURAL;2;7;0;0;0;Dagua;1;;Valle;Valle del Cauca;SI;
276400000706;JESUS OSIAS QUINTERO;1;Bajo;9;0.0069;OFICIAL;RURAL;1;8;0;0;0;La Unión;2;;Valle;Valle del Cauca;SI;
276403000162;ELPIDIA LEMOS;2;Moderado;9;0.0069;OFICIAL;RURAL;1;8;0;0;0;La Victoria;1;;Valle;Valle del Cauca;SI;
276616000247;MELIDA CRUZ;3;Crítico;9;0.0069;OFICIAL;RURAL;0;9;0;0;0;Riofrío;1;;Valle;Valle del Cauca;SI;
276736000224;ANTONIO RICAURTE;1;Bajo;9;0.0069;OFICIAL;RURAL;1;8;0;0;0;Sevilla;2;;Valle;Valle del Cauca;SI;
276736000305;MERCEDES ABREGO;1;Bajo;9;0.0069;OFICIAL;RURAL;0;9;0;0;0;Sevilla;;;Valle;Valle del Cauca;SI;
276736000364;SANTA MATILDE;1;Bajo;9;0.0069;OFICIAL;RURAL;1;8;0;0;0;Sevilla;1;;Valle;Valle del Cauca;SI;
276736000411;SANTA CATALINA;1;Bajo;9;0.0069;OFICIAL;RURAL;1;8;0;0;0;Sevilla;1;;Valle;Valle del Cauca;SI;
276828000239;SIMÓN BOLIVAR;2;Moderado;9;0.0069;OFICIAL;RURAL;2;7;0;0;0;Trujillo;1;;Valle;Valle del Cauca;SI;
276828000336;ANTONIA SANTOS;2;Moderado;9;0.0069;OFICIAL;RURAL;3;6;0;0;0;Trujillo;1;;Valle;Valle del Cauca;SI;
276828000352;ELOY HERNANDEZ;2;Moderado;9;0.0069;OFICIAL;RURAL;2;7;0;0;0;Trujillo;1;;Valle;Valle del Cauca;SI;
276863000161;CAMILO TORRES;2;Moderado;9;0.0069;OFICIAL;RURAL;0;9;0;0;0;Versalles;1;;Valle;Valle del Cauca;SI;
276869000308;PUEBLO NUEVO;2;Moderado;9;0.0069;OFICIAL;RURAL;0;9;0;0;0;Vijes;1;;Valle;Valle del Cauca;SI;
219022000316;EL GARBANZAL;1;Bajo;9;;OFICIAL;RURAL;4;5;0;0;0;Almaguer;1;;;Cauca;;
219022000685;ESCUELA RURAL MIXTA CERRO ALTO;1;Bajo;9;;OFICIAL;RURAL;3;6;0;0;0;Almaguer;2;;;Cauca;;
219050001310;SAN ANTONIO BAJO;2;Moderado;9;;OFICIAL;RURAL;1;8;0;0;0;Argelia;1;;;Cauca;;
219075000938;EL LIMONAR;1;Bajo;9;;OFICIAL;RURAL;0;9;0;0;0;Balboa;1;;;Cauca;;
219100001294;KINDER SAN LORENZO;1;Bajo;9;;OFICIAL;RURAL;9;0;0;0;0;Bolívar;1;;;Cauca;;
219100002100;ESCUELA RURAL MIXTA CHUPADERO;1;Bajo;9;;OFICIAL;RURAL;0;9;0;0;0;Bolívar;;;;Cauca;;
219100002738;EL HORTIGO;1;Bajo;9;;OFICIAL;RURAL;0;9;0;0;0;Bolívar;1;;;Cauca;;
219130001370;BAJO CARRIZAL;1;Bajo;9;;OFICIAL;RURAL;2;7;0;0;0;Cajibío;;;;Cauca;;
219212000266;EL BARRANCO (sede principal);1;Bajo;9;;OFICIAL;RURAL;1;8;0;0;0;Corinto;1;1;;Cauca;;
219212000614;LA MARIA;1;Bajo;9;;OFICIAL;RURAL;1;8;0;0;0;Corinto;1;;;Cauca;;
219256001600;ESCUELA LA PRADERA;1;Bajo;9;;OFICIAL;RURAL;0;9;0;0;0;El Tambo;2;;;Cauca;;
219397000224;ESCUELA RURAL MIXTA LOS CIRUELOS;1;Bajo;9;;OFICIAL;RURAL;1;8;0;0;0;La Vega;1;;;Cauca;;
219397000933;GUAYANA;1;Bajo;9;;OFICIAL;RURAL;2;7;0;0;0;La Vega;1;;;Cauca;;
219693000027;EL TUNO;1;Bajo;9;;OFICIAL;RURAL;2;7;0;0;0;San Sebastián;1;;;Cauca;;
219693000132;ESCUELA RURAL MIXTA EL ALTO;1;Bajo;9;;OFICIAL;RURAL;0;9;0;0;0;San Sebastián;;;;Cauca;;
219743000201;LOMA QUINTANA;1;Bajo;9;;OFICIAL;RURAL;2;7;0;0;0;Silvia;1;;;Cauca;;
219780000769;GUADUALITO;1;Bajo;9;;OFICIAL;RURAL;2;7;0;0;0;Suárez;1;;;Cauca;;
219809000658;LA HERRADURA;3;Crítico;9;;OFICIAL;RURAL;1;8;0;0;0;Timbiquí;;;;Cauca;;
219824000010;ESCUELA RURAL MIXTA EL COFRE;3;Crítico;9;;OFICIAL;RURAL;2;7;0;0;0;Totoró;1;;;Cauca;;
219824000184;EL HATICO;1;Bajo;9;;OFICIAL;RURAL;1;8;0;0;0;Totoró;1;;;Cauca;;
219824000559;CENTRO DOCENTE ALTO MORENO;1;Bajo;9;;OFICIAL;RURAL;0;9;0;0;0;Totoró;1;;;Cauca;;
263594000014;MORELIA BAJA;1;Bajo;9;0.0248;OFICIAL;RURAL;2;7;0;0;0;Quimbaya;1;;Quindio;Quindio;;
205002000530;JOAQUINA DUQUE BAENA;1;Bajo;9;0.0021;OFICIAL;RURAL;0;9;0;0;0;Abejorral;1;;Antioquia;Antioquia;;Comfama (Caja de Compensación Familiar de Antioquia)
205134000148;EL CARDAL;2;Moderado;9;0.0021;OFICIAL;RURAL;0;9;0;0;0;Campamento;1;;Antioquia;Antioquia;;Comfama (Caja de Compensación Familiar de Antioquia)
205134000156;C. E. R. SAN JOSE;2;Moderado;9;0.0021;OFICIAL;RURAL;1;8;0;0;0;Campamento;1;;Antioquia;Antioquia;;Fundación Secretos Para Contar
205154001639;E R I LA DESCONOCIDA;2;Moderado;9;0.0021;OFICIAL;RURAL;1;8;0;0;0;Caucasia;1;;Antioquia;Antioquia;;
205234001419;C. E. R. FILO DE LA CRUZ;2;Moderado;9;0.0021;OFICIAL;RURAL;1;8;0;0;0;Dabeiba;1;;Antioquia;Antioquia;;Fundación Secretos Para Contar
205313000614;C. E. R. QUEBRADONA ABAJO;2;Moderado;9;0.0021;OFICIAL;RURAL;2;7;0;0;0;Granada;1;;Antioquia;Antioquia;;Fundación Empresas Públicas De Medellín
205315000204;C. E. R. LOS SAUCES;2;Moderado;9;0.0021;OFICIAL;RURAL;2;7;0;0;0;Guadalupe;1;;Antioquia;Antioquia;;
205483000082;C. E. R. MORRO AZUL;2;Moderado;9;0.0021;OFICIAL;RURAL;1;8;0;0;0;Nariño;1;;Antioquia;Antioquia;;
205501000010;C. E. R. COMINAL;1;Bajo;9;0.0021;OFICIAL;RURAL;2;7;0;0;0;Olaya;1;;Antioquia;Antioquia;;Fundación Secretos Para Contar
205670000924;E R I MANIZALES;2;Moderado;9;0.0021;OFICIAL;RURAL;2;7;0;0;0;San Roque;1;;Antioquia;Antioquia;;Fundación Secretos Para Contar
205761000463;C. E. R. JUNTAS;1;Bajo;9;0.0021;OFICIAL;RURAL;3;6;0;0;0;Sopetrán;1;;Antioquia;Antioquia;;
205761000099;C. E. R. MARIA ANGELINA HERRERA VELEZ;2;Moderado;9;0.0021;OFICIAL;RURAL;1;8;0;0;0;Sopetrán;1;;Antioquia;Antioquia;;
205789000183;C. E. R. CEDEÑO;1;Bajo;9;0.0021;OFICIAL;RURAL;2;7;0;0;0;Támesis;1;;Antioquia;Antioquia;;Comfama (Caja de Compensación Familiar de Antioquia)
205887001937;C. E. R. LA RAYA;1;Bajo;9;0.0021;OFICIAL;RURAL;0;9;0;0;0;Yarumal;1;;Antioquia;Antioquia;;
205890001131;E R BELGICA;1;Bajo;9;0.0021;OFICIAL;RURAL;2;7;0;0;0;Yolombó;1;;Antioquia;Antioquia;;Fundación Secretos Para Contar
225095000268;ESCUELA RURAL EL PROGRESO;2;Moderado;9;0.0034;OFICIAL;RURAL;1;8;0;0;0;Bituima;1;;Cundinamarca;Cundinamarca;;
225279000015;ESCUELA RURAL DE LA PASTORA;2;Moderado;9;0.0034;OFICIAL;RURAL;2;7;0;0;0;Fómeque;1;;Cundinamarca;Cundinamarca;;
225513000121;CONCENTRACION RURAL EL HATILLO;1;Bajo;9;0.0034;OFICIAL;RURAL;1;8;0;0;0;Pacho;1;;Cundinamarca;Cundinamarca;;Fundación Alquería Cavelier
225875000201;ESCUELA RURAL ALTO DE TORRES;2;Moderado;9;0.0034;OFICIAL;RURAL;1;8;0;0;0;Villeta;1;;Cundinamarca;Cundinamarca;;Fundación Alquería Cavelier
263001000978;EL MESON;1;Bajo;9;0.0222;OFICIAL;RURAL;2;7;0;0;0;Armenia;2;;Armenia;Quindio;;
266001001540;CENT EDUC EL POMO;3;Crítico;9;0.0116;OFICIAL;RURAL;0;9;0;0;0;Pereira;1;;Pereira;Risaralda;;
266001002163;CENT EDUC LA ESPERANZA;3;Crítico;9;0.0116;OFICIAL;RURAL;1;8;0;0;0;Pereira;1;;Pereira;Risaralda;;
266001002813;CE GUAYABAL;3;Crítico;9;0.0116;OFICIAL;RURAL;2;7;0;0;0;Pereira;;;Pereira;Risaralda;;
266088000633;SE FRISOLERA ALTA;3;Crítico;9;0.0203;OFICIAL;RURAL;1;8;0;0;0;Belén de Umbría;1;;Risaralda;Risaralda;;
266088000668;SE VISTA HERMOSA;1;Bajo;9;0.0203;OFICIAL;RURAL;2;7;0;0;0;Belén de Umbría;1;;Risaralda;Risaralda;;
266440000096;SE MANGABONITA;1;Bajo;9;0.0203;OFICIAL;RURAL;1;8;0;0;0;Marsella;1;;Risaralda;Risaralda;;
266440000151;SE LA LINDA;2;Moderado;9;0.0203;OFICIAL;RURAL;2;7;0;0;0;Marsella;1;;Risaralda;Risaralda;;
266594000099;SE CAÑAVERAL;2;Moderado;9;0.0203;OFICIAL;RURAL;2;7;0;0;0;Quinchía;1;;Risaralda;Risaralda;;
268406000845;ESCUELA RURAL RIO SUCIO;2;Moderado;9;0.0067;OFICIAL;RURAL;2;7;0;0;0;Lebrija;1;;Santander;Santander;;
273124000251;LA ESPERANZA;1;Bajo;9;0.0064;OFICIAL;RURAL;2;7;0;0;0;Cajamarca;1;;Tolima;Tolima;;
273270000335;LA PLATILLA;3;Crítico;9;0.0064;OFICIAL;RURAL;0;9;0;0;0;Falan;1;;Tolima;Tolima;;
273411000741;SABANALARGA;3;Crítico;9;0.0064;OFICIAL;RURAL;1;8;0;0;0;Líbano;1;;Tolima;Tolima;;
273686000466;LA ESMERALDA;1;Bajo;9;0.0064;OFICIAL;RURAL;3;6;0;0;0;Santa Isabel;1;;Tolima;Tolima;;
273870000339;PALMITAL;2;Moderado;9;0.0064;OFICIAL;RURAL;1;8;0;0;0;Villahermosa;1;;Tolima;Tolima;;
276834000798;SEDE NO. 49 JUAN JOSE SANCHEZ CABAL;2;Moderado;9;0.0326;OFICIAL;RURAL;2;7;0;0;0;Tuluá;1;;Tuluá;Valle del Cauca;;
276113001139;CACIQUE TAUDA;3;Crítico;9;0.0069;OFICIAL;RURAL;1;8;0;0;0;Bugalagrande;1;;Valle;Valle del Cauca;;
276126000451;CACIQUE ESCOBAR;3;Crítico;9;0.0069;OFICIAL;RURAL;0;9;0;0;0;Calima;;;Valle;Valle del Cauca;;
276233000634;JORGE ELIECER GAITAN;3;Crítico;9;0.0069;OFICIAL;RURAL;3;6;0;0;0;Dagua;1;;Valle;Valle del Cauca;;
276250000036;GENERAL RENGIFO;1;Bajo;9;0.0069;OFICIAL;RURAL;2;6;1;0;0;El Dovio;1;;Valle;Valle del Cauca;;
276250000133;SAN JUAN BOSCO;1;Bajo;9;0.0069;OFICIAL;RURAL;2;7;0;0;0;El Dovio;1;;Valle;Valle del Cauca;;
217013000408;ESCUELA ANTONIO GOMEZ ESTRADA;2;Moderado;9;0.0112;;RURAL;0;9;0;0;0;Aguadas;1;;Caldas;Caldas;;
217050000361;ESCUELA RURAL EL ROCIO;2;Moderado;9;0.0112;;RURAL;1;8;0;0;0;Aranzazu;1;;Caldas;Caldas;;
217050000086;ESCUELA RURAL SAN MIGUEL;1;Bajo;9;0.0112;;RURAL;2;7;0;0;0;Aranzazu;;;Caldas;Caldas;;
217088000063;ESCUELA RURAL SAN NARCIZO;3;Crítico;9;0.0112;;RURAL;1;8;0;0;0;Belalcázar;1;;Caldas;Caldas;;
217088000039;ESCUELA NUEVA BUENAVISTA;2;Moderado;9;0.0112;;RURAL;2;7;0;0;0;Belalcázar;1;;Caldas;Caldas;;
217272000556;ESCUELA RURAL LA MARINA;1;Bajo;9;0.0112;;RURAL;0;9;0;0;0;Filadelfia;1;;Caldas;Caldas;;
217433000161;ESCUELA RURAL EL CRUCERO;1;Bajo;9;0.0112;;RURAL;1;8;0;0;0;Manzanares;1;;Caldas;Caldas;;Federación Nacional de Cafeteros de Colombia
217433000241;ESCUELA RURAL GUAYAQUIL;3;Crítico;9;0.0112;;RURAL;1;8;0;0;0;Manzanares;1;;Caldas;Caldas;;Federación Nacional de Cafeteros de Colombia
217433000616;ESCUELA NUEVA LA ESMERALDA;1;Bajo;9;0.0112;;RURAL;2;7;0;0;0;Manzanares;1;;Caldas;Caldas;;Federación Nacional de Cafeteros de Colombia
217433000560;ESCUELA NUEVA BUENOS AIRES;1;Bajo;9;0.0112;;RURAL;3;6;0;0;0;Manzanares;2;;Caldas;Caldas;;
217433000276;INSTITUCIÓN EDUCATIVA LAS MERCEDES;2;Moderado;9;0.0112;;RURAL;2;7;0;0;0;Manzanares;1;;Caldas;Caldas;;
217433000497;ESCUELA NUEVA LA RICA;2;Moderado;9;0.0112;;RURAL;1;8;0;0;0;Manzanares;1;;Caldas;Caldas;;Federación Nacional de Cafeteros de Colombia
217433000748;ESCUELA RURAL LAS PEÑAS;1;Bajo;9;0.0112;;RURAL;0;9;0;0;0;Manzanares;1;;Caldas;Caldas;;Federación Nacional de Cafeteros de Colombia
217444000120;ESCUELA RURAL EL VERGEL;1;Bajo;9;0.0112;;RURAL;3;6;0;0;0;Marquetalia;1;;Caldas;Caldas;;Federación Nacional de Cafeteros de Colombia
217486000120;ESCUELA FRANCISCO JOSÉ DE CALDAS;2;Moderado;9;0.0112;;RURAL;1;8;0;0;0;Neira;1;;Caldas;Caldas;;Federación Nacional de Cafeteros de Colombia
217662001073;ESCUELA RURAL LAS DELICIAS;2;Moderado;9;0.0112;;RURAL;1;8;0;0;0;Samaná;1;;Caldas;Caldas;;Federación Nacional de Cafeteros de Colombia
217541000479;ESCUELA RURAL LAS COLONIAS;1;Bajo;9;0.0112;;RURAL;0;1;8;0;0;Pensilvania;1;;Caldas;Caldas;;Federación Nacional de Cafeteros de Colombia
217541000819;ESCUELA NUEVA ANTONIO RICAURTE;1;Bajo;9;0.0112;;RURAL;1;8;0;0;0;Pensilvania;1;;Caldas;Caldas;;Federación Nacional de Cafeteros de Colombia
217541000118;ESCUELA NUEVA ALBANIA ALTA;1;Bajo;9;0.0112;;RURAL;2;7;0;0;0;Pensilvania;1;;Caldas;Caldas;;Federación Nacional de Cafeteros de Colombia
217614001231;ESCUELA RURAL MIXTA LA UNION;2;Moderado;9;0.0112;;RURAL;0;9;0;0;0;Riosucio;1;;Caldas;Caldas;;
217614000171;ESCUELA RURAL AGUACATAL;1;Bajo;9;0.0112;;RURAL;1;8;0;0;0;Riosucio;1;;Caldas;Caldas;;
217616000674;ESCUELA INDIGENA TAMANIZA;1;Bajo;9;0.0112;;RURAL;0;9;0;0;0;Risaralda;1;;Caldas;Caldas;;Federación Nacional de Cafeteros de Colombia
217653000579;SEDE LOS ANGELES;2;Moderado;9;0.0112;;RURAL;1;8;0;0;0;Salamina;1;;Caldas;Caldas;;Federación Nacional de Cafeteros de Colombia
217662000921;ESCUELA RURAL BELÉN ALTO;1;Bajo;9;0.0112;;RURAL;0;6;3;0;0;Samaná;1;;Caldas;Caldas;;Federación Nacional de Cafeteros de Colombia
217662002649;ESCUELA RURAL LA CUMBRE;1;Bajo;9;0.0112;;RURAL;0;5;4;0;0;Samaná;1;;Caldas;Caldas;;Federación Nacional de Cafeteros de Colombia
217662000115;ESCUELA RURAL MIXTA COSTA RICA ALTA;2;Moderado;9;0.0112;;RURAL;1;8;0;0;0;Samaná;1;;Caldas;Caldas;;Federación Nacional de Cafeteros de Colombia
217662000816;ESCUELA RURAL PEKÍN;2;Moderado;9;0.0112;;RURAL;1;8;0;0;0;Samaná;1;;Caldas;Caldas;;Federación Nacional de Cafeteros de Colombia
217777000291;ESCUELA RURAL MURILLO;2;Moderado;9;0.0112;;RURAL;2;7;0;0;0;Supía;1;;Caldas;Caldas;;Federación Nacional de Cafeteros de Colombia
217777000062;ESCUELA RURAL EL DESCANSO;2;Moderado;9;0.0112;;RURAL;0;9;0;0;0;Supía;1;;Caldas;Caldas;;Federación Nacional de Cafeteros de Colombia
217867000029;ESCUELA RURAL SANTA ISABEL;1;Bajo;9;0.0112;;RURAL;1;8;0;0;0;Victoria;1;;Caldas;Caldas;;Federación Nacional de Cafeteros de Colombia
223417002323;COSTA DE ORO;2;Moderado;9;0.04;;RURAL;3;6;0;0;0;Lorica;2;;Lorica;Córdoba;;
223417002951;LAS CRUCES;3;Crítico;9;0.04;;RURAL;1;8;0;0;0;Lorica;13;1;Lorica;Córdoba;;
323417002760;SAN JOSE DEL BIJAO;2;Moderado;9;0.04;;RURAL;3;6;0;0;0;Lorica;1;;Lorica;Córdoba;;
223417001050;LA LAGUNA;3;Crítico;9;0.04;;RURAL;0;9;0;0;0;Lorica;1;;Lorica;Córdoba;;
227615800214;SEDE EUGENIA MEDIA;3;Crítico;8;0.007;OFICIAL;RURAL;1;7;0;0;0;Nuevo Belén de Bajirá;1;;Choco;Chocó;SI;
266572800131;SEDE LA PLAYITA;3;Crítico;8;0.018;OFICIAL;RURAL;3;5;0;0;0;Pueblo Rico;1;;Risaralda;Risaralda;SI;
276054000222;JOSE ANTONIO GALAN;3;Crítico;8;0.0061;OFICIAL;RURAL;0;8;0;0;0;Argelia;1;;Valle;Valle del Cauca;SI;
276606000265;CRISTOBAL COLON;3;Crítico;8;0.0061;OFICIAL;RURAL;2;6;0;0;0;Restrepo;2;;Valle;Valle del Cauca;SI;
227077002043;SEDE LAS MERCEDES;3;Crítico;8;0.007;OFICIAL;RURAL;0;8;0;0;0;Medio Baudó;;;Choco;Chocó;SI;
252001000259;ESC RUR MIX BAJO ARRAYANES;3;Crítico;8;0.0135;OFICIAL;RURAL;0;8;0;0;0;Pasto;1;;Pasto;Nariño;NO;
276054000079;SEBASTIAN DE BELALCAZAR;1;Bajo;8;0.0061;OFICIAL;RURAL;2;6;0;0;0;Argelia;2;;Valle;Valle del Cauca;SI;
227077001551;SEDE SANTA ISABEL;2;Moderado;8;0.007;OFICIAL;RURAL;0;8;0;0;0;Medio Baudó;1;;Choco;Chocó;SI;
205837004170;E.R. LA PRIMAVERA (D)(UNIT);2;Moderado;8;0.0214;OFICIAL;RURAL;0;8;0;0;0;Turbo;1;;Turbo;Antioquia;SI;
227077001985;SEDE SIMON BOLIVAR DE BAUDOCITO;2;Moderado;8;0.007;OFICIAL;RURAL;0;8;0;0;0;Medio Baudó;2;;Choco;Chocó;SI;
205002000416;EL VESUBIO;2;Moderado;8;0.0018;OFICIAL;RURAL;1;7;0;0;0;Abejorral;1;;Antioquia;Antioquia;SI;Comfama (Caja de Compensación Familiar de Antioquia)
205002000084;C. E. R. LOS RASTROJOS;2;Moderado;8;0.0018;OFICIAL;RURAL;2;6;0;0;0;Abejorral;1;;Antioquia;Antioquia;SI;
205842000506;C. E. R. SAN BENITO;2;Moderado;8;0.0018;OFICIAL;RURAL;1;7;0;0;0;Uramita;1;;Antioquia;Antioquia;SI;
217541001670;ESCUELA NUEVA LAS PALOMAS;2;Moderado;8;0.01;OFICIAL;RURAL;0;2;6;0;0;Pensilvania;1;;Caldas;Caldas;SI;Federación Nacional de Cafeteros de Colombia
227491000699;SEDE MALTA;2;Moderado;8;0.007;OFICIAL;RURAL;2;6;0;0;0;Nóvita;1;;Choco;Chocó;SI;
227787000147;SEDE YERRECUY;2;Moderado;8;0.007;OFICIAL;RURAL;1;7;0;0;0;Tadó;2;;Choco;Chocó;SI;
241016000377;SANTA BARBARA;2;Moderado;8;0.0063;OFICIAL;RURAL;0;8;0;0;0;Aipe;1;;Huila;Huila;SI;
252001000577;ESC NVA PULLITOPAMBA;2;Moderado;8;0.0135;OFICIAL;RURAL;0;8;0;0;0;Pasto;;;Pasto;Nariño;NO;
273352000333;PARROQUIA VIEJA;2;Moderado;8;0.0057;OFICIAL;RURAL;2;6;0;0;0;Icononzo;1;;Tolima;Tolima;SI;
273270000254;ALTO GUALI;2;Moderado;8;0.0057;OFICIAL;RURAL;3;5;0;0;0;Palocabildo;;1;Tolima;Tolima;SI;
273870000291;ALTO BONITO;2;Moderado;8;0.0057;OFICIAL;RURAL;2;6;0;0;0;Villahermosa;1;;Tolima;Tolima;SI;
205837006423;E.R. BRAZO IZQUIERDO LA PITA;2;Moderado;8;0.0214;OFICIAL;RURAL;1;7;0;0;0;Turbo;1;;Turbo;Antioquia;SI;
205837007292;OVIEDO;2;Moderado;8;0.0214;OFICIAL;RURAL;1;7;0;0;0;Turbo;1;;Turbo;Antioquia;SI;Fundación Secretos Para Contar
213744001475;CUADRO;2;Moderado;8;0.0035;OFICIAL;RURAL;0;8;0;0;0;Simití;1;;Bolivar;Bolívar;NO;
205148000256;SAN JOSE;1;Bajo;8;0.0018;OFICIAL;RURAL;1;7;0;0;0;El Carmen de Viboral;1;;Antioquia;Antioquia;SI;Fundación Secretos Para Contar
273236000504;PORTACHUELO;1;Bajo;8;0.0057;OFICIAL;RURAL;0;8;0;0;0;Dolores;1;;Tolima;Tolima;SI;
263001000714;LA PRADERA;1;Bajo;8;0.0198;OFICIAL;RURAL;0;8;0;0;0;Armenia;1;;Armenia;Quindio;SI;
227025000620;SEDE DE PUERTO PALACIOS;1;Bajo;8;0.007;OFICIAL;RURAL;0;8;0;0;0;Alto Baudó;;;Choco;Chocó;SI;
227615060738;SEDE PEÑITA;1;Bajo;8;0.007;OFICIAL;RURAL;1;7;0;0;0;Riosucio;2;;Choco;Chocó;SI;
227001003903;SEDE DE PUERTO ALUMA;1;Bajo;8;0.0218;OFICIAL;RURAL;1;7;0;0;0;Quibdó;1;;Quibdó;Chocó;SI;
273200000079;CUNIRA;1;Bajo;8;0.0057;OFICIAL;RURAL;2;6;0;0;0;Coello;1;;Tolima;Tolima;SI;
227245000388;SEDE CLARA;1;Bajo;8;0.007;OFICIAL;RURAL;1;7;0;0;0;El Carmen de Atrato;1;;Choco;Chocó;SI;
227001003059;SEDE ZABULON CORDOBA VALENCIA;1;Bajo;8;0.0218;OFICIAL;RURAL;1;7;0;0;0;Quibdó;1;;Quibdó;Chocó;SI;
273168000541;LA SIERRA;1;Bajo;8;0.0057;OFICIAL;RURAL;0;8;0;0;0;Chaparral;1;;Tolima;Tolima;SI;
273168000843;TAMARCO;1;Bajo;8;0.0057;OFICIAL;RURAL;1;7;0;0;0;Chaparral;1;;Tolima;Tolima;SI;
215804000344;ESC LAVADEROS;1;Bajo;8;0.0061;OFICIAL;RURAL;0;8;0;0;0;Tibaná;1;;Boyaca;Boyacá;NO;
276041000321;CRISTO REY;2;Moderado;8;0.0061;OFICIAL;RURAL;1;2;5;0;0;Ansermanuevo;2;;Valle;Valle del Cauca;SI;
276041000967;JORGE ROBLEDO;1;Bajo;8;0.0061;OFICIAL;RURAL;1;6;1;0;0;Ansermanuevo;1;;Valle;Valle del Cauca;SI;
276113000151;CRISTOBAL COLON;2;Moderado;8;0.0061;OFICIAL;RURAL;1;7;0;0;0;Bugalagrande;1;;Valle;Valle del Cauca;SI;
276122000040;CENTRO DOCENTE NO 36 LAS CARMELITAS;1;Bajo;8;0.0061;OFICIAL;RURAL;0;8;0;0;0;Caicedonia;1;;Valle;Valle del Cauca;SI;
276122000244;NUESTRA SEÑORA DEL PERPETUO SOCORRO;1;Bajo;8;0.0061;OFICIAL;RURAL;0;8;0;0;0;Caicedonia;1;;Valle;Valle del Cauca;SI;
276122000261;LA POLA;1;Bajo;8;0.0061;OFICIAL;RURAL;2;6;0;0;0;Caicedonia;1;;Valle;Valle del Cauca;SI;
276233000201;RAFAEL POMBO;2;Moderado;8;0.0061;OFICIAL;RURAL;2;6;0;0;0;Dagua;1;;Valle;Valle del Cauca;SI;
276233000367;JOSE MARIA ANZOATEGUI;1;Bajo;8;0.0061;OFICIAL;RURAL;0;8;0;0;0;Dagua;1;;Valle;Valle del Cauca;SI;
276243000721;SAGRADA FAMILIA;2;Moderado;8;0.0061;OFICIAL;RURAL;0;8;0;0;0;El Águila;1;;Valle;Valle del Cauca;SI;
276275000171;GABRIEL GARCIA MARQUEZ;1;Bajo;8;0.0061;OFICIAL;RURAL;2;6;0;0;0;Florida;;;Valle;Valle del Cauca;SI;
276306000280;ENRIQUE OLAYA HERRERA;1;Bajo;8;0.0061;OFICIAL;RURAL;0;8;0;0;0;Ginebra;1;;Valle;Valle del Cauca;SI;
276616000298;JOSE ANTONIO ANZOATEGUI;1;Bajo;8;0.0061;OFICIAL;RURAL;1;7;0;0;0;Riofrío;1;;Valle;Valle del Cauca;SI;
276616000352;POLICARPA SALAVARRIETA;3;Crítico;8;0.0061;OFICIAL;RURAL;1;7;0;0;0;Riofrío;1;;Valle;Valle del Cauca;SI;
276622000313;MARCO FIDEL SUÁREZ;2;Moderado;8;0.0061;OFICIAL;RURAL;2;6;0;0;0;Roldanillo;1;;Valle;Valle del Cauca;SI;
276670000031;VICENTE H CRUZ;1;Bajo;8;0.0061;OFICIAL;RURAL;1;7;0;0;0;San Pedro;1;;Valle;Valle del Cauca;SI;
276670000406;ANDRÉS BELLO;1;Bajo;8;0.0061;OFICIAL;RURAL;1;7;0;0;0;San Pedro;1;;Valle;Valle del Cauca;SI;
276736000615;MIRAMAR;2;Moderado;8;0.0061;OFICIAL;RURAL;0;8;0;0;0;Sevilla;1;;Valle;Valle del Cauca;SI;
276828000344;MARIA PEREGRINA GARCIA;1;Bajo;8;0.0061;OFICIAL;RURAL;0;8;0;0;0;Trujillo;1;;Valle;Valle del Cauca;SI;
276863000209;CRISTO REY;2;Moderado;8;0.0061;OFICIAL;RURAL;1;3;4;0;0;Versalles;1;;Valle;Valle del Cauca;SI;
276869000294;VICTOR HUMBERTO BARRERA;2;Moderado;8;0.0061;OFICIAL;RURAL;1;6;1;0;0;Vijes;1;;Valle;Valle del Cauca;SI;
276890000369;TAURINO IZQUIERDO;1;Bajo;8;0.0061;OFICIAL;RURAL;0;8;0;0;0;Yotoco;1;;Valle;Valle del Cauca;SI;
219022000499;ESCUELA RURAL MIXTA ROSA PAMBA;1;Bajo;8;;OFICIAL;RURAL;1;7;0;0;0;Almaguer;1;;;Cauca;;
219050000054;SAN JUAN DEL CUCHO;2;Moderado;8;;OFICIAL;RURAL;0;8;0;0;0;Argelia;1;;;Cauca;;
219075000270;RINCONADA;1;Bajo;8;;OFICIAL;RURAL;0;8;0;0;0;Balboa;1;;;Cauca;;
219075000318;MONARES;2;Moderado;8;;OFICIAL;RURAL;3;5;0;0;0;Balboa;;;;Cauca;;
219075000776;EL ZULIA;1;Bajo;8;;OFICIAL;RURAL;0;8;0;0;0;Balboa;;;;Cauca;;
219100000964;EL CUCHO DE CHALGUAYACO;1;Bajo;8;;OFICIAL;RURAL;2;6;0;0;0;Bolívar;1;;;Cauca;;
219142000361;LOMA DE LA CRUZ;1;Bajo;8;;OFICIAL;RURAL;0;8;0;0;0;Caloto;2;;;Cauca;;
219212000177;ESCUELA RURAL MIXTA MIRAVALLE;1;Bajo;8;;OFICIAL;RURAL;2;6;0;0;0;Corinto;1;;;Cauca;;
219256000883;EL MOLINO;1;Bajo;8;;OFICIAL;RURAL;3;5;0;0;0;El Tambo;;;;Cauca;;
219397000194;ESCUELA RURAL MIXTA JULIAN;1;Bajo;8;;OFICIAL;RURAL;0;8;0;0;0;La Vega;2;;;Cauca;;
219418000424;EL TRUENO;1;Bajo;8;;OFICIAL;RURAL;1;7;0;0;0;López de Micay;1;;;Cauca;;
219450001220;PUEBLO NUEVO;1;Bajo;8;;OFICIAL;RURAL;0;8;0;0;0;Mercaderes;1;;;Cauca;;
219532000469;CHONDURAL;1;Bajo;8;;OFICIAL;RURAL;1;7;0;0;0;Patía;2;;;Cauca;;
219573000091;LOS BANCOS;1;Bajo;8;;OFICIAL;RURAL;1;7;0;0;0;Puerto Tejada;1;;;Cauca;;
219585000185;VEGA CANDELARIA;1;Bajo;8;;OFICIAL;RURAL;1;7;0;0;0;Puracé;1;;;Cauca;;
219622090190;MARQUEZ BAJO;1;Bajo;8;;OFICIAL;RURAL;0;8;0;0;0;Rosas;1;;;Cauca;;
219701000295;VILLANARCISO CARMELO (sede principal);1;Bajo;8;;OFICIAL;RURAL;3;5;0;0;0;Santa Rosa;2;1;;Cauca;;
219780001170;EL JIGUAL;1;Bajo;8;;OFICIAL;RURAL;0;8;0;0;0;Suárez;1;;;Cauca;;
219780001188;CENTRO DOCENTE SIMON BOLIVAR;1;Bajo;8;;OFICIAL;RURAL;1;7;0;0;0;Suárez;1;;;Cauca;;
219821000388;CENTRO DOCENTE RURAL MIXTO GALLINAZAS;1;Bajo;8;;OFICIAL;RURAL;1;7;0;0;0;Toribío;1;;;Cauca;;
219824000443;AGUA BONITA;1;Bajo;8;;OFICIAL;RURAL;0;8;0;0;0;Totoró;1;;;Cauca;;
419256002702;EL JAGUAL;1;Bajo;8;;OFICIAL;RURAL;0;8;0;0;0;El Tambo;1;;;Cauca;;
263470000202;MIGUEL DUQUE;2;Moderado;8;0.022;OFICIAL;RURAL;1;7;0;0;0;Montenegro;1;;Quindio;Quindio;;
205002000271;C. E. R. JESUSITA JIMENEZ;2;Moderado;8;0.0018;OFICIAL;RURAL;2;6;0;0;0;Abejorral;1;;Antioquia;Antioquia;;
205002000505;JOAQUINA GUTIERREZ;1;Bajo;8;0.0018;OFICIAL;RURAL;0;8;0;0;0;Abejorral;1;;Antioquia;Antioquia;;Comfama (Caja de Compensación Familiar de Antioquia)
205055000922;C. E. R. SANTA INES;2;Moderado;8;0.0018;OFICIAL;RURAL;1;7;0;0;0;Argelia;1;;Antioquia;Antioquia;;Corporación Empresarial Del Oriente Antioqueño
205101000011;C. E. R. EL EMPUJE;2;Moderado;8;0.0018;OFICIAL;RURAL;0;8;0;0;0;Ciudad Bolívar;1;;Antioquia;Antioquia;;
205313000509;C. E. R. SANTA BARBARA;2;Moderado;8;0.0018;OFICIAL;RURAL;1;7;0;0;0;Granada;1;;Antioquia;Antioquia;;
205467000331;C. E. R. JOSÉ MARÍA MEJÍA TOBÓN;1;Bajo;8;0.0018;OFICIAL;RURAL;1;7;0;0;0;Montebello;1;;Antioquia;Antioquia;;Comfama (Caja de Compensación Familiar de Antioquia) | Fundación Empresas Públicas De Medellín
205483000252;C. E. R. BELLAVISTA;2;Moderado;8;0.0018;OFICIAL;RURAL;1;7;0;0;0;Nariño;1;;Antioquia;Antioquia;;
205649000442;C.E.R. EL CHOCO;1;Bajo;8;0.0018;OFICIAL;RURAL;0;8;0;0;0;San Carlos;1;;Antioquia;Antioquia;;
205670000487;C. E. R. MULATAL;2;Moderado;8;0.0018;OFICIAL;RURAL;2;6;0;0;0;San Roque;1;;Antioquia;Antioquia;;Fundación Secretos Para Contar
205670000703;C. E. R. EL BARCINO;2;Moderado;8;0.0018;OFICIAL;RURAL;0;8;0;0;0;San Roque;1;;Antioquia;Antioquia;;Fundación Secretos Para Contar
205842000450;C. E. R. ALTO DEL PITAL;2;Moderado;8;0.0018;OFICIAL;RURAL;2;6;0;0;0;Uramita;1;;Antioquia;Antioquia;;
205847000814;C. E. R. EL ESCOBERO;1;Bajo;8;0.0018;OFICIAL;RURAL;2;6;0;0;0;Urrao;1;;Antioquia;Antioquia;;Comfama (Caja de Compensación Familiar de Antioquia) | Fundación Secretos Para Contar
205847001047;C. E. R. EL TOPACIO;1;Bajo;8;0.0018;OFICIAL;RURAL;2;6;0;0;0;Urrao;1;;Antioquia;Antioquia;;Comfama (Caja de Compensación Familiar de Antioquia) | Fundación Secretos Para Contar
205847001420;C.E.R. TAITA;2;Moderado;8;0.0018;OFICIAL;RURAL;0;8;0;0;0;Urrao;;;Antioquia;Antioquia;;Comfama (Caja de Compensación Familiar de Antioquia) | Fundación Secretos Para Contar
205847000202;C. E. R. EL SALADO;1;Bajo;8;0.0018;OFICIAL;RURAL;0;8;0;0;0;Urrao;1;;Antioquia;Antioquia;;Comfama (Caja de Compensación Familiar de Antioquia) | Fundación Secretos Para Contar
205847000547;C. E. R. LA ANA;2;Moderado;8;0.0018;OFICIAL;RURAL;2;6;0;0;0;Urrao;1;;Antioquia;Antioquia;;Comfama (Caja de Compensación Familiar de Antioquia)
205854000277;C. E. R. SANTA INES;2;Moderado;8;0.0018;OFICIAL;RURAL;1;7;0;0;0;Valdivia;1;;Antioquia;Antioquia;;Comfama (Caja de Compensación Familiar de Antioquia) | Fundación Secretos Para Contar
225489000026;ESCUELA RURAL CHAGUANI;1;Bajo;8;0.003;OFICIAL;RURAL;0;8;0;0;0;Nimaima;1;;Cundinamarca;Cundinamarca;;
225491000076;ESCUELA RURAL LA FLORIDA;1;Bajo;8;0.003;OFICIAL;RURAL;0;8;0;0;0;Nocaima;1;;Cundinamarca;Cundinamarca;;Fundación Alquería Cavelier
225535000311;ESCUELA EL BOBAL;2;Moderado;8;0.003;OFICIAL;RURAL;1;7;0;0;0;Pasca;1;;Cundinamarca;Cundinamarca;;
225580000128;ESCUELA RURAL MANANTIAL;2;Moderado;8;0.003;OFICIAL;RURAL;0;8;0;0;0;Pulí;1;;Cundinamarca;Cundinamarca;;
225743000074;ESCUELA RURAL SANTA RITA LAS PALMAS;1;Bajo;8;0.003;OFICIAL;RURAL;1;7;0;0;0;Silvania;1;;Cundinamarca;Cundinamarca;;
225815000210;ESCUELA RURAL LAS MERCEDES;2;Moderado;8;0.003;OFICIAL;RURAL;2;6;0;0;0;Tocaima;1;;Cundinamarca;Cundinamarca;;
225815000279;ESCUELA RURAL LA GLORIA;2;Moderado;8;0.003;OFICIAL;RURAL;0;8;0;0;0;Tocaima;1;;Cundinamarca;Cundinamarca;;
225851000145;ESCUELA RURAL ZUMBE;1;Bajo;8;0.003;OFICIAL;RURAL;1;7;0;0;0;Útica;;;Cundinamarca;Cundinamarca;;
225862000139;ESCUELA RURAL LOS SAUCES;1;Bajo;8;0.003;OFICIAL;RURAL;3;5;0;0;0;Vergara;1;;Cundinamarca;Cundinamarca;;
266001001795;BETULIA ALTA;3;Crítico;8;0.0103;OFICIAL;RURAL;2;6;0;0;0;Pereira;1;;Pereira;Risaralda;;
266001004808;SAN CARLOS;3;Crítico;8;0.0103;OFICIAL;RURAL;0;8;0;0;0;Pereira;1;;Pereira;Risaralda;;
266088000129;SE GUAYABAL;2;Moderado;8;0.018;OFICIAL;RURAL;5;3;0;0;0;Belén de Umbría;1;;Risaralda;Risaralda;;
266088000293;SE TUMURRAMA;2;Moderado;8;0.018;OFICIAL;RURAL;1;7;0;0;0;Belén de Umbría;1;;Risaralda;Risaralda;;
266383000173;SE EL CAIMAL;2;Moderado;8;0.018;OFICIAL;RURAL;1;7;0;0;0;La Celia;1;;Risaralda;Risaralda;;
266440000304;SE LA MARIA;2;Moderado;8;0.018;OFICIAL;RURAL;0;8;0;0;0;Marsella;1;;Risaralda;Risaralda;;
266572000222;SE SANTA FE DE PALO BLANCO;3;Crítico;8;0.018;OFICIAL;RURAL;1;7;0;0;0;Pueblo Rico;1;;Risaralda;Risaralda;;
268705000126;ESCUELA RURAL LA CHACARA;2;Moderado;8;0.0059;OFICIAL;RURAL;1;7;0;0;0;Santa Bárbara;1;;Santander;Santander;;
273124000277;LA CERRAJOSA;1;Bajo;8;0.0057;OFICIAL;RURAL;3;5;0;0;0;Cajamarca;1;;Tolima;Tolima;;
273283000164;CAUCACIA;2;Moderado;8;0.0057;OFICIAL;RURAL;1;7;0;0;0;Fresno;2;;Tolima;Tolima;;
273411000342;GUAMAL;3;Crítico;8;0.0057;OFICIAL;RURAL;2;6;0;0;0;Líbano;1;;Tolima;Tolima;;
273411000822;LA ESPERANZA;3;Crítico;8;0.0057;OFICIAL;RURAL;0;5;3;0;0;Líbano;2;;Tolima;Tolima;;
273686000440;VALLECITOS;1;Bajo;8;0.0057;OFICIAL;RURAL;2;6;0;0;0;Santa Isabel;;;Tolima;Tolima;;
276834000895;SEDE NO. 63 PEDRO PABLO DE LA CRUZ;3;Crítico;8;0.029;OFICIAL;RURAL;1;7;0;0;0;Tuluá;1;;Tuluá;Valle del Cauca;;
276834001042;SEDE NO. 81 PABLO SEXTO;1;Bajo;8;0.029;OFICIAL;RURAL;1;7;0;0;0;Tuluá;1;;Tuluá;Valle del Cauca;;
276834003908;SEDE NO. 126 GABRIELA MISTRAL;3;Crítico;8;0.029;OFICIAL;RURAL;1;7;0;0;0;Tuluá;1;;Tuluá;Valle del Cauca;;
276100000062;LUIS LORZA;2;Moderado;8;0.0061;OFICIAL;RURAL;0;8;0;0;0;Bolívar;2;;Valle;Valle del Cauca;;
276100001066;CACIQUE DOJABIDA;3;Crítico;8;0.0061;OFICIAL;RURAL;2;6;0;0;0;Bolívar;1;;Valle;Valle del Cauca;;
276126000044;SANTA TERESITA;3;Crítico;8;0.0061;OFICIAL;RURAL;1;7;0;0;0;Calima;1;;Valle;Valle del Cauca;;
276250000117;SIMON BOLIVAR;2;Moderado;8;0.0061;OFICIAL;RURAL;0;7;1;0;0;El Dovio;1;;Valle;Valle del Cauca;;
476275000889;SAN JUANITO;1;Bajo;8;0.0061;OFICIAL;RURAL;0;8;0;0;0;Florida;1;1;Valle;Valle del Cauca;;
276497000195;SIMON BOLIVAR;1;Bajo;8;0.0061;OFICIAL;RURAL;1;7;0;0;0;Obando;1;;Valle;Valle del Cauca;;
217013000441;ESCUELA ALTO DE LA MONTAÑA;3;Crítico;8;0.01;;RURAL;1;7;0;0;0;Aguadas;;;Caldas;Caldas;;
217013000751;ESCUELA LA PROSPERIDAD;2;Moderado;8;0.01;;RURAL;1;7;0;0;0;Aguadas;1;;Caldas;Caldas;;
217013000149;PUENTE PIEDRA;1;Bajo;8;0.01;;RURAL;1;7;0;0;0;Aguadas;1;;Caldas;Caldas;;
217013000271;LA RUEDA;1;Bajo;8;0.01;;RURAL;0;8;0;0;0;Aguadas;1;;Caldas;Caldas;;
217013000955;EL DIAMANTE;1;Bajo;8;0.01;;RURAL;0;8;0;0;0;Aguadas;1;;Caldas;Caldas;;
217013000718;LA LORENA;3;Crítico;8;0.01;;RURAL;0;8;0;0;0;Aguadas;;;Caldas;Caldas;;
217013000807;DOS QUEBRADAS;2;Moderado;8;0.01;;RURAL;0;6;2;0;0;Aguadas;;;Caldas;Caldas;;
217050000019;ESCUELA RURAL SAN ANTONIO;1;Bajo;8;0.01;;RURAL;1;7;0;0;0;Aranzazu;2;;Caldas;Caldas;;
217050000418;ESCUELA RURAL CHAMBERY;2;Moderado;8;0.01;;RURAL;2;6;0;0;0;Aranzazu;1;;Caldas;Caldas;;
217088000233;ESCUELA NUEVA LA ELVIRA;2;Moderado;8;0.01;;RURAL;1;7;0;0;0;Belalcázar;1;;Caldas;Caldas;;
117088000484;ESCUELA URBANA MIRAFLORES;1;Bajo;8;0.01;;URBANA;1;7;0;0;0;Belalcázar;1;;Caldas;Caldas;;
217174000084;ESCUELA ANTONIO NARIÑO;2;Moderado;8;0.01;;RURAL;1;7;0;0;0;Chinchiná;1;;Caldas;Caldas;;
217433000021;ESCUELA RURAL LA MIEL;1;Bajo;8;0.01;;RURAL;1;7;0;0;0;Manzanares;1;;Caldas;Caldas;;Federación Nacional de Cafeteros de Colombia
217433000446;ESCUELA RURAL LA CRISTALINA;1;Bajo;8;0.01;;RURAL;0;8;0;0;0;Manzanares;1;;Caldas;Caldas;;Federación Nacional de Cafeteros de Colombia
217444000383;ESCUELA RURAL SAN GREGORIO;2;Moderado;8;0.01;;RURAL;1;7;0;0;0;Marquetalia;1;;Caldas;Caldas;;Federación Nacional de Cafeteros de Colombia
217446000178;ESCUELA SANTA CLARA;1;Bajo;8;0.01;;RURAL;0;8;0;0;0;Marulanda;1;;Caldas;Caldas;;
217486000448;ESCUELA SANTA ELENA;2;Moderado;8;0.01;;RURAL;2;6;0;0;0;Neira;1;;Caldas;Caldas;;Federación Nacional de Cafeteros de Colombia
217486000081;ESCUELA JUAN XXIII;2;Moderado;8;0.01;;RURAL;0;8;0;0;0;Neira;1;;Caldas;Caldas;;Federación Nacional de Cafeteros de Colombia
217486000316;ESCUELA EMIGDIO MARÍN;2;Moderado;8;0.01;;RURAL;1;7;0;0;0;Neira;1;;Caldas;Caldas;;Federación Nacional de Cafeteros de Colombia
217662001707;ESCUELA RURAL MONTEBELLO;1;Bajo;8;0.01;;RURAL;2;6;0;0;0;Samaná;1;;Caldas;Caldas;;Federación Nacional de Cafeteros de Colombia
217513000196;ESCUELA RURAL JORGE ROBLEDO;1;Bajo;8;0.01;;RURAL;2;6;0;0;0;Pácora;1;;Caldas;Caldas;;Federación Nacional de Cafeteros de Colombia
217541000525;ESCUELA RURAL MISAEL PASTRANA BORRERO;1;Bajo;8;0.01;;RURAL;1;7;0;0;0;Pensilvania;;;Caldas;Caldas;;Federación Nacional de Cafeteros de Colombia
217541000428;ESCUELA MARIA TENERIFE;1;Bajo;8;0.01;;RURAL;2;4;2;0;0;Pensilvania;1;;Caldas;Caldas;;Federación Nacional de Cafeteros de Colombia
217541000169;ESCUELA RURAL MIXTA LA TORRE;1;Bajo;8;0.01;;RURAL;0;8;0;0;0;Pensilvania;1;;Caldas;Caldas;;
217541001220;ESCUELA RURAL EL RECREO;2;Moderado;8;0.01;;RURAL;2;6;0;0;0;Pensilvania;1;;Caldas;Caldas;;
217653000323;SEDE LA LOMA;1;Bajo;8;0.01;;RURAL;2;6;0;0;0;Salamina;1;;Caldas;Caldas;;Federación Nacional de Cafeteros de Colombia
217653000919;ESCUELA RURAL LA SELVA;1;Bajo;8;0.01;;RURAL;0;8;0;0;0;Salamina;1;;Caldas;Caldas;;Federación Nacional de Cafeteros de Colombia
417867000419;ESCUELA RURAL LA UNION CIMITARRA;1;Bajo;8;0.01;;RURAL;0;8;0;0;0;Victoria;;;Caldas;Caldas;;Federación Nacional de Cafeteros de Colombia
217867000118;ESCUELA RURAL LA ITALIA;1;Bajo;8;0.01;;RURAL;0;8;0;0;0;Victoria;;;Caldas;Caldas;;Federación Nacional de Cafeteros de Colombia
217873000146;CENTRO DOCENTE PINARES;2;Moderado;8;0.01;;RURAL;0;8;0;0;0;Villamaría;1;;Caldas;Caldas;;Federación Nacional de Cafeteros de Colombia
223417002439;ZOILA CABRALES;2;Moderado;8;0.0355;;RURAL;2;6;0;0;0;Lorica;1;;Lorica;Córdoba;;
223417002412;SANTA INÉS;2;Moderado;8;0.0355;;RURAL;2;6;0;0;0;Lorica;1;;Lorica;Córdoba;;
223417001017;CERRO DEL DESCANSO;3;Crítico;8;0.0355;;RURAL;0;8;0;0;0;Lorica;1;;Lorica;Córdoba;;
276364001555;SEDE DOCE DE OCTUBRE;3;Crítico;7;0.0253;OFICIAL;RURAL;4;3;0;0;0;Jamundí;;;Jamundí;Valle del Cauca;SI;
273124000153;LA TIGRERA;3;Crítico;7;0.005;OFICIAL;RURAL;0;7;0;0;0;Cajamarca;1;;Tolima;Tolima;SI;
273124000820;LA PALOMA;3;Crítico;7;0.005;OFICIAL;RURAL;0;7;0;0;0;Cajamarca;1;;Tolima;Tolima;SI;
273504001799;CALABOZO;3;Crítico;7;0.005;OFICIAL;RURAL;1;6;0;0;0;Ortega;1;;Tolima;Tolima;SI;
227025001073;SEDE PUERTO ARACELIS;2;Moderado;7;0.0061;OFICIAL;RURAL;0;7;0;0;0;Alto Baudó;1;;Choco;Chocó;SI;
205091000521;CENTRO EDUCATIVO RURAL EL CONTENTO;2;Moderado;7;0.0016;OFICIAL;RURAL;1;6;0;0;0;Betania;1;;Antioquia;Antioquia;SI;Comfama (Caja de Compensación Familiar de Antioquia) | Universidad De Los Andes
205483000201;C. E. R. EL CARAÑO;2;Moderado;7;0.0016;OFICIAL;RURAL;2;4;1;0;0;Nariño;2;;Antioquia;Antioquia;SI;
205483000546;C. E. R. LA PEDRERA;2;Moderado;7;0.0016;OFICIAL;RURAL;0;7;0;0;0;Nariño;1;;Antioquia;Antioquia;SI;
205649000345;C. E. R. LA HONDITA;2;Moderado;7;0.0016;OFICIAL;RURAL;1;6;0;0;0;San Carlos;1;;Antioquia;Antioquia;SI;
217513000030;ESCUELA RURAL VENDIGUJAL;2;Moderado;7;0.0087;OFICIAL;RURAL;2;5;0;0;0;Pácora;1;;Caldas;Caldas;SI;Federación Nacional de Cafeteros de Colombia
227250002470;SEDE LA MILAGROSA;2;Moderado;7;0.0061;OFICIAL;RURAL;0;7;0;0;0;El Litoral del San Juan;1;;Choco;Chocó;SI;
227491000451;SEDE SAN JERONIMO;2;Moderado;7;0.0061;OFICIAL;RURAL;2;5;0;0;0;Medio San Juan;2;;Choco;Chocó;SI;
241206800010;BELLAVISTA;2;Moderado;7;0.0055;OFICIAL;RURAL;1;6;0;0;0;Colombia;1;;Huila;Huila;SI;
273870000207;FRANCISCO JOSE DE CALDAS;2;Moderado;7;0.005;OFICIAL;RURAL;0;7;0;0;0;Villahermosa;1;;Tolima;Tolima;SI;
205837007225;E.R. RÍO TURBO;2;Moderado;7;0.0187;OFICIAL;RURAL;0;7;0;0;0;Turbo;1;;Turbo;Antioquia;SI;Fundación Secretos Para Contar
205138000631;MARCO FIDEL ORTIZ;2;Moderado;7;0.0016;OFICIAL;RURAL;0;7;0;0;0;Cañasgordas;1;;Antioquia;Antioquia;SI;Fundación Secretos Para Contar
205209000700;C. E. R. HERNANDO RESTREPO MACIAS;2;Moderado;7;0.0016;OFICIAL;RURAL;1;2;4;0;0;Concordia;2;;Antioquia;Antioquia;SI;Comfama (Caja de Compensación Familiar de Antioquia)
273520000051;LA LIBERTAD;2;Moderado;7;0.005;OFICIAL;RURAL;2;5;0;0;0;Palocabildo;1;;Tolima;Tolima;SI;
241001005020;BARRO NEGRO;1;Bajo;7;0.0104;OFICIAL;RURAL;0;7;0;0;0;Neiva;1;;Neiva;Huila;SI;
276147000630;ATANASIO GIRARDOT;1;Bajo;7;0.0394;OFICIAL;RURAL;1;6;0;0;0;Cartago;1;;Cartago;Valle del Cauca;SI;
227001017882;SEDE DE LA DIVISA;1;Bajo;7;0.0191;OFICIAL;RURAL;0;7;0;0;0;Quibdó;1;;Quibdó;Chocó;SI;
227001800056;SEDE LA TROJE;1;Bajo;7;0.0191;OFICIAL;RURAL;0;7;0;0;0;Quibdó;1;;Quibdó;Chocó;SI;
273168003397;SANTA ROSA;1;Bajo;7;0.005;OFICIAL;RURAL;1;6;0;0;0;Chaparral;2;;Tolima;Tolima;SI;
215572000865;LAS PAVITAS;1;Bajo;7;0.0054;OFICIAL;RURAL;1;6;0;0;0;Puerto Boyacá;1;;Boyaca;Boyacá;NO;
217513000447;CENTRO EDUCATIVO FILOBONITO;2;Moderado;7;0.0087;OFICIAL;RURAL;1;6;0;0;0;Pácora;1;;Caldas;Caldas;SI;Federación Nacional de Cafeteros de Colombia
227077001501;SEDE SAN ANTONIO;1;Bajo;7;0.0061;OFICIAL;RURAL;0;7;0;0;0;Bajo Baudó;1;;Choco;Chocó;SI;
273168002145;EL TIBER;1;Bajo;7;0.005;OFICIAL;RURAL;1;6;0;0;0;Chaparral;1;;Tolima;Tolima;SI;
273168002935;EL QUESO;1;Bajo;7;0.005;OFICIAL;RURAL;1;6;0;0;0;Chaparral;;;Tolima;Tolima;SI;
273319000182;EL DIAMANTE;1;Bajo;7;0.005;OFICIAL;RURAL;0;7;0;0;0;Guamo;1;;Tolima;Tolima;SI;
273411000351;EL HORIZONTE;1;Bajo;7;0.005;OFICIAL;RURAL;1;6;0;0;0;Líbano;2;;Tolima;Tolima;SI;
276041001106;RICARDO NIETO;2;Moderado;7;0.0054;OFICIAL;RURAL;0;7;0;0;0;Ansermanuevo;;;Valle;Valle del Cauca;SI;
276054000117;LIGIA RAMIREZ HOYOS;3;Crítico;7;0.0054;OFICIAL;RURAL;1;6;0;0;0;Argelia;;;Valle;Valle del Cauca;SI;
276054000125;PANAMERICANA;3;Crítico;7;0.0054;OFICIAL;RURAL;3;4;0;0;0;Argelia;1;;Valle;Valle del Cauca;SI;
276122000147;SAN LUIS;1;Bajo;7;0.0054;OFICIAL;RURAL;1;6;0;0;0;Caicedonia;1;;Valle;Valle del Cauca;SI;
276233000391;ANTONIO VILLAVICENCIO;2;Moderado;7;0.0054;OFICIAL;RURAL;0;7;0;0;0;Dagua;1;;Valle;Valle del Cauca;SI;
276233000928;SIMON BOLIVAR;2;Moderado;7;0.0054;OFICIAL;RURAL;0;7;0;0;0;Dagua;1;;Valle;Valle del Cauca;SI;
276233001312;LA PUERTA;3;Crítico;7;0.0054;OFICIAL;RURAL;1;6;0;0;0;Dagua;1;;Valle;Valle del Cauca;SI;
276243000144;ANTONIO RICAURTE;2;Moderado;7;0.0054;OFICIAL;RURAL;1;2;4;0;0;El Águila;1;;Valle;Valle del Cauca;SI;
276246000145;FRANCISCO DE PAULA SANTANDER;1;Bajo;7;0.0054;OFICIAL;RURAL;2;5;0;0;0;El Cairo;1;;Valle;Valle del Cauca;SI;
276246000641;RICARDO NIETO;3;Crítico;7;0.0054;OFICIAL;RURAL;0;7;0;0;0;El Cairo;1;;Valle;Valle del Cauca;SI;
276377000272;RICARDO NIETO;2;Moderado;7;0.0054;OFICIAL;RURAL;1;6;0;0;0;La Cumbre;2;;Valle;Valle del Cauca;SI;
276497000292;ALFONSO LÓPEZ PUMAREJO;1;Bajo;7;0.0054;OFICIAL;RURAL;1;6;0;0;0;Obando;1;;Valle;Valle del Cauca;SI;
276606000061;SAN PEDRO CLAVER;2;Moderado;7;0.0054;OFICIAL;RURAL;2;5;0;0;0;Restrepo;1;;Valle;Valle del Cauca;SI;
276606000214;ANTONIA SANTOS;1;Bajo;7;0.0054;OFICIAL;RURAL;1;6;0;0;0;Restrepo;1;;Valle;Valle del Cauca;SI;
276616000140;JOSÈ ACEVEDO Y GOMEZ;2;Moderado;7;0.0054;OFICIAL;RURAL;4;3;0;0;0;Riofrío;;1;Valle;Valle del Cauca;SI;
276622000348;ANTONIO VILLAVICENCIO;3;Crítico;7;0.0054;OFICIAL;RURAL;1;6;0;0;0;Roldanillo;2;;Valle;Valle del Cauca;SI;
276622000402;NUESTRA SEÑORA DEL CARMEN;2;Moderado;7;0.0054;OFICIAL;RURAL;3;4;0;0;0;Roldanillo;1;;Valle;Valle del Cauca;SI;
276622000470;SAN JOSE;2;Moderado;7;0.0054;OFICIAL;RURAL;2;5;0;0;0;Roldanillo;1;;Valle;Valle del Cauca;SI;
276736000151;SANTA ANA;3;Crítico;7;0.0054;OFICIAL;RURAL;2;5;0;0;0;Sevilla;1;;Valle;Valle del Cauca;SI;
276736000275;LA TRINIDAD;1;Bajo;7;0.0054;OFICIAL;RURAL;1;6;0;0;0;Sevilla;1;;Valle;Valle del Cauca;SI;
276736000500;JOAQUIN CAICEDO;2;Moderado;7;0.0054;OFICIAL;RURAL;2;5;0;0;0;Sevilla;1;;Valle;Valle del Cauca;SI;
276736000623;SIMON BOLIVAR;2;Moderado;7;0.0054;OFICIAL;RURAL;1;6;0;0;0;Sevilla;1;;Valle;Valle del Cauca;SI;
276823000281;SAN JUAN BOSCO;2;Moderado;7;0.0054;OFICIAL;RURAL;0;7;0;0;0;Toro;1;;Valle;Valle del Cauca;SI;
276823000354;JOSE EUSEBIO CARO;1;Bajo;7;0.0054;OFICIAL;RURAL;1;6;0;0;0;Toro;1;;Valle;Valle del Cauca;SI;
276823000508;CARLOTA RENGIFO;2;Moderado;7;0.0054;OFICIAL;RURAL;0;7;0;0;0;Toro;1;;Valle;Valle del Cauca;SI;
276828000417;SAN BERNARDO;2;Moderado;7;0.0054;OFICIAL;RURAL;0;7;0;0;0;Trujillo;1;;Valle;Valle del Cauca;SI;
276828000794;ARAUCA;1;Bajo;7;0.0054;OFICIAL;RURAL;2;5;0;0;0;Trujillo;1;;Valle;Valle del Cauca;SI;
276845000056;POLICARPA SALAVARRIETA;2;Moderado;7;0.0054;OFICIAL;RURAL;1;6;0;0;0;Ulloa;1;;Valle;Valle del Cauca;SI;
276845000129;DOCE DE OCTUBRE;1;Bajo;7;0.0054;OFICIAL;RURAL;2;5;0;0;0;Ulloa;1;;Valle;Valle del Cauca;SI;
276863000071;SAN JUAN BAUTISTA DE LA SALLE;3;Crítico;7;0.0054;OFICIAL;RURAL;1;6;0;0;0;Versalles;1;;Valle;Valle del Cauca;SI;
276863000322;JUAN EVANGELISTA GONZALEZ;2;Moderado;7;0.0054;OFICIAL;RURAL;0;7;0;0;0;Versalles;1;;Valle;Valle del Cauca;SI;
276869000243;LA PEDRERA;1;Bajo;7;0.0054;OFICIAL;RURAL;0;2;5;0;0;Vijes;1;;Valle;Valle del Cauca;SI;
476054000485;CONSUELO MAYA;2;Moderado;7;0.0054;OFICIAL;RURAL;1;6;0;0;0;Argelia;1;;Valle;Valle del Cauca;SI;
219022000839;ESCUELA MIXTA EL GUAMBIAL;1;Bajo;7;;OFICIAL;RURAL;0;7;0;0;0;Almaguer;1;;;Cauca;;
219050000101;EL CRUCERO;1;Bajo;7;;OFICIAL;RURAL;0;7;0;0;0;Argelia;1;;;Cauca;;
219050001271;EL PARAISO;1;Bajo;7;;OFICIAL;RURAL;2;5;0;0;0;Argelia;1;;;Cauca;;
219075000831;EL NARANJAL;1;Bajo;7;;OFICIAL;RURAL;0;7;0;0;0;Balboa;1;;;Cauca;;
219075000954;EL OCHENTA Y UNO;1;Bajo;7;;OFICIAL;RURAL;1;6;0;0;0;Balboa;;;;Cauca;;
219100001057;ESCUELA RURAL MIXTA DE ANGONI;1;Bajo;7;;OFICIAL;RURAL;3;4;0;0;0;Bolívar;1;;;Cauca;;
219100001863;PORTACHUELO BAJO;1;Bajo;7;;OFICIAL;RURAL;3;4;0;0;0;Bolívar;1;;;Cauca;;
219100002070;NOVILLEROS EL CUCHO;1;Bajo;7;;OFICIAL;RURAL;0;7;0;0;0;Bolívar;1;;;Cauca;;
219100002614;EL VENERO;1;Bajo;7;;OFICIAL;RURAL;0;7;0;0;0;Bolívar;1;;;Cauca;;
219100002703;MARTINEZ;1;Bajo;7;;OFICIAL;RURAL;1;6;0;0;0;Bolívar;1;;;Cauca;;
219130000608;EL CARRIZAL;1;Bajo;7;;OFICIAL;RURAL;2;5;0;0;0;Cajibío;1;;;Cauca;;
219130003755;E.R.M. LUUCX FXIW WET WET FXIZENXI YAT;1;Bajo;7;;OFICIAL;RURAL;2;5;0;0;0;Cajibío;1;;;Cauca;;
219256001634;PENAS BLANCAS;1;Bajo;7;;OFICIAL;RURAL;0;7;0;0;0;El Tambo;1;;;Cauca;;
219532000078;LA TEJA;1;Bajo;7;;OFICIAL;RURAL;2;5;0;0;0;Patía;1;;;Cauca;;
219532000124;GUAYABAL;2;Moderado;7;;OFICIAL;RURAL;3;4;0;0;0;Patía;1;;;Cauca;;
219585005551;SAN FERNANDO;2;Moderado;7;;OFICIAL;RURAL;2;5;0;0;0;Puracé;1;;;Cauca;;
219622000191;LA VIOLETA;1;Bajo;7;;OFICIAL;RURAL;2;5;0;0;0;Rosas;1;;;Cauca;;
219693000043;ESCUELA RURAL MIXTA MARMATO;1;Bajo;7;;OFICIAL;RURAL;0;7;0;0;0;San Sebastián;1;;;Cauca;;
219693000205;ESCUELA RURAL MIXTA LA FLORIDA;1;Bajo;7;;OFICIAL;RURAL;0;7;0;0;0;San Sebastián;1;;;Cauca;;
219743001020;ESCUELA RURAL MIXTA LOS ALPES;2;Moderado;7;;OFICIAL;RURAL;1;6;0;0;0;Silvia;1;;;Cauca;;
219760000185;EL HIGUERON SOTARA;1;Bajo;7;;OFICIAL;RURAL;0;7;0;0;0;Sotará - Paispamba;1;;;Cauca;;
219760000550;ANTON MORENO;1;Bajo;7;;OFICIAL;RURAL;4;3;0;0;0;Sotará - Paispamba;1;;;Cauca;;
219760000631;NUEVO BOQUERON;1;Bajo;7;;OFICIAL;RURAL;1;6;0;0;0;Sotará - Paispamba;1;;;Cauca;;
219780000165;LA FONDA DAMIAN;1;Bajo;7;;OFICIAL;RURAL;1;6;0;0;0;Suárez;1;;;Cauca;;
219824000401;CENTRO DOCENTE RURAL MIXTA LOMA DEL MEDIO;1;Bajo;7;;OFICIAL;RURAL;0;7;0;0;0;Totoró;1;;;Cauca;;
263594000031;LA UNIÓN;1;Bajo;7;0.0193;OFICIAL;RURAL;0;7;0;0;0;Quimbaya;1;;Quindio;Quindio;;
205197001551;C. E. R. BUENOS AIRES;2;Moderado;7;0.0016;OFICIAL;RURAL;3;4;0;0;0;Cocorná;1;;Antioquia;Antioquia;;
205197000211;C. E. R. SAN JOSE;2;Moderado;7;0.0016;OFICIAL;RURAL;2;5;0;0;0;Cocorná;1;;Antioquia;Antioquia;;
205234001915;C. E. R. LA ESMERALDA;2;Moderado;7;0.0016;OFICIAL;RURAL;2;5;0;0;0;Dabeiba;1;;Antioquia;Antioquia;;Fundación Secretos Para Contar
205240000769;E R SANTANDER;2;Moderado;7;0.0016;OFICIAL;RURAL;0;7;0;0;0;Ebéjico;1;;Antioquia;Antioquia;;
205284000090;C. E. R. LA HONDA;2;Moderado;7;0.0016;OFICIAL;RURAL;0;7;0;0;0;Frontino;1;;Antioquia;Antioquia;;Fundación Empresas Públicas De Medellín | Fundación Secretos Para Contar
205425000099;TRES PIEDRAS;2;Moderado;7;0.0016;OFICIAL;RURAL;1;6;0;0;0;Maceo;1;;Antioquia;Antioquia;;Fundación Secretos Para Contar
205467000269;C. E. R. LA PALMA;2;Moderado;7;0.0016;OFICIAL;RURAL;1;6;0;0;0;Montebello;1;;Antioquia;Antioquia;;Comfama (Caja de Compensación Familiar de Antioquia)
205667000042;FALDITAS;2;Moderado;7;0.0016;OFICIAL;RURAL;2;5;0;0;0;San Rafael;1;;Antioquia;Antioquia;;Corporación Empresarial Del Oriente Antioqueño
205756000323;C. E. R. MARIANO OSPINA PEREZ;1;Bajo;7;0.0016;OFICIAL;RURAL;0;7;0;0;0;Sonsón;1;;Antioquia;Antioquia;;Comfama (Caja de Compensación Familiar de Antioquia)
205789000132;C. E. R. OTRABANDA;2;Moderado;7;0.0016;OFICIAL;RURAL;0;7;0;0;0;Támesis;1;;Antioquia;Antioquia;;Comfama (Caja de Compensación Familiar de Antioquia)
205856000240;C. E. R. EL NARANJAL;2;Moderado;7;0.0016;OFICIAL;RURAL;1;6;0;0;0;Valparaíso;1;;Antioquia;Antioquia;;Comfama (Caja de Compensación Familiar de Antioquia)
205887000183;C. E. R. MALLARINO;1;Bajo;7;0.0016;OFICIAL;RURAL;1;6;0;0;0;Yarumal;1;;Antioquia;Antioquia;;
225095000047;ESCUELA RURAL GARITA;2;Moderado;7;0.0026;OFICIAL;RURAL;1;6;0;0;0;Bituima;1;;Cundinamarca;Cundinamarca;;
225095000071;ESCUELA RURAL LA PLAZUELA;2;Moderado;7;0.0026;OFICIAL;RURAL;1;6;0;0;0;Bituima;1;;Cundinamarca;Cundinamarca;;
225320000191;ESCUELA RURAL GUADUERO;1;Bajo;7;0.0026;OFICIAL;RURAL;0;7;0;0;0;Guaduas;;;Cundinamarca;Cundinamarca;;Fundación Alquería Cavelier
225513001357;CCONCENTRACION RURAL BALCONCITOS;2;Moderado;7;0.0026;OFICIAL;RURAL;0;7;0;0;0;Pacho;1;;Cundinamarca;Cundinamarca;;Fundación Alquería Cavelier
225599000153;ESCUELA NUEVA RURAL LA VEGA;2;Moderado;7;0.0026;OFICIAL;RURAL;0;7;0;0;0;Apulo;1;;Cundinamarca;Cundinamarca;;
225662000266;ESCUELA RURAL LA MESITA;2;Moderado;7;0.0026;OFICIAL;RURAL;0;7;0;0;0;San Juan de Rioseco;1;;Cundinamarca;Cundinamarca;;Fundación Alquería Cavelier
225851000315;ESCUELA RURAL EL VIGUAL;1;Bajo;7;0.0026;OFICIAL;RURAL;0;7;0;0;0;Útica;1;;Cundinamarca;Cundinamarca;;
241551002737;VISTA HERMOSA;2;Moderado;7;0.0224;OFICIAL;RURAL;0;7;0;0;0;Pitalito;1;;Pitalito;Huila;;
252110000439;SEDE 3 CRUZ DE SAN ANTONIO;2;Moderado;7;0.0058;OFICIAL;RURAL;1;6;0;0;0;Buesaco;1;;Nariño;Nariño;;
252110000781;SEDE 6 EL RETIRO;2;Moderado;7;0.0058;OFICIAL;RURAL;0;7;0;0;0;Buesaco;2;;Nariño;Nariño;;
266001001230;MIRALINDO;3;Crítico;7;0.009;OFICIAL;RURAL;1;6;0;0;0;Pereira;1;;Pereira;Risaralda;;
266001001515;CE ERNESTO GUTIERREZ ARANGO;3;Crítico;7;0.009;OFICIAL;RURAL;2;5;0;0;0;Pereira;1;;Pereira;Risaralda;;
266440000215;SE BELTRAN;2;Moderado;7;0.0158;OFICIAL;RURAL;0;7;0;0;0;Marsella;1;;Risaralda;Risaralda;;
266594000447;SE LA LOMA;2;Moderado;7;0.0158;OFICIAL;RURAL;0;7;0;0;0;Quinchía;1;;Risaralda;Risaralda;;
273236000148;SANTA RITA;2;Moderado;7;0.005;OFICIAL;RURAL;0;7;0;0;0;Dolores;2;;Tolima;Tolima;;
273236000318;LOS MANGOS;2;Moderado;7;0.005;OFICIAL;RURAL;1;6;0;0;0;Dolores;1;;Tolima;Tolima;;
273270000092;CUMBA;3;Crítico;7;0.005;OFICIAL;RURAL;1;6;0;0;0;Falan;1;;Tolima;Tolima;;
273270000165;LA RICA;3;Crítico;7;0.005;OFICIAL;RURAL;1;6;0;0;0;Falan;1;;Tolima;Tolima;;
273270000742;SANTA FILOMENA;3;Crítico;7;0.005;OFICIAL;RURAL;1;6;0;0;0;Falan;1;;Tolima;Tolima;;
273411000962;CAJONES;3;Crítico;7;0.005;OFICIAL;RURAL;0;7;0;0;0;Líbano;1;;Tolima;Tolima;;
273461001781;LA CABA¥A;3;Crítico;7;0.005;OFICIAL;RURAL;0;7;0;0;0;Murillo;1;;Tolima;Tolima;;
273686000211;LAS PALOMAS;1;Bajo;7;0.005;OFICIAL;RURAL;1;6;0;0;0;Santa Isabel;1;;Tolima;Tolima;;
273686000431;LA HUMAREDA;1;Bajo;7;0.005;OFICIAL;RURAL;0;7;0;0;0;Santa Isabel;1;;Tolima;Tolima;;
273686000474;LAS DAMAS;1;Bajo;7;0.005;OFICIAL;RURAL;2;5;0;0;0;Santa Isabel;1;;Tolima;Tolima;;
273870000771;GUADUALITO;2;Moderado;7;0.005;OFICIAL;RURAL;2;5;0;0;0;Villahermosa;1;;Tolima;Tolima;;
276100000054;BENJAMIN AGRADO;3;Crítico;7;0.0054;OFICIAL;RURAL;2;5;0;0;0;Bolívar;;;Valle;Valle del Cauca;;
276126000028;SAN JOSE;3;Crítico;7;0.0054;OFICIAL;RURAL;0;7;0;0;0;Calima;1;;Valle;Valle del Cauca;;
276126000338;GENERAL SANTANDER;2;Moderado;7;0.0054;OFICIAL;RURAL;2;5;0;0;0;Calima;1;;Valle;Valle del Cauca;;
276126000346;JOAQUIN E. PALOMINO;2;Moderado;7;0.0054;OFICIAL;RURAL;0;6;1;0;0;Calima;;;Valle;Valle del Cauca;;
276275001185;RICARDO ORTIZ;2;Moderado;7;0.0054;OFICIAL;RURAL;2;5;0;0;0;Florida;1;;Valle;Valle del Cauca;;
276400000170;TRINIDAD TAMAYO;1;Bajo;7;0.0054;OFICIAL;RURAL;1;6;0;0;0;La Unión;1;;Valle;Valle del Cauca;;
276890000113;CRISTOBAL COLON;2;Moderado;7;0.0054;OFICIAL;RURAL;0;7;0;0;0;Yotoco;1;;Valle;Valle del Cauca;;
276892000421;SALAZAR;3;Crítico;7;0.0311;OFICIAL;RURAL;2;5;0;0;0;Yumbo;1;;Yumbo;Valle del Cauca;;
217013000416;ARENILLAL;2;Moderado;7;0.0087;;RURAL;2;5;0;0;0;Aguadas;1;;Caldas;Caldas;;
217013000491;SEDE COLORADOS;2;Moderado;7;0.0087;;RURAL;3;4;0;0;0;Aguadas;1;;Caldas;Caldas;;
217042000395;CAMPOALEGRE;2;Moderado;7;0.0087;;RURAL;2;5;0;0;0;Anserma;1;;Caldas;Caldas;;
217050000191;ESCUELA RURAL EL JARDÍN;1;Bajo;7;0.0087;;RURAL;0;7;0;0;0;Aranzazu;1;;Caldas;Caldas;;
217050000451;ESCUELA RURAL SANTACRUZ;1;Bajo;7;0.0087;;RURAL;0;7;0;0;0;Aranzazu;1;;Caldas;Caldas;;
217088000055;CONVENTOS;3;Crítico;7;0.0087;;RURAL;1;6;0;0;0;Belalcázar;1;;Caldas;Caldas;;
217088000179;ESCUELA NUEVA VERDUN;3;Crítico;7;0.0087;;RURAL;0;7;0;0;0;Belalcázar;1;;Caldas;Caldas;;
217088000403;ESCUELA RURAL LA BETULIA;2;Moderado;7;0.0087;;RURAL;1;6;0;0;0;Belalcázar;1;;Caldas;Caldas;;
217174000777;CRUCETAS;1;Bajo;7;0.0087;;RURAL;0;7;0;0;0;Chinchiná;1;;Caldas;Caldas;;
217433000756;ESCUELA RURAL PALMICHAL;1;Bajo;7;0.0087;;RURAL;2;5;0;0;0;Manzanares;1;;Caldas;Caldas;;Federación Nacional de Cafeteros de Colombia
217433000829;ESCUELA NUEVA COROZAL;1;Bajo;7;0.0087;;RURAL;0;7;0;0;0;Manzanares;1;;Caldas;Caldas;;Federación Nacional de Cafeteros de Colombia
217444000251;ESCUELA RURAL TEBAIDA;1;Bajo;7;0.0087;;RURAL;0;7;0;0;0;Marquetalia;1;;Caldas;Caldas;;Federación Nacional de Cafeteros de Colombia
217486000197;ESCUELA MARCO FIDEL SUAREZ;1;Bajo;7;0.0087;;RURAL;1;6;0;0;0;Neira;1;;Caldas;Caldas;;Federación Nacional de Cafeteros de Colombia
217541000070;ESCUELA RURAL LA ASUNCIÓN;2;Moderado;7;0.0087;;RURAL;2;5;0;0;0;Pensilvania;1;;Caldas;Caldas;;Federación Nacional de Cafeteros de Colombia
217541000436;ESCUELA RURAL SAN PABLO;2;Moderado;7;0.0087;;RURAL;0;7;0;0;0;Pensilvania;1;;Caldas;Caldas;;Federación Nacional de Cafeteros de Colombia
217614000405;ESCUELA RURAL MIXTA MIRAFLORES;1;Bajo;7;0.0087;;RURAL;1;6;0;0;0;Riosucio;1;;Caldas;Caldas;;
217614000014;ESCUELA NUEVA BAJO IMURRA;1;Bajo;7;0.0087;;RURAL;0;7;0;0;0;Riosucio;1;;Caldas;Caldas;;
317614001309;ESCUELA RURAL MIX LA RUEDA;1;Bajo;7;0.0087;;RURAL;1;6;0;0;0;Riosucio;1;;Caldas;Caldas;;
217616000089;ESCUELA SANTA ANA;3;Crítico;7;0.0087;;RURAL;2;5;0;0;0;Risaralda;1;;Caldas;Caldas;;Federación Nacional de Cafeteros de Colombia
217653000471;SEDE LA PALMA;3;Crítico;7;0.0087;;RURAL;1;6;0;0;0;Salamina;1;;Caldas;Caldas;;Federación Nacional de Cafeteros de Colombia
217662000786;ESCUELA RURAL MERCEDES ABREGO;1;Bajo;7;0.0087;;RURAL;1;6;0;0;0;Samaná;1;;Caldas;Caldas;;Federación Nacional de Cafeteros de Colombia
217662000565;ESCUELA NUEVA EL CASTILLO;1;Bajo;7;0.0087;;RURAL;0;7;0;0;0;Samaná;1;;Caldas;Caldas;;Federación Nacional de Cafeteros de Colombia
217662000913;ESCUELA SAN AGUSTÍN;2;Moderado;7;0.0087;;RURAL;0;7;0;0;0;Samaná;1;;Caldas;Caldas;;Federación Nacional de Cafeteros de Colombia
217867000126;ESCUELA RURAL MARZALA;1;Bajo;7;0.0087;;RURAL;2;5;0;0;0;Victoria;1;;Caldas;Caldas;;Federación Nacional de Cafeteros de Colombia
217867000134;ESCUELA RURAL FIERRITOS;1;Bajo;7;0.0087;;RURAL;0;7;0;0;0;Victoria;1;;Caldas;Caldas;;Federación Nacional de Cafeteros de Colombia
217867000274;ESCUELA RURAL CORINTO;1;Bajo;7;0.0087;;RURAL;0;7;0;0;0;Victoria;1;;Caldas;Caldas;;Federación Nacional de Cafeteros de Colombia
217877000141;ESCUELA RURAL LA ARABIA;1;Bajo;7;0.0087;;RURAL;1;6;0;0;0;Viterbo;1;;Caldas;Caldas;;Federación Nacional de Cafeteros de Colombia
217877000043;ESCUELA RURAL LA TESALIA;2;Moderado;7;0.0087;;RURAL;0;7;0;0;0;Viterbo;1;;Caldas;Caldas;;Federación Nacional de Cafeteros de Colombia
223417002706;PAREJA;1;Bajo;7;0.0311;;RURAL;1;6;0;0;0;Lorica;;;Lorica;Córdoba;;
223417001327;MANANTIAL ABAJO;2;Moderado;7;0.0311;;RURAL;1;6;0;0;0;Lorica;1;;Lorica;Córdoba;;
127077001565;SEDE SAN MIGUEL DEL FIRME;3;Crítico;6;0.0053;OFICIAL;RURAL;0;6;0;0;0;Bajo Baudó;1;;Choco;Chocó;SI;
273236000113;RIONEGRO;3;Crítico;6;0.0043;OFICIAL;RURAL;1;5;0;0;0;Dolores;1;;Tolima;Tolima;SI;
276828000166;ANTONIO NARIÑO;3;Crítico;6;0.0046;OFICIAL;RURAL;1;5;0;0;0;Bolívar;;;Valle;Valle del Cauca;SI;
205059000064;ELIAS MEJIA ALARCON;2;Moderado;6;0.0014;OFICIAL;RURAL;1;5;0;0;0;Armenia;1;;Antioquia;Antioquia;SI;Fundación Secretos Para Contar
273504002094;EL TIGRE;3;Crítico;6;0.0043;OFICIAL;RURAL;1;5;0;0;0;Ortega;;;Tolima;Tolima;SI;
276054000052;BUENOS AIRES;3;Crítico;6;0.0046;OFICIAL;RURAL;0;6;0;0;0;Argelia;2;;Valle;Valle del Cauca;SI;
217513000323;CENTRO EDUCATIVO EL ESCOBAL;2;Moderado;6;0.0075;OFICIAL;RURAL;1;5;0;0;0;Pácora;;;Caldas;Caldas;SI;Federación Nacional de Cafeteros de Colombia
205055000566;C. E. R. MAURICIO BOTERO;2;Moderado;6;0.0014;OFICIAL;RURAL;0;6;0;0;0;Argelia;1;;Antioquia;Antioquia;SI;Corporación Empresarial Del Oriente Antioqueño
217513000331;ESCUELA RURAL EL CONGO;1;Bajo;6;0.0075;OFICIAL;RURAL;2;4;0;0;0;Pácora;1;;Caldas;Caldas;SI;Federación Nacional de Cafeteros de Colombia
227077001951;SEDE EL RETOÑO;2;Moderado;6;0.0053;OFICIAL;RURAL;0;6;0;0;0;Medio Baudó;1;;Choco;Chocó;SI;
227491000885;SEDE IPARRA;2;Moderado;6;0.0053;OFICIAL;RURAL;2;4;0;0;0;Nóvita;;;Choco;Chocó;SI;
273870000835;LA ESTRELLA;2;Moderado;6;0.0043;OFICIAL;RURAL;1;5;0;0;0;Villahermosa;1;;Tolima;Tolima;SI;
205837003602;E.R. MANDECITO (UNIT);2;Moderado;6;0.016;OFICIAL;RURAL;0;6;0;0;0;Turbo;2;;Turbo;Antioquia;SI;
273067001245;SAN ANTONIO DE POLE;2;Moderado;6;0.0043;OFICIAL;RURAL;0;6;0;0;0;Ataco;1;;Tolima;Tolima;SI;
205837007071;E.R. PALMA SOLA;2;Moderado;6;0.016;OFICIAL;RURAL;1;5;0;0;0;Turbo;1;;Turbo;Antioquia;SI;Fundación Secretos Para Contar
227413000143;SEDE LAS HAMACAS;2;Moderado;6;0.0053;OFICIAL;RURAL;1;5;0;0;0;Lloró;1;;Choco;Chocó;SI;
205837007446;ALTO MANTECAS;2;Moderado;6;0.016;OFICIAL;RURAL;0;6;0;0;0;Turbo;1;;Turbo;Antioquia;SI;Fundación Secretos Para Contar
227615001249;SEDE BALSITA;1;Bajo;6;0.0053;OFICIAL;RURAL;0;6;0;0;0;Riosucio;1;;Choco;Chocó;SI;
273675001215;LA UNION;1;Bajo;6;0.0043;OFICIAL;RURAL;2;4;0;0;0;San Antonio;1;;Tolima;Tolima;SI;
215572000075;ESC LAS MERCEDES;1;Bajo;6;0.0046;OFICIAL;RURAL;1;5;0;0;0;Puerto Boyacá;1;;Boyaca;Boyacá;NO;
227025001456;SEDE DE PUERTO VALENCIA;1;Bajo;6;0.0053;OFICIAL;RURAL;0;6;0;0;0;Alto Baudó;1;;Choco;Chocó;SI;
227001000343;SEDE EL TAMBO;1;Bajo;6;0.0163;OFICIAL;RURAL;0;6;0;0;0;Quibdó;1;;Quibdó;Chocó;SI;
227001003369;SEDE SAN PEDRO CLAVER;1;Bajo;6;0.0163;OFICIAL;RURAL;0;6;0;0;0;Quibdó;1;;Quibdó;Chocó;SI;
273168003338;LA HOLANDA;1;Bajo;6;0.0043;OFICIAL;RURAL;1;5;0;0;0;Chaparral;1;;Tolima;Tolima;SI;
273200000303;CHAGUALA ADENTRO;1;Bajo;6;0.0043;OFICIAL;RURAL;1;5;0;0;0;Coello;1;;Tolima;Tolima;SI;
273520000000;ALTO BONITO;1;Bajo;6;0.0043;OFICIAL;RURAL;2;4;0;0;0;Palocabildo;1;;Tolima;Tolima;SI;
273861000334;AGRADO BUENAVISTA;1;Bajo;6;0.0043;OFICIAL;RURAL;1;5;0;0;0;Venadillo;1;;Tolima;Tolima;SI;
273411001535;LA ALCANCIA;1;Bajo;6;0.0043;OFICIAL;RURAL;1;5;0;0;0;Líbano;1;;Tolima;Tolima;SI;
276041000045;GENERAL SANTANDER;2;Moderado;6;0.0046;OFICIAL;RURAL;0;6;0;0;0;Ansermanuevo;;;Valle;Valle del Cauca;SI;
276041000142;LAS AMERICAS;2;Moderado;6;0.0046;OFICIAL;RURAL;1;5;0;0;0;Ansermanuevo;1;;Valle;Valle del Cauca;SI;
276041000991;TERESA BORJA DE CASTRO;2;Moderado;6;0.0046;OFICIAL;RURAL;2;4;0;0;0;Ansermanuevo;1;;Valle;Valle del Cauca;SI;
276113000240;JULIO ARBOLEDA;2;Moderado;6;0.0046;OFICIAL;RURAL;0;6;0;0;0;Bugalagrande;2;;Valle;Valle del Cauca;SI;
276113000517;FRANCISCO DE PAULA SANTANDER;2;Moderado;6;0.0046;OFICIAL;RURAL;0;6;0;0;0;Bugalagrande;1;;Valle;Valle del Cauca;SI;
276113000584;ENRIQUE OLAYA HERRERA;1;Bajo;6;0.0046;OFICIAL;RURAL;0;6;0;0;0;Bugalagrande;1;;Valle;Valle del Cauca;SI;
276122000562;CELIO BAENA;1;Bajo;6;0.0046;OFICIAL;RURAL;3;3;0;0;0;Caicedonia;1;;Valle;Valle del Cauca;SI;
276233000421;ATANASIO GIRARDOT;2;Moderado;6;0.0046;OFICIAL;RURAL;0;5;1;0;0;Dagua;1;;Valle;Valle del Cauca;SI;
276233001371;CARLOS ALFREDO ZUÑIGA;2;Moderado;6;0.0046;OFICIAL;RURAL;3;3;0;0;0;Dagua;1;;Valle;Valle del Cauca;SI;
276248000401;ANTONIO NARIÑO;2;Moderado;6;0.0046;OFICIAL;RURAL;0;6;0;0;0;El Cerrito;;;Valle;Valle del Cauca;SI;
276306000271;ANTONIO JOSE DE SUCRE;1;Bajo;6;0.0046;OFICIAL;RURAL;2;4;0;0;0;Ginebra;1;;Valle;Valle del Cauca;SI;
276497000233;PABLO SEXTO;1;Bajo;6;0.0046;OFICIAL;RURAL;2;4;0;0;0;Obando;1;;Valle;Valle del Cauca;SI;
276563000541;SIMBAD ARTURO BUENO;2;Moderado;6;0.0046;OFICIAL;RURAL;0;3;3;0;0;Pradera;1;;Valle;Valle del Cauca;SI;
276563001858;ANTONIA SANTOS;1;Bajo;6;0.0046;OFICIAL;RURAL;1;5;0;0;0;Pradera;1;;Valle;Valle del Cauca;SI;
276606000079;JUAN XXIII;2;Moderado;6;0.0046;OFICIAL;RURAL;1;5;0;0;0;Restrepo;1;;Valle;Valle del Cauca;SI;
276622000364;GENERAL ANZOATEGUI;3;Crítico;6;0.0046;OFICIAL;RURAL;0;6;0;0;0;Roldanillo;;;Valle;Valle del Cauca;SI;
276622000372;TRECE DE JUNIO;3;Crítico;6;0.0046;OFICIAL;RURAL;0;6;0;0;0;Roldanillo;;1;Valle;Valle del Cauca;SI;
276622000437;JOSE MARIA ERAZO;2;Moderado;6;0.0046;OFICIAL;RURAL;1;5;0;0;0;Roldanillo;1;;Valle;Valle del Cauca;SI;
276823000184;CAMILO TORRES;3;Crítico;6;0.0046;OFICIAL;RURAL;0;6;0;0;0;Toro;1;;Valle;Valle del Cauca;SI;
276823000222;GUILLERMO LEON VALENCIA;1;Bajo;6;0.0046;OFICIAL;RURAL;0;2;4;0;0;Toro;1;;Valle;Valle del Cauca;SI;
276828000425;POLICARPA SALAVARRIETA;1;Bajo;6;0.0046;OFICIAL;RURAL;0;6;0;0;0;Bolívar;1;;Valle;Valle del Cauca;SI;
276845000021;ESTHER ZORRILLA;2;Moderado;6;0.0046;OFICIAL;RURAL;0;6;0;0;0;Ulloa;1;;Valle;Valle del Cauca;SI;
276109005067;LA TROJITA;1;Bajo;6;0.0108;OFICIAL;RURAL;0;6;0;0;0;Buenaventura;;;Buenaventura;Valle del Cauca;SI;
276109009020;EL AGUILA;1;Bajo;6;0.0108;OFICIAL;RURAL;0;6;0;0;0;Buenaventura;1;;Buenaventura;Valle del Cauca;SI;
276109012101;LA ESPERANZA;1;Bajo;6;0.0108;OFICIAL;RURAL;0;6;0;0;0;Buenaventura;;;Buenaventura;Valle del Cauca;SI;
219050001034;LOS PICOS (sede principal);1;Bajo;6;;OFICIAL;RURAL;1;5;0;0;0;Argelia;2;1;;Cauca;;
219050004092;NUEVO HORIZONTE;1;Bajo;6;;OFICIAL;RURAL;0;6;0;0;0;Argelia;2;;;Cauca;;
219075000491;FLORIDA PURETO;1;Bajo;6;;OFICIAL;RURAL;0;6;0;0;0;Balboa;;;;Cauca;;
219075000709;LA CUMBRE;1;Bajo;6;;OFICIAL;RURAL;0;6;0;0;0;Balboa;;;;Cauca;;
219100000972;GUILLERMO LEON VALENCIA;1;Bajo;6;;OFICIAL;RURAL;0;6;0;0;0;Bolívar;1;;;Cauca;;
219100002096;CUEVA ALTA;1;Bajo;6;;OFICIAL;RURAL;0;6;0;0;0;Bolívar;1;;;Cauca;;
219130001205;EL CEDRO;1;Bajo;6;;OFICIAL;RURAL;0;6;0;0;0;Cajibío;1;;;Cauca;;
219137001332;CENTRO DOCENTE RURAL MIXTO LOS ROBLES;1;Bajo;6;;OFICIAL;RURAL;2;4;0;0;0;Caldono;1;;;Cauca;;
219256000603;SAN ROQUE;1;Bajo;6;;OFICIAL;RURAL;1;5;0;0;0;El Tambo;1;;;Cauca;;
219256002720;LA NORCASIA;1;Bajo;6;;OFICIAL;RURAL;1;5;0;0;0;El Tambo;1;;;Cauca;;
219392000579;EL PEÑON;1;Bajo;6;;OFICIAL;RURAL;1;5;0;0;0;La Sierra;1;;;Cauca;;
219397000810;LA PAMPA;1;Bajo;6;;OFICIAL;RURAL;0;6;0;0;0;La Vega;1;;;Cauca;;
219418800021;CHAVIRRUT;1;Bajo;6;;OFICIAL;RURAL;2;4;0;0;0;López de Micay;;;;Cauca;;
219473000182;EL ARENAL;1;Bajo;6;;OFICIAL;RURAL;2;4;0;0;0;Morales;1;;;Cauca;;
219473000883;EL CERRO;1;Bajo;6;;OFICIAL;RURAL;0;6;0;0;0;Morales;1;;;Cauca;;
219532000248;MENDEZ;3;Crítico;6;;OFICIAL;RURAL;1;5;0;0;0;Patía;1;;;Cauca;;
219622000425;EL LIBANO;1;Bajo;6;;OFICIAL;RURAL;1;5;0;0;0;Rosas;1;;;Cauca;;
219693000051;EL RODEO (sede principal);2;Moderado;6;;OFICIAL;RURAL;0;6;0;0;0;San Sebastián;1;1;;Cauca;;
219760000037;LAS CORRALEJAS;1;Bajo;6;;OFICIAL;RURAL;1;5;0;0;0;Sotará - Paispamba;1;;;Cauca;;
219807000057;BUENOS AIRES;2;Moderado;6;;OFICIAL;RURAL;2;4;0;0;0;Timbío;1;;;Cauca;;
219807000235;EL TABLON;1;Bajo;6;;OFICIAL;RURAL;0;6;0;0;0;Timbío;1;;;Cauca;;
219807000936;LA BANDA;2;Moderado;6;;OFICIAL;RURAL;2;4;0;0;0;Timbío;1;;;Cauca;;
219824000389;CENTRO DOCENTE RURAL MIXTA LA PALMA;1;Bajo;6;;OFICIAL;RURAL;0;6;0;0;0;Totoró;1;;;Cauca;;
219824001008;CENTRO DOCENTE RURAL MIXTO MIRAFLORES BAJO;1;Bajo;6;;OFICIAL;RURAL;2;4;0;0;0;Totoró;1;;;Cauca;;
205031001171;C. E. R. AREIZA;2;Moderado;6;0.0014;OFICIAL;RURAL;1;4;1;0;0;Amalfi;2;;Antioquia;Antioquia;;Fundación Secretos Para Contar
205034001023;C. E. R. GONZALO OSPINA;2;Moderado;6;0.0014;OFICIAL;RURAL;0;6;0;0;0;Andes;1;;Antioquia;Antioquia;;Comfama (Caja de Compensación Familiar de Antioquia)
205055000841;C. E. R. TABANALES;2;Moderado;6;0.0014;OFICIAL;RURAL;1;5;0;0;0;Argelia;1;;Antioquia;Antioquia;;Fundación Secretos Para Contar
205101000061;C. E. R. CARIDAD PEREZ;2;Moderado;6;0.0014;OFICIAL;RURAL;2;4;0;0;0;Ciudad Bolívar;1;;Antioquia;Antioquia;;Comfama (Caja de Compensación Familiar de Antioquia)
205134000687;C. E. R. EL YERBAL;2;Moderado;6;0.0014;OFICIAL;RURAL;2;4;0;0;0;Campamento;1;;Antioquia;Antioquia;;
205138001165;LA MALENA;2;Moderado;6;0.0014;OFICIAL;RURAL;2;4;0;0;0;Cañasgordas;1;;Antioquia;Antioquia;;Fundación Secretos Para Contar
205142000122;C. E. R. VEINTE DE JULIO;2;Moderado;6;0.0014;OFICIAL;RURAL;0;6;0;0;0;Caracolí;1;;Antioquia;Antioquia;;Fundación Secretos Para Contar
205197001497;C. E. R. LA PEÑA;2;Moderado;6;0.0014;OFICIAL;RURAL;0;6;0;0;0;Cocorná;1;;Antioquia;Antioquia;;
205209000653;C. E. R. EL HIGUERON;2;Moderado;6;0.0014;OFICIAL;RURAL;0;5;1;0;0;Concordia;2;;Antioquia;Antioquia;;Comfama (Caja de Compensación Familiar de Antioquia)
205284001576;C. E. R. TEODORICO BRAN TAMAYO;2;Moderado;6;0.0014;OFICIAL;RURAL;0;6;0;0;0;Frontino;1;;Antioquia;Antioquia;;Fundación Secretos Para Contar
205361001151;C. E. R. LA SOLEDAD;2;Moderado;6;0.0014;OFICIAL;RURAL;0;6;0;0;0;Ituango;1;;Antioquia;Antioquia;;Fundación Secretos Para Contar
205361000162;C. E. R. EL NARANJO;2;Moderado;6;0.0014;OFICIAL;RURAL;0;6;0;0;0;Ituango;1;;Antioquia;Antioquia;;Fundación Secretos Para Contar
205467000030;C. E. R. CAMPO ALEGRE;1;Bajo;6;0.0014;OFICIAL;RURAL;1;5;0;0;0;Montebello;1;;Antioquia;Antioquia;;Comfama (Caja de Compensación Familiar de Antioquia)
205642000757;MONTAÑITA;2;Moderado;6;0.0014;OFICIAL;RURAL;1;5;0;0;0;Salgar;1;;Antioquia;Antioquia;;Comfama (Caja de Compensación Familiar de Antioquia)
205679001214;C. E. R. LAS PAVAS;2;Moderado;6;0.0014;OFICIAL;RURAL;1;5;0;0;0;Santa Bárbara;1;;Antioquia;Antioquia;;Comfama (Caja de Compensación Familiar de Antioquia)
205756000188;C. E. R. MURRINGO;1;Bajo;6;0.0014;OFICIAL;RURAL;1;5;0;0;0;Sonsón;1;;Antioquia;Antioquia;;
205756001591;C. E. R. LA CIENAGA;1;Bajo;6;0.0014;OFICIAL;RURAL;1;5;0;0;0;Sonsón;;;Antioquia;Antioquia;;
205792000208;SAN FRANCISCO;1;Bajo;6;0.0014;OFICIAL;RURAL;1;5;0;0;0;Tarso;1;;Antioquia;Antioquia;;Comfama (Caja de Compensación Familiar de Antioquia)
205809000061;C. E. R. ANTONIO JOSE RESTREPO;1;Bajo;6;0.0014;OFICIAL;RURAL;0;6;0;0;0;Titiribí;1;;Antioquia;Antioquia;;Comfama (Caja de Compensación Familiar de Antioquia) | Fundación Fraternidad Medellín
205847001349;JESUS DE LOS MILAGROS;2;Moderado;6;0.0014;OFICIAL;RURAL;0;6;0;0;0;Urrao;1;;Antioquia;Antioquia;;Comfama (Caja de Compensación Familiar de Antioquia) | Fundación Secretos Para Contar
205854000633;C. E. R. LA ESPERANZA;2;Moderado;6;0.0014;OFICIAL;RURAL;1;5;0;0;0;Valdivia;1;;Antioquia;Antioquia;;Fundación Secretos Para Contar
225035000307;ESCUELA RURAL LUTAIMA;2;Moderado;6;0.0022;OFICIAL;RURAL;0;6;0;0;0;Anapoima;1;;Cundinamarca;Cundinamarca;;Fundación Alquería Cavelier
225297000588;ESCUELA RURAL SAN GREGORIO;1;Bajo;6;0.0022;OFICIAL;RURAL;1;5;0;0;0;Gachetá;1;;Cundinamarca;Cundinamarca;;
225320001121;ESCUELA RURAL PIEDRAS NEGRAS;2;Moderado;6;0.0022;OFICIAL;RURAL;0;6;0;0;0;Guaduas;1;;Cundinamarca;Cundinamarca;;Fundación Alquería Cavelier
225488000154;ESCUELA RURAL PAJAS BLANCAS;2;Moderado;6;0.0022;OFICIAL;RURAL;0;6;0;0;0;Nilo;1;;Cundinamarca;Cundinamarca;;
225862000295;ESCUELA RURAL SAN JUAN CHORRERA;2;Moderado;6;0.0022;OFICIAL;RURAL;0;6;0;0;0;Vergara;;;Cundinamarca;Cundinamarca;;
252585000271;SEDE 7 QUITIAQUEZ;1;Bajo;6;0.005;OFICIAL;RURAL;2;4;0;0;0;Pupiales;;;Nariño;Nariño;;
266001001051;TRES ESQUINA;3;Crítico;6;0.0078;OFICIAL;RURAL;2;4;0;0;0;Pereira;1;;Pereira;Risaralda;;
266001001388;CE CLUB DE LEONES;3;Crítico;6;0.0078;OFICIAL;RURAL;0;6;0;0;0;Pereira;1;;Pereira;Risaralda;;
266088000480;SE ALTURAS;2;Moderado;6;0.0135;OFICIAL;RURAL;1;5;0;0;0;Belén de Umbría;1;;Risaralda;Risaralda;;
266318000085;SE TAUMA;3;Crítico;6;0.0135;OFICIAL;RURAL;0;6;0;0;0;Guática;1;;Risaralda;Risaralda;;
266383000238;SE LUIS EDUARDO OCHOA;1;Bajo;6;0.0135;OFICIAL;RURAL;0;6;0;0;0;La Celia;1;;Risaralda;Risaralda;;
266383000254;SE LA ZELANDIA;2;Moderado;6;0.0135;OFICIAL;RURAL;2;4;0;0;0;La Celia;1;;Risaralda;Risaralda;;
266440000193;SE COROZAL;1;Bajo;6;0.0135;OFICIAL;RURAL;2;4;0;0;0;Marsella;1;;Risaralda;Risaralda;;
266594001133;SE VERACRUZ;1;Bajo;6;0.0135;OFICIAL;RURAL;2;4;0;0;0;Quinchía;1;;Risaralda;Risaralda;;
266594000684;SE BUENOS AIRES;2;Moderado;6;0.0135;OFICIAL;RURAL;2;4;0;0;0;Quinchía;1;;Risaralda;Risaralda;;
273443000140;PITALITO;2;Moderado;6;0.0043;OFICIAL;RURAL;0;6;0;0;0;San Sebastián de Mariquita;1;;Tolima;Tolima;;
273461001081;ARENALES;3;Crítico;6;0.0043;OFICIAL;RURAL;2;4;0;0;0;Murillo;1;;Tolima;Tolima;;
273461000068;PAJONALES;3;Crítico;6;0.0043;OFICIAL;RURAL;0;6;0;0;0;Murillo;1;;Tolima;Tolima;;
273622000039;EL TOPACIO;2;Moderado;6;0.0043;OFICIAL;RURAL;0;6;0;0;0;Roncesvalles;1;;Tolima;Tolima;;
273686000407;LA ESTRELLA;1;Bajo;6;0.0043;OFICIAL;RURAL;1;5;0;0;0;Santa Isabel;1;;Tolima;Tolima;;
276834000739;SEDE NO. 42 FRANCISCO DE PAULA SANTANDER;1;Bajo;6;0.0218;OFICIAL;RURAL;0;6;0;0;0;Tuluá;1;;Tuluá;Valle del Cauca;;
276834001735;SEDE NO. 58 LUIS IGNACIO LIBREROS;2;Moderado;6;0.0218;OFICIAL;RURAL;1;5;0;0;0;Tuluá;1;;Tuluá;Valle del Cauca;;
276126000184;ANTONIA SANTOS;3;Crítico;6;0.0046;OFICIAL;RURAL;0;6;0;0;0;Calima;1;;Valle;Valle del Cauca;;
276275000421;SAN JOSE DE LAS GUACAS;2;Moderado;6;0.0046;OFICIAL;RURAL;1;5;0;0;0;Florida;;1;Valle;Valle del Cauca;;
276275001380;EL MIRADOR;1;Bajo;6;0.0046;OFICIAL;RURAL;2;4;0;0;0;Florida;;;Valle;Valle del Cauca;;
276563000274;JOSE CESLESTINO MUTIS;1;Bajo;6;0.0046;OFICIAL;RURAL;2;4;0;0;0;Pradera;1;;Valle;Valle del Cauca;;
217013000122;SALINEROS;2;Moderado;6;0.0075;;RURAL;0;6;0;0;0;Aguadas;1;;Caldas;Caldas;;
217050000043;ESCUELA RURAL LA FLORESTA;2;Moderado;6;0.0075;;RURAL;1;5;0;0;0;Aranzazu;1;;Caldas;Caldas;;
217433000420;ESCUELA RURAL LA ARABIA;1;Bajo;6;0.0075;;RURAL;0;6;0;0;0;Manzanares;1;;Caldas;Caldas;;
217433000250;ESCUELA RURAL SANTA BARBARA;1;Bajo;6;0.0075;;RURAL;1;5;0;0;0;Manzanares;1;;Caldas;Caldas;;Federación Nacional de Cafeteros de Colombia
217442000297;ESCUELA CONCHARI;1;Bajo;6;0.0075;;RURAL;0;6;0;0;0;Marmato;1;;Caldas;Caldas;;Federación Nacional de Cafeteros de Colombia
217444000723;ESCUELA RURAL LA ESMERALDA;1;Bajo;6;0.0075;;RURAL;2;4;0;0;0;Marquetalia;1;;Caldas;Caldas;;Federación Nacional de Cafeteros de Colombia
217486000308;ESCUELA SAN LUIS GONZAGA;2;Moderado;6;0.0075;;RURAL;1;5;0;0;0;Neira;1;;Caldas;Caldas;;Federación Nacional de Cafeteros de Colombia
217486000421;ESCUELA JUAN JOSÉ NEIRA;2;Moderado;6;0.0075;;RURAL;0;6;0;0;0;Neira;1;;Caldas;Caldas;;Federación Nacional de Cafeteros de Colombia
217662000433;ESCUELA RURAL MOSCOVITA;3;Crítico;6;0.0075;;RURAL;0;6;0;0;0;Samaná;;;Caldas;Caldas;;Federación Nacional de Cafeteros de Colombia
217513000137;ESCUELA RURAL SAN LORENCITO;1;Bajo;6;0.0075;;RURAL;0;6;0;0;0;Pácora;1;;Caldas;Caldas;;Federación Nacional de Cafeteros de Colombia
217541000339;ESCUELA RURAL LA MARINA;1;Bajo;6;0.0075;;RURAL;1;5;0;0;0;Pensilvania;1;;Caldas;Caldas;;Federación Nacional de Cafeteros de Colombia
217541000720;ESCUELA RURAL MIXTA MIRAFLORES;1;Bajo;6;0.0075;;RURAL;2;4;0;0;0;Pensilvania;1;;Caldas;Caldas;;Federación Nacional de Cafeteros de Colombia
217541000797;CENTRO EDUCATIVO LA COSTA;1;Bajo;6;0.0075;;RURAL;0;6;0;0;0;Pensilvania;1;;Caldas;Caldas;;Federación Nacional de Cafeteros de Colombia
217541000495;ESCUELA NUEVA ARMENIA;2;Moderado;6;0.0075;;RURAL;1;5;0;0;0;Pensilvania;2;;Caldas;Caldas;;Federación Nacional de Cafeteros de Colombia
217614000324;ESCUELA RURAL MIXTA LA FLORESTA;2;Moderado;6;0.0075;;RURAL;0;6;0;0;0;Riosucio;1;;Caldas;Caldas;;
217614001185;ESCUELA RURAL MIXTA ANTIOQUEÑA;1;Bajo;6;0.0075;;RURAL;0;2;4;0;0;Riosucio;1;;Caldas;Caldas;;
217614001100;ESCUELA RURAL LA MILAGROSA;1;Bajo;6;0.0075;;RURAL;1;4;1;0;0;Riosucio;2;;Caldas;Caldas;;
217614001134;ESCUELA RURAL PLANADAS;2;Moderado;6;0.0075;;RURAL;1;5;0;0;0;Riosucio;1;;Caldas;Caldas;;
217653000099;SEDE LOS LIMONES;2;Moderado;6;0.0075;;RURAL;0;6;0;0;0;Salamina;1;;Caldas;Caldas;;Federación Nacional de Cafeteros de Colombia
217662000191;ESCUELA NUEVA RURAL LA LINDA;1;Bajo;6;0.0075;;RURAL;2;3;1;0;0;Samaná;1;;Caldas;Caldas;;Federación Nacional de Cafeteros de Colombia
217662002312;ESCUELA RURAL PUEBLO NUEVO;2;Moderado;6;0.0075;;RURAL;2;4;0;0;0;Samaná;;;Caldas;Caldas;;Federación Nacional de Cafeteros de Colombia
217662000204;ESCUELA RURAL LA GALLERA;2;Moderado;6;0.0075;;RURAL;1;5;0;0;0;Samaná;1;;Caldas;Caldas;;Federación Nacional de Cafeteros de Colombia
217662000719;ESCUELA RURAL MIXTA ANTONIO NARIÑO;1;Bajo;6;0.0075;;RURAL;0;6;0;0;0;Samaná;1;;Caldas;Caldas;;Federación Nacional de Cafeteros de Colombia
217662000221;ESCUELA NUEVA JORGE ISAAC;1;Bajo;6;0.0075;;RURAL;3;3;0;0;0;Samaná;2;;Caldas;Caldas;;Federación Nacional de Cafeteros de Colombia
217662000760;ESCUELA SANTA RITA;1;Bajo;6;0.0075;;RURAL;1;5;0;0;0;Samaná;1;;Caldas;Caldas;;Federación Nacional de Cafeteros de Colombia
217873000359;ESCUELA NUEVA BAJO CASTILLO;2;Moderado;6;0.0075;;RURAL;1;5;0;0;0;Villamaría;;;Caldas;Caldas;;Federación Nacional de Cafeteros de Colombia
227491000931;SEDE SALSA ADENTRO;3;Crítico;5;0.0044;OFICIAL;RURAL;0;5;0;0;0;Nóvita;1;;Choco;Chocó;SI;
273124000862;LA LUISA;3;Crítico;5;0.0036;OFICIAL;RURAL;1;4;0;0;0;Cajamarca;1;;Tolima;Tolima;SI;
227787000295;SEDE PROFUNDO;3;Crítico;5;0.0044;OFICIAL;RURAL;2;3;0;0;0;Tadó;1;;Choco;Chocó;SI;
273504002078;LOS MEDIOS;3;Crítico;5;0.0036;OFICIAL;RURAL;0;5;0;0;0;Ortega;1;;Tolima;Tolima;SI;
263130000666;CALLE LARGA;3;Crítico;5;0.0138;OFICIAL;RURAL;0;5;0;0;0;Calarcá;1;;Quindio;Quindio;SI;
217513000021;ESCULA RURAL LAS TROJES;1;Bajo;5;0.0062;OFICIAL;RURAL;1;4;0;0;0;Pácora;1;;Caldas;Caldas;SI;Federación Nacional de Cafeteros de Colombia
205055000710;C. E. R. SAN PABLO;2;Moderado;5;0.0012;OFICIAL;RURAL;0;5;0;0;0;Argelia;1;;Antioquia;Antioquia;SI;Fundación Secretos Para Contar
205079000303;C. E. R. LA CHAPA;2;Moderado;5;0.0012;OFICIAL;RURAL;0;5;0;0;0;Barbosa;1;;Antioquia;Antioquia;SI;
227615001168;SEDE NUEVA BARSOVIA;2;Moderado;5;0.0044;OFICIAL;RURAL;0;5;0;0;0;Riosucio;1;;Choco;Chocó;SI;
273352000597;EL MESON;2;Moderado;5;0.0036;OFICIAL;RURAL;0;5;0;0;0;Icononzo;1;;Tolima;Tolima;SI;
273870000886;PALOSANTO;2;Moderado;5;0.0036;OFICIAL;RURAL;0;5;0;0;0;Villahermosa;1;;Tolima;Tolima;SI;
273870000908;NUEVO HORIZONTE;2;Moderado;5;0.0036;OFICIAL;RURAL;0;5;0;0;0;Villahermosa;1;;Tolima;Tolima;SI;
241132000732;ALTO VILLA HERMOSA;2;Moderado;5;0.0039;OFICIAL;RURAL;2;3;0;0;0;Campoalegre;1;;Huila;Huila;SI;
273067000737;PUEBLO NUEVO;2;Moderado;5;0.0036;OFICIAL;RURAL;0;5;0;0;0;Ataco;1;;Tolima;Tolima;SI;
273067001423;EL NEME;2;Moderado;5;0.0036;OFICIAL;RURAL;2;3;0;0;0;Ataco;1;;Tolima;Tolima;SI;
273067001601;LAS SE¥ORITAS;2;Moderado;5;0.0036;OFICIAL;RURAL;0;5;0;0;0;Ataco;1;;Tolima;Tolima;SI;
227001000726;SEDE EL JAGUO;1;Bajo;5;0.0136;OFICIAL;RURAL;0;5;0;0;0;Quibdó;1;;Quibdó;Chocó;SI;
273168002315;POTRERITO DE AGUAYO;1;Bajo;5;0.0036;OFICIAL;RURAL;1;4;0;0;0;Chaparral;2;;Tolima;Tolima;SI;
217513000536;ESCUELA RURAL PALMA BAJA;1;Bajo;5;0.0062;OFICIAL;RURAL;2;3;0;0;0;Pácora;1;;Caldas;Caldas;SI;Federación Nacional de Cafeteros de Colombia
227077001691;SEDE CESAR CONTO;1;Bajo;5;0.0044;OFICIAL;RURAL;0;5;0;0;0;Bajo Baudó;1;;Choco;Chocó;SI;
227001001846;SEDE DE GITRADO;1;Bajo;5;0.0136;OFICIAL;RURAL;2;3;0;0;0;Quibdó;1;;Quibdó;Chocó;SI;
273168003362;SAN ALFONSO;1;Bajo;5;0.0036;OFICIAL;RURAL;1;4;0;0;0;Chaparral;1;;Tolima;Tolima;SI;
273236000067;AMBICA;1;Bajo;5;0.0036;OFICIAL;RURAL;0;5;0;0;0;Dolores;1;;Tolima;Tolima;SI;
276041000096;MERCEDES ABREGO;1;Bajo;5;0.0038;OFICIAL;RURAL;0;5;0;0;0;Ansermanuevo;;;Valle;Valle del Cauca;SI;
276041000282;LA INDEPENDENCIA;3;Crítico;5;0.0038;OFICIAL;RURAL;2;3;0;0;0;Ansermanuevo;1;;Valle;Valle del Cauca;SI;
276041000851;ONCE DE NOVIEMBRE;3;Crítico;5;0.0038;OFICIAL;RURAL;0;5;0;0;0;Ansermanuevo;1;;Valle;Valle del Cauca;SI;
276041000975;EL CONSUELO;3;Crítico;5;0.0038;OFICIAL;RURAL;2;3;0;0;0;Ansermanuevo;1;;Valle;Valle del Cauca;SI;
276054000184;EL CARMEN;1;Bajo;5;0.0038;OFICIAL;RURAL;0;5;0;0;0;Argelia;1;;Valle;Valle del Cauca;SI;
276054000371;PABLO VI;3;Crítico;5;0.0038;OFICIAL;RURAL;0;5;0;0;0;Argelia;1;;Valle;Valle del Cauca;SI;
276113000282;JOSE ASUNCION SILVA;1;Bajo;5;0.0038;OFICIAL;RURAL;1;4;0;0;0;Bugalagrande;1;;Valle;Valle del Cauca;SI;
276243000195;JOSE ACEVEDO Y GOMEZ;1;Bajo;5;0.0038;OFICIAL;RURAL;1;4;0;0;0;El Águila;;1;Valle;Valle del Cauca;SI;
276243000241;SAN MARTIN;3;Crítico;5;0.0038;OFICIAL;RURAL;0;5;0;0;0;El Águila;;;Valle;Valle del Cauca;SI;
276246000099;SAN JUAN BOSCO;3;Crítico;5;0.0038;OFICIAL;RURAL;0;5;0;0;0;El Cairo;1;;Valle;Valle del Cauca;SI;
276250000176;VEINTE DE JULIO;3;Crítico;5;0.0038;OFICIAL;RURAL;1;4;0;0;0;El Dovio;1;;Valle;Valle del Cauca;SI;
276250000206;SAN JUAN BAUTISTA;2;Moderado;5;0.0038;OFICIAL;RURAL;1;4;0;0;0;El Dovio;1;;Valle;Valle del Cauca;SI;
276275001177;TULIO GONZALES FORERO;2;Moderado;5;0.0038;OFICIAL;RURAL;0;5;0;0;0;Florida;1;;Valle;Valle del Cauca;SI;Natura Cosmeticos Ltda.
276318000081;VIRGEN DE FATIMA;1;Bajo;5;0.0038;OFICIAL;RURAL;0;5;0;0;0;Guacarí;1;;Valle;Valle del Cauca;SI;
276318000897;JOSE ARBEY GARCIA;2;Moderado;5;0.0038;OFICIAL;RURAL;0;5;0;0;0;Guacarí;1;;Valle;Valle del Cauca;SI;
276377000400;CAMILO TORRES;3;Crítico;5;0.0038;OFICIAL;RURAL;1;4;0;0;0;La Cumbre;1;1;Valle;Valle del Cauca;SI;
276400000501;POLICARPA SALAVARRIETA;1;Bajo;5;0.0038;OFICIAL;RURAL;0;5;0;0;0;La Unión;1;;Valle;Valle del Cauca;SI;
276606000231;ANTONIO RICAURTE;2;Moderado;5;0.0038;OFICIAL;RURAL;0;5;0;0;0;Restrepo;1;;Valle;Valle del Cauca;SI;
276606000435;ISABEL NAGETH ARIZA;2;Moderado;5;0.0038;OFICIAL;RURAL;0;5;0;0;0;Restrepo;1;;Valle;Valle del Cauca;SI;
276622000356;FRANCISCO JOSE DE CALDAS;2;Moderado;5;0.0038;OFICIAL;RURAL;0;5;0;0;0;Roldanillo;;;Valle;Valle del Cauca;SI;
276670000091;FRANCISCO ANTONIO ZEA;2;Moderado;5;0.0038;OFICIAL;RURAL;1;3;1;0;0;San Pedro;1;;Valle;Valle del Cauca;SI;
276736000160;SANTA INES;2;Moderado;5;0.0038;OFICIAL;RURAL;0;5;0;0;0;Sevilla;1;;Valle;Valle del Cauca;SI;
276736000208;JOSE ANTONIO GALAN;2;Moderado;5;0.0038;OFICIAL;RURAL;0;5;0;0;0;Sevilla;1;;Valle;Valle del Cauca;SI;
276736000593;SANTA ELENA;3;Crítico;5;0.0038;OFICIAL;RURAL;1;4;0;0;0;Sevilla;1;;Valle;Valle del Cauca;SI;
276736001212;JOSE MARIA CORDOBA;3;Crítico;5;0.0038;OFICIAL;RURAL;0;5;0;0;0;Sevilla;1;;Valle;Valle del Cauca;SI;
276828000158;CAMILO TORRES;1;Bajo;5;0.0038;OFICIAL;RURAL;1;4;0;0;0;Trujillo;1;;Valle;Valle del Cauca;SI;
276828000182;JOSE ANTONIO GALAN;1;Bajo;5;0.0038;OFICIAL;RURAL;0;5;0;0;0;Bolívar;2;;Valle;Valle del Cauca;SI;
276828000310;JOSÉ MARCOS VARGAS;2;Moderado;5;0.0038;OFICIAL;RURAL;0;5;0;0;0;Trujillo;;;Valle;Valle del Cauca;SI;
276828000905;SANTA LUCIA;2;Moderado;5;0.0038;OFICIAL;RURAL;2;3;0;0;0;Trujillo;1;;Valle;Valle del Cauca;SI;
276845000170;SANTA TERESA;2;Moderado;5;0.0038;OFICIAL;RURAL;1;4;0;0;0;Ulloa;1;;Valle;Valle del Cauca;SI;
276863000101;ANTONIO JOSÉ DE SUCRE;2;Moderado;5;0.0038;OFICIAL;RURAL;0;5;0;0;0;Versalles;1;;Valle;Valle del Cauca;SI;
276863000519;GILBERTO ALZATE AVENDAÑO;2;Moderado;5;0.0038;OFICIAL;RURAL;0;5;0;0;0;Versalles;1;;Valle;Valle del Cauca;SI;
276869000081;JOSE ANTONIO GALAN;2;Moderado;5;0.0038;OFICIAL;RURAL;0;5;0;0;0;Vijes;1;;Valle;Valle del Cauca;SI;
276890000121;CAMILO TORRES;1;Bajo;5;0.0038;OFICIAL;RURAL;0;5;0;0;0;Yotoco;1;;Valle;Valle del Cauca;SI;
276377000248;HELIODORO AGAUDO;1;Bajo;5;0.0038;;;0;5;0;0;0;La Cumbre;1;;Valle;Valle del Cauca;SI;
276109002190;MARIA DEL SOCORRO BUSTAMANTE DE LNGUA;1;Bajo;5;0.009;OFICIAL;RURAL;0;5;0;0;0;Buenaventura;1;;Buenaventura;Valle del Cauca;SI;
219050001069;EL PALMAR;1;Bajo;5;;OFICIAL;RURAL;0;5;0;0;0;Argelia;1;;;Cauca;;
219075000911;CANAVERAL;1;Bajo;5;;OFICIAL;RURAL;0;5;0;0;0;Balboa;1;;;Cauca;;
219100000492;CHALGUAYACO;1;Bajo;5;;OFICIAL;RURAL;2;3;0;0;0;Bolívar;1;;;Cauca;;
219100000743;LA ESTRELLA;1;Bajo;5;;OFICIAL;RURAL;0;5;0;0;0;Bolívar;1;;;Cauca;;
219100001235;CARBONERO;1;Bajo;5;;OFICIAL;RURAL;2;3;0;0;0;Bolívar;1;;;Cauca;;
219100002959;FLORIDA BAJA;1;Bajo;5;;OFICIAL;RURAL;1;4;0;0;0;Bolívar;1;;;Cauca;;
219130000489;LA PRIMAVERA;3;Crítico;5;;OFICIAL;RURAL;1;4;0;0;0;Cajibío;1;;;Cauca;;
219130000535;CHAUX (sede principal);1;Bajo;5;;OFICIAL;RURAL;1;4;0;0;0;Cajibío;1;1;;Cauca;;
219130000918;EL CULEBRIADO;1;Bajo;5;;OFICIAL;RURAL;0;5;0;0;0;Cajibío;1;;;Cauca;;
219142000441;SANTA RITA;1;Bajo;5;;OFICIAL;RURAL;0;5;0;0;0;Caloto;1;;;Cauca;;
219212000819;CENTRO DOCENTE PAN DE AZUCAR;1;Bajo;5;;OFICIAL;RURAL;1;4;0;0;0;Corinto;;;;Cauca;;
219256002606;LA ROMELIA;1;Bajo;5;;OFICIAL;RURAL;0;5;0;0;0;El Tambo;1;;;Cauca;;
219318001768;NUEVA LAS PALMAS;1;Bajo;5;;OFICIAL;RURAL;0;5;0;0;0;Guapi;1;;;Cauca;;
219355000071;LA MANGA PEDREGAL;1;Bajo;5;;OFICIAL;RURAL;0;5;0;0;0;Inzá;1;;;Cauca;;
219392000617;SAN PEDRO BAJO;1;Bajo;5;;OFICIAL;RURAL;0;5;0;0;0;La Sierra;1;;;Cauca;;
219397000330;PUENTECILLAS;1;Bajo;5;;OFICIAL;RURAL;1;4;0;0;0;La Vega;1;;;Cauca;;
219397001000;ESCUELA LEDEZMA;1;Bajo;5;;OFICIAL;RURAL;0;5;0;0;0;La Vega;1;;;Cauca;;
219418000548;SAN FERNANDO;1;Bajo;5;;OFICIAL;RURAL;1;4;0;0;0;López de Micay;1;;;Cauca;;
219450000177;TABLONES BAJOS;1;Bajo;5;;OFICIAL;RURAL;1;4;0;0;0;Mercaderes;1;;;Cauca;;
219473006679;SOMBRERILLO;1;Bajo;5;;OFICIAL;RURAL;0;5;0;0;0;Morales;1;;;Cauca;;
219693000345;DOMINGOTE;3;Crítico;5;;OFICIAL;RURAL;0;5;0;0;0;San Sebastián;1;;;Cauca;;
219693000523;ESCUELA RURAL MIXTA GARRIZAL;1;Bajo;5;;OFICIAL;RURAL;0;5;0;0;0;San Sebastián;1;;;Cauca;;
219698001773;EL PEDREGAL;1;Bajo;5;;OFICIAL;RURAL;0;5;0;0;0;Santander de Quilichao;1;;;Cauca;;
219780000351;LA ALEJANDRIA;1;Bajo;5;;OFICIAL;RURAL;0;5;0;0;0;Suárez;1;;;Cauca;;
263470000032;FERNANDO ARANGO;3;Crítico;5;0.0138;OFICIAL;RURAL;0;5;0;0;0;Montenegro;;;Quindio;Quindio;;
205002000335;C. E. R. ELIAS GUTIERREZ JIMENEZ;2;Moderado;5;0.0012;OFICIAL;RURAL;0;5;0;0;0;Abejorral;1;;Antioquia;Antioquia;;
205040001451;LA FLORIDA;1;Bajo;5;0.0012;OFICIAL;RURAL;0;5;0;0;0;Anorí;1;;Antioquia;Antioquia;;
205055000116;C. E. R. EL DIAMANTE;2;Moderado;5;0.0012;OFICIAL;RURAL;0;5;0;0;0;Argelia;1;;Antioquia;Antioquia;;Corporación Empresarial Del Oriente Antioqueño
205237000103;C. E. R. PANDEAZUCAR;2;Moderado;5;0.0012;OFICIAL;RURAL;0;5;0;0;0;Donmatías;1;;Antioquia;Antioquia;;Fundación Grupo Argos
205576000279;C. E. R. SANTA BARBARA;2;Moderado;5;0.0012;OFICIAL;RURAL;1;3;1;0;0;Pueblorrico;2;;Antioquia;Antioquia;;Comfama (Caja de Compensación Familiar de Antioquia)
305387000033;C. E. R. EL DIAMANTE;2;Moderado;5;0.0012;OFICIAL;RURAL;2;3;0;0;0;Pto Nare(La Magdalena);1;;Antioquia;Antioquia;;
205667000051;SAMARIA;1;Bajo;5;0.0012;OFICIAL;RURAL;0;5;0;0;0;San Rafael;2;;Antioquia;Antioquia;;Fundación Secretos Para Contar
205667000646;BOQUERÓN;2;Moderado;5;0.0012;OFICIAL;RURAL;1;4;0;0;0;San Rafael;1;;Antioquia;Antioquia;;Fundación Secretos Para Contar
205847001012;QUEBRADONA ARRIBA;2;Moderado;5;0.0012;OFICIAL;RURAL;0;5;0;0;0;Urrao;1;;Antioquia;Antioquia;;Comfama (Caja de Compensación Familiar de Antioquia)
205861000304;C. E. R. PALMICHAL;1;Bajo;5;0.0012;OFICIAL;RURAL;0;5;0;0;0;Venecia;1;;Antioquia;Antioquia;;Comfama (Caja de Compensación Familiar de Antioquia) | Fundación Secretos Para Contar
205873000105;C. E. R. SAN MARTIN DE PORRES;1;Bajo;5;0.0012;OFICIAL;RURAL;0;5;0;0;0;Vigía del Fuerte;1;;Antioquia;Antioquia;;Fundación Secretos Para Contar
225488000111;ESCUELA RURAL BOCA DE MONTE;2;Moderado;5;0.0019;OFICIAL;RURAL;0;5;0;0;0;Nilo;1;;Cundinamarca;Cundinamarca;;
225491000033;ESCUELA RURAL SAN JOSE;1;Bajo;5;0.0019;OFICIAL;RURAL;0;5;0;0;0;Nocaima;1;;Cundinamarca;Cundinamarca;;Fundación Alquería Cavelier
225815000228;ESCUELA RURAL EL RECREO;2;Moderado;5;0.0019;OFICIAL;RURAL;0;5;0;0;0;Tocaima;1;;Cundinamarca;Cundinamarca;;
225851000234;ESCUELA RURAL LA CHIVAZA;2;Moderado;5;0.0019;OFICIAL;RURAL;0;5;0;0;0;Útica;1;;Cundinamarca;Cundinamarca;;
266001002635;EL TIGRE;3;Crítico;5;0.0065;OFICIAL;RURAL;2;3;0;0;0;Pereira;1;;Pereira;Risaralda;;
266383000106;SE LA SOMBRA;2;Moderado;5;0.0113;OFICIAL;RURAL;0;5;0;0;0;La Celia;1;;Risaralda;Risaralda;;
266594001125;SE ALTO CHUSCAL;2;Moderado;5;0.0113;OFICIAL;RURAL;1;4;0;0;0;Quinchía;1;;Risaralda;Risaralda;;
273270000831;CAVANDIA;3;Crítico;5;0.0036;OFICIAL;RURAL;0;5;0;0;0;Falan;1;;Tolima;Tolima;;
273449000222;ARABIA;3;Crítico;5;0.0036;OFICIAL;RURAL;0;5;0;0;0;Melgar;1;;Tolima;Tolima;;
273411000997;LA GLORIA;3;Crítico;5;0.0036;OFICIAL;RURAL;0;5;0;0;0;Líbano;1;;Tolima;Tolima;;
273411001616;EL TAMBO;3;Crítico;5;0.0036;OFICIAL;RURAL;0;5;0;0;0;Líbano;1;;Tolima;Tolima;;
273461000017;ALFOMBRALES;3;Crítico;5;0.0036;OFICIAL;RURAL;0;5;0;0;0;Murillo;1;;Tolima;Tolima;;
273461001030;REQUINTADEROS;3;Crítico;5;0.0036;OFICIAL;RURAL;1;4;0;0;0;Murillo;1;;Tolima;Tolima;;
276834002286;SEDE NO. 86 LEON DE GREIFF;2;Moderado;5;0.0181;OFICIAL;RURAL;0;5;0;0;0;Tuluá;1;;Tuluá;Valle del Cauca;;
276834001131;SEDE NO. 52 JORGE TADEO LOZANO;1;Bajo;5;0.0181;OFICIAL;RURAL;3;2;0;0;0;Tuluá;1;;Tuluá;Valle del Cauca;;
276100000194;ROSA ZARATE DE PEÑA;1;Bajo;5;0.0038;OFICIAL;RURAL;0;5;0;0;0;Bolívar;2;;Valle;Valle del Cauca;;
276233000464;POLICARPA SALAVAARRIETA;1;Bajo;5;0.0038;OFICIAL;RURAL;0;5;0;0;0;Dagua;5;;Valle;Valle del Cauca;;
276250000052;SAN ISIDRO;2;Moderado;5;0.0038;OFICIAL;RURAL;1;3;1;0;0;El Dovio;1;;Valle;Valle del Cauca;;
276250000320;SAN MARTIN DE PORRES;1;Bajo;5;0.0038;OFICIAL;RURAL;0;4;1;0;0;El Dovio;1;;Valle;Valle del Cauca;;
276250000427;JORGE ROBLEDO;1;Bajo;5;0.0038;OFICIAL;RURAL;0;5;0;0;0;El Dovio;1;;Valle;Valle del Cauca;;
276250000591;SAN JORGE;1;Bajo;5;0.0038;OFICIAL;RURAL;0;5;0;0;0;El Dovio;1;;Valle;Valle del Cauca;;
276250000699;ALBERTO FRESNEDA;1;Bajo;5;0.0038;OFICIAL;RURAL;0;4;1;0;0;El Dovio;1;;Valle;Valle del Cauca;;
276275001215;SAN GIL;2;Moderado;5;0.0038;OFICIAL;RURAL;2;3;0;0;0;Florida;1;;Valle;Valle del Cauca;;
276275001711;JOSE MIGUEL IPIA;3;Crítico;5;0.0038;OFICIAL;RURAL;0;5;0;0;0;Florida;1;;Valle;Valle del Cauca;;
276400000285;TULIO RAMIREZ;1;Bajo;5;0.0038;OFICIAL;RURAL;2;3;0;0;0;La Unión;1;;Valle;Valle del Cauca;;
276616000620;LAUREANO CAICEDO TRUJILLO;2;Moderado;5;0.0038;OFICIAL;RURAL;0;5;0;0;0;Riofrío;2;;Valle;Valle del Cauca;;
276670000155;ANTONIA SANTOS;1;Bajo;5;0.0038;OFICIAL;RURAL;0;5;0;0;0;San Pedro;1;;Valle;Valle del Cauca;;
276892100051;EL PLACER;1;Bajo;5;0.0222;OFICIAL;RURAL;0;5;0;0;0;Yumbo;;;Yumbo;Valle del Cauca;;
217013000220;MIRAFLORES;1;Bajo;5;0.0062;;RURAL;1;4;0;0;0;Aguadas;1;;Caldas;Caldas;;
217013001145;SIETE CUEROS;1;Bajo;5;0.0062;;RURAL;2;3;0;0;0;Aguadas;1;;Caldas;Caldas;;
217013000726;LOS NARANJOS;1;Bajo;5;0.0062;;RURAL;1;4;0;0;0;Aguadas;1;;Caldas;Caldas;;
217042000069;CRISTOBAL COLÓN;1;Bajo;5;0.0062;;RURAL;0;5;0;0;0;Anserma;1;;Caldas;Caldas;;
217042000140;SAN LUIS;1;Bajo;5;0.0062;;RURAL;1;4;0;0;0;Anserma;1;;Caldas;Caldas;;
217050000221;ESCUELA RURAL ANTONIA SANTOS;3;Crítico;5;0.0062;;RURAL;1;4;0;0;0;Aranzazu;1;;Caldas;Caldas;;
217050000485;ESCUELA RURAL PUERTO SAMARIA;1;Bajo;5;0.0062;;RURAL;0;5;0;0;0;Aranzazu;1;;Caldas;Caldas;;
217050000370;ESCUELA RURAL SAN IGNACIO;1;Bajo;5;0.0062;;RURAL;1;4;0;0;0;Aranzazu;1;;Caldas;Caldas;;
217050000132;ESCUELA RURAL CUATRO ESQUINAS;1;Bajo;5;0.0062;;RURAL;0;5;0;0;0;Aranzazu;1;;Caldas;Caldas;;
217088000225;ESCUELA MONTERREDONDO;3;Crítico;5;0.0062;;RURAL;0;5;0;0;0;Belalcázar;1;;Caldas;Caldas;;
217174000211;ESCUELA NUEVA GABRIELA MISTRAL;3;Crítico;5;0.0062;;RURAL;1;4;0;0;0;Chinchiná;1;;Caldas;Caldas;;
217272000238;ESCUELA RURAL EL PINTADO;1;Bajo;5;0.0062;;RURAL;2;3;0;0;0;Filadelfia;1;;Caldas;Caldas;;
217380000732;ESCUELA JUAN JOSE CADAVID;1;Bajo;5;0.0062;;RURAL;0;5;0;0;0;La Dorada;;;Caldas;Caldas;;Federación Nacional de Cafeteros de Colombia
217433000284;ESCUELA RURAL LA GALLERA;1;Bajo;5;0.0062;;RURAL;1;4;0;0;0;Manzanares;1;;Caldas;Caldas;;Federación Nacional de Cafeteros de Colombia
217433000551;ESCUELA NUEVA EL VERGEL;1;Bajo;5;0.0062;;RURAL;1;4;0;0;0;Manzanares;1;;Caldas;Caldas;;Federación Nacional de Cafeteros de Colombia
217444000197;CENTRO EDUCATIVO GUARINO GUAMO;3;Crítico;5;0.0062;;RURAL;1;4;0;0;0;Marquetalia;1;;Caldas;Caldas;;Federación Nacional de Cafeteros de Colombia
217444000031;ESCUELA RURAL LITUANIA;1;Bajo;5;0.0062;;RURAL;0;5;0;0;0;Marquetalia;1;;Caldas;Caldas;;Federación Nacional de Cafeteros de Colombia
217444000219;ESCUELA RURAL LA MIEL;1;Bajo;5;0.0062;;RURAL;1;4;0;0;0;Marquetalia;1;;Caldas;Caldas;;Federación Nacional de Cafeteros de Colombia
217446800000;LA ALEJANDRIA;2;Moderado;5;0.0062;;RURAL;0;4;1;0;0;Marulanda;1;;Caldas;Caldas;;Federación Nacional de Cafeteros de Colombia
217524000147;ESCUELA MIXTA LOS LOBOS;2;Moderado;5;0.0062;;RURAL;0;5;0;0;0;Palestina;;;Caldas;Caldas;;Federación Nacional de Cafeteros de Colombia
217541000690;ESCUELA RURAL EL CASTILLO;1;Bajo;5;0.0062;;RURAL;1;4;0;0;0;Pensilvania;;;Caldas;Caldas;;Federación Nacional de Cafeteros de Colombia
217541001581;CENTRO EDUCATIVO LAS BRISAS;1;Bajo;5;0.0062;;RURAL;1;4;0;0;0;Pensilvania;1;;Caldas;Caldas;;Federación Nacional de Cafeteros de Colombia
217541000223;ESCUELA NUEVA EL JARDIN;1;Bajo;5;0.0062;;RURAL;1;4;0;0;0;Pensilvania;1;;Caldas;Caldas;;Federación Nacional de Cafeteros de Colombia
217541000738;ESCUELA RURAL EL NARANJO;1;Bajo;5;0.0062;;RURAL;0;5;0;0;0;Pensilvania;1;;Caldas;Caldas;;Federación Nacional de Cafeteros de Colombia
217541000886;ESCUELA NUEVA CHAQUIRAL;1;Bajo;5;0.0062;;RURAL;0;5;0;0;0;Pensilvania;1;;Caldas;Caldas;;Federación Nacional de Cafeteros de Colombia
217614001401;ESCUELA RURALAL MIXTA MEJIAL;3;Crítico;5;0.0062;;RURAL;1;4;0;0;0;Riosucio;1;;Caldas;Caldas;;Federación Nacional de Cafeteros de Colombia
217614000448;ESCUELA RURAL SAMARIA;2;Moderado;5;0.0062;;RURAL;2;3;0;0;0;Riosucio;1;;Caldas;Caldas;;Federación Nacional de Cafeteros de Colombia
217614000995;ESCUELA RURAL ALTO BONITO;2;Moderado;5;0.0062;;RURAL;0;5;0;0;0;Riosucio;1;;Caldas;Caldas;;Federación Nacional de Cafeteros de Colombia
217653000285;SEDE EN MEDIO DE LOS RIOS;1;Bajo;5;0.0062;;RURAL;2;3;0;0;0;Salamina;;;Caldas;Caldas;;Federación Nacional de Cafeteros de Colombia
217662002291;ESCUELA RURAL MIXTA GUAYAQUIL;2;Moderado;5;0.0062;;RURAL;0;3;2;0;0;Samaná;1;;Caldas;Caldas;;Federación Nacional de Cafeteros de Colombia
217662002550;ESCUELA NUEVA EL QUINDÍO;1;Bajo;5;0.0062;;RURAL;2;3;0;0;0;Samaná;1;;Caldas;Caldas;;Federación Nacional de Cafeteros de Colombia
217662000077;COLEGIO MONTESORY;3;Crítico;5;0.0062;;RURAL;2;3;0;0;0;Samaná;1;;Caldas;Caldas;;Federación Nacional de Cafeteros de Colombia
217867000070;LA MIEL ALTA;2;Moderado;5;0.0062;;RURAL;0;5;0;0;0;Victoria;;;Caldas;Caldas;;Federación Nacional de Cafeteros de Colombia
217873000251;CENTRO DOCENTE LA FLORESTA;2;Moderado;5;0.0062;;RURAL;0;5;0;0;0;Villamaría;1;;Caldas;Caldas;;Federación Nacional de Cafeteros de Colombia
223417003044;SAN JOSE DEL TESORO;2;Moderado;5;0.0222;;RURAL;0;5;0;0;0;Lorica;;;Lorica;Córdoba;;
223417000711;ANTONIO GALÁN;2;Moderado;5;0.0222;;RURAL;2;3;0;0;0;Lorica;1;;Lorica;Córdoba;;
273124000145;CRISTALES;3;Crítico;4;0.0029;OFICIAL;RURAL;0;4;0;0;0;Cajamarca;1;;Tolima;Tolima;SI;
266572000257;SE SAMARIA;2;Moderado;4;0.009;OFICIAL;RURAL;1;3;0;0;0;Pueblo Rico;1;;Risaralda;Risaralda;SI;
205138001050;EL CAFE;2;Moderado;4;0.0009;OFICIAL;RURAL;0;4;0;0;0;Cañasgordas;1;;Antioquia;Antioquia;SI;Fundación Secretos Para Contar
241615000334;ARRAYANAL;2;Moderado;4;0.0031;OFICIAL;RURAL;0;4;0;0;0;Rivera;1;;Huila;Huila;SI;
273870000118;LA COLORADA;2;Moderado;4;0.0029;OFICIAL;RURAL;0;4;0;0;0;Villahermosa;1;;Tolima;Tolima;SI;
276606000109;POLICARPA SALAVARRIETA;2;Moderado;4;0.0031;OFICIAL;RURAL;0;4;0;0;0;Restrepo;;;Valle;Valle del Cauca;SI;
205002000459;SOTAYAC;2;Moderado;4;0.0009;OFICIAL;RURAL;0;4;0;0;0;Abejorral;1;;Antioquia;Antioquia;SI;Comfama (Caja de Compensación Familiar de Antioquia)
205042000567;C. E. R. EL JAGUE;2;Moderado;4;0.0009;OFICIAL;RURAL;1;3;0;0;0;Santa Fé de Antioquia;1;;Antioquia;Antioquia;SI;
205055000256;C. E. R. PRESBITERO MARCO ANTONIO DUQUE;2;Moderado;4;0.0009;OFICIAL;RURAL;0;4;0;0;0;Argelia;1;;Antioquia;Antioquia;SI;Fundación Secretos Para Contar
217541001009;ESCUELA RURAL LA CASCADA;2;Moderado;4;0.005;OFICIAL;RURAL;2;2;0;0;0;Pensilvania;1;;Caldas;Caldas;SI;Federación Nacional de Cafeteros de Colombia
227001000483;SEDE REAL DE TANANDO;2;Moderado;4;0.0035;OFICIAL;RURAL;0;4;0;0;0;Atrato;1;;Choco;Chocó;SI;
227077000113;SEDE SIMON BOLIVAR;2;Moderado;4;0.0035;OFICIAL;RURAL;0;4;0;0;0;Bajo Baudó;1;;Choco;Chocó;SI;
241396000340;EL TABLON;2;Moderado;4;0.0031;OFICIAL;RURAL;0;4;0;0;0;La Plata;1;;Huila;Huila;SI;
241799000064;GUAIMARAL;2;Moderado;4;0.0031;OFICIAL;RURAL;1;3;0;0;0;Tello;1;;Huila;Huila;SI;
266572000494;SE LA MARIA;2;Moderado;4;0.009;OFICIAL;RURAL;1;3;0;0;0;Pueblo Rico;1;;Risaralda;Risaralda;SI;
266572000834;SE LA SONORA;2;Moderado;4;0.009;OFICIAL;RURAL;0;4;0;0;0;Pueblo Rico;1;;Risaralda;Risaralda;SI;
266572000206;SE TAIBA;2;Moderado;4;0.009;OFICIAL;RURAL;0;4;0;0;0;Pueblo Rico;1;;Risaralda;Risaralda;SI;
273067001067;PASTALITOS;2;Moderado;4;0.0029;OFICIAL;RURAL;0;4;0;0;0;Ataco;1;;Tolima;Tolima;SI;
273352000252;PORTACHUELO;2;Moderado;4;0.0029;OFICIAL;RURAL;1;3;0;0;0;Icononzo;1;;Tolima;Tolima;SI;
273408000145;ALTAMIRADA;2;Moderado;4;0.0029;OFICIAL;RURAL;0;4;0;0;0;Lérida;2;;Tolima;Tolima;SI;
273870000142;GUAYABAL;2;Moderado;4;0.0029;OFICIAL;RURAL;0;4;0;0;0;Villahermosa;1;;Tolima;Tolima;SI;
276377000329;JOSE ANTONIO GALAN;2;Moderado;4;0.0031;OFICIAL;RURAL;0;4;0;0;0;La Cumbre;1;;Valle;Valle del Cauca;SI;
263001001214;VILLA OLIVA;1;Bajo;4;0.0099;OFICIAL;RURAL;1;3;0;0;0;Armenia;1;;Armenia;Quindio;SI;
227787000279;SEDE LA ESPERANZA;1;Bajo;4;0.0035;OFICIAL;RURAL;1;3;0;0;0;Tadó;1;;Choco;Chocó;SI;
215097000171;ESC RURAL LA ESTRELLA;1;Bajo;4;0.0031;OFICIAL;RURAL;1;3;0;0;0;Boavita;1;;Boyaca;Boyacá;NO;
273168002943;LA LINDOSA;1;Bajo;4;0.0029;OFICIAL;RURAL;0;4;0;0;0;Chaparral;;;Tolima;Tolima;SI;
273217000331;LOS GUAYABOS;1;Bajo;4;0.0029;OFICIAL;RURAL;1;3;0;0;0;Coyaima;1;;Tolima;Tolima;SI;
273236000547;EL PESCADO;1;Bajo;4;0.0029;OFICIAL;RURAL;1;3;0;0;0;Dolores;1;;Tolima;Tolima;SI;
273411000784;SABANETA;1;Bajo;4;0.0029;OFICIAL;RURAL;0;4;0;0;0;Líbano;1;;Tolima;Tolima;SI;
273563000704;CORINTO;1;Bajo;4;0.0029;OFICIAL;RURAL;1;3;0;0;0;Prado;1;;Tolima;Tolima;SI;
276041000053;POLICARPA SALAVARRIETA;1;Bajo;4;0.0031;OFICIAL;RURAL;0;4;0;0;0;Ansermanuevo;2;;Valle;Valle del Cauca;SI;
276041000517;JOSE ACEVEDO Y GOMEZ;2;Moderado;4;0.0031;OFICIAL;RURAL;0;4;0;0;0;Ansermanuevo;1;;Valle;Valle del Cauca;SI;
276100000119;POLICARPA SALAVARRIETA;1;Bajo;4;0.0031;OFICIAL;RURAL;1;3;0;0;0;Bolívar;1;;Valle;Valle del Cauca;SI;
276233000090;ENRIQUE OLAYA HERRERA;3;Crítico;4;0.0031;OFICIAL;RURAL;1;3;0;0;0;Dagua;1;;Valle;Valle del Cauca;SI;
276233001436;MARIA EDITH JATIVA;1;Bajo;4;0.0031;OFICIAL;RURAL;1;3;0;0;0;Dagua;1;;Valle;Valle del Cauca;SI;
276248000410;MARIA LUISA DE LA ESPADA;1;Bajo;4;0.0031;OFICIAL;RURAL;1;3;0;0;0;El Cerrito;1;;Valle;Valle del Cauca;SI;
276616000557;GABRIELA MISTRAL;1;Bajo;4;0.0031;OFICIAL;RURAL;1;3;0;0;0;Riofrío;1;;Valle;Valle del Cauca;SI;
276736000348;LA MARIA;2;Moderado;4;0.0031;OFICIAL;RURAL;1;3;0;0;0;Sevilla;2;;Valle;Valle del Cauca;SI;
276736000402;RODRIGO DE BASTDIDAS;2;Moderado;4;0.0031;OFICIAL;RURAL;1;3;0;0;0;Sevilla;1;;Valle;Valle del Cauca;SI;
276828000531;LA ESTRELLA DE ALTO MIRA;2;Moderado;4;0.0031;OFICIAL;RURAL;0;4;0;0;0;Trujillo;1;;Valle;Valle del Cauca;SI;
276845000048;SANTA ELENA;2;Moderado;4;0.0031;OFICIAL;RURAL;1;3;0;0;0;Ulloa;1;;Valle;Valle del Cauca;SI;
276109003226;SANTA BARBARA;3;Crítico;4;0.0072;OFICIAL;RURAL;1;3;0;0;0;Buenaventura;1;;Buenaventura;Valle del Cauca;SI;
219100000905;BAUTISTA;1;Bajo;4;;OFICIAL;RURAL;1;3;0;0;0;Bolívar;1;;;Cauca;;
219110001527;BRISAS DEL SILENCIO;1;Bajo;4;;OFICIAL;RURAL;0;4;0;0;0;Buenos Aires;1;;;Cauca;;
219212000088;EL JAGUAL;1;Bajo;4;;OFICIAL;RURAL;0;4;0;0;0;Corinto;1;;;Cauca;;
219256001553;YUMBITO;1;Bajo;4;;OFICIAL;RURAL;0;4;0;0;0;El Tambo;1;;;Cauca;;
219256001839;LOMA DE ASTUDILLO;1;Bajo;4;;OFICIAL;RURAL;1;3;0;0;0;El Tambo;1;;;Cauca;;
219256001952;EL CABUYAL;1;Bajo;4;;OFICIAL;RURAL;0;4;0;0;0;El Tambo;1;;;Cauca;;
219256002053;GOLONDRINAS;1;Bajo;4;;OFICIAL;RURAL;0;4;0;0;0;El Tambo;1;;;Cauca;;
219318000257;SANSON;1;Bajo;4;;OFICIAL;RURAL;0;4;0;0;0;Guapi;2;;;Cauca;;
219548000647;SALINAS;1;Bajo;4;;OFICIAL;RURAL;2;2;0;0;0;Piendamó - Tunía;2;;;Cauca;;
219622000336;BELLO HORIZONTE;1;Bajo;4;;OFICIAL;RURAL;1;3;0;0;0;Rosas;1;;;Cauca;;
219622000522;PENA NEGRA;1;Bajo;4;;OFICIAL;RURAL;1;3;0;0;0;Rosas;1;;;Cauca;;
219693000493;EL ENCINO;1;Bajo;4;;OFICIAL;RURAL;1;3;0;0;0;San Sebastián;1;;;Cauca;;
219693000574;ESCUELA RURAL MIXTA LA ESPERANZA;1;Bajo;4;;OFICIAL;RURAL;0;4;0;0;0;San Sebastián;1;;;Cauca;;
219693000612;ESCUELA RURAL MIXTA BELLA VISTA;1;Bajo;4;;OFICIAL;RURAL;0;4;0;0;0;San Sebastián;1;;;Cauca;;
219760000142;BUENAVISTA;1;Bajo;4;;OFICIAL;RURAL;1;3;0;0;0;Sotará - Paispamba;1;;;Cauca;;
219760000215;EL SECADERO;1;Bajo;4;;OFICIAL;RURAL;0;4;0;0;0;Sotará - Paispamba;1;;;Cauca;;
219760000487;LA ESPERANZA;1;Bajo;4;;OFICIAL;RURAL;0;4;0;0;0;Sotará - Paispamba;1;;;Cauca;;
219760000525;EL SALADO LAS ESTRELLAS;1;Bajo;4;;OFICIAL;RURAL;0;4;0;0;0;Sotará - Paispamba;1;;;Cauca;;
219807000812;QUINTERO;1;Bajo;4;;OFICIAL;RURAL;0;4;0;0;0;Timbío;1;;;Cauca;;
263470000091;AYACUCHO;3;Crítico;4;0.011;OFICIAL;RURAL;0;4;0;0;0;Montenegro;1;;Quindio;Quindio;;
263470000148;ESPAÑA;1;Bajo;4;0.011;OFICIAL;RURAL;0;4;0;0;0;Montenegro;;;Quindio;Quindio;;
263470000377;RISARALDA;2;Moderado;4;0.011;OFICIAL;RURAL;0;4;0;0;0;Montenegro;1;;Quindio;Quindio;;
205101000169;C. E. R. LAZARO URIBE;2;Moderado;4;0.0009;OFICIAL;RURAL;0;4;0;0;0;Ciudad Bolívar;1;;Antioquia;Antioquia;;Comfama (Caja de Compensación Familiar de Antioquia)
205145000042;ODULFO GOMEZ;2;Moderado;4;0.0009;OFICIAL;RURAL;0;4;0;0;0;Caramanta;1;;Antioquia;Antioquia;;Comfama (Caja de Compensación Familiar de Antioquia) | Fundación Secretos Para Contar
205234000455;C. E. R. LA DANTA;2;Moderado;4;0.0009;OFICIAL;RURAL;0;4;0;0;0;Dabeiba;1;;Antioquia;Antioquia;;Fundación Secretos Para Contar
205282000611;C. E. R. EL MORRON;2;Moderado;4;0.0009;OFICIAL;RURAL;0;4;0;0;0;Fredonia;1;;Antioquia;Antioquia;;
205364000333;C. E. R. PRESBITERO EZEQUIEL JESUS PEREZ;2;Moderado;4;0.0009;OFICIAL;RURAL;2;2;0;0;0;Jardín;1;;Antioquia;Antioquia;;Comfama (Caja de Compensación Familiar de Antioquia)
205483000295;C. E. R. BALSORA;2;Moderado;4;0.0009;OFICIAL;RURAL;0;4;0;0;0;Nariño;1;;Antioquia;Antioquia;;
205670000380;C. E. R. LA GUZMANA ALTA;2;Moderado;4;0.0009;OFICIAL;RURAL;0;4;0;0;0;San Roque;1;;Antioquia;Antioquia;;Fundación Secretos Para Contar
205679000871;C. E. R. EL GUASIMO;1;Bajo;4;0.0009;OFICIAL;RURAL;2;2;0;0;0;Santa Bárbara;1;;Antioquia;Antioquia;;Comfama (Caja de Compensación Familiar de Antioquia)
205690000351;LA PRIMAVERA;1;Bajo;4;0.0009;OFICIAL;RURAL;0;4;0;0;0;Santo Domingo;1;;Antioquia;Antioquia;;
205756000820;C. E. R. EL TIGRE EL CAUNZAL;2;Moderado;4;0.0009;OFICIAL;RURAL;0;4;0;0;0;Sonsón;1;;Antioquia;Antioquia;;
205756001354;C. E. R. MARTHA PANESSO DE TORO;2;Moderado;4;0.0009;OFICIAL;RURAL;0;4;0;0;0;Sonsón;1;;Antioquia;Antioquia;;
205756000293;C. E. R. LA FALDA;1;Bajo;4;0.0009;OFICIAL;RURAL;0;4;0;0;0;Sonsón;1;;Antioquia;Antioquia;;Comfama (Caja de Compensación Familiar de Antioquia)
205756001303;C. E. R. BRASILAL;1;Bajo;4;0.0009;OFICIAL;RURAL;0;4;0;0;0;Sonsón;1;;Antioquia;Antioquia;;Comfama (Caja de Compensación Familiar de Antioquia)
205789000680;C. E. R. LA MIRLA;1;Bajo;4;0.0009;OFICIAL;RURAL;0;4;0;0;0;Támesis;1;;Antioquia;Antioquia;;Comfama (Caja de Compensación Familiar de Antioquia) | Fundación Secretos Para Contar
205847001250;C. E. R. EL NARCISO;2;Moderado;4;0.0009;OFICIAL;RURAL;1;3;0;0;0;Urrao;1;;Antioquia;Antioquia;;Comfama (Caja de Compensación Familiar de Antioquia)
205847000415;JUAN PABLO CARTAGENA;2;Moderado;4;0.0009;OFICIAL;RURAL;0;4;0;0;0;Urrao;1;;Antioquia;Antioquia;;Comfama (Caja de Compensación Familiar de Antioquia) | Fundación Secretos Para Contar
205890000780;C. E. R. LA CABAÑA;1;Bajo;4;0.0009;OFICIAL;RURAL;0;4;0;0;0;Yolombó;1;;Antioquia;Antioquia;;Fundación Secretos Para Contar
225035000196;ESCUELA RURAL LA GUÁSIMA;2;Moderado;4;0.0015;OFICIAL;RURAL;0;4;0;0;0;Anapoima;1;;Cundinamarca;Cundinamarca;;Fundación Alquería Cavelier
225035000463;ESCUELA RURAL LA PALMICHERA;2;Moderado;4;0.0015;OFICIAL;RURAL;0;4;0;0;0;Anapoima;1;;Cundinamarca;Cundinamarca;;Fundación Alquería Cavelier
225120000057;ESCUELA RURAL BAJO ARIARI;2;Moderado;4;0.0015;OFICIAL;RURAL;0;4;0;0;0;Cabrera;1;;Cundinamarca;Cundinamarca;;
225297000634;ESCUELA RURAL PABLO VI;3;Crítico;4;0.0015;OFICIAL;RURAL;0;4;0;0;0;Gachetá;1;;Cundinamarca;Cundinamarca;;Fundación Alquería Cavelier
225398000325;ESCUELA RURAL LAGUNITAS;2;Moderado;4;0.0015;OFICIAL;RURAL;0;4;0;0;0;La Peña;1;;Cundinamarca;Cundinamarca;;
225489000051;ESCUELA RURAL LOMALARGA;1;Bajo;4;0.0015;OFICIAL;RURAL;1;3;0;0;0;Nimaima;1;;Cundinamarca;Cundinamarca;;
225580000225;ESCUELA RURAL OCANDA;2;Moderado;4;0.0015;OFICIAL;RURAL;0;4;0;0;0;Pulí;1;;Cundinamarca;Cundinamarca;;
225885000659;ESCUELA RURAL EL CHIFLON;2;Moderado;4;0.0015;OFICIAL;RURAL;1;3;0;0;0;Yacopí;1;;Cundinamarca;Cundinamarca;;
266001800132;LAS DELICIAS;3;Crítico;4;0.0052;OFICIAL;RURAL;2;2;0;0;0;Pereira;1;;Pereira;Risaralda;;
266001003445;CENTO EDUC MINA DEL SOCORRO;3;Crítico;4;0.0052;OFICIAL;RURAL;1;3;0;0;0;Pereira;1;;Pereira;Risaralda;;
266088000234;SE LA ESPERANZA;3;Crítico;4;0.009;OFICIAL;RURAL;2;2;0;0;0;Belén de Umbría;1;;Risaralda;Risaralda;;
266383000165;SE EL DIAMANTE;3;Crítico;4;0.009;OFICIAL;RURAL;0;4;0;0;0;La Celia;1;;Risaralda;Risaralda;;
266440000223;SE BUENAVISTA;3;Crítico;4;0.009;OFICIAL;RURAL;1;3;0;0;0;Marsella;;;Risaralda;Risaralda;;
266440800026;SEDE EL SALADO;2;Moderado;4;0.009;OFICIAL;RURAL;0;4;0;0;0;Marsella;1;;Risaralda;Risaralda;;
273270000718;EL CUCHARO;3;Crítico;4;0.0029;OFICIAL;RURAL;0;4;0;0;0;Falan;1;;Tolima;Tolima;;
273411001772;LA FLORIDA;3;Crítico;4;0.0029;OFICIAL;RURAL;0;4;0;0;0;Líbano;;;Tolima;Tolima;;
273461001013;RIO AZUL;3;Crítico;4;0.0029;OFICIAL;RURAL;1;3;0;0;0;Murillo;1;;Tolima;Tolima;;
273411000245;LA CASCADA;3;Crítico;4;0.0029;OFICIAL;RURAL;0;4;0;0;0;Líbano;1;;Tolima;Tolima;;
273411000644;LA VINAGRE;3;Crítico;4;0.0029;OFICIAL;RURAL;0;4;0;0;0;Líbano;1;;Tolima;Tolima;;
273411001721;SANTA BARBARA;3;Crítico;4;0.0029;OFICIAL;RURAL;0;4;0;0;0;Líbano;1;;Tolima;Tolima;;
273686000237;LA YUCA;1;Bajo;4;0.0029;OFICIAL;RURAL;0;4;0;0;0;Santa Isabel;1;;Tolima;Tolima;;
273686000539;EL BRASIL;1;Bajo;4;0.0029;OFICIAL;RURAL;1;3;0;0;0;Santa Isabel;1;;Tolima;Tolima;;
273686000547;TOTARITO;1;Bajo;4;0.0029;OFICIAL;RURAL;0;4;0;0;0;Santa Isabel;1;;Tolima;Tolima;;
273686000610;ALTO BONITO;1;Bajo;4;0.0029;OFICIAL;RURAL;0;4;0;0;0;Santa Isabel;1;;Tolima;Tolima;;
217013000548;ESCUELA RURAL EL CEDRAL;3;Crítico;4;0.005;;RURAL;1;3;0;0;0;Aguadas;1;;Caldas;Caldas;;
217013000246;ESCUELA MATECAÑA;2;Moderado;4;0.005;;RURAL;0;4;0;0;0;Aguadas;1;;Caldas;Caldas;;
217013000050;SAN MARTIN;1;Bajo;4;0.005;;RURAL;0;4;0;0;0;Aguadas;;;Caldas;Caldas;;
217013000629;LA MARIA;3;Crítico;4;0.005;;RURAL;0;4;0;0;0;Aguadas;1;;Caldas;Caldas;;
217088000152;ESCUELA TIERRADENTRO;3;Crítico;4;0.005;;RURAL;0;4;0;0;0;Belalcázar;1;;Caldas;Caldas;;
217433000233;ESCUELA RURAL SAN VICENTE;1;Bajo;4;0.005;;RURAL;0;4;0;0;0;Manzanares;1;;Caldas;Caldas;;Federación Nacional de Cafeteros de Colombia
217444000367;ESCUELA RURAL GANCHO;3;Crítico;4;0.005;;RURAL;1;3;0;0;0;Marquetalia;1;;Caldas;Caldas;;Federación Nacional de Cafeteros de Colombia
217446000003;ESCUELA RURAL SAN ISIDRO;1;Bajo;4;0.005;;RURAL;0;3;1;0;0;Marulanda;1;;Caldas;Caldas;;Federación Nacional de Cafeteros de Colombia
217446000020;ESCUELA SAN PABLO;1;Bajo;4;0.005;;RURAL;0;2;2;0;0;Marulanda;1;;Caldas;Caldas;;Federación Nacional de Cafeteros de Colombia
217446800018;LOS SAUCES;1;Bajo;4;0.005;;RURAL;0;3;1;0;0;Marulanda;1;;Caldas;Caldas;;Federación Nacional de Cafeteros de Colombia
217486000464;ESCUELA SAN JUAN BAUTISTA;2;Moderado;4;0.005;;RURAL;1;3;0;0;0;Neira;1;;Caldas;Caldas;;Federación Nacional de Cafeteros de Colombia
217486000511;ESCUELA ANTONIO RICAUTE;1;Bajo;4;0.005;;RURAL;1;3;0;0;0;Neira;1;;Caldas;Caldas;;Federación Nacional de Cafeteros de Colombia
217513000081;ESCUELA RURAL SAN JUAN BOSCO;1;Bajo;4;0.005;;RURAL;1;3;0;0;0;Pácora;1;;Caldas;Caldas;;Federación Nacional de Cafeteros de Colombia
217541000380;ESCUELA NUEVA EL LIBANO;1;Bajo;4;0.005;;RURAL;1;2;1;0;0;Pensilvania;1;;Caldas;Caldas;;Federación Nacional de Cafeteros de Colombia
217541000240;ESCUELA NUEVA LOS POMOS;1;Bajo;4;0.005;;RURAL;0;4;0;0;0;Pensilvania;1;;Caldas;Caldas;;Federación Nacional de Cafeteros de Colombia
217614000499;ESCUELA RURAL MIXTA GETSEMANI;1;Bajo;4;0.005;;RURAL;1;3;0;0;0;Riosucio;1;;Caldas;Caldas;;
217653000340;SEDE CALENTADEROS;2;Moderado;4;0.005;;RURAL;1;3;0;0;0;Salamina;1;;Caldas;Caldas;;Federación Nacional de Cafeteros de Colombia
217653000927;SEDE LA ALBANIA;2;Moderado;4;0.005;;RURAL;0;4;0;0;0;Salamina;1;;Caldas;Caldas;;Federación Nacional de Cafeteros de Colombia
217653000269;ESCUELA RURAL LA HERRADURA;2;Moderado;4;0.005;;RURAL;1;3;0;0;0;Salamina;1;;Caldas;Caldas;;Federación Nacional de Cafeteros de Colombia
217662002461;ESCUELA NUEVA LA GUAYANA;1;Bajo;4;0.005;;RURAL;0;3;1;0;0;Samaná;1;;Caldas;Caldas;;Federación Nacional de Cafeteros de Colombia
217662000930;ESCUELA RURAL YARUMALITO;1;Bajo;4;0.005;;RURAL;0;4;0;0;0;Samaná;1;;Caldas;Caldas;;Federación Nacional de Cafeteros de Colombia
217662001715;ESCUELA RURAL ARGENTINA;1;Bajo;4;0.005;;RURAL;2;2;0;0;0;Samaná;1;;Caldas;Caldas;;Federación Nacional de Cafeteros de Colombia
217873000081;ESCUELA ALTO EL CASTILLO;3;Crítico;4;0.005;;RURAL;0;4;0;0;0;Villamaría;1;;Caldas;Caldas;;Federación Nacional de Cafeteros de Colombia
217873001118;ESCUELA EL AVION;1;Bajo;4;0.005;;RURAL;2;2;0;0;0;Villamaría;1;;Caldas;Caldas;;Federación Nacional de Cafeteros de Colombia
217877000256;ESCUELA RURAL BELLAVISTA;1;Bajo;4;0.005;;RURAL;0;4;0;0;0;Viterbo;1;;Caldas;Caldas;;Federación Nacional de Cafeteros de Colombia
273124000749;ALTAMIRA;3;Crítico;3;0.0021;OFICIAL;RURAL;0;3;0;0;0;Cajamarca;1;;Tolima;Tolima;SI;
268547001080;ESCUELA RURAL ALTO DE VACAS;3;Crítico;3;0.009;OFICIAL;RURAL;0;3;0;0;0;Piedecuesta;1;;Piedecuesta;Santander;NO;
376364800142;INSTITUTO TECNICO SUR DEL VALLE - TESUVA - SEDE PRINCIPAL;1;Bajo;3;0.0108;NO OFICIAL;URBANA;0;0;0;0;3;Jamundí;;;Jamundí;Valle del Cauca;SI;
205837800198;LA CARBONERA;2;Moderado;3;0.008;OFICIAL;RURAL;0;3;0;0;0;Turbo;;;Turbo;Antioquia;SI;
205002000360;MARCIAL NARANJO;2;Moderado;3;0.0007;OFICIAL;RURAL;2;1;0;0;0;Abejorral;1;;Antioquia;Antioquia;SI;Comfama (Caja de Compensación Familiar de Antioquia)
205002001005;VILLA INES;2;Moderado;3;0.0007;OFICIAL;RURAL;1;2;0;0;0;Abejorral;;;Antioquia;Antioquia;SI;
205002001030;COLMENAS;2;Moderado;3;0.0007;OFICIAL;RURAL;0;3;0;0;0;Abejorral;1;;Antioquia;Antioquia;SI;
205842000531;C. E. R. LA CABAÑA;2;Moderado;3;0.0007;OFICIAL;RURAL;0;3;0;0;0;Uramita;1;;Antioquia;Antioquia;SI;
227077001969;SEDE SAN LUIS LA LOMA;2;Moderado;3;0.0026;OFICIAL;RURAL;0;3;0;0;0;Medio Baudó;1;;Choco;Chocó;SI;
227491000826;SEDE EL CHORRO;2;Moderado;3;0.0026;OFICIAL;RURAL;0;3;0;0;0;Nóvita;1;;Choco;Chocó;SI;
152001004527;ERM SAN JOSE DE CASANARE;2;Moderado;3;0.0051;OFICIAL;RURAL;0;3;0;0;0;Pasto;;;Pasto;Nariño;NO;
266572000338;SE CURUMBARA;2;Moderado;3;0.0068;OFICIAL;RURAL;0;3;0;0;0;Pueblo Rico;1;;Risaralda;Risaralda;SI;
273067001300;LAS CRUCES;2;Moderado;3;0.0021;OFICIAL;RURAL;0;3;0;0;0;Ataco;1;;Tolima;Tolima;SI;
273408000170;ALTO DEL BLEDO;2;Moderado;3;0.0021;OFICIAL;RURAL;0;3;0;0;0;Lérida;1;;Tolima;Tolima;SI;
273861000521;PILOTO DE OSORIO;1;Bajo;3;0.0021;OFICIAL;RURAL;0;3;0;0;0;Venadillo;1;;Tolima;Tolima;SI;
276147000745;ANTONIO GUENDICA;1;Bajo;3;0.0169;OFICIAL;RURAL;0;3;0;0;0;Cartago;1;;Cartago;Valle del Cauca;SI;
227001000327;SEDE SAN MARTIN DE PURRE;1;Bajo;3;0.0026;OFICIAL;RURAL;0;3;0;0;0;Atrato;3;;Choco;Chocó;SI;
227787000261;SEDE MARIA AUXIL MANUNGARA;1;Bajo;3;0.0026;OFICIAL;RURAL;0;3;0;0;0;Tadó;1;;Choco;Chocó;SI;
273168001173;FINLANDIA;1;Bajo;3;0.0021;OFICIAL;RURAL;1;2;0;0;0;Chaparral;1;;Tolima;Tolima;SI;
273168002366;CALARCA;1;Bajo;3;0.0021;OFICIAL;RURAL;0;3;0;0;0;Chaparral;1;;Tolima;Tolima;SI;
273168002820;LA CEIBA;1;Bajo;3;0.0021;OFICIAL;RURAL;2;1;0;0;0;Chaparral;1;;Tolima;Tolima;SI;
273217000641;LAS PALMAS;1;Bajo;3;0.0021;OFICIAL;RURAL;1;2;0;0;0;Coyaima;1;;Tolima;Tolima;SI;
276845000099;LA SAGRADA FAMILIA;2;Moderado;3;0.0023;OFICIAL;RURAL;0;3;0;0;0;Ulloa;1;;Valle;Valle del Cauca;SI;
219022000201;CORTADERAS (sede principal);1;Bajo;3;;OFICIAL;RURAL;0;3;0;0;0;Almaguer;1;1;;Cauca;;
219022000219;CHORRILLOS;2;Moderado;3;;OFICIAL;RURAL;0;3;0;0;0;Almaguer;1;;;Cauca;;
219022000375;POTRERO GRANDE;1;Bajo;3;;OFICIAL;RURAL;0;3;0;0;0;Almaguer;1;;;Cauca;;
219022000651;JUAN RUIZ;1;Bajo;3;;OFICIAL;RURAL;0;3;0;0;0;Almaguer;1;;;Cauca;;
219050001077;BUENAVISTA;1;Bajo;3;;OFICIAL;RURAL;1;2;0;0;0;Argelia;1;;;Cauca;;
219100000140;AGUAS FRESCAS;1;Bajo;3;;OFICIAL;RURAL;0;3;0;0;0;Bolívar;1;;;Cauca;;
219100003343;CASCAJAL;1;Bajo;3;;OFICIAL;RURAL;0;3;0;0;0;Bolívar;1;;;Cauca;;
219142001086;CENTRO EDUCATIVO EL PORVENIR;1;Bajo;3;;OFICIAL;RURAL;0;3;0;0;0;Caloto;1;;;Cauca;;
219212000304;ESCUELA RURAL MIXTA NUEVA EL DANUBIO;1;Bajo;3;;OFICIAL;RURAL;0;3;0;0;0;Corinto;1;;;Cauca;;
219256003688;VERSALLES;1;Bajo;3;;OFICIAL;RURAL;3;0;0;0;0;El Tambo;;;;Cauca;;
219397000127;DOMINICAL;1;Bajo;3;;OFICIAL;RURAL;1;2;0;0;0;La Vega;1;;;Cauca;;
219397001042;HUECO HONDO;1;Bajo;3;;OFICIAL;RURAL;0;3;0;0;0;La Vega;1;;;Cauca;;
219450000576;LA DESPENSA;1;Bajo;3;;OFICIAL;RURAL;0;3;0;0;0;Mercaderes;1;;;Cauca;;
219622000115;GUIZABALO;1;Bajo;3;;OFICIAL;RURAL;1;2;0;0;0;Rosas;1;;;Cauca;;
219693000191;CONSTANCILLA;1;Bajo;3;;OFICIAL;RURAL;0;3;0;0;0;San Sebastián;1;;;Cauca;;
219693000485;LOYOLA;1;Bajo;3;;OFICIAL;RURAL;0;3;0;0;0;San Sebastián;1;;;Cauca;;
219743000198;CENTRO DOCENTE RURAL MIXTO MENDEZ;1;Bajo;3;;OFICIAL;RURAL;0;3;0;0;0;Silvia;1;;;Cauca;;
219807000227;EL PORVENIR;1;Bajo;3;;OFICIAL;RURAL;0;3;0;0;0;Timbío;1;;;Cauca;;
205002000734;C. E. R. SAN JOSE;2;Moderado;3;0.0007;OFICIAL;RURAL;0;3;0;0;0;Abejorral;1;;Antioquia;Antioquia;;
205034001261;C. E. R. LA JULIETA;2;Moderado;3;0.0007;OFICIAL;RURAL;1;2;0;0;0;Andes;1;;Antioquia;Antioquia;;Comfama (Caja de Compensación Familiar de Antioquia)
205042000648;C. E. R. EL PEDREGAL;2;Moderado;3;0.0007;OFICIAL;RURAL;0;3;0;0;0;Santa Fé de Antioquia;1;;Antioquia;Antioquia;;
205206000156;C. E. R. LA SONADORA;2;Moderado;3;0.0007;OFICIAL;RURAL;1;2;0;0;0;Concepción;1;;Antioquia;Antioquia;;Fundación Secretos Para Contar
205313000398;C. E. R. EL CONCILIO;2;Moderado;3;0.0007;OFICIAL;RURAL;2;1;0;0;0;Granada;1;;Antioquia;Antioquia;;Corporación Empresarial Del Oriente Antioqueño
205364000121;LUIS ROSENDO ESCOBAR;2;Moderado;3;0.0007;OFICIAL;RURAL;0;3;0;0;0;Jardín;;;Antioquia;Antioquia;;Comfama (Caja de Compensación Familiar de Antioquia)
205467000153;C.E.R. JULIAN GOMEZ;1;Bajo;3;0.0007;OFICIAL;RURAL;1;2;0;0;0;Montebello;1;;Antioquia;Antioquia;;Comfama (Caja de Compensación Familiar de Antioquia)
205642000323;LA GRANIZO;2;Moderado;3;0.0007;OFICIAL;RURAL;2;1;0;0;0;Salgar;;;Antioquia;Antioquia;;Comfama (Caja de Compensación Familiar de Antioquia)
205686000622;SANTA GERTRUDIS;2;Moderado;3;0.0007;OFICIAL;RURAL;0;3;0;0;0;Santa Rosa de Osos;1;;Antioquia;Antioquia;;
205756000161;C. E. R. MAGALLO;1;Bajo;3;0.0007;OFICIAL;RURAL;0;3;0;0;0;Sonsón;1;;Antioquia;Antioquia;;
205761000137;C. E. R. LOURDES;2;Moderado;3;0.0007;OFICIAL;RURAL;0;3;0;0;0;Sopetrán;1;;Antioquia;Antioquia;;
225095000187;ESCUELA RURAL EL CAJON;2;Moderado;3;0.0011;OFICIAL;RURAL;2;1;0;0;0;Bituima;1;;Cundinamarca;Cundinamarca;;
225288000168;CONCENTRACION RURAL GUATANCUY;2;Moderado;3;0.0011;OFICIAL;RURAL;2;1;0;0;0;Fúquene;1;;Cundinamarca;Cundinamarca;;
225488000227;ESCUELA RURAL SAN BARTOLO;2;Moderado;3;0.0011;OFICIAL;RURAL;1;2;0;0;0;Nilo;;;Cundinamarca;Cundinamarca;;
225513000644;CONCENTRACIÓN RURAL EL CARBON;2;Moderado;3;0.0011;OFICIAL;RURAL;1;2;0;0;0;Pacho;1;;Cundinamarca;Cundinamarca;;Fundación Alquería Cavelier
225572000526;ESCUELA RURAL SAN ANTONIO ALTO;2;Moderado;3;0.0011;OFICIAL;RURAL;0;3;0;0;0;Puerto Salgar;1;;Cundinamarca;Cundinamarca;;
225653000245;ESCUELA RURAL CHINGA SIBERIA;2;Moderado;3;0.0011;OFICIAL;RURAL;0;3;0;0;0;San Cayetano;1;;Cundinamarca;Cundinamarca;;
266001002775;CE EL JORDAN;3;Crítico;3;0.0039;OFICIAL;RURAL;0;3;0;0;0;Pereira;1;;Pereira;Risaralda;;
273461000033;LAS LAGUNAS;3;Crítico;3;0.0021;OFICIAL;RURAL;0;3;0;0;0;Murillo;1;;Tolima;Tolima;;
273461001803;LA ESTRELLA;3;Crítico;3;0.0021;OFICIAL;RURAL;0;3;0;0;0;Murillo;1;;Tolima;Tolima;;
276834004947;SIMÓN RODRÍGUEZ;3;Crítico;3;0.0109;OFICIAL;RURAL;0;3;0;0;0;Tuluá;1;;Tuluá;Valle del Cauca;;
217050000027;ESCUELA RURAL EL ROBLAL;1;Bajo;3;0.0037;;RURAL;0;3;0;0;0;Aranzazu;1;;Caldas;Caldas;;
217486000014;ESCUELA MARIA AUXILIADORA;2;Moderado;3;0.0037;;RURAL;0;3;0;0;0;Neira;1;;Caldas;Caldas;;Federación Nacional de Cafeteros de Colombia
217486000235;ESCUELA SANTA CECILIA;2;Moderado;3;0.0037;;RURAL;1;2;0;0;0;Neira;1;;Caldas;Caldas;;Federación Nacional de Cafeteros de Colombia
217662001308;ESCUELA RURAL PLANES MIRADOR;1;Bajo;3;0.0037;;RURAL;0;3;0;0;0;Samaná;1;;Caldas;Caldas;;Federación Nacional de Cafeteros de Colombia
217662000468;ESCUELA RURAL KILÓMETRO 40;2;Moderado;3;0.0037;;RURAL;0;3;0;0;0;Samaná;1;;Caldas;Caldas;;Federación Nacional de Cafeteros de Colombia
217541001653;ESCUELA RURAL LA CRUZ;1;Bajo;3;0.0037;;RURAL;0;3;0;0;0;Pensilvania;1;;Caldas;Caldas;;
217541000509;ESCUELA RURAL LA FLORIDA;1;Bajo;3;0.0037;;RURAL;0;3;0;0;0;Pensilvania;1;;Caldas;Caldas;;Federación Nacional de Cafeteros de Colombia
217614000600;ESCUELA RURAL EL MESTIZO;1;Bajo;3;0.0037;;RURAL;0;3;0;0;0;Riosucio;1;;Caldas;Caldas;;
217616000160;ESCUELA. POLICARPA SALAVARRIETA;1;Bajo;3;0.0037;;RURAL;1;2;0;0;0;Risaralda;1;;Caldas;Caldas;;Federación Nacional de Cafeteros de Colombia
217662000476;ESCUELA RURAL RIACHUELO BAJO;2;Moderado;3;0.0037;;RURAL;0;3;0;0;0;Samaná;1;;Caldas;Caldas;;Federación Nacional de Cafeteros de Colombia
217662000701;INSTITUCION EDUCATIVA LA PALMA - SEDE PRINCIPAL;2;Moderado;3;0.0037;;RURAL;0;1;2;0;0;Samaná;1;;Caldas;Caldas;;Federación Nacional de Cafeteros de Colombia
217616000232;ESCUELA RURAL BUENAVISTA;2;Moderado;3;0.0037;;RURAL;0;3;0;0;0;Risaralda;1;;Caldas;Caldas;;Federación Nacional de Cafeteros de Colombia
217777000186;ESCUELA RURAL BUENAVISTA;2;Moderado;3;0.0037;;RURAL;0;3;0;0;0;Supía;;;Caldas;Caldas;;Federación Nacional de Cafeteros de Colombia
205002001145;LA VICTORIA;2;Moderado;2;0.0005;OFICIAL;RURAL;0;2;0;0;0;Abejorral;1;;Antioquia;Antioquia;SI;
227615001923;SEDE EL BENDITO;1;Bajo;2;0.0018;OFICIAL;RURAL;0;2;0;0;0;Riosucio;;;Choco;Chocó;SI;
273168001025;ARACA MANGAS;3;Crítico;2;0.0014;OFICIAL;RURAL;1;1;0;0;0;Chaparral;1;;Tolima;Tolima;SI;
376364002386;INSTITUCION EDUCATIVA ANSARES - SEDE PRINCIPAL;1;Bajo;2;0.0072;NO OFICIAL;URBANA;0;0;0;0;2;Jamundí;;;Jamundí;Valle del Cauca;SI;
276041000207;NIÑO JESUS DE PRAGA;2;Moderado;2;0.0015;OFICIAL;RURAL;1;1;0;0;0;Ansermanuevo;1;;Valle;Valle del Cauca;SI;
276100000160;SAN JUAN BAUTISTA;2;Moderado;2;0.0015;OFICIAL;RURAL;0;2;0;0;0;Bolívar;1;;Valle;Valle del Cauca;SI;
276306000182;GUILLERMO LEON VALENCIA;1;Bajo;2;0.0015;OFICIAL;RURAL;0;2;0;0;0;Ginebra;1;;Valle;Valle del Cauca;SI;
219022000723;GUAYACANES;1;Bajo;2;;OFICIAL;RURAL;1;1;0;0;0;Almaguer;1;;;Cauca;;
219100000131;LA RAMADA;1;Bajo;2;;OFICIAL;RURAL;0;2;0;0;0;Bolívar;;;;Cauca;;
219100000956;LA CALDERA;1;Bajo;2;;OFICIAL;RURAL;0;2;0;0;0;Bolívar;1;;;Cauca;;
219256000557;ALTAMIRA;1;Bajo;2;;OFICIAL;RURAL;0;2;0;0;0;El Tambo;;;;Cauca;;
219450001360;SANTA BARBARA;1;Bajo;2;;OFICIAL;RURAL;0;2;0;0;0;Mercaderes;1;;;Cauca;;
219622000557;ESCUELA RURAL MIXTA EL RAMAL;1;Bajo;2;;OFICIAL;RURAL;0;2;0;0;0;Rosas;1;;;Cauca;;
219693000361;ESCUELA RURAL MIXTA CRUZ CHIQUITA;1;Bajo;2;;OFICIAL;RURAL;0;2;0;0;0;San Sebastián;1;;;Cauca;;
219698000505;LA AGUSTINA (sede principal);1;Bajo;2;;OFICIAL;RURAL;0;2;0;0;0;Santander de Quilichao;3;1;;Cauca;;
205002000190;C. E. R. MORROGORDO;2;Moderado;2;0.0005;OFICIAL;RURAL;1;1;0;0;0;Abejorral;1;;Antioquia;Antioquia;;
205055000299;C. E. R. SAN JULIAN;2;Moderado;2;0.0005;OFICIAL;RURAL;0;2;0;0;0;Argelia;1;;Antioquia;Antioquia;;Corporación Empresarial Del Oriente Antioqueño
205145000344;JORGE LOPEZ TANGARIFE;2;Moderado;2;0.0005;OFICIAL;RURAL;0;2;0;0;0;Caramanta;1;;Antioquia;Antioquia;;Comfama (Caja de Compensación Familiar de Antioquia)
205197001411;EL PORVENIR LA FLORIDA;2;Moderado;2;0.0005;OFICIAL;RURAL;0;2;0;0;0;Cocorná;1;;Antioquia;Antioquia;;Fundación Secretos Para Contar
205679000323;C. E. R. EL CRUCERO;2;Moderado;2;0.0005;OFICIAL;RURAL;1;1;0;0;0;Santa Bárbara;1;;Antioquia;Antioquia;;
205690000378;FALDAS DEL NUS;2;Moderado;2;0.0005;OFICIAL;RURAL;0;2;0;0;0;Santo Domingo;1;;Antioquia;Antioquia;;
205789000175;C. E. R. COROZAL;1;Bajo;2;0.0005;OFICIAL;RURAL;0;2;0;0;0;Támesis;1;;Antioquia;Antioquia;;Comfama (Caja de Compensación Familiar de Antioquia)
205789000621;C. E. R. LA LIBORIANA;2;Moderado;2;0.0005;OFICIAL;RURAL;1;1;0;0;0;Támesis;1;;Antioquia;Antioquia;;Comfama (Caja de Compensación Familiar de Antioquia) | Fundación Secretos Para Contar
225530000194;CONCENTRACION RURAL SAN JESUS DE PALOMAS;3;Crítico;2;0.0007;OFICIAL;RURAL;0;2;0;0;0;Paratebueno;1;;Cundinamarca;Cundinamarca;;
225653000326;ESCUELA RURAL LOS RÍOS;2;Moderado;2;0.0007;OFICIAL;RURAL;1;1;0;0;0;San Cayetano;1;;Cundinamarca;Cundinamarca;;
273461001021;LA PICOTA;3;Crítico;2;0.0014;OFICIAL;RURAL;0;2;0;0;0;Murillo;1;;Tolima;Tolima;;
276126000354;ANTONIO NARIÑO;2;Moderado;2;0.0015;OFICIAL;RURAL;0;2;0;0;0;Calima;1;;Valle;Valle del Cauca;;
276606000524;SAN ROMAN;2;Moderado;2;0.0015;OFICIAL;RURAL;0;2;0;0;0;Restrepo;1;;Valle;Valle del Cauca;;
217042000239;SEDE SORIA;2;Moderado;2;0.0025;;RURAL;0;2;0;0;0;Anserma;1;;Caldas;Caldas;;Fundación Corona
217433000128;ESCUELA NUEVA QUEBRADITAS;1;Bajo;2;0.0025;;RURAL;0;2;0;0;0;Manzanares;1;;Caldas;Caldas;;Federación Nacional de Cafeteros de Colombia
217541000291;ESCUELA NUEVA ARENILLAL;1;Bajo;2;0.0025;;RURAL;0;2;0;0;0;Pensilvania;1;;Caldas;Caldas;;Federación Nacional de Cafeteros de Colombia
217541000029;ESCUELA RURAL GUAYAQUIL;2;Moderado;2;0.0025;;RURAL;0;2;0;0;0;Pensilvania;1;;Caldas;Caldas;;Federación Nacional de Cafeteros de Colombia
217541000762;ESCUELA RURAL BAJO VERDAL;2;Moderado;2;0.0025;;RURAL;0;2;0;0;0;Pensilvania;1;;Caldas;Caldas;;
217614000430;ESCUELA RURAL MIXTA PIRSA;1;Bajo;2;0.0025;;RURAL;0;2;0;0;0;Riosucio;1;;Caldas;Caldas;;
217614001061;ESCUELA RURAL MIXTA LOS ANDES;1;Bajo;2;0.0025;;RURAL;0;2;0;0;0;Riosucio;1;;Caldas;Caldas;;
217662002029;ESCUELA NUEVA LA QUIEBRA;2;Moderado;2;0.0025;;RURAL;0;2;0;0;0;Samaná;;;Caldas;Caldas;;Federación Nacional de Cafeteros de Colombia
217662001481;ESCUELA NUEVA LA LIBERTAD;1;Bajo;2;0.0025;;RURAL;0;2;0;0;0;Samaná;1;;Caldas;Caldas;;Federación Nacional de Cafeteros de Colombia
276147000541;JOSE MARIA CORDOBA;3;Crítico;1;0.0056;OFICIAL;RURAL;0;1;0;0;0;Cartago;1;;Cartago;Valle del Cauca;SI;
205055000183;C. E. R. LA REINA;2;Moderado;1;0.0002;OFICIAL;RURAL;0;1;0;0;0;Argelia;1;;Antioquia;Antioquia;SI;Fundación Secretos Para Contar
273408000056;ALTO DEL SOL;2;Moderado;1;0.0007;OFICIAL;RURAL;0;1;0;0;0;Lérida;1;;Tolima;Tolima;SI;
205055000167;C. E. R. CONCEPCION CARDONA;2;Moderado;1;0.0002;OFICIAL;RURAL;0;1;0;0;0;Argelia;;;Antioquia;Antioquia;SI;Fundación Secretos Para Contar
227245000396;SEDE EL LAMENTO;2;Moderado;1;0.0009;OFICIAL;RURAL;0;1;0;0;0;El Carmen de Atrato;;;Choco;Chocó;SI;
227001000319;SEDE ALTAGRACIA;1;Bajo;1;0.0027;OFICIAL;RURAL;0;1;0;0;0;Quibdó;;;Quibdó;Chocó;SI;
276041000193;DIVINO SALVADOR;1;Bajo;1;0.0008;OFICIAL;RURAL;0;1;0;0;0;Ansermanuevo;1;;Valle;Valle del Cauca;SI;
276606000095;SIMON BOLIVAR;2;Moderado;1;0.0008;OFICIAL;RURAL;0;1;0;0;0;Restrepo;1;;Valle;Valle del Cauca;SI;
219418000921;GUALALA SIGUI;3;Crítico;1;;OFICIAL;RURAL;0;1;0;0;0;López de Micay;1;;;Cauca;;
219622000441;BELLAVISTA;1;Bajo;1;;OFICIAL;RURAL;1;0;0;0;0;Rosas;;;;Cauca;;
205145000166;BARBARA LOPEZ;2;Moderado;1;0.0002;OFICIAL;RURAL;0;1;0;0;0;Caramanta;1;;Antioquia;Antioquia;;Comfama (Caja de Compensación Familiar de Antioquia)
266594001150;SE COROZAL;2;Moderado;1;0.0023;OFICIAL;RURAL;0;1;0;0;0;Quinchía;;;Risaralda;Risaralda;;
217013000475;CAÑAVERAL;1;Bajo;1;0.0012;;RURAL;1;0;0;0;0;Aguadas;1;;Caldas;Caldas;;
205837800261;SATURNINO DELGADO;2;Moderado;0;0;OFICIAL;RURAL;0;0;0;0;0;Turbo;;;Turbo;Antioquia;SI;
276364002390;NASA DXI KH;2;Moderado;0;0;OFICIAL;RURAL;0;0;0;0;0;Jamundí;;;Jamundí;Valle del Cauca;SI;
376364002033;JARDIN INFANTIL SEMILLAS PARA EL ARTE - SEDE PRINCIPAL;1;Bajo;0;0;NO OFICIAL;URBANA;0;0;0;0;0;Jamundí;;;Jamundí;Valle del Cauca;SI;
S/N-76233-bfd54;EL PALMAR;3;Crítico;0;0;;;0;0;0;0;0;Dagua;;;Valle;Valle del Cauca;SI;
S/N-76403-ca5c0;SEDE PRINCIAPL;2;Moderado;0;0;;;0;0;0;0;0;La Victoria;;;Valle;Valle del Cauca;SI;
S/N-76622-c7686;SEDE CENTRAL - GRADOS 6° A 11°, JORNADA NOCTURNA CICLOS…;3;Crítico;0;0;;;0;0;0;0;0;Roldanillo;;;Valle;Valle del Cauca;SI;
S/N-76622-02726;BELISARIO PENA PILNEIRO ZONA RURAL CORREGIMIENTO CAJAMARCA;2;Moderado;0;0;;;0;0;0;0;0;Roldanillo;;;Valle;Valle del Cauca;SI;
S/N-76895-4df6e;ESCUELA NORMAL SUPERIOR NUESTRA SENORA DE LAS MERCEDES…;3;Crítico;0;0;;;0;0;0;0;0;Zarzal;;;Valle;Valle del Cauca;SI;
S/N-76246-3960b;SEDE SIN NOMBRE · reporte del 11/8/26;3;Crítico;0;0;;;0;0;0;0;0;El Cairo;;;Valle;Valle del Cauca;SI;
S/N-76616-1018d;SEDE SIN NOMBRE · reporte del 11/8/26;3;Crítico;0;0;;;0;0;0;0;0;Riofrío;;;Valle;Valle del Cauca;SI;
S/N-76622-f9fab;SEDE JOHN F. KENNEDY;2;Moderado;0;0;;;0;0;0;0;0;Roldanillo;;;Valle;Valle del Cauca;SI;
S/N-76250-dc890;NACION EMBERA;3;Crítico;0;0;;;0;0;0;0;0;El Dovio;;;Valle;Valle del Cauca;SI;
S/N-76250-217b7;LA NACIÓN EMBERA DEL VALLE DEL CAUCA IENEV;3;Crítico;0;0;;;0;0;0;0;0;El Dovio;;;Valle;Valle del Cauca;SI;
S/N-76250-15ba1;KIMI PERNIA DOMICO 2;3;Crítico;0;0;;;0;0;0;0;0;El Dovio;;;Valle;Valle del Cauca;SI;
S/N-76622-d09eb;EUSTAQUIO PALACIOS , PREESCOLARM BASICA PRIMARIA;3;Crítico;0;0;;;0;0;0;0;0;Roldanillo;;;Valle;Valle del Cauca;SI;
S/N-76243-f226f;SANTA MARTA;3;Crítico;0;0;;;0;0;0;0;0;El Águila;;;Valle;Valle del Cauca;SI;
S/N-76250-bb9f3;CACIQUE KARABI - COMUNIDAD RIO BLANCO RESGUARDO INDIGENA…;2;Moderado;0;0;;;0;0;0;0;0;El Dovio;;;Valle;Valle del Cauca;SI;
S/N-76250-8a126;CACIQUE TUNAI;3;Crítico;0;0;;;0;0;0;0;0;El Dovio;;;Valle;Valle del Cauca;SI;
S/N-76250-dfc79;DACHI BANIA;3;Crítico;0;0;;;0;0;0;0;0;El Dovio;;;Valle;Valle del Cauca;SI;
S/N-76250-e9bd0;CACIQUE YAGARI;2;Moderado;0;0;;;0;0;0;0;0;El Dovio;;;Valle;Valle del Cauca;SI;
S/N-76041-e73b1;GABRIEL ANGEL PEREZ MUNOZ;3;Crítico;0;0;;;0;0;0;0;0;Ansermanuevo;;;Valle;Valle del Cauca;SI;
S/N-76250-6f63d;CACIQUE CORTES;2;Moderado;0;0;;;0;0;0;0;0;El Dovio;;;Valle;Valle del Cauca;SI;
S/N-76250-051f2;DAI URUMAMA DUANUMA;2;Moderado;0;0;;;0;0;0;0;0;El Dovio;;;Valle;Valle del Cauca;SI;
S/N-76828-f6b82;GENERAL SANTANDER;3;Crítico;0;0;;;0;0;0;0;0;Trujillo;;;Valle;Valle del Cauca;SI;
S/N-76250-6a3b3;CACIQUE TASCON;3;Crítico;0;0;;;0;0;0;0;0;El Dovio;;;Valle;Valle del Cauca;SI;
S/N-76250-19439;SEDE DAI KURISIA N.º 27;2;Moderado;0;0;;;0;0;0;0;0;El Dovio;;;Valle;Valle del Cauca;SI;
S/N-76250-f1326;CACIQUE CALARCA;3;Crítico;0;0;;;0;0;0;0;0;El Dovio;;;Valle;Valle del Cauca;SI;
S/N-76250-7541d;JARADEAI DACHI BEDEA;2;Moderado;0;0;;;0;0;0;0;0;El Dovio;;;Valle;Valle del Cauca;SI;
S/N-76250-f424c;MAIGARA N° 73;2;Moderado;0;0;;;0;0;0;0;0;El Dovio;;;Valle;Valle del Cauca;SI;
S/N-76250-b7afd;DAI EMBERA KURISIA;2;Moderado;0;0;;;0;0;0;0;0;El Dovio;;;Valle;Valle del Cauca;SI;
S/N-76250-1902d;INDALECIO MURIMBIA;3;Crítico;0;0;;;0;0;0;0;0;El Dovio;;;Valle;Valle del Cauca;SI;
S/N-76828-75ea9;PANTALEON DE LA TORRE;3;Crítico;0;0;;;0;0;0;0;0;Trujillo;;;Valle;Valle del Cauca;SI;
S/N-nan-4a912;NUESTRA SEÑORA DE FATIMA;3;Crítico;0;0;;;0;0;0;0;0;Calima;;;Valle;Valle del Cauca;SI;
S/N-76250-57285;DAI DANA COMUNIDAD INDIGENA CASI QUE KERAGAMA - BUGALAGRANDE;2;Moderado;0;0;;;0;0;0;0;0;El Dovio;;;Valle;Valle del Cauca;SI;
S/N-76250-1e51c;SEDE DOXUA, RESGUARDO INDIGENA DOXURA, EL CAIRO VALLE;2;Moderado;0;0;;;0;0;0;0;0;El Dovio;;;Valle;Valle del Cauca;SI;
S/N-76250-0e6b7;CACIQUE GERSAIN;3;Crítico;0;0;;;0;0;0;0;0;El Dovio;;;Valle;Valle del Cauca;SI;
S/N-76250-31169;EUSTAQUIO PALACIOS;2;Moderado;0;0;;;0;0;0;0;0;El Dovio;;;Valle;Valle del Cauca;SI;
S/N-76250-89317;EL PARAISO;3;Crítico;0;0;;;0;0;0;0;0;El Dovio;;;Valle;Valle del Cauca;SI;
S/N-76250-5f46a;DEARA DE;3;Crítico;0;0;;;0;0;0;0;0;El Dovio;;;Valle;Valle del Cauca;SI;
S/N-76250-a8af4;KIMI PERNIA DOMICO 1;2;Moderado;0;0;;;0;0;0;0;0;El Dovio;;;Valle;Valle del Cauca;SI;
S/N-76250-10c10;CACIQUE BIGAMA;3;Crítico;0;0;;;0;0;0;0;0;El Dovio;;;Valle;Valle del Cauca;SI;
S/N-76250-95053;LOS NIASA;3;Crítico;0;0;;;0;0;0;0;0;El Dovio;;;Valle;Valle del Cauca;SI;
S/N-76250-6cf0c;CACIQUE DOPARA;3;Crítico;0;0;;;0;0;0;0;0;El Dovio;;;Valle;Valle del Cauca;SI;
S/N-76250-1147f;RUCAIDA. MUNICIPIO DEL AGUILA;2;Moderado;0;0;;;0;0;0;0;0;El Dovio;;;Valle;Valle del Cauca;SI;
S/N-76250-0329e;NABERA KURISIA;2;Moderado;0;0;;;0;0;0;0;0;El Dovio;;;Valle;Valle del Cauca;SI;
S/N-76250-1df5c;CACIQUE WASIRUMA # 19, SEVILLA VALLE DEL CAUCA COMUNIDAD…;2;Moderado;0;0;;;0;0;0;0;0;El Dovio;;;Valle;Valle del Cauca;SI;
S/N-76250-7830d;SAN PABLO;3;Crítico;0;0;;;0;0;0;0;0;El Dovio;;;Valle;Valle del Cauca;SI;
S/N-76250-f92f3;UTURAMA;2;Moderado;0;0;;;0;0;0;0;0;El Dovio;;;Valle;Valle del Cauca;SI;
S/N-76250-e440f;CACIQUE TAUDA CAICEDONIA VALLE;2;Moderado;0;0;;;0;0;0;0;0;El Dovio;;;Valle;Valle del Cauca;SI;
S/N-76250-3fecf;CACIQUE DOJABIDA;3;Crítico;0;0;;;0;0;0;0;0;El Dovio;;;Valle;Valle del Cauca;SI;
S/N-76250-84ed1;CACIQUE ESCOBAR;3;Crítico;0;0;;;0;0;0;0;0;El Dovio;;;Valle;Valle del Cauca;SI;
S/N-76233-c0a17;JORGE ELICER GAITAN;3;Crítico;0;0;;;0;0;0;0;0;Dagua;;;Valle;Valle del Cauca;SI;
S/N-76250-7e463;BENJAMIN AGRADO;3;Crítico;0;0;;;0;0;0;0;0;El Dovio;;;Valle;Valle del Cauca;SI;
S/N-nan-16a36;IE SIMON BOLIVAR- SEDE SAN JOSE;3;Crítico;0;0;;;0;0;0;0;0;Calima;;;Valle;Valle del Cauca;SI;
S/N-76250-ce825;DIANA MABEL;3;Crítico;0;0;;;0;0;0;0;0;El Dovio;;;Valle;Valle del Cauca;SI;
S/N-nan-16a36;IE SIMON BOLIVAR - SEDE SAN JOSE;3;Crítico;0;0;;;0;0;0;0;0;Calima;;;Valle;Valle del Cauca;SI;
S/N-76275-397d2;JOSE MIGUEL IPIA;3;Crítico;0;0;;;0;0;0;0;0;Florida;;;Valle;Valle del Cauca;SI;
S/N-76250-93414;CACIQUE DOVIGAMO;3;Crítico;0;0;;;0;0;0;0;0;El Dovio;;;Valle;Valle del Cauca;SI;
S/N-76622-1fb35;SEDE SIN NOMBRE · reporte del 11/8/26;2;Moderado;0;0;;;0;0;0;0;0;Roldanillo;;;Valle;Valle del Cauca;SI;
S/N-76248-ae782;SEDE SIN NOMBRE · reporte del 11/8/26;2;Moderado;0;0;;;0;0;0;0;0;El Cerrito;;;Valle;Valle del Cauca;SI;
S/N-76828-8c91a;SEDE SIN NOMBRE · reporte del 11/8/26;3;Crítico;0;0;;;0;0;0;0;0;Trujillo;;;Valle;Valle del Cauca;SI;
S/N-76113-9b627;SEDE SIN NOMBRE · reporte del 11/8/26;2;Moderado;0;0;;;0;0;0;0;0;Bugalagrande;;;Valle;Valle del Cauca;SI;
S/N-76250-7aa25;SECUNDARIA GUALANDAY - SEVILLA - COMUNIDAD EL CREMAL…;3;Crítico;0;0;;;0;0;0;0;0;El Dovio;;;Valle;Valle del Cauca;SI;
S/N-76250-fbd60;CACIQUE KARABI 2 - COMUNIDAD RIO BLANCO RESGUARDO…;2;Moderado;0;0;;;0;0;0;0;0;El Dovio;;;Valle;Valle del Cauca;SI;
S/N-76616-99e79;SAN LUIS GONZAGA;3;Crítico;0;0;;;0;0;0;0;0;Riofrío;;;Valle;Valle del Cauca;SI;
S/N-76250-217b7;LA NACIÓN EMBERA DEL VALLE DEL CAUCA IENEV;2;Moderado;0;0;;;0;0;0;0;0;El Dovio;;;Valle;Valle del Cauca;SI;
S/N-76130-9a1d5;SANTA RITA DE CASSIA;1;Bajo;0;0;;;0;0;0;0;0;Candelaria;;;Valle;Valle del Cauca;SI;
S/N-76318-57361;MIGUEL DE CERVANTES SAAVEDRA;1;Bajo;0;0;;;0;0;0;0;0;Guacarí;;;Valle;Valle del Cauca;SI;
S/N-76248-bba8c;JORGE ISAACS EL PLACER;1;Bajo;0;0;;;0;0;0;0;0;El Cerrito;;;Valle;Valle del Cauca;SI;
S/N-76318-4ca99;SEDE SIN NOMBRE · reporte del 11/8/26;1;Bajo;0;0;;;0;0;0;0;0;Guacarí;;;Valle;Valle del Cauca;SI;
S/N-76248-134c1;FRANCISCO DE PAULA SANTANDER;1;Bajo;0;0;;;0;0;0;0;0;El Cerrito;;;Valle;Valle del Cauca;SI;
S/N-76130-f1781;MARINO RENGIFO SALCEDO;1;Bajo;0;0;;;0;0;0;0;0;Candelaria;;;Valle;Valle del Cauca;SI;
S/N-76130-46ca1;ANTONIA SANTOS;1;Bajo;0;0;;;0;0;0;0;0;Candelaria;;;Valle;Valle del Cauca;SI;
S/N-76895-bdb34;LUIS GABRIEL UMAÑA MORALES;1;Bajo;0;0;;;0;0;0;0;0;Zarzal;;;Valle;Valle del Cauca;SI;
S/N-76318-91f18;SEDE SIN NOMBRE · reporte del 11/8/26;1;Bajo;0;0;;;0;0;0;0;0;Guacarí;;;Valle;Valle del Cauca;SI;
S/N-76736-59ccb;CONCENTRACIÓN RURAL AGRICOLA HERACLIO URIBE URIBE;1;Bajo;0;0;;;0;0;0;0;0;Sevilla;;;Valle;Valle del Cauca;SI;
S/N-76622-2b70b;SEDE SIN NOMBRE · reporte del 11/8/26;1;Bajo;0;0;;;0;0;0;0;0;Roldanillo;;;Valle;Valle del Cauca;SI;
S/N-76233-9000f;NUESTRA SRA DE FATIMA;1;Bajo;0;0;;;0;0;0;0;0;Dagua;;;Valle;Valle del Cauca;SI;
S/N-76736-adbe9;JOHN F. KENNEDY;1;Bajo;0;0;;;0;0;0;0;0;Sevilla;;;Valle;Valle del Cauca;SI;
S/N-76122-616a0;RURAL LA CAMELIA;1;Bajo;0;0;;;0;0;0;0;0;Caicedonia;;;Valle;Valle del Cauca;SI;
S/N-76233-68f3a;SEDE CENTRAL CRISTOBAL COLON UBICADA EN ZONA RULAR CGTO…;1;Bajo;0;0;;;0;0;0;0;0;Dagua;;;Valle;Valle del Cauca;SI;
S/N-76306-c0a6e;MIGUEL A. CARO;1;Bajo;0;0;;;0;0;0;0;0;Ginebra;;;Valle;Valle del Cauca;SI;
S/N-76306-daf64;NUESTRA SRA DEL CARMEN (JUNTAS);1;Bajo;0;0;;;0;0;0;0;0;Ginebra;;;Valle;Valle del Cauca;SI;
S/N-76403-a2ced;SEDE SIN NOMBRE · reporte del 11/8/26;1;Bajo;0;0;;;0;0;0;0;0;La Victoria;;;Valle;Valle del Cauca;SI;
S/N-76122-d7a02;CENT DOC NO 22 GILBERTO ALZATE AVENDAÑO;1;Bajo;0;0;;;0;0;0;0;0;Caicedonia;;;Valle;Valle del Cauca;SI;
S/N-76130-1e011;ANTONIO VILLAVICENCIO;1;Bajo;0;0;;;0;0;0;0;0;Candelaria;;;Valle;Valle del Cauca;SI;
S/N-76869-f1ee8;ATANACI GIRARDOT;1;Bajo;0;0;;;0;0;0;0;0;Vijes;;;Valle;Valle del Cauca;SI;
S/N-76130-9e748;NUESTRA SRA DE LOURDES;1;Bajo;0;0;;;0;0;0;0;0;Candelaria;;;Valle;Valle del Cauca;SI;
S/N-76736-af3d4;GRIETAS EN PAREDES;1;Bajo;0;0;;;0;0;0;0;0;Sevilla;;;Valle;Valle del Cauca;SI;
S/N-76130-b72b6;LOS ANGELES;1;Bajo;0;0;;;0;0;0;0;0;Candelaria;;;Valle;Valle del Cauca;SI;
S/N-76130-a8fdc;ANTARES;1;Bajo;0;0;;;0;0;0;0;0;Candelaria;;;Valle;Valle del Cauca;SI;
S/N-76250-b03c5;ROSA SARATE DE PEÑA;1;Bajo;0;0;;;0;0;0;0;0;El Dovio;;;Valle;Valle del Cauca;SI;
S/N-76130-89026;MARCO FIDEL SUAREZ;1;Bajo;0;0;;;0;0;0;0;0;Candelaria;;;Valle;Valle del Cauca;SI;
S/N-76250-07d8d;CACIQUE EADEBENA - COMUNIDAD ALTAMIRA RESGUARDO INDIGENA…;1;Bajo;0;0;;;0;0;0;0;0;El Dovio;;;Valle;Valle del Cauca;SI;
S/N-76250-0ede0;CACIQUE NACEQUIA - COMUNIDAD EL MACHETE RESGUARDO…;1;Bajo;0;0;;;0;0;0;0;0;El Dovio;;;Valle;Valle del Cauca;SI;
S/N-76275-85ae5;SAN ISIDRO;1;Bajo;0;0;;;0;0;0;0;0;Florida;;;Valle;Valle del Cauca;SI;
S/N-76890-988e4;20 DE JULIO;1;Bajo;0;0;;;0;0;0;0;0;Yotoco;;;Valle;Valle del Cauca;SI;
S/N-76250-16c26;DOJUURU - COMUNIDAD INDIGENA RIO BLANCO RESGUARDO CANON…;1;Bajo;0;0;;;0;0;0;0;0;El Dovio;;;Valle;Valle del Cauca;SI;
S/N-76250-e0142;KAPUR - COMUNIDAD DACHI DANA ALDANA RESGUARDO INDIGENA…;1;Bajo;0;0;;;0;0;0;0;0;El Dovio;;;Valle;Valle del Cauca;SI;
S/N-76250-4e40d;PIPISA;1;Bajo;0;0;;;0;0;0;0;0;El Dovio;;;Valle;Valle del Cauca;SI;
S/N-76250-2fc0d;XAI DE DRUA WADRA;1;Bajo;0;0;;;0;0;0;0;0;El Dovio;;;Valle;Valle del Cauca;SI;
S/N-76622-e476f;LIBARDO MADRID VALDERRAMA;1;Bajo;0;0;;;0;0;0;0;0;Roldanillo;;;Valle;Valle del Cauca;SI;
S/N-76275-3243a;LA PRIMAVERA;1;Bajo;0;0;;;0;0;0;0;0;Florida;;;Valle;Valle del Cauca;SI;
S/N-76736-37ab4;NUESTRA SRA DEL PERPETUO SOCORRO;1;Bajo;0;0;;;0;0;0;0;0;Sevilla;;;Valle;Valle del Cauca;SI;
S/N-76563-4f2f4;MERCEDES ABREGO;1;Bajo;0;0;;;0;0;0;0;0;Pradera;;;Valle;Valle del Cauca;SI;
S/N-76122-6343b;CENTRO DOCENTE NO 29 POLICARPA SALAVARRIETA;1;Bajo;0;0;;;0;0;0;0;0;Caicedonia;;;Valle;Valle del Cauca;SI;
S/N-76250-c6883;JACINTO SANCHEZ;1;Bajo;0;0;;;0;0;0;0;0;El Dovio;;;Valle;Valle del Cauca;SI;
S/N-76275-16b76;NASA CXHACXA;1;Bajo;0;0;;;0;0;0;0;0;Florida;;;Valle;Valle del Cauca;SI;
S/N-76250-185e2;SANTA TERESITA;1;Bajo;0;0;;;0;0;0;0;0;El Dovio;;;Valle;Valle del Cauca;SI;
S/N-76275-1a041;KWE´SX UMA KIWE;1;Bajo;0;0;;;0;0;0;0;0;Florida;;;Valle;Valle del Cauca;SI;
S/N-76250-e28ad;ROMULO RENGIFO;1;Bajo;0;0;;;0;0;0;0;0;El Dovio;;;Valle;Valle del Cauca;SI;
S/N-76130-fa904;BENJAMIN HERRERA;1;Bajo;0;0;;;0;0;0;0;0;Candelaria;;;Valle;Valle del Cauca;SI;
S/N-76563-d44c9;JORGE ELICER GAITAN;1;Bajo;0;0;;;0;0;0;0;0;Pradera;;;Valle;Valle del Cauca;SI;
S/N-nan-a11be;POLICARPA SALAVARRIETA;1;Bajo;0;0;;;0;0;0;0;0;Calima;;;Valle;Valle del Cauca;SI;
S/N-76250-7d357;MERCEDES ABREGO;1;Bajo;0;0;;;0;0;0;0;0;El Dovio;;;Valle;Valle del Cauca;SI;
S/N-76275-bab0a;SAN JUANITO;1;Bajo;0;0;;;0;0;0;0;0;Florida;;;Valle;Valle del Cauca;SI;
S/N-76250-2b00c;SIMON BOLIVAR;1;Bajo;0;0;;;0;0;0;0;0;El Dovio;;;Valle;Valle del Cauca;SI;
S/N-nan-a858e;IE SIMON BOLIVAR- SEDE LLANITOS;1;Bajo;0;0;;;0;0;0;0;0;Calima;;;Valle;Valle del Cauca;SI;
S/N-76563-c5919;JOSE CELESTINO MUTIS;1;Bajo;0;0;;;0;0;0;0;0;Pradera;;;Valle;Valle del Cauca;SI;
S/N-76275-6ed40;SAN JOSE DE LAS GUACAS;1;Bajo;0;0;;;0;0;0;0;0;Florida;;;Valle;Valle del Cauca;SI;
S/N-76275-e2f51;EL MIRADOR;1;Bajo;0;0;;;0;0;0;0;0;Florida;;;Valle;Valle del Cauca;SI;
S/N-76275-1a44b;RICARDO ORTIZ;1;Bajo;0;0;;;0;0;0;0;0;Florida;;;Valle;Valle del Cauca;SI;
S/N-76233-d3a4d;POLICARPA SALAVARRIETA;1;Bajo;0;0;;;0;0;0;0;0;Dagua;;;Valle;Valle del Cauca;SI;
S/N-76250-759a6;SAN JUAN BOSCO;1;Bajo;0;0;;;0;0;0;0;0;El Dovio;;;Valle;Valle del Cauca;SI;
S/N-76497-83018;ANTONIO NARINO;1;Bajo;0;0;;;0;0;0;0;0;Obando;;;Valle;Valle del Cauca;SI;
S/N-76275-59177;SAN GIL;1;Bajo;0;0;;;0;0;0;0;0;Florida;;;Valle;Valle del Cauca;SI;
S/N-76250-743f7;GENERAL RENGIFO;1;Bajo;0;0;;;0;0;0;0;0;El Dovio;;;Valle;Valle del Cauca;SI;
S/N-76250-4c677;ALBERTO FRESNEDA;1;Bajo;0;0;;;0;0;0;0;0;El Dovio;;;Valle;Valle del Cauca;SI;
S/N-76250-289dc;SAN MARTIN DE PORRES;1;Bajo;0;0;;;0;0;0;0;0;El Dovio;;;Valle;Valle del Cauca;SI;
S/N-76250-898d9;SAN ISIDRO;1;Bajo;0;0;;;0;0;0;0;0;El Dovio;;;Valle;Valle del Cauca;SI;
S/N-76250-87eef;SAN JORGE;1;Bajo;0;0;;;0;0;0;0;0;El Dovio;;;Valle;Valle del Cauca;SI;
S/N-76250-54366;JORGE ROBLEDO;1;Bajo;0;0;;;0;0;0;0;0;El Dovio;;;Valle;Valle del Cauca;SI;
S/N-76606-a72b2;ROMAN;1;Bajo;0;0;;;0;0;0;0;0;Restrepo;;;Valle;Valle del Cauca;SI;
S/N-76606-b42e5;DIVINO NIÑO;1;Bajo;0;0;;;0;0;0;0;0;Restrepo;;;Valle;Valle del Cauca;SI;
S/N-76828-ee973;SEDE SIN NOMBRE · reporte del 11/8/26;1;Bajo;0;0;;;0;0;0;0;0;Trujillo;;;Valle;Valle del Cauca;SI;
S/N-76622-90e45;SEDE SIN NOMBRE · reporte del 11/8/26;1;Bajo;0;0;;;0;0;0;0;0;Roldanillo;;;Valle;Valle del Cauca;SI;
S/N-76736-32b56;SEDE SIMON BOLIVAR VEREDA ALTO SAN MARCOS I.E MARIA…;1;Bajo;0;0;;;0;0;0;0;0;Sevilla;;;Valle;Valle del Cauca;SI;
S/N-76122-2cf6c;SANTA TERESITA N0 24 SAN GERARDO ALTO;1;Bajo;0;0;;;0;0;0;0;0;Caicedonia;;;Valle;Valle del Cauca;SI;
S/N-76400-5cb7d;SAN MARTIN DE PORRES;1;Bajo;0;0;;;0;0;0;0;0;La Unión;;;Valle;Valle del Cauca;SI;
S/N-76275-a474c;IDEBI PRINCIPAL;1;Bajo;0;0;;;0;0;0;0;0;Florida;;;Valle;Valle del Cauca;SI;
S/N-76275-8980c;ALFONSO LIOPEZ PUMAREJO;1;Bajo;0;0;;;0;0;0;0;0;Florida;;;Valle;Valle del Cauca;SI;
S/N-nan-7a117;ANTONIO NARINO, GENERAL SANTANDER, NUESTRA SENORA DEL CARMEN;1;Bajo;0;0;;;0;0;0;0;0;Calima;;;Valle;Valle del Cauca;SI;
S/N-76736-4cf8c;TRES DE MAYO;1;Bajo;0;0;;;0;0;0;0;0;Sevilla;;;Valle;Valle del Cauca;SI;
S/N-76250-308d6;SECUNDARIA KARABI - RESGUARDO INDIGENA CANON RIO…;1;Bajo;0;0;;;0;0;0;0;0;El Dovio;;;Valle;Valle del Cauca;SI;
S/N-76895-7ad36;FRANCISCO DE PAULA SANTANDER;1;Bajo;0;0;;;0;0;0;0;0;Zarzal;;;Valle;Valle del Cauca;SI;
S/N-76616-f2cc6;SANJOSE DE LA SELVA (INACTIVA);1;Bajo;0;0;;;0;0;0;0;0;Riofrío;;;Valle;Valle del Cauca;SI;
S/N-76248-ae042;RICARDO BALCAZAR MONZON;1;Bajo;0;0;;;0;0;0;0;0;El Cerrito;;;Valle;Valle del Cauca;SI;
S/N-76113-48eb5;JOSE HILARIO LOPEZ;1;Bajo;0;0;;;0;0;0;0;0;Bugalagrande;;;Valle;Valle del Cauca;SI;
S/N-76113-81abe;VIRGEN DEL CARMEN;1;Bajo;0;0;;;0;0;0;0;0;Bugalagrande;;;Valle;Valle del Cauca;SI;
S/N-76275-9cd6a;CAMILO TORRES;1;Bajo;0;0;;;0;0;0;0;0;Florida;;;Valle;Valle del Cauca;SI;
S/N-76275-f8d41;FABIO SOLANO GUTIERREZ;1;Bajo;0;0;;;0;0;0;0;0;Florida;;;Valle;Valle del Cauca;SI;
S/N-76041-82a0f;RAFAEL POMBO;1;Bajo;0;0;;;0;0;0;0;0;Ansermanuevo;;;Valle;Valle del Cauca;SI;
219517800026;LAS BRISAS;1;Bajo;0;;OFICIAL;RURAL;0;0;0;0;0;Páez;;;;Cauca;;
105036000284;I.E. SAN JOSÉ SEDE II PRIMARIA;2;Moderado;0;0;OFICIAL;URBANA;0;0;0;0;0;Angelópolis;;;Antioquia;Antioquia;;
176130800051;ANTARES;1;Bajo;0;0;OFICIAL;URBANA;0;0;0;0;0;Candelaria;;;Valle;Valle del Cauca;;
176130800060;LOS ÁNGELES;1;Bajo;0;0;OFICIAL;URBANA;0;0;0;0;0;Candelaria;;;Valle;Valle del Cauca;;